ISO-10303-21;
HEADER;
FILE_DESCRIPTION(('Open CASCADE Model'),'2;1');
FILE_NAME('Open CASCADE Shape Model','2026-09-16T05:18:24',('Author'),(
    'Open CASCADE'),'Open CASCADE STEP processor 7.9','Open CASCADE 7.9'
  ,'Unknown');
FILE_SCHEMA(('AUTOMOTIVE_DESIGN { 1 0 10303 214 1 1 1 1 }'));
ENDSEC;
DATA;
#1 = APPLICATION_PROTOCOL_DEFINITION('international standard',
  'automotive_design',2000,#2);
#2 = APPLICATION_CONTEXT(
  'core data for automotive mechanical design processes');
#3 = SHAPE_DEFINITION_REPRESENTATION(#4,#10);
#4 = PRODUCT_DEFINITION_SHAPE('','',#5);
#5 = PRODUCT_DEFINITION('design','',#6,#9);
#6 = PRODUCT_DEFINITION_FORMATION('','',#7);
#7 = PRODUCT('Open CASCADE STEP translator 7.9 1',
  'Open CASCADE STEP translator 7.9 1','',(#8));
#8 = PRODUCT_CONTEXT('',#2,'mechanical');
#9 = PRODUCT_DEFINITION_CONTEXT('part definition',#2,'design');
#10 = ADVANCED_BREP_SHAPE_REPRESENTATION('',(#11,#15),#15775);
#11 = AXIS2_PLACEMENT_3D('',#12,#13,#14);
#12 = CARTESIAN_POINT('',(0.,0.,0.));
#13 = DIRECTION('',(0.,0.,1.));
#14 = DIRECTION('',(1.,0.,-0.));
#15 = MANIFOLD_SOLID_BREP('',#16);
#16 = CLOSED_SHELL('',(#17,#410,#571,#647,#699,#794,#820,#1541,#2125,
    #2301,#2356,#2566,#2713,#3009,#3359,#3406,#3512,#3644,#3778,#3826,
    #3850,#3998,#4048,#4102,#4157,#4340,#4367,#4427,#4479,#4733,#4784,
    #4917,#5443,#5522,#5528,#6170,#6527,#6576,#6856,#6883,#6979,#7003,
    #7054,#7186,#7212,#7264,#7386,#7412,#7479,#7516,#7568,#7600,#7651,
    #7702,#7734,#7761,#7811,#7839,#7889,#7917,#8446,#8497,#9082,#9198,
    #9272,#9304,#9349,#9452,#9527,#9767,#9881,#10025,#10102,#10248,
    #10298,#10352,#10407,#10548,#10599,#10631,#10656,#10683,#10710,
    #10737,#10764,#10789,#10796,#10843,#10870,#10897,#10904,#11592,
    #11600,#11662,#11706,#11733,#11740,#11852,#11954,#11981,#12007,
    #12090,#12195,#12202,#12352,#12398,#12599,#12606,#12613,#12640,
    #12665,#12845,#12892,#12939,#12966,#13017,#13072,#13100,#13127,
    #13177,#13205,#13256,#13283,#13310,#13444,#13496,#13520,#13668,
    #13718,#13772,#13827,#14010,#14041,#14101,#14153,#14161,#14192,
    #14224,#14295,#14361,#14437,#14517,#14566,#14623,#14647,#14654,
    #14730,#14810,#14859,#14916,#14923,#14974,#15025,#15057,#15084,
    #15134,#15162,#15212,#15240,#15264,#15291,#15404,#15411,#15438,
    #15445,#15472,#15479,#15555,#15635,#15684,#15741,#15748));
#17 = ADVANCED_FACE('',(#18),#40,.T.);
#18 = FACE_BOUND('',#19,.T.);
#19 = EDGE_LOOP('',(#20,#79,#167,#196,#383));
#20 = ORIENTED_EDGE('',*,*,#21,.F.);
#21 = EDGE_CURVE('',#22,#24,#26,.T.);
#22 = VERTEX_POINT('',#23);
#23 = CARTESIAN_POINT('',(-10.61121616162,33.943919191854,
    54.719595959268));
#24 = VERTEX_POINT('',#25);
#25 = CARTESIAN_POINT('',(-10.12,38.767555736437,67.));
#26 = SURFACE_CURVE('',#27,(#39,#59),.PCURVE_S1.);
#27 = B_SPLINE_CURVE_WITH_KNOTS('',4,(#28,#29,#30,#31,#32,#33,#34,#35,
    #36,#37,#38),.UNSPECIFIED.,.F.,.F.,(5,3,3,5),(0.,0.499009966419,
    0.938571460239,1.),.UNSPECIFIED.);
#28 = CARTESIAN_POINT('',(-10.61121616162,33.943919191854,
    54.719595959268));
#29 = CARTESIAN_POINT('',(-10.54999573305,34.551026571753,
    56.250106673519));
#30 = CARTESIAN_POINT('',(-10.48875235761,35.156107317587,57.78119105963
    ));
#31 = CARTESIAN_POINT('',(-10.42748859183,35.759372033814,
    59.312785204204));
#32 = CARTESIAN_POINT('',(-10.31222479395,36.890916964118,
    62.194380151089));
#33 = CARTESIAN_POINT('',(-10.25822891196,37.419568713724,
    63.544277200876));
#34 = CARTESIAN_POINT('',(-10.20421998292,37.947044844737,
    64.894500426774));
#35 = CARTESIAN_POINT('',(-10.14264961867,38.546994945656,
    66.433759533178));
#36 = CARTESIAN_POINT('',(-10.13509997708,38.620536147272,
    66.622500572983));
#37 = CARTESIAN_POINT('',(-10.12755010313,38.694056334899,66.81124742159
    ));
#38 = CARTESIAN_POINT('',(-10.12,38.767555736437,67.));
#39 = PCURVE('',#40,#45);
#40 = CONICAL_SURFACE('',#41,32.,0.351444794004);
#41 = AXIS2_PLACEMENT_3D('',#42,#43,#44);
#42 = CARTESIAN_POINT('',(0.,0.,45.));
#43 = DIRECTION('',(0.,0.,1.));
#44 = DIRECTION('',(1.,0.,0.));
#45 = DEFINITIONAL_REPRESENTATION('',(#46),#58);
#46 = B_SPLINE_CURVE_WITH_KNOTS('',4,(#47,#48,#49,#50,#51,#52,#53,#54,
    #55,#56,#57),.UNSPECIFIED.,.F.,.F.,(5,3,3,5),(0.,0.499009966419,
    0.938571460239,1.),.UNSPECIFIED.);
#47 = CARTESIAN_POINT('',(1.873781609066,9.719595959268));
#48 = CARTESIAN_POINT('',(1.867045134735,11.250106673519));
#49 = CARTESIAN_POINT('',(1.860608473206,12.78119105963));
#50 = CARTESIAN_POINT('',(1.854441204298,14.312785204204));
#51 = CARTESIAN_POINT('',(1.843304406923,17.194380151089));
#52 = CARTESIAN_POINT('',(1.838279671922,18.544277200876));
#53 = CARTESIAN_POINT('',(1.833429963822,19.894500426774));
#54 = CARTESIAN_POINT('',(1.828087450154,21.433759533178));
#55 = CARTESIAN_POINT('',(1.82743555032,21.622500572984));
#56 = CARTESIAN_POINT('',(1.826786784099,21.81124742159));
#57 = CARTESIAN_POINT('',(1.826141117497,22.));
#58 = ( GEOMETRIC_REPRESENTATION_CONTEXT(2) 
PARAMETRIC_REPRESENTATION_CONTEXT() REPRESENTATION_CONTEXT('2D SPACE',''
  ) );
#59 = PCURVE('',#60,#65);
#60 = B_SPLINE_SURFACE_WITH_KNOTS('',1,1,(
    (#61,#62)
    ,(#63,#64)),.UNSPECIFIED.,.F.,.F.,.F.,(2,2),(2,2),(0.,13.),(0.,1.),
  .PIECEWISE_BEZIER_KNOTS.);
#61 = CARTESIAN_POINT('',(-11.,45.,45.));
#62 = CARTESIAN_POINT('',(-10.,50.,70.));
#63 = CARTESIAN_POINT('',(-11.,32.,45.));
#64 = CARTESIAN_POINT('',(-10.,37.,70.));
#65 = DEFINITIONAL_REPRESENTATION('',(#66),#78);
#66 = B_SPLINE_CURVE_WITH_KNOTS('',4,(#67,#68,#69,#70,#71,#72,#73,#74,
    #75,#76,#77),.UNSPECIFIED.,.F.,.F.,(5,3,3,5),(0.,0.499009966419,
    0.938571460239,1.),.UNSPECIFIED.);
#67 = CARTESIAN_POINT('',(13.,0.388783838371));
#68 = CARTESIAN_POINT('',(12.698994762951,0.450004266941));
#69 = CARTESIAN_POINT('',(12.400130894339,0.511247642385));
#70 = CARTESIAN_POINT('',(12.103185007027,0.572511408168));
#71 = CARTESIAN_POINT('',(11.5479590661,0.687775206044));
#72 = CARTESIAN_POINT('',(11.289286726451,0.741771088035));
#73 = CARTESIAN_POINT('',(11.031855240618,0.795780017071));
#74 = CARTESIAN_POINT('',(10.739756960979,0.857350381327));
#75 = CARTESIAN_POINT('',(10.703963937266,0.864900022919));
#76 = CARTESIAN_POINT('',(10.66819317347,0.872449896864));
#77 = CARTESIAN_POINT('',(10.632444287613,0.88));
#78 = ( GEOMETRIC_REPRESENTATION_CONTEXT(2) 
PARAMETRIC_REPRESENTATION_CONTEXT() REPRESENTATION_CONTEXT('2D SPACE',''
  ) );
#79 = ORIENTED_EDGE('',*,*,#80,.T.);
#80 = EDGE_CURVE('',#22,#81,#83,.T.);
#81 = VERTEX_POINT('',#82);
#82 = CARTESIAN_POINT('',(4.139826825999E-13,32.,45.));
#83 = SURFACE_CURVE('',#84,(#108,#135),.PCURVE_S1.);
#84 = B_SPLINE_CURVE_WITH_KNOTS('',8,(#85,#86,#87,#88,#89,#90,#91,#92,
    #93,#94,#95,#96,#97,#98,#99,#100,#101,#102,#103,#104,#105,#106,#107)
  ,.UNSPECIFIED.,.F.,.F.,(9,7,7,9),(0.,0.468992558639,0.786648685021,1.)
  ,.UNSPECIFIED.);
#85 = CARTESIAN_POINT('',(-10.61121616162,33.943919191854,
    54.719595959268));
#86 = CARTESIAN_POINT('',(-10.17319771567,33.795216937888,
    53.976084689441));
#87 = CARTESIAN_POINT('',(-9.723751370512,33.647741465975,
    53.238707329875));
#88 = CARTESIAN_POINT('',(-9.261187108204,33.501612658781,
    52.508063293906));
#89 = CARTESIAN_POINT('',(-8.783595804647,33.357069052219,
    51.785345261092));
#90 = CARTESIAN_POINT('',(-8.288801039904,33.214473652897,
    51.072368264486));
#91 = CARTESIAN_POINT('',(-7.773991383064,33.074366347972,
    50.371831739861));
#92 = CARTESIAN_POINT('',(-7.235645884617,32.937472747143,
    49.687363735714));
#93 = CARTESIAN_POINT('',(-6.283225462788,32.715170023073,
    48.575850115365));
#94 = CARTESIAN_POINT('',(-5.885919009605,32.627591787515,
    48.137958937578));
#95 = CARTESIAN_POINT('',(-5.473483887568,32.54238764098,47.711938204899
    ));
#96 = CARTESIAN_POINT('',(-5.0436392853,32.460023326318,47.300116631592)
  );
#97 = CARTESIAN_POINT('',(-4.59419823747,32.381257206174,46.906286030867
    ));
#98 = CARTESIAN_POINT('',(-4.122924669497,32.307176938384,
    46.535884691921));
#99 = CARTESIAN_POINT('',(-3.627445506311,32.239220885581,
    46.196104427904));
#100 = CARTESIAN_POINT('',(-2.753590596574,32.139071471924,
    45.69535735962));
#101 = CARTESIAN_POINT('',(-2.39008834777,32.102451082566,
    45.512255412831));
#102 = CARTESIAN_POINT('',(-2.014206467336,32.070144549846,
    45.350722749231));
#103 = CARTESIAN_POINT('',(-1.62657136627,32.04295758936,45.214787946799
    ));
#104 = CARTESIAN_POINT('',(-1.228519912719,32.021731955195,
    45.108659775973));
#105 = CARTESIAN_POINT('',(-0.822254218908,32.007244035737,
    45.036220178685));
#106 = CARTESIAN_POINT('',(-0.411130455978,32.,45.));
#107 = CARTESIAN_POINT('',(3.552713678801E-15,32.,45.));
#108 = PCURVE('',#40,#109);
#109 = DEFINITIONAL_REPRESENTATION('',(#110),#134);
#110 = B_SPLINE_CURVE_WITH_KNOTS('',8,(#111,#112,#113,#114,#115,#116,
    #117,#118,#119,#120,#121,#122,#123,#124,#125,#126,#127,#128,#129,
    #130,#131,#132,#133),.UNSPECIFIED.,.F.,.F.,(9,7,7,9),(0.,
    0.468992558639,0.786648685021,1.),.UNSPECIFIED.);
#111 = CARTESIAN_POINT('',(1.873781609066,9.719595959268));
#112 = CARTESIAN_POINT('',(1.863273796205,8.976084689441));
#113 = CARTESIAN_POINT('',(1.85226487853,8.238707329875));
#114 = CARTESIAN_POINT('',(1.840694031422,7.508063293905));
#115 = CARTESIAN_POINT('',(1.82849065866,6.785345261094));
#116 = CARTESIAN_POINT('',(1.815573069263,6.072368264485));
#117 = CARTESIAN_POINT('',(1.801837301144,5.371831739861));
#118 = CARTESIAN_POINT('',(1.787155095237,4.687363735714));
#119 = CARTESIAN_POINT('',(1.760596835573,3.575850115365));
#120 = CARTESIAN_POINT('',(1.749366745877,3.137958937577));
#121 = CARTESIAN_POINT('',(1.737552463546,2.711938204901));
#122 = CARTESIAN_POINT('',(1.725075996176,2.300116631589));
#123 = CARTESIAN_POINT('',(1.711860213415,1.906286030869));
#124 = CARTESIAN_POINT('',(1.697826806926,1.53588469192));
#125 = CARTESIAN_POINT('',(1.682896845783,1.196104427904));
#126 = CARTESIAN_POINT('',(1.656288998492,0.69535735962));
#127 = CARTESIAN_POINT('',(1.645150056866,0.512255412831));
#128 = CARTESIAN_POINT('',(1.633564194491,0.350722749231));
#129 = CARTESIAN_POINT('',(1.621554276974,0.214787946799));
#130 = CARTESIAN_POINT('',(1.609169483528,0.108659775973));
#131 = CARTESIAN_POINT('',(1.596491769902,3.622017868471E-02));
#132 = CARTESIAN_POINT('',(1.583644153544,-1.510468790835E-16));
#133 = CARTESIAN_POINT('',(1.570796326795,0.));
#134 = ( GEOMETRIC_REPRESENTATION_CONTEXT(2) 
PARAMETRIC_REPRESENTATION_CONTEXT() REPRESENTATION_CONTEXT('2D SPACE',''
  ) );
#135 = PCURVE('',#136,#141);
#136 = B_SPLINE_SURFACE_WITH_KNOTS('',1,1,(
    (#137,#138)
    ,(#139,#140
  )),.UNSPECIFIED.,.F.,.F.,.F.,(2,2),(2,2),(0.,22.),(0.,1.),
  .PIECEWISE_BEZIER_KNOTS.);
#137 = CARTESIAN_POINT('',(-11.,32.,45.));
#138 = CARTESIAN_POINT('',(-10.,37.,70.));
#139 = CARTESIAN_POINT('',(11.,32.,45.));
#140 = CARTESIAN_POINT('',(10.,37.,70.));
#141 = DEFINITIONAL_REPRESENTATION('',(#142),#166);
#142 = B_SPLINE_CURVE_WITH_KNOTS('',8,(#143,#144,#145,#146,#147,#148,
    #149,#150,#151,#152,#153,#154,#155,#156,#157,#158,#159,#160,#161,
    #162,#163,#164,#165),.UNSPECIFIED.,.F.,.F.,(9,7,7,9),(0.,
    0.468992558639,0.786648685021,1.),.UNSPECIFIED.);
#143 = CARTESIAN_POINT('',(0.,0.388783838371));
#144 = CARTESIAN_POINT('',(0.484897092461,0.359043387578));
#145 = CARTESIAN_POINT('',(0.978280067787,0.329548293195));
#146 = CARTESIAN_POINT('',(1.481825736668,0.300322531756));
#147 = CARTESIAN_POINT('',(1.997392481969,0.271413810444));
#148 = CARTESIAN_POINT('',(2.527076892456,0.24289473058));
#149 = CARTESIAN_POINT('',(3.073589803403,0.214873269594));
#150 = CARTESIAN_POINT('',(3.640337468116,0.187494549429));
#151 = CARTESIAN_POINT('',(4.634660783815,0.143034004615));
#152 = CARTESIAN_POINT('',(5.047283246845,0.125518357503));
#153 = CARTESIAN_POINT('',(5.473433739388,0.108477528196));
#154 = CARTESIAN_POINT('',(5.915348479204,9.200466526355E-02));
#155 = CARTESIAN_POINT('',(6.375146746158,7.625144123477E-02));
#156 = CARTESIAN_POINT('',(6.855006036593,6.143538767681E-02));
#157 = CARTESIAN_POINT('',(7.357285612226,4.784417711616E-02));
#158 = CARTESIAN_POINT('',(8.239689141607,2.781429438481E-02));
#159 = CARTESIAN_POINT('',(8.605866272962,2.049021651325E-02));
#160 = CARTESIAN_POINT('',(8.983682961654,1.402890996923E-02));
#161 = CARTESIAN_POINT('',(9.37256207861,8.591517871963E-03));
#162 = CARTESIAN_POINT('',(9.771263546835,4.346391038936E-03));
#163 = CARTESIAN_POINT('',(10.177745769873,1.448807147388E-03));
#164 = CARTESIAN_POINT('',(10.588869544022,-6.041875163341E-18));
#165 = CARTESIAN_POINT('',(11.,0.));
#166 = ( GEOMETRIC_REPRESENTATION_CONTEXT(2) 
PARAMETRIC_REPRESENTATION_CONTEXT() REPRESENTATION_CONTEXT('2D SPACE',''
  ) );
#167 = ORIENTED_EDGE('',*,*,#168,.T.);
#168 = EDGE_CURVE('',#81,#169,#171,.T.);
#169 = VERTEX_POINT('',#170);
#170 = CARTESIAN_POINT('',(-32.,4.636835586364E-14,45.));
#171 = SURFACE_CURVE('',#172,(#177,#184),.PCURVE_S1.);
#172 = CIRCLE('',#173,32.);
#173 = AXIS2_PLACEMENT_3D('',#174,#175,#176);
#174 = CARTESIAN_POINT('',(0.,0.,45.));
#175 = DIRECTION('',(0.,0.,1.));
#176 = DIRECTION('',(1.,0.,0.));
#177 = PCURVE('',#40,#178);
#178 = DEFINITIONAL_REPRESENTATION('',(#179),#183);
#179 = LINE('',#180,#181);
#180 = CARTESIAN_POINT('',(0.,0.));
#181 = VECTOR('',#182,1.);
#182 = DIRECTION('',(1.,0.));
#183 = ( GEOMETRIC_REPRESENTATION_CONTEXT(2) 
PARAMETRIC_REPRESENTATION_CONTEXT() REPRESENTATION_CONTEXT('2D SPACE',''
  ) );
#184 = PCURVE('',#185,#190);
#185 = PLANE('',#186);
#186 = AXIS2_PLACEMENT_3D('',#187,#188,#189);
#187 = CARTESIAN_POINT('',(0.,0.,45.));
#188 = DIRECTION('',(0.,0.,1.));
#189 = DIRECTION('',(1.,0.,0.));
#190 = DEFINITIONAL_REPRESENTATION('',(#191),#195);
#191 = CIRCLE('',#192,32.);
#192 = AXIS2_PLACEMENT_2D('',#193,#194);
#193 = CARTESIAN_POINT('',(0.,0.));
#194 = DIRECTION('',(1.,0.));
#195 = ( GEOMETRIC_REPRESENTATION_CONTEXT(2) 
PARAMETRIC_REPRESENTATION_CONTEXT() REPRESENTATION_CONTEXT('2D SPACE',''
  ) );
#196 = ORIENTED_EDGE('',*,*,#197,.F.);
#197 = EDGE_CURVE('',#198,#169,#200,.T.);
#198 = VERTEX_POINT('',#199);
#199 = CARTESIAN_POINT('',(-40.03478260869,1.598111151409,67.));
#200 = SURFACE_CURVE('',#201,(#258,#318),.PCURVE_S1.);
#201 = B_SPLINE_CURVE_WITH_KNOTS('',7,(#202,#203,#204,#205,#206,#207,
    #208,#209,#210,#211,#212,#213,#214,#215,#216,#217,#218,#219,#220,
    #221,#222,#223,#224,#225,#226,#227,#228,#229,#230,#231,#232,#233,
    #234,#235,#236,#237,#238,#239,#240,#241,#242,#243,#244,#245,#246,
    #247,#248,#249,#250,#251,#252,#253,#254,#255,#256,#257),
  .UNSPECIFIED.,.F.,.F.,(8,6,6,6,6,6,6,6,6,8),(0.,0.248301267424,
    0.495060004713,0.747109375203,0.875312137937,0.938984167762,
    0.970392455096,0.986204557155,0.994816636805,1.),.UNSPECIFIED.);
#202 = CARTESIAN_POINT('',(-40.03478260869,1.598111151409,67.));
#203 = CARTESIAN_POINT('',(-39.74857298588,1.563926207278,
    66.216330794678));
#204 = CARTESIAN_POINT('',(-39.4623692962,1.529364549047,65.432677834838
    ));
#205 = CARTESIAN_POINT('',(-39.17617209703,1.494391821918,
    64.649042646638));
#206 = CARTESIAN_POINT('',(-38.88998206537,1.458969152387,
    63.865427083753));
#207 = CARTESIAN_POINT('',(-38.60380004521,1.423049981325,
    63.081833457142));
#208 = CARTESIAN_POINT('',(-38.31762709497,1.38657689706,62.298264664809
    ));
#209 = CARTESIAN_POINT('',(-37.74707971178,1.312610507646,
    60.736051591791));
#210 = CARTESIAN_POINT('',(-37.4627052886,1.275124679804,59.957407337835
    ));
#211 = CARTESIAN_POINT('',(-37.17834242968,1.236950791577,
    59.178794747952));
#212 = CARTESIAN_POINT('',(-36.89399281386,1.198001436628,58.40021841891
    ));
#213 = CARTESIAN_POINT('',(-36.60965865433,1.158170602788,
    57.621684410682));
#214 = CARTESIAN_POINT('',(-36.32534293641,1.117319343954,
    56.843200897332));
#215 = CARTESIAN_POINT('',(-35.75066142123,1.032275669565,
    55.269668177177));
#216 = CARTESIAN_POINT('',(-35.4602987754,0.988031436287,54.474627599322
    ));
#217 = CARTESIAN_POINT('',(-35.16996411771,0.942296178859,
    53.679663655631));
#218 = CARTESIAN_POINT('',(-34.87966283303,0.894808446979,
    52.884791090462));
#219 = CARTESIAN_POINT('',(-34.58940653686,0.845130551868,
    52.090041708069));
#220 = CARTESIAN_POINT('',(-34.29921053923,0.792759259065,
    51.295457428859));
#221 = CARTESIAN_POINT('',(-33.86155016614,0.707799055796,
    50.097101645393));
#222 = CARTESIAN_POINT('',(-33.71401930963,0.678135063839,
    49.693148109721));
#223 = CARTESIAN_POINT('',(-33.56651759368,0.647279682447,
    49.289274363662));
#224 = CARTESIAN_POINT('',(-33.41905059427,0.615031092376,
    48.885495674792));
#225 = CARTESIAN_POINT('',(-33.2716310754,0.581043676684,48.481846992182
    ));
#226 = CARTESIAN_POINT('',(-33.12427575999,0.544930513201,
    48.078374104737));
#227 = CARTESIAN_POINT('',(-32.90388802731,0.48620286308,47.474931503374
    ));
#228 = CARTESIAN_POINT('',(-32.83078263945,0.465944708895,47.27476198898
    ));
#229 = CARTESIAN_POINT('',(-32.75770740702,0.444787846619,
    47.074675043031));
#230 = CARTESIAN_POINT('',(-32.68466805878,0.422582872481,
    46.874686351424));
#231 = CARTESIAN_POINT('',(-32.61167832399,0.399069188845,
    46.674833506171));
#232 = CARTESIAN_POINT('',(-32.5387560758,0.373961536538,46.475165445665
    ));
#233 = CARTESIAN_POINT('',(-32.43002368298,0.332950698366,
    46.177445798641));
#234 = CARTESIAN_POINT('',(-32.39413589902,0.318831961932,
    46.079181628294));
#235 = CARTESIAN_POINT('',(-32.35827986868,0.304044498858,
    45.981004402359));
#236 = CARTESIAN_POINT('',(-32.3224615509,0.288477731771,45.882930437002
    ));
#237 = CARTESIAN_POINT('',(-32.28669617127,0.271933251034,
    45.785001421354));
#238 = CARTESIAN_POINT('',(-32.25100327071,0.254201440163,
    45.687270860293));
#239 = CARTESIAN_POINT('',(-32.1975186336,0.224872432122,45.540824830108
    ));
#240 = CARTESIAN_POINT('',(-32.17964475922,0.214604939554,
    45.491884459776));
#241 = CARTESIAN_POINT('',(-32.16180734163,0.203807937694,
    45.443043911624));
#242 = CARTESIAN_POINT('',(-32.14401268233,0.192393526683,
    45.394320439736));
#243 = CARTESIAN_POINT('',(-32.12628117807,0.180186135179,
    45.345769892344));
#244 = CARTESIAN_POINT('',(-32.10863727005,0.167023403977,
    45.297459191816));
#245 = CARTESIAN_POINT('',(-32.08161744163,0.144375424669,
    45.223476328292));
#246 = CARTESIAN_POINT('',(-32.0721725942,0.135894868161,45.197615436499
    ));
#247 = CARTESIAN_POINT('',(-32.06277008606,0.126958266208,
    45.171870473742));
#248 = CARTESIAN_POINT('',(-32.0534161899,0.117447151445,45.146258615219
    ));
#249 = CARTESIAN_POINT('',(-32.04416358105,0.107085860531,
    45.120924090995));
#250 = CARTESIAN_POINT('',(-32.03511133749,9.544153414999E-02,
    45.096138186009));
#251 = CARTESIAN_POINT('',(-32.02116480936,7.378837217816E-02,
    45.057951263737));
#252 = CARTESIAN_POINT('',(-32.01637681639,6.548292091729E-02,
    45.044841282996));
#253 = CARTESIAN_POINT('',(-32.0116247668,5.61579987171E-02,
    45.031829718642));
#254 = CARTESIAN_POINT('',(-32.00693097732,4.520188934418E-02,
    45.018977676014));
#255 = CARTESIAN_POINT('',(-32.00275627556,3.224092484146E-02,
    45.007546944993));
#256 = CARTESIAN_POINT('',(-32.,1.71394855282E-02,45.));
#257 = CARTESIAN_POINT('',(-32.,1.867119597618E-15,45.));
#258 = PCURVE('',#40,#259);
#259 = DEFINITIONAL_REPRESENTATION('',(#260),#317);
#260 = B_SPLINE_CURVE_WITH_KNOTS('',7,(#261,#262,#263,#264,#265,#266,
    #267,#268,#269,#270,#271,#272,#273,#274,#275,#276,#277,#278,#279,
    #280,#281,#282,#283,#284,#285,#286,#287,#288,#289,#290,#291,#292,
    #293,#294,#295,#296,#297,#298,#299,#300,#301,#302,#303,#304,#305,
    #306,#307,#308,#309,#310,#311,#312,#313,#314,#315,#316),
  .UNSPECIFIED.,.F.,.F.,(8,6,6,6,6,6,6,6,6,8),(0.,0.248301267424,
    0.495060004713,0.747109375203,0.875312137937,0.938984167762,
    0.970392455096,0.986204557155,0.994816636805,1.),.UNSPECIFIED.);
#261 = CARTESIAN_POINT('',(3.101695768429,22.));
#262 = CARTESIAN_POINT('',(3.102263369858,21.216330794673));
#263 = CARTESIAN_POINT('',(3.102849868816,20.43267783484));
#264 = CARTESIAN_POINT('',(3.103456696648,19.649042646641));
#265 = CARTESIAN_POINT('',(3.104085458581,18.865427083753));
#266 = CARTESIAN_POINT('',(3.104738043915,18.08183345714));
#267 = CARTESIAN_POINT('',(3.105416736211,17.298264664809));
#268 = CARTESIAN_POINT('',(3.106827514986,15.736051591791));
#269 = CARTESIAN_POINT('',(3.107559252768,14.957407337835));
#270 = CARTESIAN_POINT('',(3.108322276481,14.178794747952));
#271 = CARTESIAN_POINT('',(3.109119935645,13.40021841891));
#272 = CARTESIAN_POINT('',(3.109956244191,12.621684410682));
#273 = CARTESIAN_POINT('',(3.110836362206,11.843200897332));
#274 = CARTESIAN_POINT('',(3.112718611706,10.269668177177));
#275 = CARTESIAN_POINT('',(3.113722924724,9.474627599321));
#276 = CARTESIAN_POINT('',(3.114788366607,8.679663655633));
#277 = CARTESIAN_POINT('',(3.115924345728,7.884791090459));
#278 = CARTESIAN_POINT('',(3.117146100151,7.09004170807));
#279 = CARTESIAN_POINT('',(3.118471236702,6.295457428859));
#280 = CARTESIAN_POINT('',(3.120689689303,5.097101645393));
#281 = CARTESIAN_POINT('',(3.121475224031,4.693148109721));
#282 = CARTESIAN_POINT('',(3.122304088835,4.289274363661));
#283 = CARTESIAN_POINT('',(3.123183034963,3.885495674793));
#284 = CARTESIAN_POINT('',(3.124123428893,3.481846992182));
#285 = CARTESIAN_POINT('',(3.125138041596,3.078374104737));
#286 = CARTESIAN_POINT('',(3.126816030264,2.474931503374));
#287 = CARTESIAN_POINT('',(3.127399102115,2.27476198898));
#288 = CARTESIAN_POINT('',(3.128012574524,2.074675043031));
#289 = CARTESIAN_POINT('',(3.128661269839,1.874686351424));
#290 = CARTESIAN_POINT('',(3.129353530408,1.674833506171));
#291 = CARTESIAN_POINT('',(3.130098509286,1.475165445665));
#292 = CARTESIAN_POINT('',(3.131325821153,1.177445798641));
#293 = CARTESIAN_POINT('',(3.131749904217,1.079181628294));
#294 = CARTESIAN_POINT('',(3.132195731094,0.981004402359));
#295 = CARTESIAN_POINT('',(3.132666811353,0.882930437002));
#296 = CARTESIAN_POINT('',(3.133169417078,0.785001421354));
#297 = CARTESIAN_POINT('',(3.133710185096,0.687270860293));
#298 = CARTESIAN_POINT('',(3.134608445071,0.540824830108));
#299 = CARTESIAN_POINT('',(3.134923491506,0.491884459776));
#300 = CARTESIAN_POINT('',(3.135255406504,0.443043911624));
#301 = CARTESIAN_POINT('',(3.135606958045,0.394320439736));
#302 = CARTESIAN_POINT('',(3.135983662798,0.345769892344));
#303 = CARTESIAN_POINT('',(3.136390630368,0.297459191816));
#304 = CARTESIAN_POINT('',(3.137092356283,0.223476328292));
#305 = CARTESIAN_POINT('',(3.137355394901,0.197615436499));
#306 = CARTESIAN_POINT('',(3.137632831848,0.171870473742));
#307 = CARTESIAN_POINT('',(3.137928380016,0.146258615219));
#308 = CARTESIAN_POINT('',(3.138250673663,0.120924090995));
#309 = CARTESIAN_POINT('',(3.138613268416,9.613818600858E-02));
#310 = CARTESIAN_POINT('',(3.139288253482,5.795126373674E-02));
#311 = CARTESIAN_POINT('',(3.139547246524,4.48412829956E-02));
#312 = CARTESIAN_POINT('',(3.139838218554,3.182971864205E-02));
#313 = CARTESIAN_POINT('',(3.140180304696,1.897767601439E-02));
#314 = CARTESIAN_POINT('',(3.140585177047,7.546944992926E-03));
#315 = CARTESIAN_POINT('',(3.141057044667,1.297250431206E-15));
#316 = CARTESIAN_POINT('',(3.14159265359,-1.510468790835E-16));
#317 = ( GEOMETRIC_REPRESENTATION_CONTEXT(2) 
PARAMETRIC_REPRESENTATION_CONTEXT() REPRESENTATION_CONTEXT('2D SPACE',''
  ) );
#318 = PCURVE('',#319,#324);
#319 = B_SPLINE_SURFACE_WITH_KNOTS('',1,1,(
    (#320,#321)
    ,(#322,#323
    )),.UNSPECIFIED.,.F.,.F.,.F.,(2,2),(2,2),(0.,27.4),(0.,1.),
  .PIECEWISE_BEZIER_KNOTS.);
#320 = CARTESIAN_POINT('',(-32.,-13.,45.));
#321 = CARTESIAN_POINT('',(-40.4,-13.7,68.));
#322 = CARTESIAN_POINT('',(-32.,13.,45.));
#323 = CARTESIAN_POINT('',(-40.4,13.7,68.));
#324 = DEFINITIONAL_REPRESENTATION('',(#325),#382);
#325 = B_SPLINE_CURVE_WITH_KNOTS('',7,(#326,#327,#328,#329,#330,#331,
    #332,#333,#334,#335,#336,#337,#338,#339,#340,#341,#342,#343,#344,
    #345,#346,#347,#348,#349,#350,#351,#352,#353,#354,#355,#356,#357,
    #358,#359,#360,#361,#362,#363,#364,#365,#366,#367,#368,#369,#370,
    #371,#372,#373,#374,#375,#376,#377,#378,#379,#380,#381),
  .UNSPECIFIED.,.F.,.F.,(8,6,6,6,6,6,6,6,6,8),(0.,0.248301267424,
    0.495060004713,0.747109375203,0.875312137937,0.938984167762,
    0.970392455096,0.986204557155,0.994816636805,1.),.UNSPECIFIED.);
#326 = CARTESIAN_POINT('',(15.301669240245,0.95652173913));
#327 = CARTESIAN_POINT('',(15.27020279402,0.922449164986));
#328 = CARTESIAN_POINT('',(15.238230718713,0.888377297167));
#329 = CARTESIAN_POINT('',(15.205714691637,0.854306202028));
#330 = CARTESIAN_POINT('',(15.172611636489,0.820235960163));
#331 = CARTESIAN_POINT('',(15.138870226789,0.78616667205));
#332 = CARTESIAN_POINT('',(15.104427389316,0.752098463687));
#333 = CARTESIAN_POINT('',(15.034201040178,0.684176156165));
#334 = CARTESIAN_POINT('',(14.998426930195,0.650322058167));
#335 = CARTESIAN_POINT('',(14.961805609651,0.616469336867));
#336 = CARTESIAN_POINT('',(14.924241697719,0.582618192126));
#337 = CARTESIAN_POINT('',(14.88561977584,0.548768887421));
#338 = CARTESIAN_POINT('',(14.845789088509,0.514921778145));
#339 = CARTESIAN_POINT('',(14.76239533086,0.446507312051));
#340 = CARTESIAN_POINT('',(14.718771620458,0.411940330405));
#341 = CARTESIAN_POINT('',(14.673426219988,0.37737668068));
#342 = CARTESIAN_POINT('',(14.626076951552,0.342817003933));
#343 = CARTESIAN_POINT('',(14.576254009134,0.30826268296));
#344 = CARTESIAN_POINT('',(14.523416691303,0.273715540385));
#345 = CARTESIAN_POINT('',(14.437142494471,0.221613115017));
#346 = CARTESIAN_POINT('',(14.406930750478,0.204049917814));
#347 = CARTESIAN_POINT('',(14.375411443173,0.186490189724));
#348 = CARTESIAN_POINT('',(14.342369297202,0.168934594556));
#349 = CARTESIAN_POINT('',(14.307436716527,0.151384651834));
#350 = CARTESIAN_POINT('',(14.270201861964,0.13384235238));
#351 = CARTESIAN_POINT('',(14.209440691994,0.107605717538));
#352 = CARTESIAN_POINT('',(14.188449316161,9.890269517303E-02));
#353 = CARTESIAN_POINT('',(14.166493079436,9.020326274049E-02));
#354 = CARTESIAN_POINT('',(14.143413571314,8.150810223584E-02));
#355 = CARTESIAN_POINT('',(14.118934898032,7.281884809441E-02));
#356 = CARTESIAN_POINT('',(14.092754912298,6.41376280724E-02));
#357 = CARTESIAN_POINT('',(14.049917501684,5.119329559309E-02));
#358 = CARTESIAN_POINT('',(14.035158760567,4.692094036062E-02));
#359 = CARTESIAN_POINT('',(14.019689143013,4.265236531997E-02));
#360 = CARTESIAN_POINT('',(14.00339176285,3.838827986967E-02));
#361 = CARTESIAN_POINT('',(13.986057051326,3.41304965806E-02));
#362 = CARTESIAN_POINT('',(13.96746353138,2.988134175187E-02));
#363 = CARTESIAN_POINT('',(13.936682456704,2.351412304818E-02));
#364 = CARTESIAN_POINT('',(13.925902524706,2.138628085982E-02));
#365 = CARTESIAN_POINT('',(13.914562302045,1.926277876625E-02));
#366 = CARTESIAN_POINT('',(13.902569013685,1.714436694504E-02));
#367 = CARTESIAN_POINT('',(13.889737430825,1.503347358017E-02));
#368 = CARTESIAN_POINT('',(13.875896208632,1.293300833982E-02));
#369 = CARTESIAN_POINT('',(13.852070437533,9.716362099673E-03));
#370 = CARTESIAN_POINT('',(13.843146932852,8.591975499948E-03));
#371 = CARTESIAN_POINT('',(13.833741803261,7.472629293147E-03));
#372 = CARTESIAN_POINT('',(13.823730128934,6.359070226905E-03));
#373 = CARTESIAN_POINT('',(13.812821267744,5.25756917369E-03));
#374 = CARTESIAN_POINT('',(13.800558855259,4.179921130808E-03));
#375 = CARTESIAN_POINT('',(13.777751331405,2.519620162467E-03));
#376 = CARTESIAN_POINT('',(13.769002476933,1.949620999808E-03));
#377 = CARTESIAN_POINT('',(13.759178424045,1.383900810524E-03));
#378 = CARTESIAN_POINT('',(13.74763438738,8.251163484516E-04));
#379 = CARTESIAN_POINT('',(13.733976613502,3.281280431705E-04));
#380 = CARTESIAN_POINT('',(13.718062380903,6.296944827344E-17));
#381 = CARTESIAN_POINT('',(13.7,0.));
#382 = ( GEOMETRIC_REPRESENTATION_CONTEXT(2) 
PARAMETRIC_REPRESENTATION_CONTEXT() REPRESENTATION_CONTEXT('2D SPACE',''
  ) );
#383 = ORIENTED_EDGE('',*,*,#384,.F.);
#384 = EDGE_CURVE('',#24,#198,#385,.T.);
#385 = SURFACE_CURVE('',#386,(#391,#398),.PCURVE_S1.);
#386 = CIRCLE('',#387,40.066666666667);
#387 = AXIS2_PLACEMENT_3D('',#388,#389,#390);
#388 = CARTESIAN_POINT('',(0.,0.,67.));
#389 = DIRECTION('',(0.,0.,1.));
#390 = DIRECTION('',(1.,0.,-0.));
#391 = PCURVE('',#40,#392);
#392 = DEFINITIONAL_REPRESENTATION('',(#393),#397);
#393 = LINE('',#394,#395);
#394 = CARTESIAN_POINT('',(0.,22.));
#395 = VECTOR('',#396,1.);
#396 = DIRECTION('',(1.,0.));
#397 = ( GEOMETRIC_REPRESENTATION_CONTEXT(2) 
PARAMETRIC_REPRESENTATION_CONTEXT() REPRESENTATION_CONTEXT('2D SPACE',''
  ) );
#398 = PCURVE('',#399,#404);
#399 = PLANE('',#400);
#400 = AXIS2_PLACEMENT_3D('',#401,#402,#403);
#401 = CARTESIAN_POINT('',(-1.75032336965E-15,3.209892110372E-15,67.));
#402 = DIRECTION('',(0.,0.,1.));
#403 = DIRECTION('',(1.,0.,-0.));
#404 = DEFINITIONAL_REPRESENTATION('',(#405),#409);
#405 = CIRCLE('',#406,40.066666666667);
#406 = AXIS2_PLACEMENT_2D('',#407,#408);
#407 = CARTESIAN_POINT('',(1.75032336965E-15,-3.209892110372E-15));
#408 = DIRECTION('',(1.,0.));
#409 = ( GEOMETRIC_REPRESENTATION_CONTEXT(2) 
PARAMETRIC_REPRESENTATION_CONTEXT() REPRESENTATION_CONTEXT('2D SPACE',''
  ) );
#410 = ADVANCED_FACE('',(#411),#60,.T.);
#411 = FACE_BOUND('',#412,.T.);
#412 = EDGE_LOOP('',(#413,#442,#470,#490,#491,#511,#545));
#413 = ORIENTED_EDGE('',*,*,#414,.F.);
#414 = EDGE_CURVE('',#415,#417,#419,.T.);
#415 = VERTEX_POINT('',#416);
#416 = CARTESIAN_POINT('',(-11.,45.,45.));
#417 = VERTEX_POINT('',#418);
#418 = CARTESIAN_POINT('',(-10.,50.,70.));
#419 = SURFACE_CURVE('',#420,(#423,#430),.PCURVE_S1.);
#420 = B_SPLINE_CURVE_WITH_KNOTS('',1,(#421,#422),.UNSPECIFIED.,.F.,.F.,
  (2,2),(0.,1.),.PIECEWISE_BEZIER_KNOTS.);
#421 = CARTESIAN_POINT('',(-11.,45.,45.));
#422 = CARTESIAN_POINT('',(-10.,50.,70.));
#423 = PCURVE('',#60,#424);
#424 = DEFINITIONAL_REPRESENTATION('',(#425),#429);
#425 = LINE('',#426,#427);
#426 = CARTESIAN_POINT('',(0.,0.));
#427 = VECTOR('',#428,1.);
#428 = DIRECTION('',(0.,1.));
#429 = ( GEOMETRIC_REPRESENTATION_CONTEXT(2) 
PARAMETRIC_REPRESENTATION_CONTEXT() REPRESENTATION_CONTEXT('2D SPACE',''
  ) );
#430 = PCURVE('',#431,#436);
#431 = B_SPLINE_SURFACE_WITH_KNOTS('',1,1,(
    (#432,#433)
    ,(#434,#435
  )),.UNSPECIFIED.,.F.,.F.,.F.,(2,2),(2,2),(0.,22.),(0.,1.),
  .PIECEWISE_BEZIER_KNOTS.);
#432 = CARTESIAN_POINT('',(11.,45.,45.));
#433 = CARTESIAN_POINT('',(10.,50.,70.));
#434 = CARTESIAN_POINT('',(-11.,45.,45.));
#435 = CARTESIAN_POINT('',(-10.,50.,70.));
#436 = DEFINITIONAL_REPRESENTATION('',(#437),#441);
#437 = LINE('',#438,#439);
#438 = CARTESIAN_POINT('',(22.,0.));
#439 = VECTOR('',#440,1.);
#440 = DIRECTION('',(0.,1.));
#441 = ( GEOMETRIC_REPRESENTATION_CONTEXT(2) 
PARAMETRIC_REPRESENTATION_CONTEXT() REPRESENTATION_CONTEXT('2D SPACE',''
  ) );
#442 = ORIENTED_EDGE('',*,*,#443,.T.);
#443 = EDGE_CURVE('',#415,#444,#446,.T.);
#444 = VERTEX_POINT('',#445);
#445 = CARTESIAN_POINT('',(-11.,32.,45.));
#446 = SURFACE_CURVE('',#447,(#451,#458),.PCURVE_S1.);
#447 = LINE('',#448,#449);
#448 = CARTESIAN_POINT('',(-11.,45.,45.));
#449 = VECTOR('',#450,1.);
#450 = DIRECTION('',(-1.110223024625E-16,-1.,0.));
#451 = PCURVE('',#60,#452);
#452 = DEFINITIONAL_REPRESENTATION('',(#453),#457);
#453 = LINE('',#454,#455);
#454 = CARTESIAN_POINT('',(0.,0.));
#455 = VECTOR('',#456,1.);
#456 = DIRECTION('',(1.,0.));
#457 = ( GEOMETRIC_REPRESENTATION_CONTEXT(2) 
PARAMETRIC_REPRESENTATION_CONTEXT() REPRESENTATION_CONTEXT('2D SPACE',''
  ) );
#458 = PCURVE('',#459,#464);
#459 = PLANE('',#460);
#460 = AXIS2_PLACEMENT_3D('',#461,#462,#463);
#461 = CARTESIAN_POINT('',(11.,32.,45.));
#462 = DIRECTION('',(0.,0.,-1.));
#463 = DIRECTION('',(-0.860926528214,0.508729312127,0.));
#464 = DEFINITIONAL_REPRESENTATION('',(#465),#469);
#465 = LINE('',#466,#467);
#466 = CARTESIAN_POINT('',(25.553864678361,0.));
#467 = VECTOR('',#468,1.);
#468 = DIRECTION('',(-0.508729312127,-0.860926528214));
#469 = ( GEOMETRIC_REPRESENTATION_CONTEXT(2) 
PARAMETRIC_REPRESENTATION_CONTEXT() REPRESENTATION_CONTEXT('2D SPACE',''
  ) );
#470 = ORIENTED_EDGE('',*,*,#471,.T.);
#471 = EDGE_CURVE('',#444,#22,#472,.T.);
#472 = SURFACE_CURVE('',#473,(#476,#483),.PCURVE_S1.);
#473 = B_SPLINE_CURVE_WITH_KNOTS('',1,(#474,#475),.UNSPECIFIED.,.F.,.F.,
  (2,2),(0.,1.),.PIECEWISE_BEZIER_KNOTS.);
#474 = CARTESIAN_POINT('',(-11.,32.,45.));
#475 = CARTESIAN_POINT('',(-10.,37.,70.));
#476 = PCURVE('',#60,#477);
#477 = DEFINITIONAL_REPRESENTATION('',(#478),#482);
#478 = LINE('',#479,#480);
#479 = CARTESIAN_POINT('',(13.,0.));
#480 = VECTOR('',#481,1.);
#481 = DIRECTION('',(0.,1.));
#482 = ( GEOMETRIC_REPRESENTATION_CONTEXT(2) 
PARAMETRIC_REPRESENTATION_CONTEXT() REPRESENTATION_CONTEXT('2D SPACE',''
  ) );
#483 = PCURVE('',#136,#484);
#484 = DEFINITIONAL_REPRESENTATION('',(#485),#489);
#485 = LINE('',#486,#487);
#486 = CARTESIAN_POINT('',(0.,0.));
#487 = VECTOR('',#488,1.);
#488 = DIRECTION('',(0.,1.));
#489 = ( GEOMETRIC_REPRESENTATION_CONTEXT(2) 
PARAMETRIC_REPRESENTATION_CONTEXT() REPRESENTATION_CONTEXT('2D SPACE',''
  ) );
#490 = ORIENTED_EDGE('',*,*,#21,.T.);
#491 = ORIENTED_EDGE('',*,*,#492,.T.);
#492 = EDGE_CURVE('',#24,#493,#495,.T.);
#493 = VERTEX_POINT('',#494);
#494 = CARTESIAN_POINT('',(-10.12,48.965146788302,67.));
#495 = SURFACE_CURVE('',#496,(#499,#505),.PCURVE_S1.);
#496 = B_SPLINE_CURVE_WITH_KNOTS('',1,(#497,#498),.UNSPECIFIED.,.F.,.F.,
  (2,2),(0.,1.),.PIECEWISE_BEZIER_KNOTS.);
#497 = CARTESIAN_POINT('',(-10.12,36.4,67.));
#498 = CARTESIAN_POINT('',(-10.12,49.4,67.));
#499 = PCURVE('',#60,#500);
#500 = DEFINITIONAL_REPRESENTATION('',(#501),#504);
#501 = B_SPLINE_CURVE_WITH_KNOTS('',1,(#502,#503),.UNSPECIFIED.,.F.,.F.,
  (2,2),(0.,1.),.PIECEWISE_BEZIER_KNOTS.);
#502 = CARTESIAN_POINT('',(13.,0.88));
#503 = CARTESIAN_POINT('',(0.,0.88));
#504 = ( GEOMETRIC_REPRESENTATION_CONTEXT(2) 
PARAMETRIC_REPRESENTATION_CONTEXT() REPRESENTATION_CONTEXT('2D SPACE',''
  ) );
#505 = PCURVE('',#399,#506);
#506 = DEFINITIONAL_REPRESENTATION('',(#507),#510);
#507 = B_SPLINE_CURVE_WITH_KNOTS('',1,(#508,#509),.UNSPECIFIED.,.F.,.F.,
  (2,2),(0.,1.),.PIECEWISE_BEZIER_KNOTS.);
#508 = CARTESIAN_POINT('',(-10.12,36.4));
#509 = CARTESIAN_POINT('',(-10.12,49.4));
#510 = ( GEOMETRIC_REPRESENTATION_CONTEXT(2) 
PARAMETRIC_REPRESENTATION_CONTEXT() REPRESENTATION_CONTEXT('2D SPACE',''
  ) );
#511 = ORIENTED_EDGE('',*,*,#512,.F.);
#512 = EDGE_CURVE('',#513,#493,#515,.T.);
#513 = VERTEX_POINT('',#514);
#514 = CARTESIAN_POINT('',(-10.,48.989794855664,70.));
#515 = SURFACE_CURVE('',#516,(#522,#531),.PCURVE_S1.);
#516 = B_SPLINE_CURVE_WITH_KNOTS('',4,(#517,#518,#519,#520,#521),
  .UNSPECIFIED.,.F.,.F.,(5,5),(0.,1.),.PIECEWISE_BEZIER_KNOTS.);
#517 = CARTESIAN_POINT('',(-10.,48.989794855664,70.));
#518 = CARTESIAN_POINT('',(-10.02999986815,48.98367115822,
    69.250003296196));
#519 = CARTESIAN_POINT('',(-10.05999982819,48.977521926726,
    68.500004295257));
#520 = CARTESIAN_POINT('',(-10.08999988013,48.971347141691,
    67.750002996694));
#521 = CARTESIAN_POINT('',(-10.120000024,48.965146783342,66.9999994));
#522 = PCURVE('',#60,#523);
#523 = DEFINITIONAL_REPRESENTATION('',(#524),#530);
#524 = B_SPLINE_CURVE_WITH_KNOTS('',4,(#525,#526,#527,#528,#529),
  .UNSPECIFIED.,.F.,.F.,(5,5),(0.,1.),.PIECEWISE_BEZIER_KNOTS.);
#525 = CARTESIAN_POINT('',(1.010205144336,1.));
#526 = CARTESIAN_POINT('',(0.866329501019,0.970000131848));
#527 = CARTESIAN_POINT('',(0.722478932322,0.94000017181));
#528 = CARTESIAN_POINT('',(0.57865345765,0.910000119868));
#529 = CARTESIAN_POINT('',(0.43485309666,0.879999976));
#530 = ( GEOMETRIC_REPRESENTATION_CONTEXT(2) 
PARAMETRIC_REPRESENTATION_CONTEXT() REPRESENTATION_CONTEXT('2D SPACE',''
  ) );
#531 = PCURVE('',#532,#537);
#532 = CYLINDRICAL_SURFACE('',#533,50.);
#533 = AXIS2_PLACEMENT_3D('',#534,#535,#536);
#534 = CARTESIAN_POINT('',(0.,0.,67.));
#535 = DIRECTION('',(-0.,-0.,-1.));
#536 = DIRECTION('',(1.,0.,0.));
#537 = DEFINITIONAL_REPRESENTATION('',(#538),#544);
#538 = B_SPLINE_CURVE_WITH_KNOTS('',4,(#539,#540,#541,#542,#543),
  .UNSPECIFIED.,.F.,.F.,(5,5),(0.,1.),.PIECEWISE_BEZIER_KNOTS.);
#539 = CARTESIAN_POINT('',(-1.772154247585,-3.));
#540 = CARTESIAN_POINT('',(-1.77276661733,-2.250003296196));
#541 = CARTESIAN_POINT('',(-1.773379091011,-1.500004295257));
#542 = CARTESIAN_POINT('',(-1.773991669319,-0.750002996694));
#543 = CARTESIAN_POINT('',(-1.774604352949,5.999999999062E-07));
#544 = ( GEOMETRIC_REPRESENTATION_CONTEXT(2) 
PARAMETRIC_REPRESENTATION_CONTEXT() REPRESENTATION_CONTEXT('2D SPACE',''
  ) );
#545 = ORIENTED_EDGE('',*,*,#546,.F.);
#546 = EDGE_CURVE('',#417,#513,#547,.T.);
#547 = SURFACE_CURVE('',#548,(#552,#559),.PCURVE_S1.);
#548 = LINE('',#549,#550);
#549 = CARTESIAN_POINT('',(-10.,50.,70.));
#550 = VECTOR('',#551,1.);
#551 = DIRECTION('',(-1.110223024625E-16,-1.,0.));
#552 = PCURVE('',#60,#553);
#553 = DEFINITIONAL_REPRESENTATION('',(#554),#558);
#554 = LINE('',#555,#556);
#555 = CARTESIAN_POINT('',(0.,1.));
#556 = VECTOR('',#557,1.);
#557 = DIRECTION('',(1.,0.));
#558 = ( GEOMETRIC_REPRESENTATION_CONTEXT(2) 
PARAMETRIC_REPRESENTATION_CONTEXT() REPRESENTATION_CONTEXT('2D SPACE',''
  ) );
#559 = PCURVE('',#560,#565);
#560 = B_SPLINE_SURFACE_WITH_KNOTS('',1,1,(
    (#561,#562)
    ,(#563,#564
  )),.UNSPECIFIED.,.F.,.F.,.F.,(2,2),(2,2),(0.,13.),(0.,1.),
  .PIECEWISE_BEZIER_KNOTS.);
#561 = CARTESIAN_POINT('',(-10.,50.,70.));
#562 = CARTESIAN_POINT('',(-10.,59.,110.));
#563 = CARTESIAN_POINT('',(-10.,37.,70.));
#564 = CARTESIAN_POINT('',(-10.,46.,110.));
#565 = DEFINITIONAL_REPRESENTATION('',(#566),#570);
#566 = LINE('',#567,#568);
#567 = CARTESIAN_POINT('',(0.,0.));
#568 = VECTOR('',#569,1.);
#569 = DIRECTION('',(1.,0.));
#570 = ( GEOMETRIC_REPRESENTATION_CONTEXT(2) 
PARAMETRIC_REPRESENTATION_CONTEXT() REPRESENTATION_CONTEXT('2D SPACE',''
  ) );
#571 = ADVANCED_FACE('',(#572),#399,.F.);
#572 = FACE_BOUND('',#573,.F.);
#573 = EDGE_LOOP('',(#574,#575,#576,#604,#629));
#574 = ORIENTED_EDGE('',*,*,#384,.F.);
#575 = ORIENTED_EDGE('',*,*,#492,.T.);
#576 = ORIENTED_EDGE('',*,*,#577,.F.);
#577 = EDGE_CURVE('',#578,#493,#580,.T.);
#578 = VERTEX_POINT('',#579);
#579 = CARTESIAN_POINT('',(-48.09514514758,13.669565217391,67.));
#580 = SURFACE_CURVE('',#581,(#586,#597),.PCURVE_S1.);
#581 = CIRCLE('',#582,50.);
#582 = AXIS2_PLACEMENT_3D('',#583,#584,#585);
#583 = CARTESIAN_POINT('',(0.,0.,67.));
#584 = DIRECTION('',(0.,0.,-1.));
#585 = DIRECTION('',(0.2024,0.979302935766,0.));
#586 = PCURVE('',#399,#587);
#587 = DEFINITIONAL_REPRESENTATION('',(#588),#596);
#588 = ( BOUNDED_CURVE() B_SPLINE_CURVE(2,(#589,#590,#591,#592,#593,#594
,#595),.UNSPECIFIED.,.T.,.F.) B_SPLINE_CURVE_WITH_KNOTS((1,2,2,2,2,1),(
    -2.094395102393,0.,2.094395102393,4.188790204786,6.28318530718,
8.377580409573),.UNSPECIFIED.) CURVE() GEOMETRIC_REPRESENTATION_ITEM() 
RATIONAL_B_SPLINE_CURVE((1.,0.5,1.,0.5,1.,0.5,1.)) REPRESENTATION_ITEM(
  '') );
#589 = CARTESIAN_POINT('',(10.12,48.965146788302));
#590 = CARTESIAN_POINT('',(94.930122037408,31.436792615705));
#591 = CARTESIAN_POINT('',(37.345061018704,-33.24675048045));
#592 = CARTESIAN_POINT('',(-20.24,-97.9302935766));
#593 = CARTESIAN_POINT('',(-47.4650610187,-15.71839630785));
#594 = CARTESIAN_POINT('',(-74.6901220374,66.493500960899));
#595 = CARTESIAN_POINT('',(10.12,48.965146788302));
#596 = ( GEOMETRIC_REPRESENTATION_CONTEXT(2) 
PARAMETRIC_REPRESENTATION_CONTEXT() REPRESENTATION_CONTEXT('2D SPACE',''
  ) );
#597 = PCURVE('',#532,#598);
#598 = DEFINITIONAL_REPRESENTATION('',(#599),#603);
#599 = LINE('',#600,#601);
#600 = CARTESIAN_POINT('',(-7.65017360831,0.));
#601 = VECTOR('',#602,1.);
#602 = DIRECTION('',(1.,-0.));
#603 = ( GEOMETRIC_REPRESENTATION_CONTEXT(2) 
PARAMETRIC_REPRESENTATION_CONTEXT() REPRESENTATION_CONTEXT('2D SPACE',''
  ) );
#604 = ORIENTED_EDGE('',*,*,#605,.T.);
#605 = EDGE_CURVE('',#578,#606,#608,.T.);
#606 = VERTEX_POINT('',#607);
#607 = CARTESIAN_POINT('',(-40.03478260869,13.669565217391,67.));
#608 = SURFACE_CURVE('',#609,(#612,#618),.PCURVE_S1.);
#609 = B_SPLINE_CURVE_WITH_KNOTS('',1,(#610,#611),.UNSPECIFIED.,.F.,.F.,
  (2,2),(0.,1.),.PIECEWISE_BEZIER_KNOTS.);
#610 = CARTESIAN_POINT('',(-50.,13.669565217391,67.));
#611 = CARTESIAN_POINT('',(-40.03478260869,13.669565217391,67.));
#612 = PCURVE('',#399,#613);
#613 = DEFINITIONAL_REPRESENTATION('',(#614),#617);
#614 = B_SPLINE_CURVE_WITH_KNOTS('',1,(#615,#616),.UNSPECIFIED.,.F.,.F.,
  (2,2),(0.,1.),.PIECEWISE_BEZIER_KNOTS.);
#615 = CARTESIAN_POINT('',(-50.,13.669565217391));
#616 = CARTESIAN_POINT('',(-40.03478260869,13.669565217391));
#617 = ( GEOMETRIC_REPRESENTATION_CONTEXT(2) 
PARAMETRIC_REPRESENTATION_CONTEXT() REPRESENTATION_CONTEXT('2D SPACE',''
  ) );
#618 = PCURVE('',#619,#624);
#619 = B_SPLINE_SURFACE_WITH_KNOTS('',1,1,(
    (#620,#621)
    ,(#622,#623
  )),.UNSPECIFIED.,.F.,.F.,.F.,(2,2),(2,2),(0.,18.),(0.,1.),
  .PIECEWISE_BEZIER_KNOTS.);
#620 = CARTESIAN_POINT('',(-32.,13.,45.));
#621 = CARTESIAN_POINT('',(-40.4,13.7,68.));
#622 = CARTESIAN_POINT('',(-50.,13.,45.));
#623 = CARTESIAN_POINT('',(-58.,13.7,68.));
#624 = DEFINITIONAL_REPRESENTATION('',(#625),#628);
#625 = B_SPLINE_CURVE_WITH_KNOTS('',1,(#626,#627),.UNSPECIFIED.,.F.,.F.,
  (2,2),(0.,1.),.PIECEWISE_BEZIER_KNOTS.);
#626 = CARTESIAN_POINT('',(10.18163869694,0.95652173913));
#627 = CARTESIAN_POINT('',(0.,0.95652173913));
#628 = ( GEOMETRIC_REPRESENTATION_CONTEXT(2) 
PARAMETRIC_REPRESENTATION_CONTEXT() REPRESENTATION_CONTEXT('2D SPACE',''
  ) );
#629 = ORIENTED_EDGE('',*,*,#630,.T.);
#630 = EDGE_CURVE('',#606,#198,#631,.T.);
#631 = SURFACE_CURVE('',#632,(#635,#641),.PCURVE_S1.);
#632 = B_SPLINE_CURVE_WITH_KNOTS('',1,(#633,#634),.UNSPECIFIED.,.F.,.F.,
  (2,2),(0.,1.),.PIECEWISE_BEZIER_KNOTS.);
#633 = CARTESIAN_POINT('',(-40.03478260869,13.669565217391,67.));
#634 = CARTESIAN_POINT('',(-40.03478260869,-13.66956521739,67.));
#635 = PCURVE('',#399,#636);
#636 = DEFINITIONAL_REPRESENTATION('',(#637),#640);
#637 = B_SPLINE_CURVE_WITH_KNOTS('',1,(#638,#639),.UNSPECIFIED.,.F.,.F.,
  (2,2),(0.,1.),.PIECEWISE_BEZIER_KNOTS.);
#638 = CARTESIAN_POINT('',(-40.03478260869,13.669565217391));
#639 = CARTESIAN_POINT('',(-40.03478260869,-13.66956521739));
#640 = ( GEOMETRIC_REPRESENTATION_CONTEXT(2) 
PARAMETRIC_REPRESENTATION_CONTEXT() REPRESENTATION_CONTEXT('2D SPACE',''
  ) );
#641 = PCURVE('',#319,#642);
#642 = DEFINITIONAL_REPRESENTATION('',(#643),#646);
#643 = B_SPLINE_CURVE_WITH_KNOTS('',1,(#644,#645),.UNSPECIFIED.,.F.,.F.,
  (2,2),(0.,1.),.PIECEWISE_BEZIER_KNOTS.);
#644 = CARTESIAN_POINT('',(27.4,0.95652173913));
#645 = CARTESIAN_POINT('',(0.,0.95652173913));
#646 = ( GEOMETRIC_REPRESENTATION_CONTEXT(2) 
PARAMETRIC_REPRESENTATION_CONTEXT() REPRESENTATION_CONTEXT('2D SPACE',''
  ) );
#647 = ADVANCED_FACE('',(#648),#319,.T.);
#648 = FACE_BOUND('',#649,.T.);
#649 = EDGE_LOOP('',(#650,#651,#678,#698));
#650 = ORIENTED_EDGE('',*,*,#197,.T.);
#651 = ORIENTED_EDGE('',*,*,#652,.T.);
#652 = EDGE_CURVE('',#169,#653,#655,.T.);
#653 = VERTEX_POINT('',#654);
#654 = CARTESIAN_POINT('',(-32.,13.,45.));
#655 = SURFACE_CURVE('',#656,(#660,#666),.PCURVE_S1.);
#656 = LINE('',#657,#658);
#657 = CARTESIAN_POINT('',(-32.,-13.,45.));
#658 = VECTOR('',#659,1.);
#659 = DIRECTION('',(1.224646799147E-16,1.,0.));
#660 = PCURVE('',#319,#661);
#661 = DEFINITIONAL_REPRESENTATION('',(#662),#665);
#662 = B_SPLINE_CURVE_WITH_KNOTS('',1,(#663,#664),.UNSPECIFIED.,.F.,.F.,
  (2,2),(0.,26.),.PIECEWISE_BEZIER_KNOTS.);
#663 = CARTESIAN_POINT('',(0.,0.));
#664 = CARTESIAN_POINT('',(27.4,0.));
#665 = ( GEOMETRIC_REPRESENTATION_CONTEXT(2) 
PARAMETRIC_REPRESENTATION_CONTEXT() REPRESENTATION_CONTEXT('2D SPACE',''
  ) );
#666 = PCURVE('',#667,#672);
#667 = PLANE('',#668);
#668 = AXIS2_PLACEMENT_3D('',#669,#670,#671);
#669 = CARTESIAN_POINT('',(-32.,13.,45.));
#670 = DIRECTION('',(-0.,0.,-1.));
#671 = DIRECTION('',(-0.56920997883,-0.822192191644,0.));
#672 = DEFINITIONAL_REPRESENTATION('',(#673),#677);
#673 = LINE('',#674,#675);
#674 = CARTESIAN_POINT('',(21.376996982738,-14.79945944958));
#675 = VECTOR('',#676,1.);
#676 = DIRECTION('',(-0.822192191644,0.56920997883));
#677 = ( GEOMETRIC_REPRESENTATION_CONTEXT(2) 
PARAMETRIC_REPRESENTATION_CONTEXT() REPRESENTATION_CONTEXT('2D SPACE',''
  ) );
#678 = ORIENTED_EDGE('',*,*,#679,.T.);
#679 = EDGE_CURVE('',#653,#606,#680,.T.);
#680 = SURFACE_CURVE('',#681,(#684,#691),.PCURVE_S1.);
#681 = B_SPLINE_CURVE_WITH_KNOTS('',1,(#682,#683),.UNSPECIFIED.,.F.,.F.,
  (2,2),(0.,1.),.PIECEWISE_BEZIER_KNOTS.);
#682 = CARTESIAN_POINT('',(-32.,13.,45.));
#683 = CARTESIAN_POINT('',(-40.4,13.7,68.));
#684 = PCURVE('',#319,#685);
#685 = DEFINITIONAL_REPRESENTATION('',(#686),#690);
#686 = LINE('',#687,#688);
#687 = CARTESIAN_POINT('',(27.4,0.));
#688 = VECTOR('',#689,1.);
#689 = DIRECTION('',(0.,1.));
#690 = ( GEOMETRIC_REPRESENTATION_CONTEXT(2) 
PARAMETRIC_REPRESENTATION_CONTEXT() REPRESENTATION_CONTEXT('2D SPACE',''
  ) );
#691 = PCURVE('',#619,#692);
#692 = DEFINITIONAL_REPRESENTATION('',(#693),#697);
#693 = LINE('',#694,#695);
#694 = CARTESIAN_POINT('',(0.,0.));
#695 = VECTOR('',#696,1.);
#696 = DIRECTION('',(0.,1.));
#697 = ( GEOMETRIC_REPRESENTATION_CONTEXT(2) 
PARAMETRIC_REPRESENTATION_CONTEXT() REPRESENTATION_CONTEXT('2D SPACE',''
  ) );
#698 = ORIENTED_EDGE('',*,*,#630,.T.);
#699 = ADVANCED_FACE('',(#700,#763),#185,.F.);
#700 = FACE_BOUND('',#701,.F.);
#701 = EDGE_LOOP('',(#702,#735,#736));
#702 = ORIENTED_EDGE('',*,*,#703,.F.);
#703 = EDGE_CURVE('',#81,#704,#706,.T.);
#704 = VERTEX_POINT('',#705);
#705 = CARTESIAN_POINT('',(-4.687325932657E-08,-32.,45.));
#706 = SURFACE_CURVE('',#707,(#712,#723),.PCURVE_S1.);
#707 = CIRCLE('',#708,32.);
#708 = AXIS2_PLACEMENT_3D('',#709,#710,#711);
#709 = CARTESIAN_POINT('',(0.,0.,45.));
#710 = DIRECTION('',(0.,0.,-1.));
#711 = DIRECTION('',(1.293695883125E-14,1.,0.));
#712 = PCURVE('',#185,#713);
#713 = DEFINITIONAL_REPRESENTATION('',(#714),#722);
#714 = ( BOUNDED_CURVE() B_SPLINE_CURVE(2,(#715,#716,#717,#718,#719,#720
,#721),.UNSPECIFIED.,.T.,.F.) B_SPLINE_CURVE_WITH_KNOTS((1,2,2,2,2,1),(
    -2.094395102393,0.,2.094395102393,4.188790204786,6.28318530718,
8.377580409573),.UNSPECIFIED.) CURVE() GEOMETRIC_REPRESENTATION_ITEM() 
RATIONAL_B_SPLINE_CURVE((1.,0.5,1.,0.5,1.,0.5,1.)) REPRESENTATION_ITEM(
  '') );
#715 = CARTESIAN_POINT('',(4.139826825999E-13,32.));
#716 = CARTESIAN_POINT('',(55.425625842204,31.999999999999));
#717 = CARTESIAN_POINT('',(27.712812921102,-16.));
#718 = CARTESIAN_POINT('',(-8.201276256852E-13,-64.));
#719 = CARTESIAN_POINT('',(-27.7128129211,-16.));
#720 = CARTESIAN_POINT('',(-55.4256258422,32.000000000001));
#721 = CARTESIAN_POINT('',(4.139826825999E-13,32.));
#722 = ( GEOMETRIC_REPRESENTATION_CONTEXT(2) 
PARAMETRIC_REPRESENTATION_CONTEXT() REPRESENTATION_CONTEXT('2D SPACE',''
  ) );
#723 = PCURVE('',#724,#729);
#724 = CONICAL_SURFACE('',#725,32.,0.351444794004);
#725 = AXIS2_PLACEMENT_3D('',#726,#727,#728);
#726 = CARTESIAN_POINT('',(0.,0.,45.));
#727 = DIRECTION('',(0.,0.,1.));
#728 = DIRECTION('',(1.,0.,0.));
#729 = DEFINITIONAL_REPRESENTATION('',(#730),#734);
#730 = LINE('',#731,#732);
#731 = CARTESIAN_POINT('',(7.853981633974,0.));
#732 = VECTOR('',#733,1.);
#733 = DIRECTION('',(-1.,-0.));
#734 = ( GEOMETRIC_REPRESENTATION_CONTEXT(2) 
PARAMETRIC_REPRESENTATION_CONTEXT() REPRESENTATION_CONTEXT('2D SPACE',''
  ) );
#735 = ORIENTED_EDGE('',*,*,#168,.T.);
#736 = ORIENTED_EDGE('',*,*,#737,.T.);
#737 = EDGE_CURVE('',#169,#704,#738,.T.);
#738 = SURFACE_CURVE('',#739,(#744,#751),.PCURVE_S1.);
#739 = CIRCLE('',#740,32.);
#740 = AXIS2_PLACEMENT_3D('',#741,#742,#743);
#741 = CARTESIAN_POINT('',(0.,0.,45.));
#742 = DIRECTION('',(0.,0.,1.));
#743 = DIRECTION('',(1.,0.,0.));
#744 = PCURVE('',#185,#745);
#745 = DEFINITIONAL_REPRESENTATION('',(#746),#750);
#746 = CIRCLE('',#747,32.);
#747 = AXIS2_PLACEMENT_2D('',#748,#749);
#748 = CARTESIAN_POINT('',(0.,0.));
#749 = DIRECTION('',(1.,0.));
#750 = ( GEOMETRIC_REPRESENTATION_CONTEXT(2) 
PARAMETRIC_REPRESENTATION_CONTEXT() REPRESENTATION_CONTEXT('2D SPACE',''
  ) );
#751 = PCURVE('',#752,#757);
#752 = CONICAL_SURFACE('',#753,32.,0.351444794004);
#753 = AXIS2_PLACEMENT_3D('',#754,#755,#756);
#754 = CARTESIAN_POINT('',(0.,0.,45.));
#755 = DIRECTION('',(0.,0.,1.));
#756 = DIRECTION('',(1.,0.,0.));
#757 = DEFINITIONAL_REPRESENTATION('',(#758),#762);
#758 = LINE('',#759,#760);
#759 = CARTESIAN_POINT('',(0.,0.));
#760 = VECTOR('',#761,1.);
#761 = DIRECTION('',(1.,0.));
#762 = ( GEOMETRIC_REPRESENTATION_CONTEXT(2) 
PARAMETRIC_REPRESENTATION_CONTEXT() REPRESENTATION_CONTEXT('2D SPACE',''
  ) );
#763 = FACE_BOUND('',#764,.F.);
#764 = EDGE_LOOP('',(#765));
#765 = ORIENTED_EDGE('',*,*,#766,.F.);
#766 = EDGE_CURVE('',#767,#767,#769,.T.);
#767 = VERTEX_POINT('',#768);
#768 = CARTESIAN_POINT('',(24.,0.,45.));
#769 = SURFACE_CURVE('',#770,(#775,#782),.PCURVE_S1.);
#770 = CIRCLE('',#771,24.);
#771 = AXIS2_PLACEMENT_3D('',#772,#773,#774);
#772 = CARTESIAN_POINT('',(0.,0.,45.));
#773 = DIRECTION('',(0.,0.,1.));
#774 = DIRECTION('',(1.,0.,-0.));
#775 = PCURVE('',#185,#776);
#776 = DEFINITIONAL_REPRESENTATION('',(#777),#781);
#777 = CIRCLE('',#778,24.);
#778 = AXIS2_PLACEMENT_2D('',#779,#780);
#779 = CARTESIAN_POINT('',(0.,0.));
#780 = DIRECTION('',(1.,0.));
#781 = ( GEOMETRIC_REPRESENTATION_CONTEXT(2) 
PARAMETRIC_REPRESENTATION_CONTEXT() REPRESENTATION_CONTEXT('2D SPACE',''
  ) );
#782 = PCURVE('',#783,#788);
#783 = CONICAL_SURFACE('',#784,23.266666666667,0.351444794004);
#784 = AXIS2_PLACEMENT_3D('',#785,#786,#787);
#785 = CARTESIAN_POINT('',(0.,0.,43.));
#786 = DIRECTION('',(0.,0.,1.));
#787 = DIRECTION('',(1.,0.,0.));
#788 = DEFINITIONAL_REPRESENTATION('',(#789),#793);
#789 = LINE('',#790,#791);
#790 = CARTESIAN_POINT('',(0.,2.));
#791 = VECTOR('',#792,1.);
#792 = DIRECTION('',(1.,0.));
#793 = ( GEOMETRIC_REPRESENTATION_CONTEXT(2) 
PARAMETRIC_REPRESENTATION_CONTEXT() REPRESENTATION_CONTEXT('2D SPACE',''
  ) );
#794 = ADVANCED_FACE('',(#795),#136,.T.);
#795 = FACE_BOUND('',#796,.T.);
#796 = EDGE_LOOP('',(#797,#798,#819));
#797 = ORIENTED_EDGE('',*,*,#471,.F.);
#798 = ORIENTED_EDGE('',*,*,#799,.T.);
#799 = EDGE_CURVE('',#444,#81,#800,.T.);
#800 = SURFACE_CURVE('',#801,(#805,#812),.PCURVE_S1.);
#801 = LINE('',#802,#803);
#802 = CARTESIAN_POINT('',(-11.,32.,45.));
#803 = VECTOR('',#804,1.);
#804 = DIRECTION('',(1.,-1.110223024625E-16,0.));
#805 = PCURVE('',#136,#806);
#806 = DEFINITIONAL_REPRESENTATION('',(#807),#811);
#807 = LINE('',#808,#809);
#808 = CARTESIAN_POINT('',(0.,0.));
#809 = VECTOR('',#810,1.);
#810 = DIRECTION('',(1.,0.));
#811 = ( GEOMETRIC_REPRESENTATION_CONTEXT(2) 
PARAMETRIC_REPRESENTATION_CONTEXT() REPRESENTATION_CONTEXT('2D SPACE',''
  ) );
#812 = PCURVE('',#459,#813);
#813 = DEFINITIONAL_REPRESENTATION('',(#814),#818);
#814 = LINE('',#815,#816);
#815 = CARTESIAN_POINT('',(18.940383620715,-11.19204486678));
#816 = VECTOR('',#817,1.);
#817 = DIRECTION('',(-0.860926528214,0.508729312127));
#818 = ( GEOMETRIC_REPRESENTATION_CONTEXT(2) 
PARAMETRIC_REPRESENTATION_CONTEXT() REPRESENTATION_CONTEXT('2D SPACE',''
  ) );
#819 = ORIENTED_EDGE('',*,*,#80,.F.);
#820 = ADVANCED_FACE('',(#821),#431,.T.);
#821 = FACE_BOUND('',#822,.T.);
#822 = EDGE_LOOP('',(#823,#852,#873,#874,#901,#962,#1017,#1042,#1085,
    #1194,#1219,#1328,#1371,#1396,#1451,#1521));
#823 = ORIENTED_EDGE('',*,*,#824,.F.);
#824 = EDGE_CURVE('',#825,#827,#829,.T.);
#825 = VERTEX_POINT('',#826);
#826 = CARTESIAN_POINT('',(11.,45.,45.));
#827 = VERTEX_POINT('',#828);
#828 = CARTESIAN_POINT('',(10.,50.,70.));
#829 = SURFACE_CURVE('',#830,(#833,#840),.PCURVE_S1.);
#830 = B_SPLINE_CURVE_WITH_KNOTS('',1,(#831,#832),.UNSPECIFIED.,.F.,.F.,
  (2,2),(0.,1.),.PIECEWISE_BEZIER_KNOTS.);
#831 = CARTESIAN_POINT('',(11.,45.,45.));
#832 = CARTESIAN_POINT('',(10.,50.,70.));
#833 = PCURVE('',#431,#834);
#834 = DEFINITIONAL_REPRESENTATION('',(#835),#839);
#835 = LINE('',#836,#837);
#836 = CARTESIAN_POINT('',(0.,0.));
#837 = VECTOR('',#838,1.);
#838 = DIRECTION('',(0.,1.));
#839 = ( GEOMETRIC_REPRESENTATION_CONTEXT(2) 
PARAMETRIC_REPRESENTATION_CONTEXT() REPRESENTATION_CONTEXT('2D SPACE',''
  ) );
#840 = PCURVE('',#841,#846);
#841 = B_SPLINE_SURFACE_WITH_KNOTS('',1,1,(
    (#842,#843)
    ,(#844,#845
  )),.UNSPECIFIED.,.F.,.F.,.F.,(2,2),(2,2),(0.,13.),(0.,1.),
  .PIECEWISE_BEZIER_KNOTS.);
#842 = CARTESIAN_POINT('',(11.,32.,45.));
#843 = CARTESIAN_POINT('',(10.,37.,70.));
#844 = CARTESIAN_POINT('',(11.,45.,45.));
#845 = CARTESIAN_POINT('',(10.,50.,70.));
#846 = DEFINITIONAL_REPRESENTATION('',(#847),#851);
#847 = LINE('',#848,#849);
#848 = CARTESIAN_POINT('',(13.,0.));
#849 = VECTOR('',#850,1.);
#850 = DIRECTION('',(0.,1.));
#851 = ( GEOMETRIC_REPRESENTATION_CONTEXT(2) 
PARAMETRIC_REPRESENTATION_CONTEXT() REPRESENTATION_CONTEXT('2D SPACE',''
  ) );
#852 = ORIENTED_EDGE('',*,*,#853,.T.);
#853 = EDGE_CURVE('',#825,#415,#854,.T.);
#854 = SURFACE_CURVE('',#855,(#859,#866),.PCURVE_S1.);
#855 = LINE('',#856,#857);
#856 = CARTESIAN_POINT('',(11.,45.,45.));
#857 = VECTOR('',#858,1.);
#858 = DIRECTION('',(-1.,1.110223024625E-16,0.));
#859 = PCURVE('',#431,#860);
#860 = DEFINITIONAL_REPRESENTATION('',(#861),#865);
#861 = LINE('',#862,#863);
#862 = CARTESIAN_POINT('',(0.,0.));
#863 = VECTOR('',#864,1.);
#864 = DIRECTION('',(1.,0.));
#865 = ( GEOMETRIC_REPRESENTATION_CONTEXT(2) 
PARAMETRIC_REPRESENTATION_CONTEXT() REPRESENTATION_CONTEXT('2D SPACE',''
  ) );
#866 = PCURVE('',#459,#867);
#867 = DEFINITIONAL_REPRESENTATION('',(#868),#872);
#868 = LINE('',#869,#870);
#869 = CARTESIAN_POINT('',(6.613481057646,11.192044866786));
#870 = VECTOR('',#871,1.);
#871 = DIRECTION('',(0.860926528214,-0.508729312127));
#872 = ( GEOMETRIC_REPRESENTATION_CONTEXT(2) 
PARAMETRIC_REPRESENTATION_CONTEXT() REPRESENTATION_CONTEXT('2D SPACE',''
  ) );
#873 = ORIENTED_EDGE('',*,*,#414,.T.);
#874 = ORIENTED_EDGE('',*,*,#875,.F.);
#875 = EDGE_CURVE('',#876,#417,#878,.T.);
#876 = VERTEX_POINT('',#877);
#877 = CARTESIAN_POINT('',(-2.119827998369,50.,70.));
#878 = SURFACE_CURVE('',#879,(#883,#889),.PCURVE_S1.);
#879 = LINE('',#880,#881);
#880 = CARTESIAN_POINT('',(10.,50.,70.));
#881 = VECTOR('',#882,1.);
#882 = DIRECTION('',(-1.,1.110223024625E-16,0.));
#883 = PCURVE('',#431,#884);
#884 = DEFINITIONAL_REPRESENTATION('',(#885),#888);
#885 = B_SPLINE_CURVE_WITH_KNOTS('',1,(#886,#887),.UNSPECIFIED.,.F.,.F.,
  (2,2),(0.,20.),.PIECEWISE_BEZIER_KNOTS.);
#886 = CARTESIAN_POINT('',(0.,1.));
#887 = CARTESIAN_POINT('',(22.,1.));
#888 = ( GEOMETRIC_REPRESENTATION_CONTEXT(2) 
PARAMETRIC_REPRESENTATION_CONTEXT() REPRESENTATION_CONTEXT('2D SPACE',''
  ) );
#889 = PCURVE('',#890,#895);
#890 = PLANE('',#891);
#891 = AXIS2_PLACEMENT_3D('',#892,#893,#894);
#892 = CARTESIAN_POINT('',(10.,59.,110.));
#893 = DIRECTION('',(1.083144414268E-16,0.975609756098,-0.219512195122)
  );
#894 = DIRECTION('',(-1.,1.110223024625E-16,0.));
#895 = DEFINITIONAL_REPRESENTATION('',(#896),#900);
#896 = LINE('',#897,#898);
#897 = CARTESIAN_POINT('',(-9.992007221626E-16,-41.));
#898 = VECTOR('',#899,1.);
#899 = DIRECTION('',(1.,0.));
#900 = ( GEOMETRIC_REPRESENTATION_CONTEXT(2) 
PARAMETRIC_REPRESENTATION_CONTEXT() REPRESENTATION_CONTEXT('2D SPACE',''
  ) );
#901 = ORIENTED_EDGE('',*,*,#902,.T.);
#902 = EDGE_CURVE('',#876,#903,#905,.T.);
#903 = VERTEX_POINT('',#904);
#904 = CARTESIAN_POINT('',(-2.42632581392,49.941094732778,
    69.705473663891));
#905 = SURFACE_CURVE('',#906,(#921,#939),.PCURVE_S1.);
#906 = B_SPLINE_CURVE_WITH_KNOTS('',7,(#907,#908,#909,#910,#911,#912,
    #913,#914,#915,#916,#917,#918,#919,#920),.UNSPECIFIED.,.F.,.F.,(8,6,
    8),(0.,0.482432062504,1.),.UNSPECIFIED.);
#907 = CARTESIAN_POINT('',(-2.119827998369,50.,70.));
#908 = CARTESIAN_POINT('',(-2.218250311491,49.984206293816,
    69.921031469082));
#909 = CARTESIAN_POINT('',(-2.313602146834,49.966913228656,
    69.834566143278));
#910 = CARTESIAN_POINT('',(-2.405381252891,49.948062077878,
    69.74031038939));
#911 = CARTESIAN_POINT('',(-2.492872189167,49.927602892504,
    69.638014462518));
#912 = CARTESIAN_POINT('',(-2.575167803741,49.905504644634,
    69.527523223168));
#913 = CARTESIAN_POINT('',(-2.65119975662,49.881767100978,69.40883550489
    ));
#914 = CARTESIAN_POINT('',(-2.793351030562,49.829256755046,
    69.14628377523));
#915 = CARTESIAN_POINT('',(-2.858466753124,49.800198233728,
    69.00099116864));
#916 = CARTESIAN_POINT('',(-2.913331637451,49.769404731314,
    68.847023656569));
#917 = CARTESIAN_POINT('',(-2.956162541284,49.737122624143,
    68.685613120715));
#918 = CARTESIAN_POINT('',(-2.985417993024,49.703717225404,
    68.518586127019));
#919 = CARTESIAN_POINT('',(-3.,49.669690461093,68.348452305464));
#920 = CARTESIAN_POINT('',(-3.,49.635723960575,68.178619802876));
#921 = PCURVE('',#431,#922);
#922 = DEFINITIONAL_REPRESENTATION('',(#923),#938);
#923 = B_SPLINE_CURVE_WITH_KNOTS('',7,(#924,#925,#926,#927,#928,#929,
    #930,#931,#932,#933,#934,#935,#936,#937),.UNSPECIFIED.,.F.,.F.,(8,6,
    8),(0.,0.482432062504,1.),.UNSPECIFIED.);
#924 = CARTESIAN_POINT('',(13.331810798206,1.));
#925 = CARTESIAN_POINT('',(13.439338783947,0.996841258763));
#926 = CARTESIAN_POINT('',(13.54334006043,0.993382645731));
#927 = CARTESIAN_POINT('',(13.643250585191,0.989612415576));
#928 = CARTESIAN_POINT('',(13.738273794308,0.985520578501));
#929 = CARTESIAN_POINT('',(13.82740679978,0.981100928927));
#930 = CARTESIAN_POINT('',(13.909477160878,0.976353420196));
#931 = CARTESIAN_POINT('',(14.062271873984,0.965851351009));
#932 = CARTESIAN_POINT('',(14.13186530593,0.960039646746));
#933 = CARTESIAN_POINT('',(14.190020995824,0.953880946263));
#934 = CARTESIAN_POINT('',(14.234820455049,0.947424524829));
#935 = CARTESIAN_POINT('',(14.26463383517,0.940743445081));
#936 = CARTESIAN_POINT('',(14.27834115195,0.933938092219));
#937 = CARTESIAN_POINT('',(14.276131674579,0.927144792115));
#938 = ( GEOMETRIC_REPRESENTATION_CONTEXT(2) 
PARAMETRIC_REPRESENTATION_CONTEXT() REPRESENTATION_CONTEXT('2D SPACE',''
  ) );
#939 = PCURVE('',#940,#945);
#940 = CYLINDRICAL_SURFACE('',#941,2.4);
#941 = AXIS2_PLACEMENT_3D('',#942,#943,#944);
#942 = CARTESIAN_POINT('',(-0.6,53.558046663339,67.394155262324));
#943 = DIRECTION('',(-1.088663243655E-16,-0.980580675691,0.196116135138)
  );
#944 = DIRECTION('',(2.177326487309E-17,0.196116135138,0.980580675691));
#945 = DEFINITIONAL_REPRESENTATION('',(#946),#961);
#946 = B_SPLINE_CURVE_WITH_KNOTS('',7,(#947,#948,#949,#950,#951,#952,
    #953,#954,#955,#956,#957,#958,#959,#960),.UNSPECIFIED.,.F.,.F.,(8,6,
    8),(0.,0.482432062504,1.),.UNSPECIFIED.);
#947 = CARTESIAN_POINT('',(0.685760360194,4.));
#948 = CARTESIAN_POINT('',(0.73874820889,4.));
#949 = CARTESIAN_POINT('',(0.792763148471,4.));
#950 = CARTESIAN_POINT('',(0.847965379094,4.));
#951 = CARTESIAN_POINT('',(0.904476507615,4.));
#952 = CARTESIAN_POINT('',(0.962393257307,4.));
#953 = CARTESIAN_POINT('',(1.021792727158,4.));
#954 = CARTESIAN_POINT('',(1.148103721679,4.));
#955 = CARTESIAN_POINT('',(1.215355455152,4.));
#956 = CARTESIAN_POINT('',(1.284315519233,4.));
#957 = CARTESIAN_POINT('',(1.35475123527,4.));
#958 = CARTESIAN_POINT('',(1.426338529943,4.));
#959 = CARTESIAN_POINT('',(1.498631389733,4.));
#960 = CARTESIAN_POINT('',(1.570796326795,4.));
#961 = ( GEOMETRIC_REPRESENTATION_CONTEXT(2) 
PARAMETRIC_REPRESENTATION_CONTEXT() REPRESENTATION_CONTEXT('2D SPACE',''
  ) );
#962 = ORIENTED_EDGE('',*,*,#963,.F.);
#963 = EDGE_CURVE('',#964,#903,#966,.T.);
#964 = VERTEX_POINT('',#965);
#965 = CARTESIAN_POINT('',(-7.722693830523,49.4,67.));
#966 = SURFACE_CURVE('',#967,(#980,#996),.PCURVE_S1.);
#967 = B_SPLINE_CURVE_WITH_KNOTS('',6,(#968,#969,#970,#971,#972,#973,
    #974,#975,#976,#977,#978,#979),.UNSPECIFIED.,.F.,.F.,(7,5,7),(0.,
    0.411597259094,1.),.UNSPECIFIED.);
#968 = CARTESIAN_POINT('',(-7.722694598131,49.39999988,66.9999994));
#969 = CARTESIAN_POINT('',(-7.259259138936,49.472448676073,
    67.362243380364));
#970 = CARTESIAN_POINT('',(-6.784015221148,49.541398892977,
    67.706994464884));
#971 = CARTESIAN_POINT('',(-6.296578411299,49.60643486002,
    68.032174300101));
#972 = CARTESIAN_POINT('',(-5.796825021697,49.667054715099,
    68.335273575493));
#973 = CARTESIAN_POINT('',(-5.284934591933,49.722690192712,
    68.613450963561));
#974 = CARTESIAN_POINT('',(-4.013305616277,49.844341201297,
    69.221706006483));
#975 = CARTESIAN_POINT('',(-3.240933556776,49.904609504555,
    69.523047522776));
#976 = CARTESIAN_POINT('',(-2.447521808353,49.951708266172,
    69.758541330858));
#977 = CARTESIAN_POINT('',(-1.637855187143,49.983912126475,
    69.919560632375));
#978 = CARTESIAN_POINT('',(-0.818733345142,50.,70.));
#979 = CARTESIAN_POINT('',(5.329070518201E-15,50.,70.));
#980 = PCURVE('',#431,#981);
#981 = DEFINITIONAL_REPRESENTATION('',(#982),#995);
#982 = B_SPLINE_CURVE_WITH_KNOTS('',6,(#983,#984,#985,#986,#987,#988,
    #989,#990,#991,#992,#993,#994),.UNSPECIFIED.,.F.,.F.,(7,5,7),(0.,
    0.411597259094,1.),.UNSPECIFIED.);
#983 = CARTESIAN_POINT('',(19.394233238931,0.879999976));
#984 = CARTESIAN_POINT('',(18.90251786137,0.894489735215));
#985 = CARTESIAN_POINT('',(18.395697094736,0.908279778595));
#986 = CARTESIAN_POINT('',(17.873339989396,0.921286972004));
#987 = CARTESIAN_POINT('',(17.335326873671,0.93341094302));
#988 = CARTESIAN_POINT('',(16.781929083656,0.944538038542));
#989 = CARTESIAN_POINT('',(15.40209399543,0.968868240259));
#990 = CARTESIAN_POINT('',(14.559807503663,0.980921900911));
#991 = CARTESIAN_POINT('',(13.690968645879,0.990341653234));
#992 = CARTESIAN_POINT('',(12.801641075756,0.996782425295));
#993 = CARTESIAN_POINT('',(11.900606679656,1.));
#994 = CARTESIAN_POINT('',(11.,1.));
#995 = ( GEOMETRIC_REPRESENTATION_CONTEXT(2) 
PARAMETRIC_REPRESENTATION_CONTEXT() REPRESENTATION_CONTEXT('2D SPACE',''
  ) );
#996 = PCURVE('',#997,#1002);
#997 = CYLINDRICAL_SURFACE('',#998,50.);
#998 = AXIS2_PLACEMENT_3D('',#999,#1000,#1001);
#999 = CARTESIAN_POINT('',(0.,0.,67.));
#1000 = DIRECTION('',(-0.,-0.,-1.));
#1001 = DIRECTION('',(1.,0.,0.));
#1002 = DEFINITIONAL_REPRESENTATION('',(#1003),#1016);
#1003 = B_SPLINE_CURVE_WITH_KNOTS('',6,(#1004,#1005,#1006,#1007,#1008,
    #1009,#1010,#1011,#1012,#1013,#1014,#1015),.UNSPECIFIED.,.F.,.F.,(7,
    5,7),(0.,0.411597259094,1.),.UNSPECIFIED.);
#1004 = CARTESIAN_POINT('',(-1.725871015298,5.999999999062E-07));
#1005 = CARTESIAN_POINT('',(-1.716489730676,-0.362243380364));
#1006 = CARTESIAN_POINT('',(-1.706885918558,-0.706994464884));
#1007 = CARTESIAN_POINT('',(-1.697051778679,-1.032174300101));
#1008 = CARTESIAN_POINT('',(-1.686984584462,-1.335273575493));
#1009 = CARTESIAN_POINT('',(-1.676687340474,-1.613450963561));
#1010 = CARTESIAN_POINT('',(-1.651138647986,-2.221706006483));
#1011 = CARTESIAN_POINT('',(-1.63564662693,-2.523047522776));
#1012 = CARTESIAN_POINT('',(-1.619754675095,-2.758541330858));
#1013 = CARTESIAN_POINT('',(-1.603553428123,-2.919560632375));
#1014 = CARTESIAN_POINT('',(-1.587170993698,-3.));
#1015 = CARTESIAN_POINT('',(-1.570796326795,-3.));
#1016 = ( GEOMETRIC_REPRESENTATION_CONTEXT(2) 
PARAMETRIC_REPRESENTATION_CONTEXT() REPRESENTATION_CONTEXT('2D SPACE',''
  ) );
#1017 = ORIENTED_EDGE('',*,*,#1018,.T.);
#1018 = EDGE_CURVE('',#964,#1019,#1021,.T.);
#1019 = VERTEX_POINT('',#1020);
#1020 = CARTESIAN_POINT('',(-3.,49.4,67.));
#1021 = SURFACE_CURVE('',#1022,(#1025,#1031),.PCURVE_S1.);
#1022 = B_SPLINE_CURVE_WITH_KNOTS('',1,(#1023,#1024),.UNSPECIFIED.,.F.,
  .F.,(2,2),(0.,1.),.PIECEWISE_BEZIER_KNOTS.);
#1023 = CARTESIAN_POINT('',(-10.12,49.4,67.));
#1024 = CARTESIAN_POINT('',(10.12,49.4,67.));
#1025 = PCURVE('',#431,#1026);
#1026 = DEFINITIONAL_REPRESENTATION('',(#1027),#1030);
#1027 = B_SPLINE_CURVE_WITH_KNOTS('',1,(#1028,#1029),.UNSPECIFIED.,.F.,
  .F.,(2,2),(0.,1.),.PIECEWISE_BEZIER_KNOTS.);
#1028 = CARTESIAN_POINT('',(22.,0.88));
#1029 = CARTESIAN_POINT('',(0.,0.88));
#1030 = ( GEOMETRIC_REPRESENTATION_CONTEXT(2) 
PARAMETRIC_REPRESENTATION_CONTEXT() REPRESENTATION_CONTEXT('2D SPACE',''
  ) );
#1031 = PCURVE('',#1032,#1037);
#1032 = PLANE('',#1033);
#1033 = AXIS2_PLACEMENT_3D('',#1034,#1035,#1036);
#1034 = CARTESIAN_POINT('',(-1.75032336965E-15,3.209892110372E-15,67.));
#1035 = DIRECTION('',(0.,0.,1.));
#1036 = DIRECTION('',(1.,0.,-0.));
#1037 = DEFINITIONAL_REPRESENTATION('',(#1038),#1041);
#1038 = B_SPLINE_CURVE_WITH_KNOTS('',1,(#1039,#1040),.UNSPECIFIED.,.F.,
  .F.,(2,2),(0.,1.),.PIECEWISE_BEZIER_KNOTS.);
#1039 = CARTESIAN_POINT('',(-10.12,49.4));
#1040 = CARTESIAN_POINT('',(10.12,49.4));
#1041 = ( GEOMETRIC_REPRESENTATION_CONTEXT(2) 
PARAMETRIC_REPRESENTATION_CONTEXT() REPRESENTATION_CONTEXT('2D SPACE',''
  ) );
#1042 = ORIENTED_EDGE('',*,*,#1043,.F.);
#1043 = EDGE_CURVE('',#1044,#1019,#1046,.T.);
#1044 = VERTEX_POINT('',#1045);
#1045 = CARTESIAN_POINT('',(-3.,45.674178030784,48.37089015392));
#1046 = SURFACE_CURVE('',#1047,(#1056,#1068),.PCURVE_S1.);
#1047 = B_SPLINE_CURVE_WITH_KNOTS('',4,(#1048,#1049,#1050,#1051,#1052,
    #1053,#1054,#1055),.UNSPECIFIED.,.F.,.F.,(5,3,5),(0.,0.500004981094,
    1.),.UNSPECIFIED.);
#1048 = CARTESIAN_POINT('',(-3.,45.674178030784,48.37089015392));
#1049 = CARTESIAN_POINT('',(-3.,46.169381130066,50.846905650329));
#1050 = CARTESIAN_POINT('',(-3.,46.664582784458,53.322913922289));
#1051 = CARTESIAN_POINT('',(-3.,47.159782863159,55.798914315795));
#1052 = CARTESIAN_POINT('',(-3.,48.150169675584,60.750848377919));
#1053 = CARTESIAN_POINT('',(-3.,48.64535640894,63.226782044701));
#1054 = CARTESIAN_POINT('',(-3.,49.140541239277,65.702706196384));
#1055 = CARTESIAN_POINT('',(-3.,49.635723960575,68.178619802877));
#1056 = PCURVE('',#431,#1057);
#1057 = DEFINITIONAL_REPRESENTATION('',(#1058),#1067);
#1058 = B_SPLINE_CURVE_WITH_KNOTS('',4,(#1059,#1060,#1061,#1062,#1063,
    #1064,#1065,#1066),.UNSPECIFIED.,.F.,.F.,(5,3,5),(0.,0.500004981094,
    1.),.UNSPECIFIED.);
#1059 = CARTESIAN_POINT('',(14.037229704222,0.134835606157));
#1060 = CARTESIAN_POINT('',(14.064915351824,0.233876226013));
#1061 = CARTESIAN_POINT('',(14.093273905911,0.332916556892));
#1062 = CARTESIAN_POINT('',(14.12234207131,0.431956572632));
#1063 = CARTESIAN_POINT('',(14.181982131468,0.630033935117));
#1064 = CARTESIAN_POINT('',(14.212554036423,0.729071281788));
#1065 = CARTESIAN_POINT('',(14.243920676666,0.828108247855));
#1066 = CARTESIAN_POINT('',(14.276131678741,0.927144792115));
#1067 = ( GEOMETRIC_REPRESENTATION_CONTEXT(2) 
PARAMETRIC_REPRESENTATION_CONTEXT() REPRESENTATION_CONTEXT('2D SPACE',''
  ) );
#1068 = PCURVE('',#1069,#1074);
#1069 = PLANE('',#1070);
#1070 = AXIS2_PLACEMENT_3D('',#1071,#1072,#1073);
#1071 = CARTESIAN_POINT('',(-3.,41.281176603689,46.801961072814));
#1072 = DIRECTION('',(-1.,1.110223024625E-16,0.));
#1073 = DIRECTION('',(2.177326487309E-17,0.196116135138,0.980580675691)
  );
#1074 = DEFINITIONAL_REPRESENTATION('',(#1075),#1084);
#1075 = B_SPLINE_CURVE_WITH_KNOTS('',4,(#1076,#1077,#1078,#1079,#1080,
    #1081,#1082,#1083),.UNSPECIFIED.,.F.,.F.,(5,3,5),(0.,0.500004981094,
    1.),.UNSPECIFIED.);
#1076 = CARTESIAN_POINT('',(2.4,4.));
#1077 = CARTESIAN_POINT('',(4.92505026643,4.));
#1078 = CARTESIAN_POINT('',(7.450093165338,4.));
#1079 = CARTESIAN_POINT('',(9.975128029767,4.));
#1080 = CARTESIAN_POINT('',(15.025129712327,4.));
#1081 = CARTESIAN_POINT('',(17.550096528583,4.));
#1082 = CARTESIAN_POINT('',(20.075053641305,4.));
#1083 = CARTESIAN_POINT('',(22.6,4.));
#1084 = ( GEOMETRIC_REPRESENTATION_CONTEXT(2) 
PARAMETRIC_REPRESENTATION_CONTEXT() REPRESENTATION_CONTEXT('2D SPACE',''
  ) );
#1085 = ORIENTED_EDGE('',*,*,#1086,.T.);
#1086 = EDGE_CURVE('',#1044,#1087,#1089,.T.);
#1087 = VERTEX_POINT('',#1088);
#1088 = CARTESIAN_POINT('',(-0.6,45.203499306452,46.017496532262));
#1089 = SURFACE_CURVE('',#1090,(#1121,#1155),.PCURVE_S1.);
#1090 = B_SPLINE_CURVE_WITH_KNOTS('',8,(#1091,#1092,#1093,#1094,#1095,
    #1096,#1097,#1098,#1099,#1100,#1101,#1102,#1103,#1104,#1105,#1106,
    #1107,#1108,#1109,#1110,#1111,#1112,#1113,#1114,#1115,#1116,#1117,
    #1118,#1119,#1120),.UNSPECIFIED.,.F.,.F.,(9,7,7,7,9),(0.,
    0.1948857542,0.325003402929,0.496061935226,1.),.UNSPECIFIED.);
#1091 = CARTESIAN_POINT('',(-3.,45.674178030784,48.37089015392));
#1092 = CARTESIAN_POINT('',(-3.,45.652726553104,48.263632765521));
#1093 = CARTESIAN_POINT('',(-2.994302545897,45.63127963954,
    48.156398197698));
#1094 = CARTESIAN_POINT('',(-2.982912640642,45.609976899183,
    48.049884495914));
#1095 = CARTESIAN_POINT('',(-2.965965090245,45.588940663746,
    47.944703318732));
#1096 = CARTESIAN_POINT('',(-2.943688706481,45.568277268863,
    47.841386344313));
#1097 = CARTESIAN_POINT('',(-2.916378743065,45.54807814979,
    47.740390748948));
#1098 = CARTESIAN_POINT('',(-2.884377565285,45.528420751526,
    47.642103757631));
#1099 = CARTESIAN_POINT('',(-2.823818097598,45.496649307953,
    47.483246539763));
#1100 = CARTESIAN_POINT('',(-2.797642217647,45.484195420541,
    47.420977102704));
#1101 = CARTESIAN_POINT('',(-2.769639656785,45.472023354364,
    47.36011677182));
#1102 = CARTESIAN_POINT('',(-2.739915217569,45.460145567074,
    47.300727835369));
#1103 = CARTESIAN_POINT('',(-2.708572799538,45.448571558098,
    47.242857790491));
#1104 = CARTESIAN_POINT('',(-2.67571343717,45.437308216029,
    47.186541080145));
#1105 = CARTESIAN_POINT('',(-2.641433337848,45.426360166009,
    47.131800830046));
#1106 = CARTESIAN_POINT('',(-2.559005542781,45.401755375196,
    47.008776875979));
#1107 = CARTESIAN_POINT('',(-2.509892439595,45.388331426884,
    46.941657134418));
#1108 = CARTESIAN_POINT('',(-2.458683486759,45.375463071053,
    46.877315355267));
#1109 = CARTESIAN_POINT('',(-2.405566815083,45.363151736386,
    46.815758681928));
#1110 = CARTESIAN_POINT('',(-2.350716358586,45.351395997101,
    46.756979985503));
#1111 = CARTESIAN_POINT('',(-2.294290403408,45.340192088687,
    46.700960443433));
#1112 = CARTESIAN_POINT('',(-2.236430136713,45.329534423626,
    46.647672118132));
#1113 = CARTESIAN_POINT('',(-2.00293778554,45.289607568683,
    46.448037843415));
#1114 = CARTESIAN_POINT('',(-1.8175716596,45.264537647891,
    46.322688239455));
#1115 = CARTESIAN_POINT('',(-1.623984534644,45.24393288053,
    46.219664402649));
#1116 = CARTESIAN_POINT('',(-1.424432990866,45.227650510176,
    46.138252550881));
#1117 = CARTESIAN_POINT('',(-1.220853118319,45.21554804568,
    46.077740228398));
#1118 = CARTESIAN_POINT('',(-1.014812127146,45.207522697547,
    46.037613487733));
#1119 = CARTESIAN_POINT('',(-0.807561267529,45.203499306452,
    46.017496532262));
#1120 = CARTESIAN_POINT('',(-0.6,45.203499306452,46.017496532262));
#1121 = PCURVE('',#431,#1122);
#1122 = DEFINITIONAL_REPRESENTATION('',(#1123),#1154);
#1123 = B_SPLINE_CURVE_WITH_KNOTS('',8,(#1124,#1125,#1126,#1127,#1128,
    #1129,#1130,#1131,#1132,#1133,#1134,#1135,#1136,#1137,#1138,#1139,
    #1140,#1141,#1142,#1143,#1144,#1145,#1146,#1147,#1148,#1149,#1150,
    #1151,#1152,#1153),.UNSPECIFIED.,.F.,.F.,(9,7,7,7,9),(0.,
    0.1948857542,0.325003402929,0.496061935226,1.),.UNSPECIFIED.);
#1124 = CARTESIAN_POINT('',(14.037229700703,0.134835606157));
#1125 = CARTESIAN_POINT('',(14.036030398736,0.130545310621));
#1126 = CARTESIAN_POINT('',(14.029064272744,0.126255927908));
#1127 = CARTESIAN_POINT('',(14.016353313138,0.121995379837));
#1128 = CARTESIAN_POINT('',(13.998049846836,0.117788132749));
#1129 = CARTESIAN_POINT('',(13.974399495168,0.113655453773));
#1130 = CARTESIAN_POINT('',(13.945712771028,0.109615629958));
#1131 = CARTESIAN_POINT('',(13.912345315258,0.105684150305));
#1132 = CARTESIAN_POINT('',(13.849543625784,9.932986159051E-02));
#1133 = CARTESIAN_POINT('',(13.822479458774,9.683908410818E-02));
#1134 = CARTESIAN_POINT('',(13.793601126431,9.440467087281E-02));
#1135 = CARTESIAN_POINT('',(13.763016052858,9.202911341476E-02));
#1136 = CARTESIAN_POINT('',(13.73083030068,8.971431161964E-02));
#1137 = CARTESIAN_POINT('',(13.697146640663,8.746164320578E-02));
#1138 = CARTESIAN_POINT('',(13.662062621327,8.527203320184E-02));
#1139 = CARTESIAN_POINT('',(13.577823466601,8.035107503916E-02));
#1140 = CARTESIAN_POINT('',(13.527718571536,7.766628537672E-02));
#1141 = CARTESIAN_POINT('',(13.475556967104,7.509261421067E-02));
#1142 = CARTESIAN_POINT('',(13.421528057605,7.263034727711E-02));
#1143 = CARTESIAN_POINT('',(13.365806307609,7.027919942013E-02));
#1144 = CARTESIAN_POINT('',(13.308549911677,6.803841773731E-02));
#1145 = CARTESIAN_POINT('',(13.249899464075,6.590688472526E-02));
#1146 = CARTESIAN_POINT('',(13.013444084977,5.792151373662E-02));
#1147 = CARTESIAN_POINT('',(12.82621104956,5.290752957819E-02));
#1148 = CARTESIAN_POINT('',(12.631069935557,4.878657610598E-02));
#1149 = CARTESIAN_POINT('',(12.430232426438,4.553010203525E-02));
#1150 = CARTESIAN_POINT('',(12.225580624942,4.310960913593E-02));
#1151 = CARTESIAN_POINT('',(12.018625084564,4.150453950931E-02));
#1152 = CARTESIAN_POINT('',(11.810560330531,4.069986129047E-02));
#1153 = CARTESIAN_POINT('',(11.602228236882,4.069986129047E-02));
#1154 = ( GEOMETRIC_REPRESENTATION_CONTEXT(2) 
PARAMETRIC_REPRESENTATION_CONTEXT() REPRESENTATION_CONTEXT('2D SPACE',''
  ) );
#1155 = PCURVE('',#1156,#1161);
#1156 = CYLINDRICAL_SURFACE('',#1157,2.4);
#1157 = AXIS2_PLACEMENT_3D('',#1158,#1159,#1160);
#1158 = CARTESIAN_POINT('',(-0.6,41.75185532802,49.155354694473));
#1159 = DIRECTION('',(1.088663243655E-16,0.980580675691,-0.196116135138)
  );
#1160 = DIRECTION('',(-2.177326487309E-17,-0.196116135138,
    -0.980580675691));
#1161 = DEFINITIONAL_REPRESENTATION('',(#1162),#1193);
#1162 = B_SPLINE_CURVE_WITH_KNOTS('',8,(#1163,#1164,#1165,#1166,#1167,
    #1168,#1169,#1170,#1171,#1172,#1173,#1174,#1175,#1176,#1177,#1178,
    #1179,#1180,#1181,#1182,#1183,#1184,#1185,#1186,#1187,#1188,#1189,
    #1190,#1191,#1192),.UNSPECIFIED.,.F.,.F.,(9,7,7,7,9),(0.,
    0.1948857542,0.325003402929,0.496061935226,1.),.UNSPECIFIED.);
#1163 = CARTESIAN_POINT('',(1.570796326795,4.));
#1164 = CARTESIAN_POINT('',(1.525220700426,4.));
#1165 = CARTESIAN_POINT('',(1.479654835244,4.));
#1166 = CARTESIAN_POINT('',(1.434250783836,4.));
#1167 = CARTESIAN_POINT('',(1.389125009589,4.));
#1168 = CARTESIAN_POINT('',(1.344370383872,4.));
#1169 = CARTESIAN_POINT('',(1.300064737044,4.));
#1170 = CARTESIAN_POINT('',(1.256275963262,4.));
#1171 = CARTESIAN_POINT('',(1.184212515352,4.));
#1172 = CARTESIAN_POINT('',(1.155609233883,4.));
#1173 = CARTESIAN_POINT('',(1.127263597728,4.));
#1174 = CARTESIAN_POINT('',(1.099181863113,4.));
#1175 = CARTESIAN_POINT('',(1.071367092359,4.));
#1176 = CARTESIAN_POINT('',(1.04381946675,4.));
#1177 = CARTESIAN_POINT('',(1.016536599415,4.));
#1178 = CARTESIAN_POINT('',(0.953988520124,4.));
#1179 = CARTESIAN_POINT('',(0.918915773985,4.));
#1180 = CARTESIAN_POINT('',(0.884281656989,4.));
#1181 = CARTESIAN_POINT('',(0.850070827152,4.));
#1182 = CARTESIAN_POINT('',(0.816266210768,4.));
#1183 = CARTESIAN_POINT('',(0.782848659875,4.));
#1184 = CARTESIAN_POINT('',(0.749796609725,4.));
#1185 = CARTESIAN_POINT('',(0.620719573993,4.));
#1186 = CARTESIAN_POINT('',(0.527500635468,4.));
#1187 = CARTESIAN_POINT('',(0.436572233225,4.));
#1188 = CARTESIAN_POINT('',(0.347446997746,4.));
#1189 = CARTESIAN_POINT('',(0.259673324751,4.));
#1190 = CARTESIAN_POINT('',(0.172838627882,4.));
#1191 = CARTESIAN_POINT('',(8.64838614703E-02,4.));
#1192 = CARTESIAN_POINT('',(0.,4.));
#1193 = ( GEOMETRIC_REPRESENTATION_CONTEXT(2) 
PARAMETRIC_REPRESENTATION_CONTEXT() REPRESENTATION_CONTEXT('2D SPACE',''
  ) );
#1194 = ORIENTED_EDGE('',*,*,#1195,.T.);
#1195 = EDGE_CURVE('',#1087,#1196,#1198,.T.);
#1196 = VERTEX_POINT('',#1197);
#1197 = CARTESIAN_POINT('',(0.6,45.203499306452,46.017496532262));
#1198 = SURFACE_CURVE('',#1199,(#1202,#1208),.PCURVE_S1.);
#1199 = B_SPLINE_CURVE_WITH_KNOTS('',1,(#1200,#1201),.UNSPECIFIED.,.F.,
  .F.,(2,2),(0.,1.),.PIECEWISE_BEZIER_KNOTS.);
#1200 = CARTESIAN_POINT('',(-0.6,45.203499306452,46.017496532262));
#1201 = CARTESIAN_POINT('',(0.6,45.203499306452,46.017496532262));
#1202 = PCURVE('',#431,#1203);
#1203 = DEFINITIONAL_REPRESENTATION('',(#1204),#1207);
#1204 = B_SPLINE_CURVE_WITH_KNOTS('',1,(#1205,#1206),.UNSPECIFIED.,.F.,
  .F.,(2,2),(0.,1.),.PIECEWISE_BEZIER_KNOTS.);
#1205 = CARTESIAN_POINT('',(11.602228236882,4.069986129047E-02));
#1206 = CARTESIAN_POINT('',(10.397771763118,4.069986129047E-02));
#1207 = ( GEOMETRIC_REPRESENTATION_CONTEXT(2) 
PARAMETRIC_REPRESENTATION_CONTEXT() REPRESENTATION_CONTEXT('2D SPACE',''
  ) );
#1208 = PCURVE('',#1209,#1214);
#1209 = PLANE('',#1210);
#1210 = AXIS2_PLACEMENT_3D('',#1211,#1212,#1213);
#1211 = CARTESIAN_POINT('',(3.,41.281176603689,46.801961072814));
#1212 = DIRECTION('',(2.177326487309E-17,0.196116135138,0.980580675691)
  );
#1213 = DIRECTION('',(1.088663243655E-16,0.980580675691,-0.196116135138)
  );
#1214 = DEFINITIONAL_REPRESENTATION('',(#1215),#1218);
#1215 = B_SPLINE_CURVE_WITH_KNOTS('',1,(#1216,#1217),.UNSPECIFIED.,.F.,
  .F.,(2,2),(0.,1.),.PIECEWISE_BEZIER_KNOTS.);
#1216 = CARTESIAN_POINT('',(4.,3.6));
#1217 = CARTESIAN_POINT('',(4.,2.4));
#1218 = ( GEOMETRIC_REPRESENTATION_CONTEXT(2) 
PARAMETRIC_REPRESENTATION_CONTEXT() REPRESENTATION_CONTEXT('2D SPACE',''
  ) );
#1219 = ORIENTED_EDGE('',*,*,#1220,.T.);
#1220 = EDGE_CURVE('',#1196,#1221,#1223,.T.);
#1221 = VERTEX_POINT('',#1222);
#1222 = CARTESIAN_POINT('',(3.,45.674178030784,48.37089015392));
#1223 = SURFACE_CURVE('',#1224,(#1255,#1289),.PCURVE_S1.);
#1224 = B_SPLINE_CURVE_WITH_KNOTS('',8,(#1225,#1226,#1227,#1228,#1229,
    #1230,#1231,#1232,#1233,#1234,#1235,#1236,#1237,#1238,#1239,#1240,
    #1241,#1242,#1243,#1244,#1245,#1246,#1247,#1248,#1249,#1250,#1251,
    #1252,#1253,#1254),.UNSPECIFIED.,.F.,.F.,(9,7,7,7,9),(0.,
    0.509721374718,0.674890086527,0.802066896815,1.),.UNSPECIFIED.);
#1225 = CARTESIAN_POINT('',(0.6,45.203499306452,46.017496532262));
#1226 = CARTESIAN_POINT('',(0.809944650308,45.203499306452,
    46.017496532262));
#1227 = CARTESIAN_POINT('',(1.019560508856,45.207615634113,
    46.038078170566));
#1228 = CARTESIAN_POINT('',(1.227928252288,45.215825295113,
    46.079126475565));
#1229 = CARTESIAN_POINT('',(1.433754447844,45.228207838605,
    46.141039193023));
#1230 = CARTESIAN_POINT('',(1.63541045058,45.24487065769,46.224353288452
    ));
#1231 = CARTESIAN_POINT('',(1.83087471501,45.265963172156,
    46.329815860782));
#1232 = CARTESIAN_POINT('',(2.017787677722,45.291631999307,
    46.458159996536));
#1233 = CARTESIAN_POINT('',(2.250017274831,45.332056931975,
    46.660284659876));
#1234 = CARTESIAN_POINT('',(2.305604771245,45.342454350857,
    46.712271754287));
#1235 = CARTESIAN_POINT('',(2.359832536771,45.3533618866,46.766809433001
    ));
#1236 = CARTESIAN_POINT('',(2.412571671971,45.364784396635,
    46.823921983174));
#1237 = CARTESIAN_POINT('',(2.463678339222,45.376725088432,
    46.88362544216));
#1238 = CARTESIAN_POINT('',(2.512995030407,45.389185075226,
    46.945925376129));
#1239 = CARTESIAN_POINT('',(2.560351834611,45.402162931737,
    47.010814658683));
#1240 = CARTESIAN_POINT('',(2.640383078594,45.426042311843,
    47.130211559214));
#1241 = CARTESIAN_POINT('',(2.673927038668,45.436734185,47.183670925001)
  );
#1242 = CARTESIAN_POINT('',(2.706116086987,45.447727346449,
    47.238636732243));
#1243 = CARTESIAN_POINT('',(2.736860563027,45.459017527247,
    47.295087636237));
#1244 = CARTESIAN_POINT('',(2.766066373677,45.470598403309,
    47.352992016546));
#1245 = CARTESIAN_POINT('',(2.793636722128,45.482461286276,
    47.41230643138));
#1246 = CARTESIAN_POINT('',(2.819473836765,45.494594814395,
    47.472974071973));
#1247 = CARTESIAN_POINT('',(2.880844060073,45.5262676974,47.631338486997
    ));
#1248 = CARTESIAN_POINT('',(2.913793295881,45.546181274666,
    47.73090637333));
#1249 = CARTESIAN_POINT('',(2.94193048102,45.566659532759,
    47.833297663795));
#1250 = CARTESIAN_POINT('',(2.964894504938,45.587622524136,
    47.93811262068));
#1251 = CARTESIAN_POINT('',(2.982372871714,45.608975388617,
    48.044876943087));
#1252 = CARTESIAN_POINT('',(2.994122567975,45.630607333698,
    48.153036668492));
#1253 = CARTESIAN_POINT('',(3.,45.652390402704,48.261952013519));
#1254 = CARTESIAN_POINT('',(3.,45.674178030784,48.37089015392));
#1255 = PCURVE('',#431,#1256);
#1256 = DEFINITIONAL_REPRESENTATION('',(#1257),#1288);
#1257 = B_SPLINE_CURVE_WITH_KNOTS('',8,(#1258,#1259,#1260,#1261,#1262,
    #1263,#1264,#1265,#1266,#1267,#1268,#1269,#1270,#1271,#1272,#1273,
    #1274,#1275,#1276,#1277,#1278,#1279,#1280,#1281,#1282,#1283,#1284,
    #1285,#1286,#1287),.UNSPECIFIED.,.F.,.F.,(9,7,7,7,9),(0.,
    0.509721374718,0.674890086527,0.802066896815,1.),.UNSPECIFIED.);
#1258 = CARTESIAN_POINT('',(10.397771763118,4.069986129047E-02));
#1259 = CARTESIAN_POINT('',(10.187047435455,4.069986129047E-02));
#1260 = CARTESIAN_POINT('',(9.976607877757,4.152312682263E-02));
#1261 = CARTESIAN_POINT('',(9.767312788719,4.316505902259E-02));
#1262 = CARTESIAN_POINT('',(9.560396903537,4.564156772093E-02));
#1263 = CARTESIAN_POINT('',(9.357430229302,4.897413153807E-02));
#1264 = CARTESIAN_POINT('',(9.160378498435,5.319263443129E-02));
#1265 = CARTESIAN_POINT('',(8.971555319949,5.832639986143E-02));
#1266 = CARTESIAN_POINT('',(8.736326380256,6.641138639503E-02));
#1267 = CARTESIAN_POINT('',(8.679968041331,6.849087017149E-02));
#1268 = CARTESIAN_POINT('',(8.624931812064,7.067237732004E-02));
#1269 = CARTESIAN_POINT('',(8.571346115981,7.295687932696E-02));
#1270 = CARTESIAN_POINT('',(8.519354762095,7.534501768641E-02));
#1271 = CARTESIAN_POINT('',(8.469115779891,7.783701504515E-02));
#1272 = CARTESIAN_POINT('',(8.420800254304,8.043258634732E-02));
#1273 = CARTESIAN_POINT('',(8.339011025299,8.520846236854E-02));
#1274 = CARTESIAN_POINT('',(8.304681895863,8.734683700002E-02));
#1275 = CARTESIAN_POINT('',(8.271688183682,8.954546928972E-02));
#1276 = CARTESIAN_POINT('',(8.240120792164,9.180350544948E-02));
#1277 = CARTESIAN_POINT('',(8.210075416644,9.411968066184E-02));
#1278 = CARTESIAN_POINT('',(8.181650844184,9.649225725521E-02));
#1279 = CARTESIAN_POINT('',(8.154947253376,9.891896287891E-02));
#1280 = CARTESIAN_POINT('',(8.091337974459,0.10525353948));
#1281 = CARTESIAN_POINT('',(8.057002092366,0.109236254933));
#1282 = CARTESIAN_POINT('',(8.027466404035,0.113331906552));
#1283 = CARTESIAN_POINT('',(8.003105778061,0.117524504827));
#1284 = CARTESIAN_POINT('',(7.984248608228,0.121795077723));
#1285 = CARTESIAN_POINT('',(7.971155491986,0.12612146674));
#1286 = CARTESIAN_POINT('',(7.963988394647,0.130478080541));
#1287 = CARTESIAN_POINT('',(7.962770299297,0.134835606157));
#1288 = ( GEOMETRIC_REPRESENTATION_CONTEXT(2) 
PARAMETRIC_REPRESENTATION_CONTEXT() REPRESENTATION_CONTEXT('2D SPACE',''
  ) );
#1289 = PCURVE('',#1290,#1295);
#1290 = CYLINDRICAL_SURFACE('',#1291,2.4);
#1291 = AXIS2_PLACEMENT_3D('',#1292,#1293,#1294);
#1292 = CARTESIAN_POINT('',(0.6,41.75185532802,49.155354694473));
#1293 = DIRECTION('',(1.088663243655E-16,0.980580675691,-0.196116135138)
  );
#1294 = DIRECTION('',(-2.177326487309E-17,-0.196116135138,
    -0.980580675691));
#1295 = DEFINITIONAL_REPRESENTATION('',(#1296),#1327);
#1296 = B_SPLINE_CURVE_WITH_KNOTS('',8,(#1297,#1298,#1299,#1300,#1301,
    #1302,#1303,#1304,#1305,#1306,#1307,#1308,#1309,#1310,#1311,#1312,
    #1313,#1314,#1315,#1316,#1317,#1318,#1319,#1320,#1321,#1322,#1323,
    #1324,#1325,#1326),.UNSPECIFIED.,.F.,.F.,(9,7,7,7,9),(0.,
    0.509721374718,0.674890086527,0.802066896815,1.),.UNSPECIFIED.);
#1297 = CARTESIAN_POINT('',(0.,4.));
#1298 = CARTESIAN_POINT('',(-8.747693762813E-02,4.));
#1299 = CARTESIAN_POINT('',(-0.174817150604,4.));
#1300 = CARTESIAN_POINT('',(-0.262655498832,4.));
#1301 = CARTESIAN_POINT('',(-0.351467648733,4.));
#1302 = CARTESIAN_POINT('',(-0.441679029633,4.));
#1303 = CARTESIAN_POINT('',(-0.533757912123,4.));
#1304 = CARTESIAN_POINT('',(-0.628206143521,4.));
#1305 = CARTESIAN_POINT('',(-0.757587108551,4.));
#1306 = CARTESIAN_POINT('',(-0.789573389015,4.));
#1307 = CARTESIAN_POINT('',(-0.821903702221,4.));
#1308 = CARTESIAN_POINT('',(-0.854597324981,4.));
#1309 = CARTESIAN_POINT('',(-0.887671383176,4.));
#1310 = CARTESIAN_POINT('',(-0.921141128326,4.));
#1311 = CARTESIAN_POINT('',(-0.955020214157,4.));
#1312 = CARTESIAN_POINT('',(-1.015731914281,4.));
#1313 = CARTESIAN_POINT('',(-1.042391320256,4.));
#1314 = CARTESIAN_POINT('',(-1.069303538579,4.));
#1315 = CARTESIAN_POINT('',(-1.096470857001,4.));
#1316 = CARTESIAN_POINT('',(-1.12389322936,4.));
#1317 = CARTESIAN_POINT('',(-1.151568001399,4.));
#1318 = CARTESIAN_POINT('',(-1.179489636587,4.));
#1319 = CARTESIAN_POINT('',(-1.251476281487,4.));
#1320 = CARTESIAN_POINT('',(-1.29590195042,4.));
#1321 = CARTESIAN_POINT('',(-1.340865458335,4.));
#1322 = CARTESIAN_POINT('',(-1.386296958636,4.));
#1323 = CARTESIAN_POINT('',(-1.432116081064,4.));
#1324 = CARTESIAN_POINT('',(-1.478226468517,4.));
#1325 = CARTESIAN_POINT('',(-1.524506518155,4.));
#1326 = CARTESIAN_POINT('',(-1.570796326795,4.));
#1327 = ( GEOMETRIC_REPRESENTATION_CONTEXT(2) 
PARAMETRIC_REPRESENTATION_CONTEXT() REPRESENTATION_CONTEXT('2D SPACE',''
  ) );
#1328 = ORIENTED_EDGE('',*,*,#1329,.T.);
#1329 = EDGE_CURVE('',#1221,#1330,#1332,.T.);
#1330 = VERTEX_POINT('',#1331);
#1331 = CARTESIAN_POINT('',(3.,49.4,67.));
#1332 = SURFACE_CURVE('',#1333,(#1342,#1354),.PCURVE_S1.);
#1333 = B_SPLINE_CURVE_WITH_KNOTS('',4,(#1334,#1335,#1336,#1337,#1338,
    #1339,#1340,#1341),.UNSPECIFIED.,.F.,.F.,(5,3,5),(0.,0.500004981094,
    1.),.UNSPECIFIED.);
#1334 = CARTESIAN_POINT('',(3.,45.674178030784,48.37089015392));
#1335 = CARTESIAN_POINT('',(3.,46.169381130066,50.846905650329));
#1336 = CARTESIAN_POINT('',(3.,46.664582784458,53.322913922289));
#1337 = CARTESIAN_POINT('',(3.,47.159782863159,55.798914315795));
#1338 = CARTESIAN_POINT('',(3.,48.150169675584,60.750848377919));
#1339 = CARTESIAN_POINT('',(3.,48.64535640894,63.2267820447));
#1340 = CARTESIAN_POINT('',(3.,49.140541239277,65.702706196384));
#1341 = CARTESIAN_POINT('',(3.,49.635723960575,68.178619802877));
#1342 = PCURVE('',#431,#1343);
#1343 = DEFINITIONAL_REPRESENTATION('',(#1344),#1353);
#1344 = B_SPLINE_CURVE_WITH_KNOTS('',4,(#1345,#1346,#1347,#1348,#1349,
    #1350,#1351,#1352),.UNSPECIFIED.,.F.,.F.,(5,3,5),(0.,0.500004981094,
    1.),.UNSPECIFIED.);
#1345 = CARTESIAN_POINT('',(7.962770295778,0.134835606157));
#1346 = CARTESIAN_POINT('',(7.935084648176,0.233876226013));
#1347 = CARTESIAN_POINT('',(7.906726094089,0.332916556892));
#1348 = CARTESIAN_POINT('',(7.87765792869,0.431956572632));
#1349 = CARTESIAN_POINT('',(7.818017868532,0.630033935117));
#1350 = CARTESIAN_POINT('',(7.787445963577,0.729071281788));
#1351 = CARTESIAN_POINT('',(7.756079323334,0.828108247855));
#1352 = CARTESIAN_POINT('',(7.723868321259,0.927144792115));
#1353 = ( GEOMETRIC_REPRESENTATION_CONTEXT(2) 
PARAMETRIC_REPRESENTATION_CONTEXT() REPRESENTATION_CONTEXT('2D SPACE',''
  ) );
#1354 = PCURVE('',#1355,#1360);
#1355 = PLANE('',#1356);
#1356 = AXIS2_PLACEMENT_3D('',#1357,#1358,#1359);
#1357 = CARTESIAN_POINT('',(3.,41.281176603689,46.801961072814));
#1358 = DIRECTION('',(-1.,1.110223024625E-16,0.));
#1359 = DIRECTION('',(2.177326487309E-17,0.196116135138,0.980580675691)
  );
#1360 = DEFINITIONAL_REPRESENTATION('',(#1361),#1370);
#1361 = B_SPLINE_CURVE_WITH_KNOTS('',4,(#1362,#1363,#1364,#1365,#1366,
    #1367,#1368,#1369),.UNSPECIFIED.,.F.,.F.,(5,3,5),(0.,0.500004981094,
    1.),.UNSPECIFIED.);
#1362 = CARTESIAN_POINT('',(2.4,4.));
#1363 = CARTESIAN_POINT('',(4.92505026643,4.));
#1364 = CARTESIAN_POINT('',(7.450093165338,4.));
#1365 = CARTESIAN_POINT('',(9.975128029768,4.));
#1366 = CARTESIAN_POINT('',(15.025129712327,4.));
#1367 = CARTESIAN_POINT('',(17.550096528583,4.));
#1368 = CARTESIAN_POINT('',(20.075053641305,4.));
#1369 = CARTESIAN_POINT('',(22.6,4.));
#1370 = ( GEOMETRIC_REPRESENTATION_CONTEXT(2) 
PARAMETRIC_REPRESENTATION_CONTEXT() REPRESENTATION_CONTEXT('2D SPACE',''
  ) );
#1371 = ORIENTED_EDGE('',*,*,#1372,.T.);
#1372 = EDGE_CURVE('',#1330,#1373,#1375,.T.);
#1373 = VERTEX_POINT('',#1374);
#1374 = CARTESIAN_POINT('',(7.722693830523,49.4,67.));
#1375 = SURFACE_CURVE('',#1376,(#1379,#1385),.PCURVE_S1.);
#1376 = B_SPLINE_CURVE_WITH_KNOTS('',1,(#1377,#1378),.UNSPECIFIED.,.F.,
  .F.,(2,2),(0.,1.),.PIECEWISE_BEZIER_KNOTS.);
#1377 = CARTESIAN_POINT('',(-10.12,49.4,67.));
#1378 = CARTESIAN_POINT('',(10.12,49.4,67.));
#1379 = PCURVE('',#431,#1380);
#1380 = DEFINITIONAL_REPRESENTATION('',(#1381),#1384);
#1381 = B_SPLINE_CURVE_WITH_KNOTS('',1,(#1382,#1383),.UNSPECIFIED.,.F.,
  .F.,(2,2),(0.,1.),.PIECEWISE_BEZIER_KNOTS.);
#1382 = CARTESIAN_POINT('',(22.,0.88));
#1383 = CARTESIAN_POINT('',(0.,0.88));
#1384 = ( GEOMETRIC_REPRESENTATION_CONTEXT(2) 
PARAMETRIC_REPRESENTATION_CONTEXT() REPRESENTATION_CONTEXT('2D SPACE',''
  ) );
#1385 = PCURVE('',#1386,#1391);
#1386 = PLANE('',#1387);
#1387 = AXIS2_PLACEMENT_3D('',#1388,#1389,#1390);
#1388 = CARTESIAN_POINT('',(-1.75032336965E-15,3.209892110372E-15,67.));
#1389 = DIRECTION('',(0.,0.,1.));
#1390 = DIRECTION('',(1.,0.,-0.));
#1391 = DEFINITIONAL_REPRESENTATION('',(#1392),#1395);
#1392 = B_SPLINE_CURVE_WITH_KNOTS('',1,(#1393,#1394),.UNSPECIFIED.,.F.,
  .F.,(2,2),(0.,1.),.PIECEWISE_BEZIER_KNOTS.);
#1393 = CARTESIAN_POINT('',(-10.12,49.4));
#1394 = CARTESIAN_POINT('',(10.12,49.4));
#1395 = ( GEOMETRIC_REPRESENTATION_CONTEXT(2) 
PARAMETRIC_REPRESENTATION_CONTEXT() REPRESENTATION_CONTEXT('2D SPACE',''
  ) );
#1396 = ORIENTED_EDGE('',*,*,#1397,.T.);
#1397 = EDGE_CURVE('',#1373,#1398,#1400,.T.);
#1398 = VERTEX_POINT('',#1399);
#1399 = CARTESIAN_POINT('',(2.42632581392,49.941094732778,
    69.705473663891));
#1400 = SURFACE_CURVE('',#1401,(#1414,#1430),.PCURVE_S1.);
#1401 = B_SPLINE_CURVE_WITH_KNOTS('',6,(#1402,#1403,#1404,#1405,#1406,
    #1407,#1408,#1409,#1410,#1411,#1412,#1413),.UNSPECIFIED.,.F.,.F.,(7,
    5,7),(0.,0.411597259094,1.),.UNSPECIFIED.);
#1402 = CARTESIAN_POINT('',(7.722694598131,49.39999988,66.9999994));
#1403 = CARTESIAN_POINT('',(7.259259138936,49.472448676073,
    67.362243380364));
#1404 = CARTESIAN_POINT('',(6.784015221147,49.541398892977,
    67.706994464884));
#1405 = CARTESIAN_POINT('',(6.296578411299,49.60643486002,
    68.032174300102));
#1406 = CARTESIAN_POINT('',(5.796825021697,49.667054715099,
    68.335273575493));
#1407 = CARTESIAN_POINT('',(5.284934591933,49.722690192712,
    68.613450963561));
#1408 = CARTESIAN_POINT('',(4.013305616277,49.844341201297,
    69.221706006483));
#1409 = CARTESIAN_POINT('',(3.240933556776,49.904609504555,
    69.523047522776));
#1410 = CARTESIAN_POINT('',(2.447521808353,49.951708266172,
    69.758541330858));
#1411 = CARTESIAN_POINT('',(1.637855187143,49.983912126475,
    69.919560632375));
#1412 = CARTESIAN_POINT('',(0.818733345142,50.,70.));
#1413 = CARTESIAN_POINT('',(5.329070518201E-15,50.,70.));
#1414 = PCURVE('',#431,#1415);
#1415 = DEFINITIONAL_REPRESENTATION('',(#1416),#1429);
#1416 = B_SPLINE_CURVE_WITH_KNOTS('',6,(#1417,#1418,#1419,#1420,#1421,
    #1422,#1423,#1424,#1425,#1426,#1427,#1428),.UNSPECIFIED.,.F.,.F.,(7,
    5,7),(0.,0.411597259094,1.),.UNSPECIFIED.);
#1417 = CARTESIAN_POINT('',(2.605766761069,0.879999976));
#1418 = CARTESIAN_POINT('',(3.09748213863,0.894489735215));
#1419 = CARTESIAN_POINT('',(3.604302905264,0.908279778595));
#1420 = CARTESIAN_POINT('',(4.126660010603,0.921286972004));
#1421 = CARTESIAN_POINT('',(4.66467312633,0.93341094302));
#1422 = CARTESIAN_POINT('',(5.218070916345,0.944538038542));
#1423 = CARTESIAN_POINT('',(6.597906004571,0.968868240259));
#1424 = CARTESIAN_POINT('',(7.440192496337,0.980921900911));
#1425 = CARTESIAN_POINT('',(8.309031354122,0.990341653234));
#1426 = CARTESIAN_POINT('',(9.198358924245,0.996782425295));
#1427 = CARTESIAN_POINT('',(10.099393320344,1.));
#1428 = CARTESIAN_POINT('',(11.,1.));
#1429 = ( GEOMETRIC_REPRESENTATION_CONTEXT(2) 
PARAMETRIC_REPRESENTATION_CONTEXT() REPRESENTATION_CONTEXT('2D SPACE',''
  ) );
#1430 = PCURVE('',#1431,#1436);
#1431 = CYLINDRICAL_SURFACE('',#1432,50.);
#1432 = AXIS2_PLACEMENT_3D('',#1433,#1434,#1435);
#1433 = CARTESIAN_POINT('',(0.,0.,67.));
#1434 = DIRECTION('',(-0.,-0.,-1.));
#1435 = DIRECTION('',(1.,0.,0.));
#1436 = DEFINITIONAL_REPRESENTATION('',(#1437),#1450);
#1437 = B_SPLINE_CURVE_WITH_KNOTS('',6,(#1438,#1439,#1440,#1441,#1442,
    #1443,#1444,#1445,#1446,#1447,#1448,#1449),.UNSPECIFIED.,.F.,.F.,(7,
    5,7),(0.,0.411597259094,1.),.UNSPECIFIED.);
#1438 = CARTESIAN_POINT('',(-1.415721638292,5.999999999062E-07));
#1439 = CARTESIAN_POINT('',(-1.425102922914,-0.362243380364));
#1440 = CARTESIAN_POINT('',(-1.434706735031,-0.706994464884));
#1441 = CARTESIAN_POINT('',(-1.444540874911,-1.032174300102));
#1442 = CARTESIAN_POINT('',(-1.454608069128,-1.335273575492));
#1443 = CARTESIAN_POINT('',(-1.464905313116,-1.613450963561));
#1444 = CARTESIAN_POINT('',(-1.490454005604,-2.221706006483));
#1445 = CARTESIAN_POINT('',(-1.50594602666,-2.523047522776));
#1446 = CARTESIAN_POINT('',(-1.521837978495,-2.758541330858));
#1447 = CARTESIAN_POINT('',(-1.538039225467,-2.919560632375));
#1448 = CARTESIAN_POINT('',(-1.554421659892,-3.));
#1449 = CARTESIAN_POINT('',(-1.570796326795,-3.));
#1450 = ( GEOMETRIC_REPRESENTATION_CONTEXT(2) 
PARAMETRIC_REPRESENTATION_CONTEXT() REPRESENTATION_CONTEXT('2D SPACE',''
  ) );
#1451 = ORIENTED_EDGE('',*,*,#1452,.T.);
#1452 = EDGE_CURVE('',#1398,#1453,#1455,.T.);
#1453 = VERTEX_POINT('',#1454);
#1454 = CARTESIAN_POINT('',(2.119827998369,50.,70.));
#1455 = SURFACE_CURVE('',#1456,(#1474,#1495),.PCURVE_S1.);
#1456 = B_SPLINE_CURVE_WITH_KNOTS('',6,(#1457,#1458,#1459,#1460,#1461,
    #1462,#1463,#1464,#1465,#1466,#1467,#1468,#1469,#1470,#1471,#1472,
    #1473),.UNSPECIFIED.,.F.,.F.,(7,5,5,7),(0.,0.332668481869,
    0.520574782812,1.),.UNSPECIFIED.);
#1457 = CARTESIAN_POINT('',(3.,49.635723960575,68.178619802876));
#1458 = CARTESIAN_POINT('',(3.,49.661181268822,68.305906344111));
#1459 = CARTESIAN_POINT('',(2.991574900704,49.686668859998,
    68.433344299989));
#1460 = CARTESIAN_POINT('',(2.974688031723,49.711887293678,
    68.559436468388));
#1461 = CARTESIAN_POINT('',(2.94973733608,49.736588554001,
    68.682942770006));
#1462 = CARTESIAN_POINT('',(2.917357512572,49.760570678093,
    68.802853390463));
#1463 = CARTESIAN_POINT('',(2.856315964195,49.796724639473,
    68.983623197364));
#1464 = CARTESIAN_POINT('',(2.832159799836,49.809499154404,
    69.047495772022));
#1465 = CARTESIAN_POINT('',(2.80601448353,49.821973904162,
    69.109869520808));
#1466 = CARTESIAN_POINT('',(2.778018758913,49.834131476714,
    69.170657383572));
#1467 = CARTESIAN_POINT('',(2.748309447687,49.845960072527,
    69.229800362633));
#1468 = CARTESIAN_POINT('',(2.637167619257,49.886773837685,
    69.433869188426));
#1469 = CARTESIAN_POINT('',(2.547053791495,49.913885445668,
    69.569427228341));
#1470 = CARTESIAN_POINT('',(2.448714267801,49.938713562236,
    69.693567811178));
#1471 = CARTESIAN_POINT('',(2.343910988164,49.961284747817,
    69.806423739087));
#1472 = CARTESIAN_POINT('',(2.233993904774,49.981679938982,
    69.908399694909));
#1473 = CARTESIAN_POINT('',(2.119827998369,50.,70.));
#1474 = PCURVE('',#431,#1475);
#1475 = DEFINITIONAL_REPRESENTATION('',(#1476),#1494);
#1476 = B_SPLINE_CURVE_WITH_KNOTS('',6,(#1477,#1478,#1479,#1480,#1481,
    #1482,#1483,#1484,#1485,#1486,#1487,#1488,#1489,#1490,#1491,#1492,
    #1493),.UNSPECIFIED.,.F.,.F.,(7,5,5,7),(0.,0.332668481869,
    0.520574782812,1.),.UNSPECIFIED.);
#1477 = CARTESIAN_POINT('',(7.723868325421,0.927144792115));
#1478 = CARTESIAN_POINT('',(7.722212360113,0.932236253764));
#1479 = CARTESIAN_POINT('',(7.729752992765,0.937333772));
#1480 = CARTESIAN_POINT('',(7.74657067111,0.942377458736));
#1481 = CARTESIAN_POINT('',(7.772268328828,0.9473177108));
#1482 = CARTESIAN_POINT('',(7.806181540372,0.952114135619));
#1483 = CARTESIAN_POINT('',(7.870768268762,0.959344927895));
#1484 = CARTESIAN_POINT('',(7.896438145641,0.961899830881));
#1485 = CARTESIAN_POINT('',(7.924322210735,0.964394780832));
#1486 = CARTESIAN_POINT('',(7.954271178442,0.966826295343));
#1487 = CARTESIAN_POINT('',(7.98613697949,0.969192014505));
#1488 = CARTESIAN_POINT('',(8.10561967187,0.977354767537));
#1489 = CARTESIAN_POINT('',(8.202972165703,0.982777089134));
#1490 = CARTESIAN_POINT('',(8.309616730792,0.987742712447));
#1491 = CARTESIAN_POINT('',(8.423613136363,0.992256949563));
#1492 = CARTESIAN_POINT('',(8.54346108307,0.996335987796));
#1493 = CARTESIAN_POINT('',(8.668189201794,1.));
#1494 = ( GEOMETRIC_REPRESENTATION_CONTEXT(2) 
PARAMETRIC_REPRESENTATION_CONTEXT() REPRESENTATION_CONTEXT('2D SPACE',''
  ) );
#1495 = PCURVE('',#1496,#1501);
#1496 = CYLINDRICAL_SURFACE('',#1497,2.4);
#1497 = AXIS2_PLACEMENT_3D('',#1498,#1499,#1500);
#1498 = CARTESIAN_POINT('',(0.6,53.558046663339,67.394155262324));
#1499 = DIRECTION('',(-1.088663243655E-16,-0.980580675691,0.196116135138
    ));
#1500 = DIRECTION('',(2.177326487309E-17,0.196116135138,0.980580675691)
  );
#1501 = DEFINITIONAL_REPRESENTATION('',(#1502),#1520);
#1502 = B_SPLINE_CURVE_WITH_KNOTS('',6,(#1503,#1504,#1505,#1506,#1507,
    #1508,#1509,#1510,#1511,#1512,#1513,#1514,#1515,#1516,#1517,#1518,
    #1519),.UNSPECIFIED.,.F.,.F.,(7,5,5,7),(0.,0.332668481869,
    0.520574782812,1.),.UNSPECIFIED.);
#1503 = CARTESIAN_POINT('',(-1.570796326795,4.));
#1504 = CARTESIAN_POINT('',(-1.516709946997,4.));
#1505 = CARTESIAN_POINT('',(-1.462559285606,4.));
#1506 = CARTESIAN_POINT('',(-1.408695327412,4.));
#1507 = CARTESIAN_POINT('',(-1.355358302897,4.));
#1508 = CARTESIAN_POINT('',(-1.302747934899,4.));
#1509 = CARTESIAN_POINT('',(-1.221834204864,4.));
#1510 = CARTESIAN_POINT('',(-1.192905503206,4.));
#1511 = CARTESIAN_POINT('',(-1.164275927097,4.));
#1512 = CARTESIAN_POINT('',(-1.135958452526,4.));
#1513 = CARTESIAN_POINT('',(-1.107959225978,4.));
#1514 = CARTESIAN_POINT('',(-1.009655597773,4.));
#1515 = CARTESIAN_POINT('',(-0.941158378987,4.));
#1516 = CARTESIAN_POINT('',(-0.874691876846,4.));
#1517 = CARTESIAN_POINT('',(-0.810109638808,4.));
#1518 = CARTESIAN_POINT('',(-0.747224123674,4.));
#1519 = CARTESIAN_POINT('',(-0.685760360194,4.));
#1520 = ( GEOMETRIC_REPRESENTATION_CONTEXT(2) 
PARAMETRIC_REPRESENTATION_CONTEXT() REPRESENTATION_CONTEXT('2D SPACE',''
  ) );
#1521 = ORIENTED_EDGE('',*,*,#1522,.F.);
#1522 = EDGE_CURVE('',#827,#1453,#1523,.T.);
#1523 = SURFACE_CURVE('',#1524,(#1528,#1534),.PCURVE_S1.);
#1524 = LINE('',#1525,#1526);
#1525 = CARTESIAN_POINT('',(10.,50.,70.));
#1526 = VECTOR('',#1527,1.);
#1527 = DIRECTION('',(-1.,1.110223024625E-16,0.));
#1528 = PCURVE('',#431,#1529);
#1529 = DEFINITIONAL_REPRESENTATION('',(#1530),#1533);
#1530 = B_SPLINE_CURVE_WITH_KNOTS('',1,(#1531,#1532),.UNSPECIFIED.,.F.,
  .F.,(2,2),(0.,20.),.PIECEWISE_BEZIER_KNOTS.);
#1531 = CARTESIAN_POINT('',(0.,1.));
#1532 = CARTESIAN_POINT('',(22.,1.));
#1533 = ( GEOMETRIC_REPRESENTATION_CONTEXT(2) 
PARAMETRIC_REPRESENTATION_CONTEXT() REPRESENTATION_CONTEXT('2D SPACE',''
  ) );
#1534 = PCURVE('',#890,#1535);
#1535 = DEFINITIONAL_REPRESENTATION('',(#1536),#1540);
#1536 = LINE('',#1537,#1538);
#1537 = CARTESIAN_POINT('',(-9.992007221626E-16,-41.));
#1538 = VECTOR('',#1539,1.);
#1539 = DIRECTION('',(1.,0.));
#1540 = ( GEOMETRIC_REPRESENTATION_CONTEXT(2) 
PARAMETRIC_REPRESENTATION_CONTEXT() REPRESENTATION_CONTEXT('2D SPACE',''
  ) );
#1541 = ADVANCED_FACE('',(#1542,#1675),#560,.T.);
#1542 = FACE_BOUND('',#1543,.T.);
#1543 = EDGE_LOOP('',(#1544,#1565,#1566,#1598,#1623,#1649));
#1544 = ORIENTED_EDGE('',*,*,#1545,.F.);
#1545 = EDGE_CURVE('',#417,#1546,#1548,.T.);
#1546 = VERTEX_POINT('',#1547);
#1547 = CARTESIAN_POINT('',(-10.,59.,110.));
#1548 = SURFACE_CURVE('',#1549,(#1552,#1559),.PCURVE_S1.);
#1549 = B_SPLINE_CURVE_WITH_KNOTS('',1,(#1550,#1551),.UNSPECIFIED.,.F.,
  .F.,(2,2),(0.,1.),.PIECEWISE_BEZIER_KNOTS.);
#1550 = CARTESIAN_POINT('',(-10.,50.,70.));
#1551 = CARTESIAN_POINT('',(-10.,59.,110.));
#1552 = PCURVE('',#560,#1553);
#1553 = DEFINITIONAL_REPRESENTATION('',(#1554),#1558);
#1554 = LINE('',#1555,#1556);
#1555 = CARTESIAN_POINT('',(0.,0.));
#1556 = VECTOR('',#1557,1.);
#1557 = DIRECTION('',(0.,1.));
#1558 = ( GEOMETRIC_REPRESENTATION_CONTEXT(2) 
PARAMETRIC_REPRESENTATION_CONTEXT() REPRESENTATION_CONTEXT('2D SPACE',''
  ) );
#1559 = PCURVE('',#890,#1560);
#1560 = DEFINITIONAL_REPRESENTATION('',(#1561),#1564);
#1561 = B_SPLINE_CURVE_WITH_KNOTS('',1,(#1562,#1563),.UNSPECIFIED.,.F.,
  .F.,(2,2),(0.,1.),.PIECEWISE_BEZIER_KNOTS.);
#1562 = CARTESIAN_POINT('',(20.,-41.));
#1563 = CARTESIAN_POINT('',(20.,0.));
#1564 = ( GEOMETRIC_REPRESENTATION_CONTEXT(2) 
PARAMETRIC_REPRESENTATION_CONTEXT() REPRESENTATION_CONTEXT('2D SPACE',''
  ) );
#1565 = ORIENTED_EDGE('',*,*,#546,.T.);
#1566 = ORIENTED_EDGE('',*,*,#1567,.T.);
#1567 = EDGE_CURVE('',#513,#1568,#1570,.T.);
#1568 = VERTEX_POINT('',#1569);
#1569 = CARTESIAN_POINT('',(-10.,48.989794855664,75.));
#1570 = SURFACE_CURVE('',#1571,(#1578,#1588),.PCURVE_S1.);
#1571 = B_SPLINE_CURVE_WITH_KNOTS('',5,(#1572,#1573,#1574,#1575,#1576,
    #1577),.UNSPECIFIED.,.F.,.F.,(6,6),(0.,1.),
  .PIECEWISE_BEZIER_KNOTS.);
#1572 = CARTESIAN_POINT('',(-10.,48.989794855664,70.));
#1573 = CARTESIAN_POINT('',(-10.,48.989794855664,71.022477024807));
#1574 = CARTESIAN_POINT('',(-10.,48.989794855664,71.969893062895));
#1575 = CARTESIAN_POINT('',(-10.,48.989794855664,73.047570834809));
#1576 = CARTESIAN_POINT('',(-10.,48.989794855664,74.178010327576));
#1577 = CARTESIAN_POINT('',(-10.,48.989794855664,75.0000006));
#1578 = PCURVE('',#560,#1579);
#1579 = DEFINITIONAL_REPRESENTATION('',(#1580),#1587);
#1580 = B_SPLINE_CURVE_WITH_KNOTS('',5,(#1581,#1582,#1583,#1584,#1585,
    #1586),.UNSPECIFIED.,.F.,.F.,(6,6),(0.,1.),
  .PIECEWISE_BEZIER_KNOTS.);
#1581 = CARTESIAN_POINT('',(1.010205144336,0.));
#1582 = CARTESIAN_POINT('',(1.240262474918,2.556192562018E-02));
#1583 = CARTESIAN_POINT('',(1.453431083488,4.924732657238E-02));
#1584 = CARTESIAN_POINT('',(1.695908582169,7.618927087023E-02));
#1585 = CARTESIAN_POINT('',(1.950257468041,0.104450258189));
#1586 = CARTESIAN_POINT('',(2.135205279336,0.125000015));
#1587 = ( GEOMETRIC_REPRESENTATION_CONTEXT(2) 
PARAMETRIC_REPRESENTATION_CONTEXT() REPRESENTATION_CONTEXT('2D SPACE',''
  ) );
#1588 = PCURVE('',#532,#1589);
#1589 = DEFINITIONAL_REPRESENTATION('',(#1590),#1597);
#1590 = B_SPLINE_CURVE_WITH_KNOTS('',5,(#1591,#1592,#1593,#1594,#1595,
    #1596),.UNSPECIFIED.,.F.,.F.,(6,6),(0.,0.999999854013),
  .PIECEWISE_BEZIER_KNOTS.);
#1591 = CARTESIAN_POINT('',(-1.772154247585,-3.));
#1592 = CARTESIAN_POINT('',(-1.772154247585,-4.022476875539));
#1593 = CARTESIAN_POINT('',(-1.772154247585,-4.969892786274));
#1594 = CARTESIAN_POINT('',(-1.772154247585,-6.047570362828));
#1595 = CARTESIAN_POINT('',(-1.772154247585,-7.178009667458));
#1596 = CARTESIAN_POINT('',(-1.772154247585,-8.));
#1597 = ( GEOMETRIC_REPRESENTATION_CONTEXT(2) 
PARAMETRIC_REPRESENTATION_CONTEXT() REPRESENTATION_CONTEXT('2D SPACE',''
  ) );
#1598 = ORIENTED_EDGE('',*,*,#1599,.F.);
#1599 = EDGE_CURVE('',#1600,#1568,#1602,.T.);
#1600 = VERTEX_POINT('',#1601);
#1601 = CARTESIAN_POINT('',(-10.,38.125,75.));
#1602 = SURFACE_CURVE('',#1603,(#1606,#1612),.PCURVE_S1.);
#1603 = B_SPLINE_CURVE_WITH_KNOTS('',1,(#1604,#1605),.UNSPECIFIED.,.F.,
  .F.,(2,2),(0.,1.),.PIECEWISE_BEZIER_KNOTS.);
#1604 = CARTESIAN_POINT('',(-10.,38.125,75.));
#1605 = CARTESIAN_POINT('',(-10.,50.,75.));
#1606 = PCURVE('',#560,#1607);
#1607 = DEFINITIONAL_REPRESENTATION('',(#1608),#1611);
#1608 = B_SPLINE_CURVE_WITH_KNOTS('',1,(#1609,#1610),.UNSPECIFIED.,.F.,
  .F.,(2,2),(0.,1.),.PIECEWISE_BEZIER_KNOTS.);
#1609 = CARTESIAN_POINT('',(13.,0.125));
#1610 = CARTESIAN_POINT('',(1.125,0.125));
#1611 = ( GEOMETRIC_REPRESENTATION_CONTEXT(2) 
PARAMETRIC_REPRESENTATION_CONTEXT() REPRESENTATION_CONTEXT('2D SPACE',''
  ) );
#1612 = PCURVE('',#1613,#1618);
#1613 = PLANE('',#1614);
#1614 = AXIS2_PLACEMENT_3D('',#1615,#1616,#1617);
#1615 = CARTESIAN_POINT('',(-1.75032336965E-15,3.209892110372E-15,75.));
#1616 = DIRECTION('',(0.,0.,1.));
#1617 = DIRECTION('',(1.,0.,-0.));
#1618 = DEFINITIONAL_REPRESENTATION('',(#1619),#1622);
#1619 = B_SPLINE_CURVE_WITH_KNOTS('',1,(#1620,#1621),.UNSPECIFIED.,.F.,
  .F.,(2,2),(0.,1.),.PIECEWISE_BEZIER_KNOTS.);
#1620 = CARTESIAN_POINT('',(-10.,38.125));
#1621 = CARTESIAN_POINT('',(-10.,50.));
#1622 = ( GEOMETRIC_REPRESENTATION_CONTEXT(2) 
PARAMETRIC_REPRESENTATION_CONTEXT() REPRESENTATION_CONTEXT('2D SPACE',''
  ) );
#1623 = ORIENTED_EDGE('',*,*,#1624,.T.);
#1624 = EDGE_CURVE('',#1600,#1625,#1627,.T.);
#1625 = VERTEX_POINT('',#1626);
#1626 = CARTESIAN_POINT('',(-10.,46.,110.));
#1627 = SURFACE_CURVE('',#1628,(#1631,#1638),.PCURVE_S1.);
#1628 = B_SPLINE_CURVE_WITH_KNOTS('',1,(#1629,#1630),.UNSPECIFIED.,.F.,
  .F.,(2,2),(0.,1.),.PIECEWISE_BEZIER_KNOTS.);
#1629 = CARTESIAN_POINT('',(-10.,37.,70.));
#1630 = CARTESIAN_POINT('',(-10.,46.,110.));
#1631 = PCURVE('',#560,#1632);
#1632 = DEFINITIONAL_REPRESENTATION('',(#1633),#1637);
#1633 = LINE('',#1634,#1635);
#1634 = CARTESIAN_POINT('',(13.,0.));
#1635 = VECTOR('',#1636,1.);
#1636 = DIRECTION('',(0.,1.));
#1637 = ( GEOMETRIC_REPRESENTATION_CONTEXT(2) 
PARAMETRIC_REPRESENTATION_CONTEXT() REPRESENTATION_CONTEXT('2D SPACE',''
  ) );
#1638 = PCURVE('',#1639,#1644);
#1639 = PLANE('',#1640);
#1640 = AXIS2_PLACEMENT_3D('',#1641,#1642,#1643);
#1641 = CARTESIAN_POINT('',(-10.,46.,110.));
#1642 = DIRECTION('',(-1.083144414268E-16,-0.975609756098,0.219512195122
    ));
#1643 = DIRECTION('',(1.,-1.110223024625E-16,0.));
#1644 = DEFINITIONAL_REPRESENTATION('',(#1645),#1648);
#1645 = B_SPLINE_CURVE_WITH_KNOTS('',1,(#1646,#1647),.UNSPECIFIED.,.F.,
  .F.,(2,2),(0.,1.),.PIECEWISE_BEZIER_KNOTS.);
#1646 = CARTESIAN_POINT('',(0.,-41.));
#1647 = CARTESIAN_POINT('',(0.,0.));
#1648 = ( GEOMETRIC_REPRESENTATION_CONTEXT(2) 
PARAMETRIC_REPRESENTATION_CONTEXT() REPRESENTATION_CONTEXT('2D SPACE',''
  ) );
#1649 = ORIENTED_EDGE('',*,*,#1650,.F.);
#1650 = EDGE_CURVE('',#1546,#1625,#1651,.T.);
#1651 = SURFACE_CURVE('',#1652,(#1656,#1663),.PCURVE_S1.);
#1652 = LINE('',#1653,#1654);
#1653 = CARTESIAN_POINT('',(-10.,59.,110.));
#1654 = VECTOR('',#1655,1.);
#1655 = DIRECTION('',(-1.110223024625E-16,-1.,0.));
#1656 = PCURVE('',#560,#1657);
#1657 = DEFINITIONAL_REPRESENTATION('',(#1658),#1662);
#1658 = LINE('',#1659,#1660);
#1659 = CARTESIAN_POINT('',(0.,1.));
#1660 = VECTOR('',#1661,1.);
#1661 = DIRECTION('',(1.,0.));
#1662 = ( GEOMETRIC_REPRESENTATION_CONTEXT(2) 
PARAMETRIC_REPRESENTATION_CONTEXT() REPRESENTATION_CONTEXT('2D SPACE',''
  ) );
#1663 = PCURVE('',#1664,#1669);
#1664 = B_SPLINE_SURFACE_WITH_KNOTS('',1,1,(
    (#1665,#1666)
    ,(#1667,#1668
    )),.UNSPECIFIED.,.F.,.F.,.F.,(2,2),(2,2),(0.,13.),(0.,1.),
  .PIECEWISE_BEZIER_KNOTS.);
#1665 = CARTESIAN_POINT('',(-10.,59.,110.));
#1666 = CARTESIAN_POINT('',(-11.,60.,150.));
#1667 = CARTESIAN_POINT('',(-10.,46.,110.));
#1668 = CARTESIAN_POINT('',(-11.,47.,150.));
#1669 = DEFINITIONAL_REPRESENTATION('',(#1670),#1674);
#1670 = LINE('',#1671,#1672);
#1671 = CARTESIAN_POINT('',(0.,0.));
#1672 = VECTOR('',#1673,1.);
#1673 = DIRECTION('',(1.,0.));
#1674 = ( GEOMETRIC_REPRESENTATION_CONTEXT(2) 
PARAMETRIC_REPRESENTATION_CONTEXT() REPRESENTATION_CONTEXT('2D SPACE',''
  ) );
#1675 = FACE_BOUND('',#1676,.T.);
#1676 = EDGE_LOOP('',(#1677));
#1677 = ORIENTED_EDGE('',*,*,#1678,.T.);
#1678 = EDGE_CURVE('',#1679,#1679,#1681,.T.);
#1679 = VERTEX_POINT('',#1680);
#1680 = CARTESIAN_POINT('',(-10.,47.55,90.5));
#1681 = SURFACE_CURVE('',#1682,(#1798,#1959),.PCURVE_S1.);
#1682 = B_SPLINE_CURVE_WITH_KNOTS('',7,(#1683,#1684,#1685,#1686,#1687,
    #1688,#1689,#1690,#1691,#1692,#1693,#1694,#1695,#1696,#1697,#1698,
    #1699,#1700,#1701,#1702,#1703,#1704,#1705,#1706,#1707,#1708,#1709,
    #1710,#1711,#1712,#1713,#1714,#1715,#1716,#1717,#1718,#1719,#1720,
    #1721,#1722,#1723,#1724,#1725,#1726,#1727,#1728,#1729,#1730,#1731,
    #1732,#1733,#1734,#1735,#1736,#1737,#1738,#1739,#1740,#1741,#1742,
    #1743,#1744,#1745,#1746,#1747,#1748,#1749,#1750,#1751,#1752,#1753,
    #1754,#1755,#1756,#1757,#1758,#1759,#1760,#1761,#1762,#1763,#1764,
    #1765,#1766,#1767,#1768,#1769,#1770,#1771,#1772,#1773,#1774,#1775,
    #1776,#1777,#1778,#1779,#1780,#1781,#1782,#1783,#1784,#1785,#1786,
    #1787,#1788,#1789,#1790,#1791,#1792,#1793,#1794,#1795,#1796,#1797),
  .UNSPECIFIED.,.T.,.F.,(8,6,6,6,6,6,6,6,6,6,6,6,6,6,6,5,6,6,6,8),(0.,
    0.113004743807,0.164208454036,0.224046982013,0.305920742779,
    0.368322236896,0.42191619911,0.464314750699,0.496711379354,
    0.581361740355,0.698885380006,0.741270815347,0.794829972916,
    0.856042889865,0.939091870707,1.,1.05520542338,1.096282262901,
    1.214569180353,1.265594609946),.UNSPECIFIED.);
#1683 = CARTESIAN_POINT('',(-10.,47.55,90.5));
#1684 = CARTESIAN_POINT('',(-10.,47.374134083542,90.5));
#1685 = CARTESIAN_POINT('',(-10.,47.196867783265,90.485566843386));
#1686 = CARTESIAN_POINT('',(-10.,47.018769355427,90.456284669497));
#1687 = CARTESIAN_POINT('',(-10.,46.840648522887,90.411496982322));
#1688 = CARTESIAN_POINT('',(-10.,46.6635764221,90.350398096687));
#1689 = CARTESIAN_POINT('',(-10.,46.488883342703,90.27211371593));
#1690 = CARTESIAN_POINT('',(-10.,46.240872933852,90.131685822445));
#1691 = CARTESIAN_POINT('',(-10.,46.164393404693,90.084146095526));
#1692 = CARTESIAN_POINT('',(-10.,46.088934757021,90.032759488729));
#1693 = CARTESIAN_POINT('',(-10.,46.014698553383,89.977435443207));
#1694 = CARTESIAN_POINT('',(-10.,45.941920425638,89.918095538309));
#1695 = CARTESIAN_POINT('',(-10.,45.870868039151,89.854680613156));
#1696 = CARTESIAN_POINT('',(-10.,45.721169264494,89.708248362935));
#1697 = CARTESIAN_POINT('',(-10.,45.643262575744,89.623728903826));
#1698 = CARTESIAN_POINT('',(-10.,45.568612980732,89.533564602341));
#1699 = CARTESIAN_POINT('',(-10.,45.497793737245,89.437810825698));
#1700 = CARTESIAN_POINT('',(-10.,45.431440311323,89.33664121959));
#1701 = CARTESIAN_POINT('',(-10.,45.370212521874,89.230394535104));
#1702 = CARTESIAN_POINT('',(-10.,45.238830270086,88.9681013348));
#1703 = CARTESIAN_POINT('',(-10.,45.173514390065,88.807771503156));
#1704 = CARTESIAN_POINT('',(-10.,45.120806608788,88.640699189148));
#1705 = CARTESIAN_POINT('',(-10.,45.081933329905,88.469181393513));
#1706 = CARTESIAN_POINT('',(-10.,45.057456328873,88.295686873275));
#1707 = CARTESIAN_POINT('',(-10.,45.047265530849,88.122808566542));
#1708 = CARTESIAN_POINT('',(-10.,45.052854610817,87.824009710566));
#1709 = CARTESIAN_POINT('',(-10.,45.063038518548,87.696490211912));
#1710 = CARTESIAN_POINT('',(-10.,45.080629171343,87.571580021764));
#1711 = CARTESIAN_POINT('',(-10.,45.105111596984,87.449943056552));
#1712 = CARTESIAN_POINT('',(-10.,45.135915277795,87.332055807472));
#1713 = CARTESIAN_POINT('',(-10.,45.172480052104,87.218239186268));
#1714 = CARTESIAN_POINT('',(-10.,45.250195572837,87.014584922595));
#1715 = CARTESIAN_POINT('',(-10.,45.289970621989,86.923630900646));
#1716 = CARTESIAN_POINT('',(-10.,45.333292683544,86.835919800343));
#1717 = CARTESIAN_POINT('',(-10.,45.37986087656,86.751512507992));
#1718 = CARTESIAN_POINT('',(-10.,45.429399548885,86.670435650277));
#1719 = CARTESIAN_POINT('',(-10.,45.481663641783,86.592687991483));
#1720 = CARTESIAN_POINT('',(-10.,45.579781215363,86.459355917201));
#1721 = CARTESIAN_POINT('',(-10.,45.624690004601,86.402538652165));
#1722 = CARTESIAN_POINT('',(-10.,45.671064704954,86.347785852799));
#1723 = CARTESIAN_POINT('',(-10.,45.718807953554,86.295086122484));
#1724 = CARTESIAN_POINT('',(-10.,45.767830792119,86.244426185482));
#1725 = CARTESIAN_POINT('',(-10.,45.818052717065,86.195791221607));
#1726 = CARTESIAN_POINT('',(-10.,45.908637383414,86.113538373507));
#1727 = CARTESIAN_POINT('',(-10.,45.948530378171,86.079085096726));
#1728 = CARTESIAN_POINT('',(-10.,45.98904822467,86.045798601554));
#1729 = CARTESIAN_POINT('',(-10.,46.030160330187,86.013672507766));
#1730 = CARTESIAN_POINT('',(-10.,46.071837998498,85.982700823905));
#1731 = CARTESIAN_POINT('',(-10.,46.114054429875,85.952877947284));
#1732 = CARTESIAN_POINT('',(-10.,46.26843629494,85.849261493501));
#1733 = CARTESIAN_POINT('',(-10.,46.383582797655,85.782141001397));
#1734 = CARTESIAN_POINT('',(-10.,46.501795337884,85.722729978832));
#1735 = CARTESIAN_POINT('',(-10.,46.622691872329,85.670975703851));
#1736 = CARTESIAN_POINT('',(-10.,46.745927650707,85.626860168941));
#1737 = CARTESIAN_POINT('',(-10.,46.871192190394,85.590398286467));
#1738 = CARTESIAN_POINT('',(-10.,47.174560783458,85.521747275776));
#1739 = CARTESIAN_POINT('',(-10.,47.35419392225,85.49673844004));
#1740 = CARTESIAN_POINT('',(-10.,47.536439820466,85.486755370783));
#1741 = CARTESIAN_POINT('',(-10.,47.720543353205,85.492182642361));
#1742 = CARTESIAN_POINT('',(-10.,47.905637254755,85.513575070141));
#1743 = CARTESIAN_POINT('',(-10.,48.090737131048,85.551620547641));
#1744 = CARTESIAN_POINT('',(-10.,48.341085369279,85.627450484186));
#1745 = CARTESIAN_POINT('',(-10.,48.407285610851,85.649846401873));
#1746 = CARTESIAN_POINT('',(-10.,48.473270786574,85.674584065513));
#1747 = CARTESIAN_POINT('',(-10.,48.53897460726,85.701711306765));
#1748 = CARTESIAN_POINT('',(-10.,48.604322500104,85.731278185889));
#1749 = CARTESIAN_POINT('',(-10.,48.669231510556,85.763336669544));
#1750 = CARTESIAN_POINT('',(-10.,48.814960521068,85.841666219174));
#1751 = CARTESIAN_POINT('',(-10.,48.895456520299,85.889452120255));
#1752 = CARTESIAN_POINT('',(-10.,48.974919467933,85.941407912545));
#1753 = CARTESIAN_POINT('',(-10.,49.053129093328,85.997639549923));
#1754 = CARTESIAN_POINT('',(-10.,49.129825677598,86.05824100652));
#1755 = CARTESIAN_POINT('',(-10.,49.204712142048,86.123286243796));
#1756 = CARTESIAN_POINT('',(-10.,49.360595459576,86.272292855718));
#1757 = CARTESIAN_POINT('',(-10.,49.440935239802,86.357627735754));
#1758 = CARTESIAN_POINT('',(-10.,49.517959041029,86.448875970281));
#1759 = CARTESIAN_POINT('',(-10.,49.591061917104,86.545993451326));
#1760 = CARTESIAN_POINT('',(-10.,49.659568257105,86.648811256214));
#1761 = CARTESIAN_POINT('',(-10.,49.722772513453,86.756983994909));
#1762 = CARTESIAN_POINT('',(-10.,49.857648484763,87.023135959945));
#1763 = CARTESIAN_POINT('',(-10.,49.924489007337,87.185493166035));
#1764 = CARTESIAN_POINT('',(-10.,49.978393178605,87.354867848072));
#1765 = CARTESIAN_POINT('',(-10.,50.018065710716,87.528870769199));
#1766 = CARTESIAN_POINT('',(-10.,50.042912291307,87.704927385188));
#1767 = CARTESIAN_POINT('',(-10.,50.053048656719,87.88033042995));
#1768 = CARTESIAN_POINT('',(-10.,50.046817119045,88.17835660345));
#1769 = CARTESIAN_POINT('',(-10.,50.036790157762,88.302791752957));
#1770 = CARTESIAN_POINT('',(-10.,50.01971065464,88.424740157981));
#1771 = CARTESIAN_POINT('',(-10.,49.996056349002,88.543582839165));
#1772 = CARTESIAN_POINT('',(-10.,49.966356271221,88.65887194073));
#1773 = CARTESIAN_POINT('',(-10.,49.899204773826,88.871301089388));
#1774 = CARTESIAN_POINT('',(-10.,49.813736067208,89.069040708125));
#1775 = CARTESIAN_POINT('',(-10.,49.769312973046,89.159617057975));
#1776 = CARTESIAN_POINT('',(-10.,49.721432726391,89.246687606125));
#1777 = CARTESIAN_POINT('',(-10.,49.670397679492,89.330222583757));
#1778 = CARTESIAN_POINT('',(-10.,49.61647566793,89.41022375498));
#1779 = CARTESIAN_POINT('',(-10.,49.517792633402,89.543633421001));
#1780 = CARTESIAN_POINT('',(-10.,49.474222021797,89.598603574359));
#1781 = CARTESIAN_POINT('',(-10.,49.429277686579,89.651635844153));
#1782 = CARTESIAN_POINT('',(-10.,49.38304806296,89.702740625622));
#1783 = CARTESIAN_POINT('',(-10.,49.335614167947,89.751929979706));
#1784 = CARTESIAN_POINT('',(-10.,49.287049555741,89.799217346077));
#1785 = CARTESIAN_POINT('',(-10.,49.094505313729,89.975353103434));
#1786 = CARTESIAN_POINT('',(-10.,48.942838575432,90.09036720817));
#1787 = CARTESIAN_POINT('',(-10.,48.783909111708,90.190126260418));
#1788 = CARTESIAN_POINT('',(-10.,48.61893061797,90.274834797188));
#1789 = CARTESIAN_POINT('',(-10.,48.448948454508,90.344627388371));
#1790 = CARTESIAN_POINT('',(-10.,48.274827309479,90.399531257802));
#1791 = CARTESIAN_POINT('',(-10.,48.020632360126,90.456556342397));
#1792 = CARTESIAN_POINT('',(-10.,47.943396275955,90.470935271752));
#1793 = CARTESIAN_POINT('',(-10.,47.865593604784,90.482493143873));
#1794 = CARTESIAN_POINT('',(-10.,47.787287965136,90.491209190949));
#1795 = CARTESIAN_POINT('',(-10.,47.708543623394,90.497056129933));
#1796 = CARTESIAN_POINT('',(-10.,47.629425637393,90.5));
#1797 = CARTESIAN_POINT('',(-10.,47.55,90.5));
#1798 = PCURVE('',#560,#1799);
#1799 = DEFINITIONAL_REPRESENTATION('',(#1800),#1958);
#1800 = B_SPLINE_CURVE_WITH_KNOTS('',3,(#1801,#1802,#1803,#1804,#1805,
    #1806,#1807,#1808,#1809,#1810,#1811,#1812,#1813,#1814,#1815,#1816,
    #1817,#1818,#1819,#1820,#1821,#1822,#1823,#1824,#1825,#1826,#1827,
    #1828,#1829,#1830,#1831,#1832,#1833,#1834,#1835,#1836,#1837,#1838,
    #1839,#1840,#1841,#1842,#1843,#1844,#1845,#1846,#1847,#1848,#1849,
    #1850,#1851,#1852,#1853,#1854,#1855,#1856,#1857,#1858,#1859,#1860,
    #1861,#1862,#1863,#1864,#1865,#1866,#1867,#1868,#1869,#1870,#1871,
    #1872,#1873,#1874,#1875,#1876,#1877,#1878,#1879,#1880,#1881,#1882,
    #1883,#1884,#1885,#1886,#1887,#1888,#1889,#1890,#1891,#1892,#1893,
    #1894,#1895,#1896,#1897,#1898,#1899,#1900,#1901,#1902,#1903,#1904,
    #1905,#1906,#1907,#1908,#1909,#1910,#1911,#1912,#1913,#1914,#1915,
    #1916,#1917,#1918,#1919,#1920,#1921,#1922,#1923,#1924,#1925,#1926,
    #1927,#1928,#1929,#1930,#1931,#1932,#1933,#1934,#1935,#1936,#1937,
    #1938,#1939,#1940,#1941,#1942,#1943,#1944,#1945,#1946,#1947,#1948,
    #1949,#1950,#1951,#1952,#1953,#1954,#1955,#1956,#1957),
  .UNSPECIFIED.,.F.,.F.,(4,1,1,1,1,1,1,1,1,1,1,1,1,1,1,1,1,1,1,1,1,1,1,1
    ,1,1,1,1,1,1,1,1,1,1,1,1,1,1,1,1,1,1,1,1,1,1,1,1,1,1,1,1,1,1,1,1,1,1
    ,1,1,1,1,1,1,1,1,1,1,1,1,1,1,1,1,1,1,1,1,1,1,1,1,1,1,1,1,1,1,1,1,1,1
    ,1,1,1,1,1,1,1,1,1,1,1,1,1,1,1,1,1,1,1,1,1,1,1,1,1,1,1,1,1,1,1,1,1,1
    ,1,1,1,1,1,1,1,1,1,1,1,1,1,1,1,1,1,1,1,1,1,1,1,1,1,1,1,1,4),(0.,
    8.218146817831E-03,1.643629363566E-02,2.465444045349E-02,
    3.287258727132E-02,4.109073408915E-02,4.930888090699E-02,
    5.752702772482E-02,6.574517454265E-02,7.396332136048E-02,
    8.218146817831E-02,9.039961499614E-02,9.861776181397E-02,
    0.106835908632,0.11505405545,0.123272202267,0.131490349085,
    0.139708495903,0.147926642721,0.156144789539,0.164362936357,
    0.172581083174,0.180799229992,0.18901737681,0.197235523628,
    0.205453670446,0.213671817264,0.221889964081,0.230108110899,
    0.238326257717,0.246544404535,0.254762551353,0.262980698171,
    0.271198844988,0.279416991806,0.287635138624,0.295853285442,
    0.30407143226,0.312289579078,0.320507725895,0.328725872713,
    0.336944019531,0.345162166349,0.353380313167,0.361598459985,
    0.369816606802,0.37803475362,0.386252900438,0.394471047256,
    0.402689194074,0.410907340892,0.419125487709,0.427343634527,
    0.435561781345,0.443779928163,0.451998074981,0.460216221799,
    0.468434368616,0.476652515434,0.484870662252,0.49308880907,
    0.501306955888,0.509525102706,0.517743249523,0.525961396341,
    0.534179543159,0.542397689977,0.550615836795,0.558833983613,
    0.56705213043,0.575270277248,0.583488424066,0.591706570884,
    0.599924717702,0.608142864519,0.616361011337,0.624579158155,
    0.632797304973,0.641015451791,0.649233598609,0.657451745426,
    0.665669892244,0.673888039062,0.68210618588,0.690324332698,
    0.698542479516,0.706760626333,0.714978773151,0.723196919969,
    0.731415066787,0.739633213605,0.747851360423,0.75606950724,
    0.764287654058,0.772505800876,0.780723947694,0.788942094512,
    0.79716024133,0.805378388147,0.813596534965,0.821814681783,
    0.830032828601,0.838250975419,0.846469122237,0.854687269054,
    0.862905415872,0.87112356269,0.879341709508,0.887559856326,
    0.895778003144,0.903996149961,0.912214296779,0.920432443597,
    0.928650590415,0.936868737233,0.945086884051,0.953305030868,
    0.961523177686,0.969741324504,0.977959471322,0.98617761814,
    0.994395764958,1.002613911775,1.010832058593,1.019050205411,
    1.027268352229,1.035486499047,1.043704645865,1.051922792682,
    1.0601409395,1.068359086318,1.076577233136,1.084795379954,
    1.093013526772,1.101231673589,1.109449820407,1.117667967225,
    1.125886114043,1.134104260861,1.142322407678,1.150540554496,
    1.158758701314,1.166976848132,1.17519499495,1.183413141768,
    1.191631288585,1.199849435403,1.208067582221,1.216285729039,
    1.224503875857,1.232722022675,1.240940169492,1.24915831631,
    1.257376463128,1.265594609946),.QUASI_UNIFORM_KNOTS.);
#1801 = CARTESIAN_POINT('',(7.0625,0.5125));
#1802 = CARTESIAN_POINT('',(7.092341955464,0.512499989365));
#1803 = CARTESIAN_POINT('',(7.151891298003,0.512473292025));
#1804 = CARTESIAN_POINT('',(7.240747065955,0.512352168532));
#1805 = CARTESIAN_POINT('',(7.32907276339,0.512148965807));
#1806 = CARTESIAN_POINT('',(7.416797059565,0.511862515739));
#1807 = CARTESIAN_POINT('',(7.503842412856,0.511491554037));
#1808 = CARTESIAN_POINT('',(7.590124200238,0.511034712621));
#1809 = CARTESIAN_POINT('',(7.675550943791,0.510490530681));
#1810 = CARTESIAN_POINT('',(7.760024220659,0.509857457966));
#1811 = CARTESIAN_POINT('',(7.843438602288,0.509133857252));
#1812 = CARTESIAN_POINT('',(7.925681607647,0.508318002156));
#1813 = CARTESIAN_POINT('',(8.006633340069,0.507408076321));
#1814 = CARTESIAN_POINT('',(8.08616709886,0.506402151235));
#1815 = CARTESIAN_POINT('',(8.164146085773,0.505298225275));
#1816 = CARTESIAN_POINT('',(8.240434389176,0.504094013871));
#1817 = CARTESIAN_POINT('',(8.314848813963,0.50278773757));
#1818 = CARTESIAN_POINT('',(8.3872072264,0.501377484541));
#1819 = CARTESIAN_POINT('',(8.457316104243,0.499861347096));
#1820 = CARTESIAN_POINT('',(8.524962774217,0.498237628824));
#1821 = CARTESIAN_POINT('',(8.589918758297,0.496504848405));
#1822 = CARTESIAN_POINT('',(8.651940009717,0.494661803918));
#1823 = CARTESIAN_POINT('',(8.710768481472,0.492707598501));
#1824 = CARTESIAN_POINT('',(8.766122598323,0.490642103678));
#1825 = CARTESIAN_POINT('',(8.817706142375,0.488465977392));
#1826 = CARTESIAN_POINT('',(8.865212978485,0.486180749173));
#1827 = CARTESIAN_POINT('',(8.908331608158,0.483788977245));
#1828 = CARTESIAN_POINT('',(8.94675228091,0.481294292671));
#1829 = CARTESIAN_POINT('',(8.980169126823,0.478701918891));
#1830 = CARTESIAN_POINT('',(9.008304726365,0.476017498168));
#1831 = CARTESIAN_POINT('',(9.030901610763,0.473247393578));
#1832 = CARTESIAN_POINT('',(9.047703555111,0.470404123206));
#1833 = CARTESIAN_POINT('',(9.058537042565,0.46749936034));
#1834 = CARTESIAN_POINT('',(9.063289192537,0.46454553406));
#1835 = CARTESIAN_POINT('',(9.061911759724,0.461555353117));
#1836 = CARTESIAN_POINT('',(9.054419061742,0.458541887137));
#1837 = CARTESIAN_POINT('',(9.040888486575,0.455518517857));
#1838 = CARTESIAN_POINT('',(9.021461117195,0.452498875524));
#1839 = CARTESIAN_POINT('',(8.996343672736,0.449496987263));
#1840 = CARTESIAN_POINT('',(8.965809431328,0.44652661502));
#1841 = CARTESIAN_POINT('',(8.9301083805,0.443594934688));
#1842 = CARTESIAN_POINT('',(8.889541848785,0.440711585677));
#1843 = CARTESIAN_POINT('',(8.844415474446,0.437884051518));
#1844 = CARTESIAN_POINT('',(8.795041182241,0.435118867945));
#1845 = CARTESIAN_POINT('',(8.741728485959,0.432421407407));
#1846 = CARTESIAN_POINT('',(8.684779526755,0.429796030514));
#1847 = CARTESIAN_POINT('',(8.62448480849,0.427246153698));
#1848 = CARTESIAN_POINT('',(8.561117341963,0.424774245337));
#1849 = CARTESIAN_POINT('',(8.494927086594,0.422381874114));
#1850 = CARTESIAN_POINT('',(8.426150614866,0.420070225343));
#1851 = CARTESIAN_POINT('',(8.355008915022,0.417840074028));
#1852 = CARTESIAN_POINT('',(8.28170687852,0.415691834803));
#1853 = CARTESIAN_POINT('',(8.206432515867,0.41362559411));
#1854 = CARTESIAN_POINT('',(8.129355574165,0.411641136573));
#1855 = CARTESIAN_POINT('',(8.050639009955,0.409738264257));
#1856 = CARTESIAN_POINT('',(7.970428107472,0.40791652482));
#1857 = CARTESIAN_POINT('',(7.888858994152,0.406175445731));
#1858 = CARTESIAN_POINT('',(7.806057144618,0.404514497462));
#1859 = CARTESIAN_POINT('',(7.722137100345,0.402933097015));
#1860 = CARTESIAN_POINT('',(7.637207179251,0.401430702998));
#1861 = CARTESIAN_POINT('',(7.551367068547,0.400006766656));
#1862 = CARTESIAN_POINT('',(7.464710390841,0.398660776124));
#1863 = CARTESIAN_POINT('',(7.377324324375,0.39739225294));
#1864 = CARTESIAN_POINT('',(7.289295325627,0.396200822961));
#1865 = CARTESIAN_POINT('',(7.200697172632,0.395086052958));
#1866 = CARTESIAN_POINT('',(7.111602900783,0.394047623004));
#1867 = CARTESIAN_POINT('',(7.022082762472,0.393085286535));
#1868 = CARTESIAN_POINT('',(6.932204886167,0.39219887432));
#1869 = CARTESIAN_POINT('',(6.842035153861,0.391388288863));
#1870 = CARTESIAN_POINT('',(6.751637442682,0.390653504562));
#1871 = CARTESIAN_POINT('',(6.661073128601,0.38999456579));
#1872 = CARTESIAN_POINT('',(6.570403114644,0.389411598897));
#1873 = CARTESIAN_POINT('',(6.479680436092,0.388904782004));
#1874 = CARTESIAN_POINT('',(6.388982209389,0.388474502661));
#1875 = CARTESIAN_POINT('',(6.298363690926,0.388121094935));
#1876 = CARTESIAN_POINT('',(6.207879508988,0.38784499956));
#1877 = CARTESIAN_POINT('',(6.117588132102,0.387646770927));
#1878 = CARTESIAN_POINT('',(6.027550713115,0.387527066874));
#1879 = CARTESIAN_POINT('',(5.937831442556,0.387486644805));
#1880 = CARTESIAN_POINT('',(5.848497504511,0.387526358081));
#1881 = CARTESIAN_POINT('',(5.759619147675,0.387647154585));
#1882 = CARTESIAN_POINT('',(5.671269746857,0.38785007714));
#1883 = CARTESIAN_POINT('',(5.583525860302,0.388136266387));
#1884 = CARTESIAN_POINT('',(5.496467405256,0.388506965278));
#1885 = CARTESIAN_POINT('',(5.410177475837,0.388963529129));
#1886 = CARTESIAN_POINT('',(5.324743603707,0.389507427579));
#1887 = CARTESIAN_POINT('',(5.240253754611,0.390140290315));
#1888 = CARTESIAN_POINT('',(5.156812107183,0.390863804053));
#1889 = CARTESIAN_POINT('',(5.07454094453,0.391679634059));
#1890 = CARTESIAN_POINT('',(4.993556501947,0.392589645344));
#1891 = CARTESIAN_POINT('',(4.913989972392,0.393595731283));
#1892 = CARTESIAN_POINT('',(4.835981269502,0.394699861707));
#1893 = CARTESIAN_POINT('',(4.759683173573,0.395904027765));
#1894 = CARTESIAN_POINT('',(4.685262512119,0.397210200532));
#1895 = CARTESIAN_POINT('',(4.612895987265,0.398620393521));
#1896 = CARTESIAN_POINT('',(4.542779765471,0.400136466674));
#1897 = CARTESIAN_POINT('',(4.475126003843,0.401760123026));
#1898 = CARTESIAN_POINT('',(4.410162963475,0.403492847819));
#1899 = CARTESIAN_POINT('',(4.348133019564,0.405335897112));
#1900 = CARTESIAN_POINT('',(4.289295817022,0.407290133903));
#1901 = CARTESIAN_POINT('',(4.233933883335,0.409355652989));
#1902 = CARTESIAN_POINT('',(4.182343057929,0.411531803288));
#1903 = CARTESIAN_POINT('',(4.134829357193,0.41381706199));
#1904 = CARTESIAN_POINT('',(4.091704177003,0.416208871106));
#1905 = CARTESIAN_POINT('',(4.05327669608,0.418703653357));
#1906 = CARTESIAN_POINT('',(4.01985424583,0.421296054935));
#1907 = CARTESIAN_POINT('',(3.991708720674,0.423981008014));
#1908 = CARTESIAN_POINT('',(3.969105553578,0.42675154333));
#1909 = CARTESIAN_POINT('',(3.952299372673,0.429595207908));
#1910 = CARTESIAN_POINT('',(3.941463495356,0.432500340175));
#1911 = CARTESIAN_POINT('',(3.936710518215,0.435454530394));
#1912 = CARTESIAN_POINT('',(3.938088633883,0.438445081593));
#1913 = CARTESIAN_POINT('',(3.945583528129,0.441458931211));
#1914 = CARTESIAN_POINT('',(3.959117945148,0.444482707761));
#1915 = CARTESIAN_POINT('',(3.978550715863,0.447502765009));
#1916 = CARTESIAN_POINT('',(4.003675982001,0.450505149425));
#1917 = CARTESIAN_POINT('',(4.034217890119,0.453475835382));
#1918 = CARTESIAN_POINT('',(4.069927499366,0.456407815248));
#1919 = CARTESIAN_POINT('',(4.110503585474,0.459291453387));
#1920 = CARTESIAN_POINT('',(4.155640173312,0.462119250912));
#1921 = CARTESIAN_POINT('',(4.205025157145,0.464884668787));
#1922 = CARTESIAN_POINT('',(4.258348843085,0.467582332411));
#1923 = CARTESIAN_POINT('',(4.315309050669,0.470207885551));
#1924 = CARTESIAN_POINT('',(4.375614874524,0.472757897679));
#1925 = CARTESIAN_POINT('',(4.438994270866,0.475229947814));
#1926 = CARTESIAN_POINT('',(4.505196977834,0.477622453227));
#1927 = CARTESIAN_POINT('',(4.573986129026,0.479934216954));
#1928 = CARTESIAN_POINT('',(4.64514059949,0.482164461428));
#1929 = CARTESIAN_POINT('',(4.718455443567,0.4843127725));
#1930 = CARTESIAN_POINT('',(4.793742477377,0.486379061393));
#1931 = CARTESIAN_POINT('',(4.870832444319,0.488363557557));
#1932 = CARTESIAN_POINT('',(4.949562167185,0.490266453101));
#1933 = CARTESIAN_POINT('',(5.029786167388,0.492088196565));
#1934 = CARTESIAN_POINT('',(5.111368307389,0.493829260981));
#1935 = CARTESIAN_POINT('',(5.194183346619,0.495490182336));
#1936 = CARTESIAN_POINT('',(5.278115952881,0.49707152407));
#1937 = CARTESIAN_POINT('',(5.363044123826,0.498573599246));
#1938 = CARTESIAN_POINT('',(5.448879069213,0.49999718215));
#1939 = CARTESIAN_POINT('',(5.535530595528,0.501342840296));
#1940 = CARTESIAN_POINT('',(5.622913599244,0.502611081775));
#1941 = CARTESIAN_POINT('',(5.710946120358,0.503802329619));
#1942 = CARTESIAN_POINT('',(5.799549692567,0.50491693912));
#1943 = CARTESIAN_POINT('',(5.888649108206,0.505955200453));
#1944 = CARTESIAN_POINT('',(5.97817237006,0.506917342275));
#1945 = CARTESIAN_POINT('',(6.068050604413,0.507803532249));
#1946 = CARTESIAN_POINT('',(6.15821804668,0.508613876072));
#1947 = CARTESIAN_POINT('',(6.248611860848,0.509348413756));
#1948 = CARTESIAN_POINT('',(6.339172617409,0.510007117562));
#1949 = CARTESIAN_POINT('',(6.429842350751,0.510589876275));
#1950 = CARTESIAN_POINT('',(6.520571668417,0.511096523711));
#1951 = CARTESIAN_POINT('',(6.611290682607,0.511526683731));
#1952 = CARTESIAN_POINT('',(6.701935641123,0.511879952866));
#1953 = CARTESIAN_POINT('',(6.792447665521,0.51215586673));
#1954 = CARTESIAN_POINT('',(6.882765027693,0.512353858257));
#1955 = CARTESIAN_POINT('',(6.972825314605,0.512473278697));
#1956 = CARTESIAN_POINT('',(7.032651236572,0.512499992056));
#1957 = CARTESIAN_POINT('',(7.0625,0.5125));
#1958 = ( GEOMETRIC_REPRESENTATION_CONTEXT(2) 
PARAMETRIC_REPRESENTATION_CONTEXT() REPRESENTATION_CONTEXT('2D SPACE',''
  ) );
#1959 = PCURVE('',#1960,#1965);
#1960 = CYLINDRICAL_SURFACE('',#1961,2.5);
#1961 = AXIS2_PLACEMENT_3D('',#1962,#1963,#1964);
#1962 = CARTESIAN_POINT('',(-90.,47.55,88.));
#1963 = DIRECTION('',(1.,0.,0.));
#1964 = DIRECTION('',(-0.,0.,1.));
#1965 = DEFINITIONAL_REPRESENTATION('',(#1966),#2124);
#1966 = B_SPLINE_CURVE_WITH_KNOTS('',3,(#1967,#1968,#1969,#1970,#1971,
    #1972,#1973,#1974,#1975,#1976,#1977,#1978,#1979,#1980,#1981,#1982,
    #1983,#1984,#1985,#1986,#1987,#1988,#1989,#1990,#1991,#1992,#1993,
    #1994,#1995,#1996,#1997,#1998,#1999,#2000,#2001,#2002,#2003,#2004,
    #2005,#2006,#2007,#2008,#2009,#2010,#2011,#2012,#2013,#2014,#2015,
    #2016,#2017,#2018,#2019,#2020,#2021,#2022,#2023,#2024,#2025,#2026,
    #2027,#2028,#2029,#2030,#2031,#2032,#2033,#2034,#2035,#2036,#2037,
    #2038,#2039,#2040,#2041,#2042,#2043,#2044,#2045,#2046,#2047,#2048,
    #2049,#2050,#2051,#2052,#2053,#2054,#2055,#2056,#2057,#2058,#2059,
    #2060,#2061,#2062,#2063,#2064,#2065,#2066,#2067,#2068,#2069,#2070,
    #2071,#2072,#2073,#2074,#2075,#2076,#2077,#2078,#2079,#2080,#2081,
    #2082,#2083,#2084,#2085,#2086,#2087,#2088,#2089,#2090,#2091,#2092,
    #2093,#2094,#2095,#2096,#2097,#2098,#2099,#2100,#2101,#2102,#2103,
    #2104,#2105,#2106,#2107,#2108,#2109,#2110,#2111,#2112,#2113,#2114,
    #2115,#2116,#2117,#2118,#2119,#2120,#2121,#2122,#2123),
  .UNSPECIFIED.,.F.,.F.,(4,1,1,1,1,1,1,1,1,1,1,1,1,1,1,1,1,1,1,1,1,1,1,1
    ,1,1,1,1,1,1,1,1,1,1,1,1,1,1,1,1,1,1,1,1,1,1,1,1,1,1,1,1,1,1,1,1,1,1
    ,1,1,1,1,1,1,1,1,1,1,1,1,1,1,1,1,1,1,1,1,1,1,1,1,1,1,1,1,1,1,1,1,1,1
    ,1,1,1,1,1,1,1,1,1,1,1,1,1,1,1,1,1,1,1,1,1,1,1,1,1,1,1,1,1,1,1,1,1,1
    ,1,1,1,1,1,1,1,1,1,1,1,1,1,1,1,1,1,1,1,1,1,1,1,1,1,1,1,1,4),(0.,
    8.218146817831E-03,1.643629363566E-02,2.465444045349E-02,
    3.287258727132E-02,4.109073408915E-02,4.930888090699E-02,
    5.752702772482E-02,6.574517454265E-02,7.396332136048E-02,
    8.218146817831E-02,9.039961499614E-02,9.861776181397E-02,
    0.106835908632,0.11505405545,0.123272202267,0.131490349085,
    0.139708495903,0.147926642721,0.156144789539,0.164362936357,
    0.172581083174,0.180799229992,0.18901737681,0.197235523628,
    0.205453670446,0.213671817264,0.221889964081,0.230108110899,
    0.238326257717,0.246544404535,0.254762551353,0.262980698171,
    0.271198844988,0.279416991806,0.287635138624,0.295853285442,
    0.30407143226,0.312289579078,0.320507725895,0.328725872713,
    0.336944019531,0.345162166349,0.353380313167,0.361598459985,
    0.369816606802,0.37803475362,0.386252900438,0.394471047256,
    0.402689194074,0.410907340892,0.419125487709,0.427343634527,
    0.435561781345,0.443779928163,0.451998074981,0.460216221799,
    0.468434368616,0.476652515434,0.484870662252,0.49308880907,
    0.501306955888,0.509525102706,0.517743249523,0.525961396341,
    0.534179543159,0.542397689977,0.550615836795,0.558833983613,
    0.56705213043,0.575270277248,0.583488424066,0.591706570884,
    0.599924717702,0.608142864519,0.616361011337,0.624579158155,
    0.632797304973,0.641015451791,0.649233598609,0.657451745426,
    0.665669892244,0.673888039062,0.68210618588,0.690324332698,
    0.698542479516,0.706760626333,0.714978773151,0.723196919969,
    0.731415066787,0.739633213605,0.747851360423,0.75606950724,
    0.764287654058,0.772505800876,0.780723947694,0.788942094512,
    0.79716024133,0.805378388147,0.813596534965,0.821814681783,
    0.830032828601,0.838250975419,0.846469122237,0.854687269054,
    0.862905415872,0.87112356269,0.879341709508,0.887559856326,
    0.895778003144,0.903996149961,0.912214296779,0.920432443597,
    0.928650590415,0.936868737233,0.945086884051,0.953305030868,
    0.961523177686,0.969741324504,0.977959471322,0.98617761814,
    0.994395764958,1.002613911775,1.010832058593,1.019050205411,
    1.027268352229,1.035486499047,1.043704645865,1.051922792682,
    1.0601409395,1.068359086318,1.076577233136,1.084795379954,
    1.093013526772,1.101231673589,1.109449820407,1.117667967225,
    1.125886114043,1.134104260861,1.142322407678,1.150540554496,
    1.158758701314,1.166976848132,1.17519499495,1.183413141768,
    1.191631288585,1.199849435403,1.208067582221,1.216285729039,
    1.224503875857,1.232722022675,1.240940169492,1.24915831631,
    1.257376463128,1.265594609946),.QUASI_UNIFORM_KNOTS.);
#1967 = CARTESIAN_POINT('',(0.,80.));
#1968 = CARTESIAN_POINT('',(1.193692933732E-02,80.));
#1969 = CARTESIAN_POINT('',(3.585258867239E-02,80.));
#1970 = CARTESIAN_POINT('',(7.187731217112E-02,80.));
#1971 = CARTESIAN_POINT('',(0.1080794413,80.));
#1972 = CARTESIAN_POINT('',(0.144483962026,80.));
#1973 = CARTESIAN_POINT('',(0.181115392027,80.));
#1974 = CARTESIAN_POINT('',(0.217997896964,80.));
#1975 = CARTESIAN_POINT('',(0.255155570575,80.));
#1976 = CARTESIAN_POINT('',(0.2926126835,80.));
#1977 = CARTESIAN_POINT('',(0.330393949388,80.));
#1978 = CARTESIAN_POINT('',(0.368524852816,80.));
#1979 = CARTESIAN_POINT('',(0.407031866222,80.));
#1980 = CARTESIAN_POINT('',(0.445943265976,80.));
#1981 = CARTESIAN_POINT('',(0.48528795157,80.));
#1982 = CARTESIAN_POINT('',(0.525102020217,80.));
#1983 = CARTESIAN_POINT('',(0.56540383347,80.));
#1984 = CARTESIAN_POINT('',(0.606218312988,80.));
#1985 = CARTESIAN_POINT('',(0.647571539847,80.));
#1986 = CARTESIAN_POINT('',(0.689486204352,80.));
#1987 = CARTESIAN_POINT('',(0.731983099948,80.));
#1988 = CARTESIAN_POINT('',(0.775080811917,80.));
#1989 = CARTESIAN_POINT('',(0.818796286414,80.));
#1990 = CARTESIAN_POINT('',(0.863136139305,80.));
#1991 = CARTESIAN_POINT('',(0.908099119122,80.));
#1992 = CARTESIAN_POINT('',(0.953676200105,80.));
#1993 = CARTESIAN_POINT('',(0.999849322917,80.));
#1994 = CARTESIAN_POINT('',(1.04659212847,80.));
#1995 = CARTESIAN_POINT('',(1.093861908108,80.));
#1996 = CARTESIAN_POINT('',(1.141622062206,80.));
#1997 = CARTESIAN_POINT('',(1.189834953627,80.));
#1998 = CARTESIAN_POINT('',(1.238370377004,80.));
#1999 = CARTESIAN_POINT('',(1.287128803145,80.));
#2000 = CARTESIAN_POINT('',(1.336009388467,80.));
#2001 = CARTESIAN_POINT('',(1.38491573415,80.));
#2002 = CARTESIAN_POINT('',(1.433751699556,80.));
#2003 = CARTESIAN_POINT('',(1.482419689909,80.));
#2004 = CARTESIAN_POINT('',(1.530819117527,80.));
#2005 = CARTESIAN_POINT('',(1.578841497995,80.));
#2006 = CARTESIAN_POINT('',(1.626378322923,80.));
#2007 = CARTESIAN_POINT('',(1.67341998473,80.));
#2008 = CARTESIAN_POINT('',(1.719909994224,80.));
#2009 = CARTESIAN_POINT('',(1.765818117487,80.));
#2010 = CARTESIAN_POINT('',(1.811120736501,80.));
#2011 = CARTESIAN_POINT('',(1.85580434046,80.));
#2012 = CARTESIAN_POINT('',(1.899863458822,80.));
#2013 = CARTESIAN_POINT('',(1.943300112112,80.));
#2014 = CARTESIAN_POINT('',(1.986124688783,80.));
#2015 = CARTESIAN_POINT('',(2.028356340378,80.));
#2016 = CARTESIAN_POINT('',(2.070014998002,80.));
#2017 = CARTESIAN_POINT('',(2.111122539542,80.));
#2018 = CARTESIAN_POINT('',(2.15170270461,80.));
#2019 = CARTESIAN_POINT('',(2.191781321912,80.));
#2020 = CARTESIAN_POINT('',(2.231386781412,80.));
#2021 = CARTESIAN_POINT('',(2.270544348491,80.));
#2022 = CARTESIAN_POINT('',(2.309282118819,80.));
#2023 = CARTESIAN_POINT('',(2.347626919774,80.));
#2024 = CARTESIAN_POINT('',(2.385605482703,80.));
#2025 = CARTESIAN_POINT('',(2.423244881401,80.));
#2026 = CARTESIAN_POINT('',(2.46057074043,80.));
#2027 = CARTESIAN_POINT('',(2.497608700656,80.));
#2028 = CARTESIAN_POINT('',(2.534383627986,80.));
#2029 = CARTESIAN_POINT('',(2.570920077212,80.));
#2030 = CARTESIAN_POINT('',(2.60724026887,80.));
#2031 = CARTESIAN_POINT('',(2.643369307603,80.));
#2032 = CARTESIAN_POINT('',(2.679330471921,80.));
#2033 = CARTESIAN_POINT('',(2.715146381104,80.));
#2034 = CARTESIAN_POINT('',(2.75083898843,80.));
#2035 = CARTESIAN_POINT('',(2.786429880609,80.));
#2036 = CARTESIAN_POINT('',(2.821940410913,80.));
#2037 = CARTESIAN_POINT('',(2.857392110279,80.));
#2038 = CARTESIAN_POINT('',(2.892806107221,80.));
#2039 = CARTESIAN_POINT('',(2.928206224844,80.));
#2040 = CARTESIAN_POINT('',(2.96360673245,80.));
#2041 = CARTESIAN_POINT('',(2.999030458451,80.));
#2042 = CARTESIAN_POINT('',(3.034500724131,80.));
#2043 = CARTESIAN_POINT('',(3.070039827961,80.));
#2044 = CARTESIAN_POINT('',(3.105669713579,80.));
#2045 = CARTESIAN_POINT('',(3.141412046055,80.));
#2046 = CARTESIAN_POINT('',(3.177288443634,80.));
#2047 = CARTESIAN_POINT('',(3.213320670803,80.));
#2048 = CARTESIAN_POINT('',(3.249530847058,80.));
#2049 = CARTESIAN_POINT('',(3.285941678355,80.));
#2050 = CARTESIAN_POINT('',(3.322576664306,80.));
#2051 = CARTESIAN_POINT('',(3.359460501637,80.));
#2052 = CARTESIAN_POINT('',(3.396618892405,80.));
#2053 = CARTESIAN_POINT('',(3.434080749024,80.));
#2054 = CARTESIAN_POINT('',(3.471871667873,80.));
#2055 = CARTESIAN_POINT('',(3.510012925045,80.));
#2056 = CARTESIAN_POINT('',(3.548532847132,80.));
#2057 = CARTESIAN_POINT('',(3.587457764671,80.));
#2058 = CARTESIAN_POINT('',(3.626815192341,80.));
#2059 = CARTESIAN_POINT('',(3.666632192516,80.));
#2060 = CARTESIAN_POINT('',(3.706934961422,80.));
#2061 = CARTESIAN_POINT('',(3.747751432721,80.));
#2062 = CARTESIAN_POINT('',(3.789106247043,80.));
#2063 = CARTESIAN_POINT('',(3.831022348511,80.));
#2064 = CARTESIAN_POINT('',(3.873520650205,80.));
#2065 = CARTESIAN_POINT('',(3.916620961828,80.));
#2066 = CARTESIAN_POINT('',(3.960339313308,80.));
#2067 = CARTESIAN_POINT('',(4.004681597405,80.));
#2068 = CARTESIAN_POINT('',(4.049646771283,80.));
#2069 = CARTESIAN_POINT('',(4.095225947807,80.));
#2070 = CARTESIAN_POINT('',(4.141401102642,80.));
#2071 = CARTESIAN_POINT('',(4.188146843965,80.));
#2072 = CARTESIAN_POINT('',(4.235418133776,80.));
#2073 = CARTESIAN_POINT('',(4.283188517239,80.));
#2074 = CARTESIAN_POINT('',(4.331409335071,80.));
#2075 = CARTESIAN_POINT('',(4.379951750989,80.));
#2076 = CARTESIAN_POINT('',(4.428716496339,80.));
#2077 = CARTESIAN_POINT('',(4.477603125481,80.));
#2078 = CARTESIAN_POINT('',(4.526515480658,80.));
#2079 = CARTESIAN_POINT('',(4.575357579543,80.));
#2080 = CARTESIAN_POINT('',(4.624032031797,80.));
#2081 = CARTESIAN_POINT('',(4.672438035033,80.));
#2082 = CARTESIAN_POINT('',(4.720468325962,80.));
#2083 = CARTESIAN_POINT('',(4.768010224473,80.));
#2084 = CARTESIAN_POINT('',(4.815056845876,80.));
#2085 = CARTESIAN_POINT('',(4.861551790197,80.));
#2086 = CARTESIAN_POINT('',(4.907464599291,80.));
#2087 = CARTESIAN_POINT('',(4.952771617337,80.));
#2088 = CARTESIAN_POINT('',(4.997459308327,80.));
#2089 = CARTESIAN_POINT('',(5.041522280352,80.));
#2090 = CARTESIAN_POINT('',(5.08496232389,80.));
#2091 = CARTESIAN_POINT('',(5.127790630059,80.));
#2092 = CARTESIAN_POINT('',(5.170026127453,80.));
#2093 = CARTESIAN_POINT('',(5.211688560621,80.));
#2094 = CARTESIAN_POINT('',(5.252799764867,80.));
#2095 = CARTESIAN_POINT('',(5.293383488572,80.));
#2096 = CARTESIAN_POINT('',(5.333465508346,80.));
#2097 = CARTESIAN_POINT('',(5.373074493571,80.));
#2098 = CARTESIAN_POINT('',(5.412235606058,80.));
#2099 = CARTESIAN_POINT('',(5.450976865066,80.));
#2100 = CARTESIAN_POINT('',(5.489325111706,80.));
#2101 = CARTESIAN_POINT('',(5.527307210036,80.));
#2102 = CARTESIAN_POINT('',(5.564949853734,80.));
#2103 = CARTESIAN_POINT('',(5.602272771504,80.));
#2104 = CARTESIAN_POINT('',(5.639306630449,80.));
#2105 = CARTESIAN_POINT('',(5.67607774564,80.));
#2106 = CARTESIAN_POINT('',(5.712611517649,80.));
#2107 = CARTESIAN_POINT('',(5.748931937997,80.));
#2108 = CARTESIAN_POINT('',(5.785062096307,80.));
#2109 = CARTESIAN_POINT('',(5.821024376943,80.));
#2110 = CARTESIAN_POINT('',(5.856840708018,80.));
#2111 = CARTESIAN_POINT('',(5.892532768842,80.));
#2112 = CARTESIAN_POINT('',(5.928122210608,80.));
#2113 = CARTESIAN_POINT('',(5.963630802916,80.));
#2114 = CARTESIAN_POINT('',(5.999080834066,80.));
#2115 = CARTESIAN_POINT('',(6.034494568747,80.));
#2116 = CARTESIAN_POINT('',(6.069897243042,80.));
#2117 = CARTESIAN_POINT('',(6.105305953434,80.));
#2118 = CARTESIAN_POINT('',(6.140740254436,80.));
#2119 = CARTESIAN_POINT('',(6.17622184908,80.));
#2120 = CARTESIAN_POINT('',(6.211771823936,80.));
#2121 = CARTESIAN_POINT('',(6.247411573639,80.));
#2122 = CARTESIAN_POINT('',(6.27124589327,80.));
#2123 = CARTESIAN_POINT('',(6.28318530718,80.));
#2124 = ( GEOMETRIC_REPRESENTATION_CONTEXT(2) 
PARAMETRIC_REPRESENTATION_CONTEXT() REPRESENTATION_CONTEXT('2D SPACE',''
  ) );
#2125 = ADVANCED_FACE('',(#2126),#532,.T.);
#2126 = FACE_BOUND('',#2127,.F.);
#2127 = EDGE_LOOP('',(#2128,#2156,#2271,#2298,#2299,#2300));
#2128 = ORIENTED_EDGE('',*,*,#2129,.F.);
#2129 = EDGE_CURVE('',#2130,#1568,#2132,.T.);
#2130 = VERTEX_POINT('',#2131);
#2131 = CARTESIAN_POINT('',(-48.05918677926,13.795454545455,75.));
#2132 = SURFACE_CURVE('',#2133,(#2138,#2145),.PCURVE_S1.);
#2133 = CIRCLE('',#2134,50.);
#2134 = AXIS2_PLACEMENT_3D('',#2135,#2136,#2137);
#2135 = CARTESIAN_POINT('',(0.,0.,75.));
#2136 = DIRECTION('',(0.,0.,-1.));
#2137 = DIRECTION('',(0.2,0.979795897113,0.));
#2138 = PCURVE('',#532,#2139);
#2139 = DEFINITIONAL_REPRESENTATION('',(#2140),#2144);
#2140 = LINE('',#2141,#2142);
#2141 = CARTESIAN_POINT('',(-7.652623713184,-8.));
#2142 = VECTOR('',#2143,1.);
#2143 = DIRECTION('',(1.,-0.));
#2144 = ( GEOMETRIC_REPRESENTATION_CONTEXT(2) 
PARAMETRIC_REPRESENTATION_CONTEXT() REPRESENTATION_CONTEXT('2D SPACE',''
  ) );
#2145 = PCURVE('',#1613,#2146);
#2146 = DEFINITIONAL_REPRESENTATION('',(#2147),#2155);
#2147 = ( BOUNDED_CURVE() B_SPLINE_CURVE(2,(#2148,#2149,#2150,#2151,
#2152,#2153,#2154),.UNSPECIFIED.,.T.,.F.) B_SPLINE_CURVE_WITH_KNOTS((1,2
    ,2,2,2,1),(-2.094395102393,0.,2.094395102393,4.188790204786,
6.28318530718,8.377580409573),.UNSPECIFIED.) CURVE() 
GEOMETRIC_REPRESENTATION_ITEM() RATIONAL_B_SPLINE_CURVE((1.,0.5,1.,0.5,
1.,0.5,1.)) REPRESENTATION_ITEM('') );
#2148 = CARTESIAN_POINT('',(10.,48.989794855664));
#2149 = CARTESIAN_POINT('',(94.852813742386,31.669286779975));
#2150 = CARTESIAN_POINT('',(37.426406871193,-33.15515146567));
#2151 = CARTESIAN_POINT('',(-20.,-97.97958971132));
#2152 = CARTESIAN_POINT('',(-47.42640687119,-15.83464338998));
#2153 = CARTESIAN_POINT('',(-74.85281374238,66.310302931352));
#2154 = CARTESIAN_POINT('',(10.,48.989794855664));
#2155 = ( GEOMETRIC_REPRESENTATION_CONTEXT(2) 
PARAMETRIC_REPRESENTATION_CONTEXT() REPRESENTATION_CONTEXT('2D SPACE',''
  ) );
#2156 = ORIENTED_EDGE('',*,*,#2157,.F.);
#2157 = EDGE_CURVE('',#2158,#2130,#2160,.T.);
#2158 = VERTEX_POINT('',#2159);
#2159 = CARTESIAN_POINT('',(-48.08648458766,13.7,68.));
#2160 = SURFACE_CURVE('',#2161,(#2194,#2230),.PCURVE_S1.);
#2161 = B_SPLINE_CURVE_WITH_KNOTS('',6,(#2162,#2163,#2164,#2165,#2166,
    #2167,#2168,#2169,#2170,#2171,#2172,#2173,#2174,#2175,#2176,#2177,
    #2178,#2179,#2180,#2181,#2182,#2183,#2184,#2185,#2186,#2187,#2188,
    #2189,#2190,#2191,#2192,#2193),.UNSPECIFIED.,.F.,.F.,(7,5,5,5,5,5,7)
  ,(0.,0.496034680318,0.745674492074,0.870511759647,0.932934960313,
    0.964147338713,1.),.UNSPECIFIED.);
#2162 = CARTESIAN_POINT('',(-48.08648458766,13.7,68.));
#2163 = CARTESIAN_POINT('',(-48.08421963839,13.707949886727,
    68.582991693281));
#2164 = CARTESIAN_POINT('',(-48.08195311943,13.715899297867,
    69.16594851021));
#2165 = CARTESIAN_POINT('',(-48.07968503622,13.723848214312,
    69.748869049552));
#2166 = CARTESIAN_POINT('',(-48.07741539467,13.731796615572,
    70.331751808595));
#2167 = CARTESIAN_POINT('',(-48.07514420109,13.73974447977,
    70.91459518315));
#2168 = CARTESIAN_POINT('',(-48.0717276589,13.751691430292,
    71.790704888062));
#2169 = CARTESIAN_POINT('',(-48.0705834642,13.755690935004,
    72.084001900297));
#2170 = CARTESIAN_POINT('',(-48.06943887897,13.759690294812,
    72.377288286177));
#2171 = CARTESIAN_POINT('',(-48.06829390411,13.763689506635,
    72.670563819903));
#2172 = CARTESIAN_POINT('',(-48.06714854053,13.76768856729,
    72.963828267954));
#2173 = CARTESIAN_POINT('',(-48.06542983386,13.773687204698,
    73.403728344519));
#2174 = CARTESIAN_POINT('',(-48.06485678155,13.775686897283,
    73.550372467401));
#2175 = CARTESIAN_POINT('',(-48.0642836324,13.77768655083,
    73.697013727535));
#2176 = CARTESIAN_POINT('',(-48.06371038652,13.779686164921,
    73.843652094202));
#2177 = CARTESIAN_POINT('',(-48.06313704404,13.781685739129,
    73.99028753615));
#2178 = CARTESIAN_POINT('',(-48.06227686464,13.784685113116,
    74.210241628541));
#2179 = CARTESIAN_POINT('',(-48.06199010007,13.785684943131,
    74.283562496243));
#2180 = CARTESIAN_POINT('',(-48.06170331139,13.78668476301,
    74.356882620739));
#2181 = CARTESIAN_POINT('',(-48.06141649862,13.7876845727,74.43020199802
    ));
#2182 = CARTESIAN_POINT('',(-48.06112966178,13.788684372146,
    74.503520624043));
#2183 = CARTESIAN_POINT('',(-48.06069936686,13.790184068326,
    74.613498343938));
#2184 = CARTESIAN_POINT('',(-48.0605559261,13.790683975297,
    74.650158188424));
#2185 = CARTESIAN_POINT('',(-48.06041247861,13.791183882203,
    74.686818028187));
#2186 = CARTESIAN_POINT('',(-48.06026902438,13.791683789044,
    74.723477863224));
#2187 = CARTESIAN_POINT('',(-48.06012556341,13.792183695821,
    74.76013769353));
#2188 = CARTESIAN_POINT('',(-48.05981729895,13.793257829393,
    74.838907488816));
#2189 = CARTESIAN_POINT('',(-48.05971176525,13.793625524261,
    74.865871779171));
#2190 = CARTESIAN_POINT('',(-48.05957934277,13.794086927657,
    74.899708028151));
#2191 = CARTESIAN_POINT('',(-48.05939366646,13.794733818379,
    74.947146681129));
#2192 = CARTESIAN_POINT('',(-48.05920982318,13.7953742674,
    74.994112942673));
#2193 = CARTESIAN_POINT('',(-48.05918677456,13.795454561818,75.0000012)
  );
#2194 = PCURVE('',#532,#2195);
#2195 = DEFINITIONAL_REPRESENTATION('',(#2196),#2229);
#2196 = B_SPLINE_CURVE_WITH_KNOTS('',6,(#2197,#2198,#2199,#2200,#2201,
    #2202,#2203,#2204,#2205,#2206,#2207,#2208,#2209,#2210,#2211,#2212,
    #2213,#2214,#2215,#2216,#2217,#2218,#2219,#2220,#2221,#2222,#2223,
    #2224,#2225,#2226,#2227,#2228),.UNSPECIFIED.,.F.,.F.,(7,5,5,5,5,5,7)
  ,(0.,0.496034680318,0.745674492074,0.870511759647,0.932934960313,
    0.964147338713,1.),.UNSPECIFIED.);
#2197 = CARTESIAN_POINT('',(-2.864042898652,-1.));
#2198 = CARTESIAN_POINT('',(-2.863877573888,-1.582991693281));
#2199 = CARTESIAN_POINT('',(-2.86371224967,-2.16594851021));
#2200 = CARTESIAN_POINT('',(-2.863546926386,-2.748869049552));
#2201 = CARTESIAN_POINT('',(-2.863381604456,-3.331751808595));
#2202 = CARTESIAN_POINT('',(-2.863216284327,-3.91459518315));
#2203 = CARTESIAN_POINT('',(-2.862967766813,-4.790704888062));
#2204 = CARTESIAN_POINT('',(-2.862884567728,-5.084001900297));
#2205 = CARTESIAN_POINT('',(-2.862801369281,-5.377288286177));
#2206 = CARTESIAN_POINT('',(-2.862718171535,-5.670563819903));
#2207 = CARTESIAN_POINT('',(-2.862634974555,-5.963828267954));
#2208 = CARTESIAN_POINT('',(-2.862510174549,-6.403728344519));
#2209 = CARTESIAN_POINT('',(-2.862468570899,-6.550372467401));
#2210 = CARTESIAN_POINT('',(-2.862426967465,-6.697013727535));
#2211 = CARTESIAN_POINT('',(-2.862385364257,-6.843652094202));
#2212 = CARTESIAN_POINT('',(-2.862343761283,-6.99028753615));
#2213 = CARTESIAN_POINT('',(-2.862281355665,-7.210241628541));
#2214 = CARTESIAN_POINT('',(-2.862260552838,-7.283562496243));
#2215 = CARTESIAN_POINT('',(-2.862239750074,-7.356882620739));
#2216 = CARTESIAN_POINT('',(-2.862218947372,-7.43020199802));
#2217 = CARTESIAN_POINT('',(-2.862198144735,-7.503520624043));
#2218 = CARTESIAN_POINT('',(-2.862166940617,-7.613498343938));
#2219 = CARTESIAN_POINT('',(-2.862156539036,-7.650158188425));
#2220 = CARTESIAN_POINT('',(-2.862146137419,-7.686818028187));
#2221 = CARTESIAN_POINT('',(-2.862135735766,-7.723477863224));
#2222 = CARTESIAN_POINT('',(-2.862125334077,-7.76013769353));
#2223 = CARTESIAN_POINT('',(-2.862102984223,-7.838907488816));
#2224 = CARTESIAN_POINT('',(-2.862095333423,-7.865871779171));
#2225 = CARTESIAN_POINT('',(-2.862085732822,-7.899708028151));
#2226 = CARTESIAN_POINT('',(-2.86207227261,-7.947146681129));
#2227 = CARTESIAN_POINT('',(-2.862058946346,-7.994112942673));
#2228 = CARTESIAN_POINT('',(-2.862057275605,-8.0000012));
#2229 = ( GEOMETRIC_REPRESENTATION_CONTEXT(2) 
PARAMETRIC_REPRESENTATION_CONTEXT() REPRESENTATION_CONTEXT('2D SPACE',''
  ) );
#2230 = PCURVE('',#2231,#2236);
#2231 = B_SPLINE_SURFACE_WITH_KNOTS('',1,1,(
    (#2232,#2233)
    ,(#2234,#2235
    )),.UNSPECIFIED.,.F.,.F.,.F.,(2,2),(2,2),(0.,17.6),(0.,1.),
  .PIECEWISE_BEZIER_KNOTS.);
#2232 = CARTESIAN_POINT('',(-40.4,13.7,68.));
#2233 = CARTESIAN_POINT('',(-44.,14.,90.));
#2234 = CARTESIAN_POINT('',(-58.,13.7,68.));
#2235 = CARTESIAN_POINT('',(-58.,14.,90.));
#2236 = DEFINITIONAL_REPRESENTATION('',(#2237),#2270);
#2237 = B_SPLINE_CURVE_WITH_KNOTS('',6,(#2238,#2239,#2240,#2241,#2242,
    #2243,#2244,#2245,#2246,#2247,#2248,#2249,#2250,#2251,#2252,#2253,
    #2254,#2255,#2256,#2257,#2258,#2259,#2260,#2261,#2262,#2263,#2264,
    #2265,#2266,#2267,#2268,#2269),.UNSPECIFIED.,.F.,.F.,(7,5,5,5,5,5,7)
  ,(0.,0.496034680318,0.745674492074,0.870511759647,0.932934960313,
    0.964147338713,1.),.UNSPECIFIED.);
#2238 = CARTESIAN_POINT('',(7.686484587668,0.));
#2239 = CARTESIAN_POINT('',(7.630484644359,2.649962242187E-02));
#2240 = CARTESIAN_POINT('',(7.573757835245,5.299765955499E-02));
#2241 = CARTESIAN_POINT('',(7.516286685325,7.949404770689E-02));
#2242 = CARTESIAN_POINT('',(7.458052917377,0.105988718572));
#2243 = CARTESIAN_POINT('',(7.399037451956,0.132481599234));
#2244 = CARTESIAN_POINT('',(7.309116230532,0.172304767639));
#2245 = CARTESIAN_POINT('',(7.278809024736,0.185636450013));
#2246 = CARTESIAN_POINT('',(7.248296252138,0.198967649372));
#2247 = CARTESIAN_POINT('',(7.21757531687,0.21229835545));
#2248 = CARTESIAN_POINT('',(7.186643565053,0.225628557634));
#2249 = CARTESIAN_POINT('',(7.13992347862,0.24562401566));
#2250 = CARTESIAN_POINT('',(7.124295275343,0.252289657609));
#2251 = CARTESIAN_POINT('',(7.108613335714,0.258955169433));
#2252 = CARTESIAN_POINT('',(7.092877316621,0.265620549736));
#2253 = CARTESIAN_POINT('',(7.077086871091,0.272285797098));
#2254 = CARTESIAN_POINT('',(7.053318457243,0.282283710388));
#2255 = CARTESIAN_POINT('',(7.045381569863,0.285616477102));
#2256 = CARTESIAN_POINT('',(7.037430942292,0.288949210034));
#2257 = CARTESIAN_POINT('',(7.029466530413,0.292281909001));
#2258 = CARTESIAN_POINT('',(7.021488289862,0.29561457382));
#2259 = CARTESIAN_POINT('',(7.009500019492,0.300613561088));
#2260 = CARTESIAN_POINT('',(7.005500374393,0.302279917656));
#2261 = CARTESIAN_POINT('',(7.00149723503,0.303946274009));
#2262 = CARTESIAN_POINT('',(6.99749059569,0.305612630147));
#2263 = CARTESIAN_POINT('',(6.993480450641,0.30727898607));
#2264 = CARTESIAN_POINT('',(6.984856435212,0.31085943131));
#2265 = CARTESIAN_POINT('',(6.981899571825,0.312085080871));
#2266 = CARTESIAN_POINT('',(6.978192036855,0.313623092189));
#2267 = CARTESIAN_POINT('',(6.97298555698,0.315779394597));
#2268 = CARTESIAN_POINT('',(6.967821421317,0.317914224667));
#2269 = CARTESIAN_POINT('',(6.9671741391,0.318181872727));
#2270 = ( GEOMETRIC_REPRESENTATION_CONTEXT(2) 
PARAMETRIC_REPRESENTATION_CONTEXT() REPRESENTATION_CONTEXT('2D SPACE',''
  ) );
#2271 = ORIENTED_EDGE('',*,*,#2272,.F.);
#2272 = EDGE_CURVE('',#578,#2158,#2273,.T.);
#2273 = SURFACE_CURVE('',#2274,(#2280,#2289),.PCURVE_S1.);
#2274 = B_SPLINE_CURVE_WITH_KNOTS('',4,(#2275,#2276,#2277,#2278,#2279),
  .UNSPECIFIED.,.F.,.F.,(5,5),(0.,1.),.PIECEWISE_BEZIER_KNOTS.);
#2275 = CARTESIAN_POINT('',(-48.09514515796,13.66956518087,66.9999988));
#2276 = CARTESIAN_POINT('',(-48.09298247416,13.677174390804,
    67.250015697849));
#2277 = CARTESIAN_POINT('',(-48.09081815097,13.68478326502,
    67.500021564955));
#2278 = CARTESIAN_POINT('',(-48.08865218889,13.692391801257,
    67.750016327003));
#2279 = CARTESIAN_POINT('',(-48.08648458766,13.7,68.));
#2280 = PCURVE('',#532,#2281);
#2281 = DEFINITIONAL_REPRESENTATION('',(#2282),#2288);
#2282 = B_SPLINE_CURVE_WITH_KNOTS('',4,(#2283,#2284,#2285,#2286,#2287),
  .UNSPECIFIED.,.F.,.F.,(5,5),(0.,1.),.PIECEWISE_BEZIER_KNOTS.);
#2283 = CARTESIAN_POINT('',(-2.864675760004,1.199999999812E-06));
#2284 = CARTESIAN_POINT('',(-2.864517548403,-0.250015697849));
#2285 = CARTESIAN_POINT('',(-2.864359334296,-0.500021564955));
#2286 = CARTESIAN_POINT('',(-2.86420111772,-0.750016327003));
#2287 = CARTESIAN_POINT('',(-2.864042898652,-1.));
#2288 = ( GEOMETRIC_REPRESENTATION_CONTEXT(2) 
PARAMETRIC_REPRESENTATION_CONTEXT() REPRESENTATION_CONTEXT('2D SPACE',''
  ) );
#2289 = PCURVE('',#619,#2290);
#2290 = DEFINITIONAL_REPRESENTATION('',(#2291),#2297);
#2291 = B_SPLINE_CURVE_WITH_KNOTS('',4,(#2292,#2293,#2294,#2295,#2296),
  .UNSPECIFIED.,.F.,.F.,(5,5),(0.,1.),.PIECEWISE_BEZIER_KNOTS.);
#2292 = CARTESIAN_POINT('',(8.235415233696,0.956521686957));
#2293 = CARTESIAN_POINT('',(8.141944580155,0.967391986863));
#2294 = CARTESIAN_POINT('',(8.048414871955,0.978261807172));
#2295 = CARTESIAN_POINT('',(7.954825768665,0.989131144652));
#2296 = CARTESIAN_POINT('',(7.861177419206,1.));
#2297 = ( GEOMETRIC_REPRESENTATION_CONTEXT(2) 
PARAMETRIC_REPRESENTATION_CONTEXT() REPRESENTATION_CONTEXT('2D SPACE',''
  ) );
#2298 = ORIENTED_EDGE('',*,*,#577,.T.);
#2299 = ORIENTED_EDGE('',*,*,#512,.F.);
#2300 = ORIENTED_EDGE('',*,*,#1567,.T.);
#2301 = ADVANCED_FACE('',(#2302),#459,.T.);
#2302 = FACE_BOUND('',#2303,.F.);
#2303 = EDGE_LOOP('',(#2304,#2327,#2328,#2329,#2330));
#2304 = ORIENTED_EDGE('',*,*,#2305,.T.);
#2305 = EDGE_CURVE('',#2306,#825,#2308,.T.);
#2306 = VERTEX_POINT('',#2307);
#2307 = CARTESIAN_POINT('',(11.,32.,45.));
#2308 = SURFACE_CURVE('',#2309,(#2313,#2320),.PCURVE_S1.);
#2309 = LINE('',#2310,#2311);
#2310 = CARTESIAN_POINT('',(11.,32.,45.));
#2311 = VECTOR('',#2312,1.);
#2312 = DIRECTION('',(1.110223024625E-16,1.,0.));
#2313 = PCURVE('',#459,#2314);
#2314 = DEFINITIONAL_REPRESENTATION('',(#2315),#2319);
#2315 = LINE('',#2316,#2317);
#2316 = CARTESIAN_POINT('',(-3.058625453229E-15,1.807369585999E-15));
#2317 = VECTOR('',#2318,1.);
#2318 = DIRECTION('',(0.508729312127,0.860926528214));
#2319 = ( GEOMETRIC_REPRESENTATION_CONTEXT(2) 
PARAMETRIC_REPRESENTATION_CONTEXT() REPRESENTATION_CONTEXT('2D SPACE',''
  ) );
#2320 = PCURVE('',#841,#2321);
#2321 = DEFINITIONAL_REPRESENTATION('',(#2322),#2326);
#2322 = LINE('',#2323,#2324);
#2323 = CARTESIAN_POINT('',(0.,0.));
#2324 = VECTOR('',#2325,1.);
#2325 = DIRECTION('',(1.,0.));
#2326 = ( GEOMETRIC_REPRESENTATION_CONTEXT(2) 
PARAMETRIC_REPRESENTATION_CONTEXT() REPRESENTATION_CONTEXT('2D SPACE',''
  ) );
#2327 = ORIENTED_EDGE('',*,*,#853,.T.);
#2328 = ORIENTED_EDGE('',*,*,#443,.T.);
#2329 = ORIENTED_EDGE('',*,*,#799,.T.);
#2330 = ORIENTED_EDGE('',*,*,#2331,.T.);
#2331 = EDGE_CURVE('',#81,#2306,#2332,.T.);
#2332 = SURFACE_CURVE('',#2333,(#2337,#2344),.PCURVE_S1.);
#2333 = LINE('',#2334,#2335);
#2334 = CARTESIAN_POINT('',(-11.,32.,45.));
#2335 = VECTOR('',#2336,1.);
#2336 = DIRECTION('',(1.,-1.110223024625E-16,0.));
#2337 = PCURVE('',#459,#2338);
#2338 = DEFINITIONAL_REPRESENTATION('',(#2339),#2343);
#2339 = LINE('',#2340,#2341);
#2340 = CARTESIAN_POINT('',(18.940383620715,-11.19204486678));
#2341 = VECTOR('',#2342,1.);
#2342 = DIRECTION('',(-0.860926528214,0.508729312127));
#2343 = ( GEOMETRIC_REPRESENTATION_CONTEXT(2) 
PARAMETRIC_REPRESENTATION_CONTEXT() REPRESENTATION_CONTEXT('2D SPACE',''
  ) );
#2344 = PCURVE('',#2345,#2350);
#2345 = B_SPLINE_SURFACE_WITH_KNOTS('',1,1,(
    (#2346,#2347)
    ,(#2348,#2349
    )),.UNSPECIFIED.,.F.,.F.,.F.,(2,2),(2,2),(0.,22.),(0.,1.),
  .PIECEWISE_BEZIER_KNOTS.);
#2346 = CARTESIAN_POINT('',(-11.,32.,45.));
#2347 = CARTESIAN_POINT('',(-10.,37.,70.));
#2348 = CARTESIAN_POINT('',(11.,32.,45.));
#2349 = CARTESIAN_POINT('',(10.,37.,70.));
#2350 = DEFINITIONAL_REPRESENTATION('',(#2351),#2355);
#2351 = LINE('',#2352,#2353);
#2352 = CARTESIAN_POINT('',(0.,0.));
#2353 = VECTOR('',#2354,1.);
#2354 = DIRECTION('',(1.,0.));
#2355 = ( GEOMETRIC_REPRESENTATION_CONTEXT(2) 
PARAMETRIC_REPRESENTATION_CONTEXT() REPRESENTATION_CONTEXT('2D SPACE',''
  ) );
#2356 = ADVANCED_FACE('',(#2357),#619,.T.);
#2357 = FACE_BOUND('',#2358,.T.);
#2358 = EDGE_LOOP('',(#2359,#2360,#2383,#2426,#2451,#2494,#2517,#2544,
    #2564,#2565));
#2359 = ORIENTED_EDGE('',*,*,#679,.F.);
#2360 = ORIENTED_EDGE('',*,*,#2361,.T.);
#2361 = EDGE_CURVE('',#653,#2362,#2364,.T.);
#2362 = VERTEX_POINT('',#2363);
#2363 = CARTESIAN_POINT('',(-42.,13.,45.));
#2364 = SURFACE_CURVE('',#2365,(#2369,#2376),.PCURVE_S1.);
#2365 = LINE('',#2366,#2367);
#2366 = CARTESIAN_POINT('',(-32.,13.,45.));
#2367 = VECTOR('',#2368,1.);
#2368 = DIRECTION('',(-1.,1.224646799147E-16,0.));
#2369 = PCURVE('',#619,#2370);
#2370 = DEFINITIONAL_REPRESENTATION('',(#2371),#2375);
#2371 = LINE('',#2372,#2373);
#2372 = CARTESIAN_POINT('',(0.,0.));
#2373 = VECTOR('',#2374,1.);
#2374 = DIRECTION('',(1.,0.));
#2375 = ( GEOMETRIC_REPRESENTATION_CONTEXT(2) 
PARAMETRIC_REPRESENTATION_CONTEXT() REPRESENTATION_CONTEXT('2D SPACE',''
  ) );
#2376 = PCURVE('',#667,#2377);
#2377 = DEFINITIONAL_REPRESENTATION('',(#2378),#2382);
#2378 = LINE('',#2379,#2380);
#2379 = CARTESIAN_POINT('',(0.,0.));
#2380 = VECTOR('',#2381,1.);
#2381 = DIRECTION('',(0.56920997883,0.822192191644));
#2382 = ( GEOMETRIC_REPRESENTATION_CONTEXT(2) 
PARAMETRIC_REPRESENTATION_CONTEXT() REPRESENTATION_CONTEXT('2D SPACE',''
  ) );
#2383 = ORIENTED_EDGE('',*,*,#2384,.T.);
#2384 = EDGE_CURVE('',#2362,#2385,#2387,.T.);
#2385 = VERTEX_POINT('',#2386);
#2386 = CARTESIAN_POINT('',(-42.,13.4735552032,60.559670962273));
#2387 = SURFACE_CURVE('',#2388,(#2397,#2409),.PCURVE_S1.);
#2388 = B_SPLINE_CURVE_WITH_KNOTS('',4,(#2389,#2390,#2391,#2392,#2393,
    #2394,#2395,#2396),.UNSPECIFIED.,.F.,.F.,(5,3,5),(0.,0.499625605565,
    1.),.UNSPECIFIED.);
#2389 = CARTESIAN_POINT('',(-42.,13.,45.));
#2390 = CARTESIAN_POINT('',(-42.,13.077083918929,47.532757336236));
#2391 = CARTESIAN_POINT('',(-42.,13.154111523892,50.063664356465));
#2392 = CARTESIAN_POINT('',(-42.,13.231081683824,52.59268389706));
#2393 = CARTESIAN_POINT('',(-42.,13.385020026482,57.650658012972));
#2394 = CARTESIAN_POINT('',(-42.,13.461988033912,60.179606828547));
#2395 = CARTESIAN_POINT('',(-42.,13.538896059002,62.706584795771));
#2396 = CARTESIAN_POINT('',(-42.,13.615742874049,65.231551575882));
#2397 = PCURVE('',#619,#2398);
#2398 = DEFINITIONAL_REPRESENTATION('',(#2399),#2408);
#2399 = B_SPLINE_CURVE_WITH_KNOTS('',4,(#2400,#2401,#2402,#2403,#2404,
    #2405,#2406,#2407),.UNSPECIFIED.,.F.,.F.,(5,3,5),(0.,0.499625605565,
    1.),.UNSPECIFIED.);
#2400 = CARTESIAN_POINT('',(10.,0.));
#2401 = CARTESIAN_POINT('',(9.099464058227,0.110119884184));
#2402 = CARTESIAN_POINT('',(8.193709449202,0.220159319846));
#2403 = CARTESIAN_POINT('',(7.282682419639,0.330116691177));
#2404 = CARTESIAN_POINT('',(5.448601276024,0.55002860926));
#2405 = CARTESIAN_POINT('',(4.525531232171,0.659982905589));
#2406 = CARTESIAN_POINT('',(3.597063508381,0.76985151286));
#2407 = CARTESIAN_POINT('',(2.663142970328,0.879632677212));
#2408 = ( GEOMETRIC_REPRESENTATION_CONTEXT(2) 
PARAMETRIC_REPRESENTATION_CONTEXT() REPRESENTATION_CONTEXT('2D SPACE',''
  ) );
#2409 = PCURVE('',#2410,#2415);
#2410 = PLANE('',#2411);
#2411 = AXIS2_PLACEMENT_3D('',#2412,#2413,#2414);
#2412 = CARTESIAN_POINT('',(-42.,37.700591718307,42.997523864323));
#2413 = DIRECTION('',(-1.,-0.,-0.));
#2414 = DIRECTION('',(0.,0.,-1.));
#2415 = DEFINITIONAL_REPRESENTATION('',(#2416),#2425);
#2416 = B_SPLINE_CURVE_WITH_KNOTS('',4,(#2417,#2418,#2419,#2420,#2421,
    #2422,#2423,#2424),.UNSPECIFIED.,.F.,.F.,(5,3,5),(0.,0.499625605565,
    1.),.UNSPECIFIED.);
#2417 = CARTESIAN_POINT('',(-2.002476135677,24.700591718307));
#2418 = CARTESIAN_POINT('',(-4.535233471912,24.623507799378));
#2419 = CARTESIAN_POINT('',(-7.066140492142,24.546480194414));
#2420 = CARTESIAN_POINT('',(-9.595160032737,24.469510034483));
#2421 = CARTESIAN_POINT('',(-14.65313414864,24.315571691825));
#2422 = CARTESIAN_POINT('',(-17.18208296422,24.238603684394));
#2423 = CARTESIAN_POINT('',(-19.70906093144,24.161695659305));
#2424 = CARTESIAN_POINT('',(-22.23402771155,24.084848844258));
#2425 = ( GEOMETRIC_REPRESENTATION_CONTEXT(2) 
PARAMETRIC_REPRESENTATION_CONTEXT() REPRESENTATION_CONTEXT('2D SPACE',''
  ) );
#2426 = ORIENTED_EDGE('',*,*,#2427,.F.);
#2427 = EDGE_CURVE('',#2428,#2385,#2430,.T.);
#2428 = VERTEX_POINT('',#2429);
#2429 = CARTESIAN_POINT('',(-47.,13.4735552032,60.559670962273));
#2430 = SURFACE_CURVE('',#2431,(#2434,#2440),.PCURVE_S1.);
#2431 = B_SPLINE_CURVE_WITH_KNOTS('',1,(#2432,#2433),.UNSPECIFIED.,.F.,
  .F.,(2,2),(0.,1.),.PIECEWISE_BEZIER_KNOTS.);
#2432 = CARTESIAN_POINT('',(-47.,13.4735552032,60.559670962273));
#2433 = CARTESIAN_POINT('',(-42.,13.4735552032,60.559670962273));
#2434 = PCURVE('',#619,#2435);
#2435 = DEFINITIONAL_REPRESENTATION('',(#2436),#2439);
#2436 = B_SPLINE_CURVE_WITH_KNOTS('',1,(#2437,#2438),.UNSPECIFIED.,.F.,
  .F.,(2,2),(0.,1.),.PIECEWISE_BEZIER_KNOTS.);
#2437 = CARTESIAN_POINT('',(9.459547657256,0.676507433142));
#2438 = CARTESIAN_POINT('',(4.383232886694,0.676507433142));
#2439 = ( GEOMETRIC_REPRESENTATION_CONTEXT(2) 
PARAMETRIC_REPRESENTATION_CONTEXT() REPRESENTATION_CONTEXT('2D SPACE',''
  ) );
#2440 = PCURVE('',#2441,#2446);
#2441 = PLANE('',#2442);
#2442 = AXIS2_PLACEMENT_3D('',#2443,#2444,#2445);
#2443 = CARTESIAN_POINT('',(-47.,1.942956241952,65.231551575882));
#2444 = DIRECTION('',(-0.,0.375519642091,0.926814435798));
#2445 = DIRECTION('',(0.,0.926814435798,-0.375519642091));
#2446 = DEFINITIONAL_REPRESENTATION('',(#2447),#2450);
#2447 = B_SPLINE_CURVE_WITH_KNOTS('',1,(#2448,#2449),.UNSPECIFIED.,.F.,
  .F.,(2,2),(0.,1.),.PIECEWISE_BEZIER_KNOTS.);
#2448 = CARTESIAN_POINT('',(12.441108506598,0.));
#2449 = CARTESIAN_POINT('',(12.441108506598,-5.));
#2450 = ( GEOMETRIC_REPRESENTATION_CONTEXT(2) 
PARAMETRIC_REPRESENTATION_CONTEXT() REPRESENTATION_CONTEXT('2D SPACE',''
  ) );
#2451 = ORIENTED_EDGE('',*,*,#2452,.F.);
#2452 = EDGE_CURVE('',#2453,#2428,#2455,.T.);
#2453 = VERTEX_POINT('',#2454);
#2454 = CARTESIAN_POINT('',(-47.,13.,45.));
#2455 = SURFACE_CURVE('',#2456,(#2465,#2477),.PCURVE_S1.);
#2456 = B_SPLINE_CURVE_WITH_KNOTS('',4,(#2457,#2458,#2459,#2460,#2461,
    #2462,#2463,#2464),.UNSPECIFIED.,.F.,.F.,(5,3,5),(0.,0.499639304885,
    1.),.UNSPECIFIED.);
#2457 = CARTESIAN_POINT('',(-47.,13.,45.));
#2458 = CARTESIAN_POINT('',(-47.,13.077081862913,47.532689781443));
#2459 = CARTESIAN_POINT('',(-47.,13.154108768605,50.063573825587));
#2460 = CARTESIAN_POINT('',(-47.,13.231079607504,52.592615675119));
#2461 = CARTESIAN_POINT('',(-47.,13.385017890489,57.650587830363));
#2462 = CARTESIAN_POINT('',(-47.,13.461985169753,60.179512720455));
#2463 = CARTESIAN_POINT('',(-47.,13.538893899388,62.706513837042));
#2464 = CARTESIAN_POINT('',(-47.,13.615742874049,65.231551575882));
#2465 = PCURVE('',#619,#2466);
#2466 = DEFINITIONAL_REPRESENTATION('',(#2467),#2476);
#2467 = B_SPLINE_CURVE_WITH_KNOTS('',4,(#2468,#2469,#2470,#2471,#2472,
    #2473,#2474,#2475),.UNSPECIFIED.,.F.,.F.,(5,3,5),(0.,0.499639304885,
    1.),.UNSPECIFIED.);
#2468 = CARTESIAN_POINT('',(15.,0.));
#2469 = CARTESIAN_POINT('',(14.111723294045,0.110116947019));
#2470 = CARTESIAN_POINT('',(13.21828350096,0.220155383721));
#2471 = CARTESIAN_POINT('',(12.319626897583,0.330113725005));
#2472 = CARTESIAN_POINT('',(10.51046603571,0.550025557842));
#2473 = CARTESIAN_POINT('',(9.599946593021,0.659978813933));
#2474 = CARTESIAN_POINT('',(8.68408581732,0.769848427697));
#2475 = CARTESIAN_POINT('',(7.762828527796,0.879632677212));
#2476 = ( GEOMETRIC_REPRESENTATION_CONTEXT(2) 
PARAMETRIC_REPRESENTATION_CONTEXT() REPRESENTATION_CONTEXT('2D SPACE',''
  ) );
#2477 = PCURVE('',#2478,#2483);
#2478 = PLANE('',#2479);
#2479 = AXIS2_PLACEMENT_3D('',#2480,#2481,#2482);
#2480 = CARTESIAN_POINT('',(-47.,37.700591718307,42.997523864323));
#2481 = DIRECTION('',(-1.,-0.,-0.));
#2482 = DIRECTION('',(0.,0.,-1.));
#2483 = DEFINITIONAL_REPRESENTATION('',(#2484),#2493);
#2484 = B_SPLINE_CURVE_WITH_KNOTS('',4,(#2485,#2486,#2487,#2488,#2489,
    #2490,#2491,#2492),.UNSPECIFIED.,.F.,.F.,(5,3,5),(0.,0.499639304885,
    1.),.UNSPECIFIED.);
#2485 = CARTESIAN_POINT('',(-2.002476135677,24.700591718307));
#2486 = CARTESIAN_POINT('',(-4.535165917119,24.623509855393));
#2487 = CARTESIAN_POINT('',(-7.066049961263,24.546482949702));
#2488 = CARTESIAN_POINT('',(-9.595091810795,24.469512110803));
#2489 = CARTESIAN_POINT('',(-14.65306396604,24.315573827817));
#2490 = CARTESIAN_POINT('',(-17.18198885613,24.238606548554));
#2491 = CARTESIAN_POINT('',(-19.70898997271,24.161697818919));
#2492 = CARTESIAN_POINT('',(-22.23402771155,24.084848844258));
#2493 = ( GEOMETRIC_REPRESENTATION_CONTEXT(2) 
PARAMETRIC_REPRESENTATION_CONTEXT() REPRESENTATION_CONTEXT('2D SPACE',''
  ) );
#2494 = ORIENTED_EDGE('',*,*,#2495,.T.);
#2495 = EDGE_CURVE('',#2453,#2496,#2498,.T.);
#2496 = VERTEX_POINT('',#2497);
#2497 = CARTESIAN_POINT('',(-50.,13.,45.));
#2498 = SURFACE_CURVE('',#2499,(#2503,#2510),.PCURVE_S1.);
#2499 = LINE('',#2500,#2501);
#2500 = CARTESIAN_POINT('',(-32.,13.,45.));
#2501 = VECTOR('',#2502,1.);
#2502 = DIRECTION('',(-1.,1.224646799147E-16,0.));
#2503 = PCURVE('',#619,#2504);
#2504 = DEFINITIONAL_REPRESENTATION('',(#2505),#2509);
#2505 = LINE('',#2506,#2507);
#2506 = CARTESIAN_POINT('',(0.,0.));
#2507 = VECTOR('',#2508,1.);
#2508 = DIRECTION('',(1.,0.));
#2509 = ( GEOMETRIC_REPRESENTATION_CONTEXT(2) 
PARAMETRIC_REPRESENTATION_CONTEXT() REPRESENTATION_CONTEXT('2D SPACE',''
  ) );
#2510 = PCURVE('',#667,#2511);
#2511 = DEFINITIONAL_REPRESENTATION('',(#2512),#2516);
#2512 = LINE('',#2513,#2514);
#2513 = CARTESIAN_POINT('',(0.,0.));
#2514 = VECTOR('',#2515,1.);
#2515 = DIRECTION('',(0.56920997883,0.822192191644));
#2516 = ( GEOMETRIC_REPRESENTATION_CONTEXT(2) 
PARAMETRIC_REPRESENTATION_CONTEXT() REPRESENTATION_CONTEXT('2D SPACE',''
  ) );
#2517 = ORIENTED_EDGE('',*,*,#2518,.T.);
#2518 = EDGE_CURVE('',#2496,#2519,#2521,.T.);
#2519 = VERTEX_POINT('',#2520);
#2520 = CARTESIAN_POINT('',(-58.,13.7,68.));
#2521 = SURFACE_CURVE('',#2522,(#2525,#2532),.PCURVE_S1.);
#2522 = B_SPLINE_CURVE_WITH_KNOTS('',1,(#2523,#2524),.UNSPECIFIED.,.F.,
  .F.,(2,2),(0.,1.),.PIECEWISE_BEZIER_KNOTS.);
#2523 = CARTESIAN_POINT('',(-50.,13.,45.));
#2524 = CARTESIAN_POINT('',(-58.,13.7,68.));
#2525 = PCURVE('',#619,#2526);
#2526 = DEFINITIONAL_REPRESENTATION('',(#2527),#2531);
#2527 = LINE('',#2528,#2529);
#2528 = CARTESIAN_POINT('',(18.,0.));
#2529 = VECTOR('',#2530,1.);
#2530 = DIRECTION('',(0.,1.));
#2531 = ( GEOMETRIC_REPRESENTATION_CONTEXT(2) 
PARAMETRIC_REPRESENTATION_CONTEXT() REPRESENTATION_CONTEXT('2D SPACE',''
  ) );
#2532 = PCURVE('',#2533,#2538);
#2533 = B_SPLINE_SURFACE_WITH_KNOTS('',1,1,(
    (#2534,#2535)
    ,(#2536,#2537
    )),.UNSPECIFIED.,.F.,.F.,.F.,(2,2),(2,2),(0.,27.4),(0.,1.),
  .PIECEWISE_BEZIER_KNOTS.);
#2534 = CARTESIAN_POINT('',(-50.,13.,45.));
#2535 = CARTESIAN_POINT('',(-58.,13.7,68.));
#2536 = CARTESIAN_POINT('',(-50.,-13.,45.));
#2537 = CARTESIAN_POINT('',(-58.,-13.7,68.));
#2538 = DEFINITIONAL_REPRESENTATION('',(#2539),#2543);
#2539 = LINE('',#2540,#2541);
#2540 = CARTESIAN_POINT('',(0.,0.));
#2541 = VECTOR('',#2542,1.);
#2542 = DIRECTION('',(0.,1.));
#2543 = ( GEOMETRIC_REPRESENTATION_CONTEXT(2) 
PARAMETRIC_REPRESENTATION_CONTEXT() REPRESENTATION_CONTEXT('2D SPACE',''
  ) );
#2544 = ORIENTED_EDGE('',*,*,#2545,.F.);
#2545 = EDGE_CURVE('',#2158,#2519,#2546,.T.);
#2546 = SURFACE_CURVE('',#2547,(#2551,#2557),.PCURVE_S1.);
#2547 = LINE('',#2548,#2549);
#2548 = CARTESIAN_POINT('',(-40.4,13.7,68.));
#2549 = VECTOR('',#2550,1.);
#2550 = DIRECTION('',(-1.,1.224646799147E-16,0.));
#2551 = PCURVE('',#619,#2552);
#2552 = DEFINITIONAL_REPRESENTATION('',(#2553),#2556);
#2553 = B_SPLINE_CURVE_WITH_KNOTS('',1,(#2554,#2555),.UNSPECIFIED.,.F.,
  .F.,(2,2),(0.,17.6),.PIECEWISE_BEZIER_KNOTS.);
#2554 = CARTESIAN_POINT('',(0.,1.));
#2555 = CARTESIAN_POINT('',(18.,1.));
#2556 = ( GEOMETRIC_REPRESENTATION_CONTEXT(2) 
PARAMETRIC_REPRESENTATION_CONTEXT() REPRESENTATION_CONTEXT('2D SPACE',''
  ) );
#2557 = PCURVE('',#2231,#2558);
#2558 = DEFINITIONAL_REPRESENTATION('',(#2559),#2563);
#2559 = LINE('',#2560,#2561);
#2560 = CARTESIAN_POINT('',(0.,0.));
#2561 = VECTOR('',#2562,1.);
#2562 = DIRECTION('',(1.,0.));
#2563 = ( GEOMETRIC_REPRESENTATION_CONTEXT(2) 
PARAMETRIC_REPRESENTATION_CONTEXT() REPRESENTATION_CONTEXT('2D SPACE',''
  ) );
#2564 = ORIENTED_EDGE('',*,*,#2272,.F.);
#2565 = ORIENTED_EDGE('',*,*,#605,.T.);
#2566 = ADVANCED_FACE('',(#2567),#667,.T.);
#2567 = FACE_BOUND('',#2568,.T.);
#2568 = EDGE_LOOP('',(#2569,#2570,#2571,#2598,#2626,#2646,#2647,#2668,
    #2694));
#2569 = ORIENTED_EDGE('',*,*,#2361,.F.);
#2570 = ORIENTED_EDGE('',*,*,#652,.F.);
#2571 = ORIENTED_EDGE('',*,*,#2572,.F.);
#2572 = EDGE_CURVE('',#2573,#169,#2575,.T.);
#2573 = VERTEX_POINT('',#2574);
#2574 = CARTESIAN_POINT('',(-32.,-13.,45.));
#2575 = SURFACE_CURVE('',#2576,(#2580,#2587),.PCURVE_S1.);
#2576 = LINE('',#2577,#2578);
#2577 = CARTESIAN_POINT('',(-32.,-13.,45.));
#2578 = VECTOR('',#2579,1.);
#2579 = DIRECTION('',(1.224646799147E-16,1.,0.));
#2580 = PCURVE('',#667,#2581);
#2581 = DEFINITIONAL_REPRESENTATION('',(#2582),#2586);
#2582 = LINE('',#2583,#2584);
#2583 = CARTESIAN_POINT('',(21.376996982738,-14.79945944958));
#2584 = VECTOR('',#2585,1.);
#2585 = DIRECTION('',(-0.822192191644,0.56920997883));
#2586 = ( GEOMETRIC_REPRESENTATION_CONTEXT(2) 
PARAMETRIC_REPRESENTATION_CONTEXT() REPRESENTATION_CONTEXT('2D SPACE',''
  ) );
#2587 = PCURVE('',#2588,#2593);
#2588 = B_SPLINE_SURFACE_WITH_KNOTS('',1,1,(
    (#2589,#2590)
    ,(#2591,#2592
    )),.UNSPECIFIED.,.F.,.F.,.F.,(2,2),(2,2),(0.,27.4),(0.,1.),
  .PIECEWISE_BEZIER_KNOTS.);
#2589 = CARTESIAN_POINT('',(-32.,-13.,45.));
#2590 = CARTESIAN_POINT('',(-40.4,-13.7,68.));
#2591 = CARTESIAN_POINT('',(-32.,13.,45.));
#2592 = CARTESIAN_POINT('',(-40.4,13.7,68.));
#2593 = DEFINITIONAL_REPRESENTATION('',(#2594),#2597);
#2594 = B_SPLINE_CURVE_WITH_KNOTS('',1,(#2595,#2596),.UNSPECIFIED.,.F.,
  .F.,(2,2),(0.,26.),.PIECEWISE_BEZIER_KNOTS.);
#2595 = CARTESIAN_POINT('',(0.,0.));
#2596 = CARTESIAN_POINT('',(27.4,0.));
#2597 = ( GEOMETRIC_REPRESENTATION_CONTEXT(2) 
PARAMETRIC_REPRESENTATION_CONTEXT() REPRESENTATION_CONTEXT('2D SPACE',''
  ) );
#2598 = ORIENTED_EDGE('',*,*,#2599,.F.);
#2599 = EDGE_CURVE('',#2600,#2573,#2602,.T.);
#2600 = VERTEX_POINT('',#2601);
#2601 = CARTESIAN_POINT('',(-50.,-13.,45.));
#2602 = SURFACE_CURVE('',#2603,(#2607,#2614),.PCURVE_S1.);
#2603 = LINE('',#2604,#2605);
#2604 = CARTESIAN_POINT('',(-50.,-13.,45.));
#2605 = VECTOR('',#2606,1.);
#2606 = DIRECTION('',(1.,-1.224646799147E-16,0.));
#2607 = PCURVE('',#667,#2608);
#2608 = DEFINITIONAL_REPRESENTATION('',(#2609),#2613);
#2609 = LINE('',#2610,#2611);
#2610 = CARTESIAN_POINT('',(31.622776601684,-3.552713678801E-15));
#2611 = VECTOR('',#2612,1.);
#2612 = DIRECTION('',(-0.56920997883,-0.822192191644));
#2613 = ( GEOMETRIC_REPRESENTATION_CONTEXT(2) 
PARAMETRIC_REPRESENTATION_CONTEXT() REPRESENTATION_CONTEXT('2D SPACE',''
  ) );
#2614 = PCURVE('',#2615,#2620);
#2615 = B_SPLINE_SURFACE_WITH_KNOTS('',1,1,(
    (#2616,#2617)
    ,(#2618,#2619
    )),.UNSPECIFIED.,.F.,.F.,.F.,(2,2),(2,2),(0.,18.),(0.,1.),
  .PIECEWISE_BEZIER_KNOTS.);
#2616 = CARTESIAN_POINT('',(-50.,-13.,45.));
#2617 = CARTESIAN_POINT('',(-58.,-13.7,68.));
#2618 = CARTESIAN_POINT('',(-32.,-13.,45.));
#2619 = CARTESIAN_POINT('',(-40.4,-13.7,68.));
#2620 = DEFINITIONAL_REPRESENTATION('',(#2621),#2625);
#2621 = LINE('',#2622,#2623);
#2622 = CARTESIAN_POINT('',(0.,0.));
#2623 = VECTOR('',#2624,1.);
#2624 = DIRECTION('',(1.,0.));
#2625 = ( GEOMETRIC_REPRESENTATION_CONTEXT(2) 
PARAMETRIC_REPRESENTATION_CONTEXT() REPRESENTATION_CONTEXT('2D SPACE',''
  ) );
#2626 = ORIENTED_EDGE('',*,*,#2627,.F.);
#2627 = EDGE_CURVE('',#2496,#2600,#2628,.T.);
#2628 = SURFACE_CURVE('',#2629,(#2633,#2640),.PCURVE_S1.);
#2629 = LINE('',#2630,#2631);
#2630 = CARTESIAN_POINT('',(-50.,13.,45.));
#2631 = VECTOR('',#2632,1.);
#2632 = DIRECTION('',(-1.224646799147E-16,-1.,0.));
#2633 = PCURVE('',#667,#2634);
#2634 = DEFINITIONAL_REPRESENTATION('',(#2635),#2639);
#2635 = LINE('',#2636,#2637);
#2636 = CARTESIAN_POINT('',(10.245779618946,14.799459449588));
#2637 = VECTOR('',#2638,1.);
#2638 = DIRECTION('',(0.822192191644,-0.56920997883));
#2639 = ( GEOMETRIC_REPRESENTATION_CONTEXT(2) 
PARAMETRIC_REPRESENTATION_CONTEXT() REPRESENTATION_CONTEXT('2D SPACE',''
  ) );
#2640 = PCURVE('',#2533,#2641);
#2641 = DEFINITIONAL_REPRESENTATION('',(#2642),#2645);
#2642 = B_SPLINE_CURVE_WITH_KNOTS('',1,(#2643,#2644),.UNSPECIFIED.,.F.,
  .F.,(2,2),(0.,26.),.PIECEWISE_BEZIER_KNOTS.);
#2643 = CARTESIAN_POINT('',(0.,0.));
#2644 = CARTESIAN_POINT('',(27.4,0.));
#2645 = ( GEOMETRIC_REPRESENTATION_CONTEXT(2) 
PARAMETRIC_REPRESENTATION_CONTEXT() REPRESENTATION_CONTEXT('2D SPACE',''
  ) );
#2646 = ORIENTED_EDGE('',*,*,#2495,.F.);
#2647 = ORIENTED_EDGE('',*,*,#2648,.F.);
#2648 = EDGE_CURVE('',#2649,#2453,#2651,.T.);
#2649 = VERTEX_POINT('',#2650);
#2650 = CARTESIAN_POINT('',(-47.,-4.046360131363,45.));
#2651 = SURFACE_CURVE('',#2652,(#2656,#2662),.PCURVE_S1.);
#2652 = LINE('',#2653,#2654);
#2653 = CARTESIAN_POINT('',(-47.,25.350295859153,45.));
#2654 = VECTOR('',#2655,1.);
#2655 = DIRECTION('',(-0.,1.,0.));
#2656 = PCURVE('',#667,#2657);
#2657 = DEFINITIONAL_REPRESENTATION('',(#2658),#2661);
#2658 = B_SPLINE_CURVE_WITH_KNOTS('',1,(#2659,#2660),.UNSPECIFIED.,.F.,
  .F.,(2,2),(-31.2932521011,-8.01696252582),.PIECEWISE_BEZIER_KNOTS.);
#2659 = CARTESIAN_POINT('',(24.112900391237,1.550363153192));
#2660 = CARTESIAN_POINT('',(4.975316851998,14.799459449588));
#2661 = ( GEOMETRIC_REPRESENTATION_CONTEXT(2) 
PARAMETRIC_REPRESENTATION_CONTEXT() REPRESENTATION_CONTEXT('2D SPACE',''
  ) );
#2662 = PCURVE('',#2478,#2663);
#2663 = DEFINITIONAL_REPRESENTATION('',(#2664),#2667);
#2664 = B_SPLINE_CURVE_WITH_KNOTS('',1,(#2665,#2666),.UNSPECIFIED.,.F.,
  .F.,(2,2),(-31.2932521011,-8.01696252582),.PIECEWISE_BEZIER_KNOTS.);
#2665 = CARTESIAN_POINT('',(-2.002476135677,43.643547960259));
#2666 = CARTESIAN_POINT('',(-2.002476135677,20.367258384973));
#2667 = ( GEOMETRIC_REPRESENTATION_CONTEXT(2) 
PARAMETRIC_REPRESENTATION_CONTEXT() REPRESENTATION_CONTEXT('2D SPACE',''
  ) );
#2668 = ORIENTED_EDGE('',*,*,#2669,.F.);
#2669 = EDGE_CURVE('',#2670,#2649,#2672,.T.);
#2670 = VERTEX_POINT('',#2671);
#2671 = CARTESIAN_POINT('',(-42.,-4.046360131363,45.));
#2672 = SURFACE_CURVE('',#2673,(#2677,#2683),.PCURVE_S1.);
#2673 = LINE('',#2674,#2675);
#2674 = CARTESIAN_POINT('',(-39.5,-4.046360131363,45.));
#2675 = VECTOR('',#2676,1.);
#2676 = DIRECTION('',(-1.,-0.,0.));
#2677 = PCURVE('',#667,#2678);
#2678 = DEFINITIONAL_REPRESENTATION('',(#2679),#2682);
#2679 = B_SPLINE_CURVE_WITH_KNOTS('',1,(#2680,#2681),.UNSPECIFIED.,.F.,
  .F.,(2,2),(2.5,7.5),.PIECEWISE_BEZIER_KNOTS.);
#2680 = CARTESIAN_POINT('',(19.707483984258,-1.481036373069));
#2681 = CARTESIAN_POINT('',(22.553533878409,2.62992458515));
#2682 = ( GEOMETRIC_REPRESENTATION_CONTEXT(2) 
PARAMETRIC_REPRESENTATION_CONTEXT() REPRESENTATION_CONTEXT('2D SPACE',''
  ) );
#2683 = PCURVE('',#2684,#2689);
#2684 = PLANE('',#2685);
#2685 = AXIS2_PLACEMENT_3D('',#2686,#2687,#2688);
#2686 = CARTESIAN_POINT('',(-47.,57.62997778228,20.01044929361));
#2687 = DIRECTION('',(0.,-0.375519642091,-0.926814435798));
#2688 = DIRECTION('',(0.,-0.926814435798,0.375519642091));
#2689 = DEFINITIONAL_REPRESENTATION('',(#2690),#2693);
#2690 = B_SPLINE_CURVE_WITH_KNOTS('',1,(#2691,#2692),.UNSPECIFIED.,.F.,
  .F.,(2,2),(2.5,7.5),.PIECEWISE_BEZIER_KNOTS.);
#2691 = CARTESIAN_POINT('',(66.546587462808,-5.));
#2692 = CARTESIAN_POINT('',(66.546587462808,0.));
#2693 = ( GEOMETRIC_REPRESENTATION_CONTEXT(2) 
PARAMETRIC_REPRESENTATION_CONTEXT() REPRESENTATION_CONTEXT('2D SPACE',''
  ) );
#2694 = ORIENTED_EDGE('',*,*,#2695,.T.);
#2695 = EDGE_CURVE('',#2670,#2362,#2696,.T.);
#2696 = SURFACE_CURVE('',#2697,(#2701,#2707),.PCURVE_S1.);
#2697 = LINE('',#2698,#2699);
#2698 = CARTESIAN_POINT('',(-42.,25.350295859153,45.));
#2699 = VECTOR('',#2700,1.);
#2700 = DIRECTION('',(-0.,1.,0.));
#2701 = PCURVE('',#667,#2702);
#2702 = DEFINITIONAL_REPRESENTATION('',(#2703),#2706);
#2703 = B_SPLINE_CURVE_WITH_KNOTS('',1,(#2704,#2705),.UNSPECIFIED.,.F.,
  .F.,(2,2),(-31.2932521011,-5.427218936076),.PIECEWISE_BEZIER_KNOTS.);
#2704 = CARTESIAN_POINT('',(21.266850497086,-2.560597805027));
#2705 = CARTESIAN_POINT('',(-2.6645352591E-15,12.162606385263));
#2706 = ( GEOMETRIC_REPRESENTATION_CONTEXT(2) 
PARAMETRIC_REPRESENTATION_CONTEXT() REPRESENTATION_CONTEXT('2D SPACE',''
  ) );
#2707 = PCURVE('',#2410,#2708);
#2708 = DEFINITIONAL_REPRESENTATION('',(#2709),#2712);
#2709 = B_SPLINE_CURVE_WITH_KNOTS('',1,(#2710,#2711),.UNSPECIFIED.,.F.,
  .F.,(2,2),(-31.2932521011,-5.427218936076),.PIECEWISE_BEZIER_KNOTS.);
#2710 = CARTESIAN_POINT('',(-2.002476135677,43.643547960259));
#2711 = CARTESIAN_POINT('',(-2.002476135677,17.77751479523));
#2712 = ( GEOMETRIC_REPRESENTATION_CONTEXT(2) 
PARAMETRIC_REPRESENTATION_CONTEXT() REPRESENTATION_CONTEXT('2D SPACE',''
  ) );
#2713 = ADVANCED_FACE('',(#2714),#724,.T.);
#2714 = FACE_BOUND('',#2715,.T.);
#2715 = EDGE_LOOP('',(#2716,#2717,#2800,#2838,#2871,#2923));
#2716 = ORIENTED_EDGE('',*,*,#703,.F.);
#2717 = ORIENTED_EDGE('',*,*,#2718,.F.);
#2718 = EDGE_CURVE('',#2719,#81,#2721,.T.);
#2719 = VERTEX_POINT('',#2720);
#2720 = CARTESIAN_POINT('',(10.611216161629,33.943919191854,
    54.719595959268));
#2721 = SURFACE_CURVE('',#2722,(#2746,#2773),.PCURVE_S1.);
#2722 = B_SPLINE_CURVE_WITH_KNOTS('',8,(#2723,#2724,#2725,#2726,#2727,
    #2728,#2729,#2730,#2731,#2732,#2733,#2734,#2735,#2736,#2737,#2738,
    #2739,#2740,#2741,#2742,#2743,#2744,#2745),.UNSPECIFIED.,.F.,.F.,(9,
    7,7,9),(0.,0.468992558639,0.786648685021,1.),.UNSPECIFIED.);
#2723 = CARTESIAN_POINT('',(10.611216161629,33.943919191854,
    54.719595959268));
#2724 = CARTESIAN_POINT('',(10.173197715669,33.795216937887,
    53.976084689435));
#2725 = CARTESIAN_POINT('',(9.723751370529,33.64774146598,53.2387073299)
  );
#2726 = CARTESIAN_POINT('',(9.26118710817,33.501612658773,
    52.508063293855));
#2727 = CARTESIAN_POINT('',(8.783595804688,33.357069052228,
    51.785345261153));
#2728 = CARTESIAN_POINT('',(8.288801039874,33.21447365289,
    51.072368264443));
#2729 = CARTESIAN_POINT('',(7.773991383077,33.074366347975,
    50.371831739879));
#2730 = CARTESIAN_POINT('',(7.235645884614,32.937472747142,
    49.687363735711));
#2731 = CARTESIAN_POINT('',(6.28322546279,32.715170023073,
    48.575850115367));
#2732 = CARTESIAN_POINT('',(5.885919009599,32.627591787514,
    48.137958937572));
#2733 = CARTESIAN_POINT('',(5.473483887582,32.542387640982,
    47.711938204911));
#2734 = CARTESIAN_POINT('',(5.043639285284,32.460023326316,
    47.300116631579));
#2735 = CARTESIAN_POINT('',(4.594198237483,32.381257206175,
    46.906286030877));
#2736 = CARTESIAN_POINT('',(4.122924669491,32.307176938383,
    46.535884691917));
#2737 = CARTESIAN_POINT('',(3.627445506313,32.239220885581,
    46.196104427905));
#2738 = CARTESIAN_POINT('',(2.753590596574,32.139071471924,
    45.695357359621));
#2739 = CARTESIAN_POINT('',(2.390088347767,32.102451082566,
    45.512255412831));
#2740 = CARTESIAN_POINT('',(2.014206467345,32.070144549846,
    45.350722749232));
#2741 = CARTESIAN_POINT('',(1.626571366256,32.04295758936,
    45.214787946798));
#2742 = CARTESIAN_POINT('',(1.228519912731,32.021731955195,
    45.108659775974));
#2743 = CARTESIAN_POINT('',(0.822254218902,32.007244035737,
    45.036220178684));
#2744 = CARTESIAN_POINT('',(0.411130455979,32.,45.));
#2745 = CARTESIAN_POINT('',(3.552713678801E-15,32.,45.));
#2746 = PCURVE('',#724,#2747);
#2747 = DEFINITIONAL_REPRESENTATION('',(#2748),#2772);
#2748 = B_SPLINE_CURVE_WITH_KNOTS('',8,(#2749,#2750,#2751,#2752,#2753,
    #2754,#2755,#2756,#2757,#2758,#2759,#2760,#2761,#2762,#2763,#2764,
    #2765,#2766,#2767,#2768,#2769,#2770,#2771),.UNSPECIFIED.,.F.,.F.,(9,
    7,7,9),(0.,0.468992558639,0.786648685021,1.),.UNSPECIFIED.);
#2749 = CARTESIAN_POINT('',(7.550996351703,9.719595959268));
#2750 = CARTESIAN_POINT('',(7.561504164564,8.976084689435));
#2751 = CARTESIAN_POINT('',(7.572513082239,8.238707329896));
#2752 = CARTESIAN_POINT('',(7.584083929348,7.508063293869));
#2753 = CARTESIAN_POINT('',(7.596287302109,6.785345261132));
#2754 = CARTESIAN_POINT('',(7.609204891507,6.072368264458));
#2755 = CARTESIAN_POINT('',(7.622940659625,5.371831739874));
#2756 = CARTESIAN_POINT('',(7.637622865532,4.687363735711));
#2757 = CARTESIAN_POINT('',(7.664181125197,3.575850115367));
#2758 = CARTESIAN_POINT('',(7.675411214892,3.137958937571));
#2759 = CARTESIAN_POINT('',(7.687225497223,2.711938204911));
#2760 = CARTESIAN_POINT('',(7.699701964594,2.300116631578));
#2761 = CARTESIAN_POINT('',(7.712917747354,1.906286030877));
#2762 = CARTESIAN_POINT('',(7.726951153843,1.535884691917));
#2763 = CARTESIAN_POINT('',(7.741881114986,1.196104427905));
#2764 = CARTESIAN_POINT('',(7.768488962277,0.695357359621));
#2765 = CARTESIAN_POINT('',(7.779627903903,0.512255412831));
#2766 = CARTESIAN_POINT('',(7.791213766279,0.350722749231));
#2767 = CARTESIAN_POINT('',(7.803223683795,0.214787946799));
#2768 = CARTESIAN_POINT('',(7.815608477242,0.108659775974));
#2769 = CARTESIAN_POINT('',(7.828286190867,3.622017868456E-02));
#2770 = CARTESIAN_POINT('',(7.841133807225,1.51046879084E-16));
#2771 = CARTESIAN_POINT('',(7.853981633974,0.));
#2772 = ( GEOMETRIC_REPRESENTATION_CONTEXT(2) 
PARAMETRIC_REPRESENTATION_CONTEXT() REPRESENTATION_CONTEXT('2D SPACE',''
  ) );
#2773 = PCURVE('',#2345,#2774);
#2774 = DEFINITIONAL_REPRESENTATION('',(#2775),#2799);
#2775 = B_SPLINE_CURVE_WITH_KNOTS('',8,(#2776,#2777,#2778,#2779,#2780,
    #2781,#2782,#2783,#2784,#2785,#2786,#2787,#2788,#2789,#2790,#2791,
    #2792,#2793,#2794,#2795,#2796,#2797,#2798),.UNSPECIFIED.,.F.,.F.,(9,
    7,7,9),(0.,0.468992558639,0.786648685021,1.),.UNSPECIFIED.);
#2776 = CARTESIAN_POINT('',(22.,0.388783838371));
#2777 = CARTESIAN_POINT('',(21.515102907535,0.359043387577));
#2778 = CARTESIAN_POINT('',(21.021719932232,0.329548293196));
#2779 = CARTESIAN_POINT('',(20.518174263295,0.300322531754));
#2780 = CARTESIAN_POINT('',(20.002607518077,0.271413810446));
#2781 = CARTESIAN_POINT('',(19.472923107511,0.242894730578));
#2782 = CARTESIAN_POINT('',(18.926410196612,0.214873269595));
#2783 = CARTESIAN_POINT('',(18.359662531881,0.187494549428));
#2784 = CARTESIAN_POINT('',(17.365339216186,0.143034004615));
#2785 = CARTESIAN_POINT('',(16.952716753149,0.125518357503));
#2786 = CARTESIAN_POINT('',(16.526566260627,0.108477528197));
#2787 = CARTESIAN_POINT('',(16.084651520777,9.200466526303E-02));
#2788 = CARTESIAN_POINT('',(15.624853253857,7.625144123515E-02));
#2789 = CARTESIAN_POINT('',(15.144993963401,6.143538767665E-02));
#2790 = CARTESIAN_POINT('',(14.642714387775,4.78441771162E-02));
#2791 = CARTESIAN_POINT('',(13.760310858393,2.781429438482E-02));
#2792 = CARTESIAN_POINT('',(13.394133727038,2.049021651324E-02));
#2793 = CARTESIAN_POINT('',(13.016317038347,1.402890996925E-02));
#2794 = CARTESIAN_POINT('',(12.627437921389,8.591517871954E-03));
#2795 = CARTESIAN_POINT('',(12.228736453168,4.346391038943E-03));
#2796 = CARTESIAN_POINT('',(11.822254230124,1.448807147385E-03));
#2797 = CARTESIAN_POINT('',(11.411130455979,6.041875163359E-18));
#2798 = CARTESIAN_POINT('',(11.,0.));
#2799 = ( GEOMETRIC_REPRESENTATION_CONTEXT(2) 
PARAMETRIC_REPRESENTATION_CONTEXT() REPRESENTATION_CONTEXT('2D SPACE',''
  ) );
#2800 = ORIENTED_EDGE('',*,*,#2801,.F.);
#2801 = EDGE_CURVE('',#2802,#2719,#2804,.T.);
#2802 = VERTEX_POINT('',#2803);
#2803 = CARTESIAN_POINT('',(10.12,38.767555736437,67.));
#2804 = SURFACE_CURVE('',#2805,(#2814,#2826),.PCURVE_S1.);
#2805 = B_SPLINE_CURVE_WITH_KNOTS('',4,(#2806,#2807,#2808,#2809,#2810,
    #2811,#2812,#2813),.UNSPECIFIED.,.F.,.F.,(5,3,5),(0.,0.502581717975,
    1.),.UNSPECIFIED.);
#2806 = CARTESIAN_POINT('',(10.12,38.767555736437,67.));
#2807 = CARTESIAN_POINT('',(10.181771675227,38.166215452857,
    65.455708119326));
#2808 = CARTESIAN_POINT('',(10.243527994077,37.563483705903,
    63.911800148085));
#2809 = CARTESIAN_POINT('',(10.305267486833,36.959234467738,
    62.368312829187));
#2810 = CARTESIAN_POINT('',(10.428074827412,35.753599309661,
    59.298129314694));
#2811 = CARTESIAN_POINT('',(10.489143051376,35.152247261385,
    57.771423715588));
#2812 = CARTESIAN_POINT('',(10.550191006884,34.549090091025,
    56.245224827901));
#2813 = CARTESIAN_POINT('',(10.611216161629,33.943919191854,
    54.719595959268));
#2814 = PCURVE('',#724,#2815);
#2815 = DEFINITIONAL_REPRESENTATION('',(#2816),#2825);
#2816 = B_SPLINE_CURVE_WITH_KNOTS('',4,(#2817,#2818,#2819,#2820,#2821,
    #2822,#2823,#2824),.UNSPECIFIED.,.F.,.F.,(5,3,5),(0.,0.502581717975,
    1.),.UNSPECIFIED.);
#2817 = CARTESIAN_POINT('',(7.598636843272,22.));
#2818 = CARTESIAN_POINT('',(7.593354278662,20.455708119326));
#2819 = CARTESIAN_POINT('',(7.587864205129,18.911800148085));
#2820 = CARTESIAN_POINT('',(7.582148144335,17.368312829187));
#2821 = CARTESIAN_POINT('',(7.570277733706,14.298129314694));
#2822 = CARTESIAN_POINT('',(7.564128422302,12.771423715588));
#2823 = CARTESIAN_POINT('',(7.557711338809,11.245224827901));
#2824 = CARTESIAN_POINT('',(7.550996351703,9.719595959268));
#2825 = ( GEOMETRIC_REPRESENTATION_CONTEXT(2) 
PARAMETRIC_REPRESENTATION_CONTEXT() REPRESENTATION_CONTEXT('2D SPACE',''
  ) );
#2826 = PCURVE('',#841,#2827);
#2827 = DEFINITIONAL_REPRESENTATION('',(#2828),#2837);
#2828 = B_SPLINE_CURVE_WITH_KNOTS('',4,(#2829,#2830,#2831,#2832,#2833,
    #2834,#2835,#2836),.UNSPECIFIED.,.F.,.F.,(5,3,5),(0.,0.502581717975,
    1.),.UNSPECIFIED.);
#2829 = CARTESIAN_POINT('',(2.367555735905,0.88));
#2830 = CARTESIAN_POINT('',(2.075073828459,0.818228324773));
#2831 = CARTESIAN_POINT('',(1.781123676951,0.756472005923));
#2832 = CARTESIAN_POINT('',(1.485571901901,0.694732513167));
#2833 = CARTESIAN_POINT('',(0.893973446722,0.571925172588));
#2834 = CARTESIAN_POINT('',(0.597962518267,0.510856948624));
#2835 = CARTESIAN_POINT('',(0.300045125444,0.449808993116));
#2836 = CARTESIAN_POINT('',(0.,0.388783838371));
#2837 = ( GEOMETRIC_REPRESENTATION_CONTEXT(2) 
PARAMETRIC_REPRESENTATION_CONTEXT() REPRESENTATION_CONTEXT('2D SPACE',''
  ) );
#2838 = ORIENTED_EDGE('',*,*,#2839,.T.);
#2839 = EDGE_CURVE('',#2802,#2840,#2842,.T.);
#2840 = VERTEX_POINT('',#2841);
#2841 = CARTESIAN_POINT('',(10.12,-38.76755573643,67.));
#2842 = SURFACE_CURVE('',#2843,(#2848,#2855),.PCURVE_S1.);
#2843 = CIRCLE('',#2844,40.066666666667);
#2844 = AXIS2_PLACEMENT_3D('',#2845,#2846,#2847);
#2845 = CARTESIAN_POINT('',(0.,0.,67.));
#2846 = DIRECTION('',(0.,0.,-1.));
#2847 = DIRECTION('',(0.252579034942,0.9675762663,0.));
#2848 = PCURVE('',#724,#2849);
#2849 = DEFINITIONAL_REPRESENTATION('',(#2850),#2854);
#2850 = LINE('',#2851,#2852);
#2851 = CARTESIAN_POINT('',(7.598636843272,22.));
#2852 = VECTOR('',#2853,1.);
#2853 = DIRECTION('',(-1.,-0.));
#2854 = ( GEOMETRIC_REPRESENTATION_CONTEXT(2) 
PARAMETRIC_REPRESENTATION_CONTEXT() REPRESENTATION_CONTEXT('2D SPACE',''
  ) );
#2855 = PCURVE('',#2856,#2861);
#2856 = PLANE('',#2857);
#2857 = AXIS2_PLACEMENT_3D('',#2858,#2859,#2860);
#2858 = CARTESIAN_POINT('',(-1.75032336965E-15,3.209892110372E-15,67.));
#2859 = DIRECTION('',(0.,0.,1.));
#2860 = DIRECTION('',(1.,0.,-0.));
#2861 = DEFINITIONAL_REPRESENTATION('',(#2862),#2870);
#2862 = ( BOUNDED_CURVE() B_SPLINE_CURVE(2,(#2863,#2864,#2865,#2866,
#2867,#2868,#2869),.UNSPECIFIED.,.T.,.F.) B_SPLINE_CURVE_WITH_KNOTS((1,2
    ,2,2,2,1),(-2.094395102393,0.,2.094395102393,4.188790204786,
6.28318530718,8.377580409573),.UNSPECIFIED.) CURVE() 
GEOMETRIC_REPRESENTATION_ITEM() RATIONAL_B_SPLINE_CURVE((1.,0.5,1.,0.5,
1.,0.5,1.)) REPRESENTATION_ITEM('') );
#2863 = CARTESIAN_POINT('',(10.12,38.767555736437));
#2864 = CARTESIAN_POINT('',(77.267376220768,21.23920156384));
#2865 = CARTESIAN_POINT('',(28.513688110384,-28.14795495451));
#2866 = CARTESIAN_POINT('',(-20.24,-77.53511147287));
#2867 = CARTESIAN_POINT('',(-38.63368811038,-10.61960078192));
#2868 = CARTESIAN_POINT('',(-57.02737622076,56.295909909034));
#2869 = CARTESIAN_POINT('',(10.12,38.767555736437));
#2870 = ( GEOMETRIC_REPRESENTATION_CONTEXT(2) 
PARAMETRIC_REPRESENTATION_CONTEXT() REPRESENTATION_CONTEXT('2D SPACE',''
  ) );
#2871 = ORIENTED_EDGE('',*,*,#2872,.F.);
#2872 = EDGE_CURVE('',#2873,#2840,#2875,.T.);
#2873 = VERTEX_POINT('',#2874);
#2874 = CARTESIAN_POINT('',(10.611216161629,-33.94391919185,
    54.719595959268));
#2875 = SURFACE_CURVE('',#2876,(#2888,#2903),.PCURVE_S1.);
#2876 = B_SPLINE_CURVE_WITH_KNOTS('',4,(#2877,#2878,#2879,#2880,#2881,
    #2882,#2883,#2884,#2885,#2886,#2887),.UNSPECIFIED.,.F.,.F.,(5,3,3,5)
  ,(0.,0.499009966419,0.938571460239,1.),.UNSPECIFIED.);
#2877 = CARTESIAN_POINT('',(10.611216161629,-33.94391919185,
    54.719595959268));
#2878 = CARTESIAN_POINT('',(10.549995733059,-34.55102657175,
    56.250106673519));
#2879 = CARTESIAN_POINT('',(10.488752357615,-35.15610731758,
    57.78119105963));
#2880 = CARTESIAN_POINT('',(10.427488591832,-35.75937203381,
    59.312785204204));
#2881 = CARTESIAN_POINT('',(10.312224793956,-36.89091696411,
    62.194380151089));
#2882 = CARTESIAN_POINT('',(10.258228911965,-37.41956871372,
    63.544277200876));
#2883 = CARTESIAN_POINT('',(10.204219982929,-37.94704484473,
    64.894500426774));
#2884 = CARTESIAN_POINT('',(10.142649618673,-38.54699494565,
    66.433759533178));
#2885 = CARTESIAN_POINT('',(10.135099977081,-38.62053614727,
    66.622500572983));
#2886 = CARTESIAN_POINT('',(10.127550103136,-38.69405633489,
    66.81124742159));
#2887 = CARTESIAN_POINT('',(10.12,-38.76755573643,67.));
#2888 = PCURVE('',#724,#2889);
#2889 = DEFINITIONAL_REPRESENTATION('',(#2890),#2902);
#2890 = B_SPLINE_CURVE_WITH_KNOTS('',4,(#2891,#2892,#2893,#2894,#2895,
    #2896,#2897,#2898,#2899,#2900,#2901),.UNSPECIFIED.,.F.,.F.,(5,3,3,5)
  ,(0.,0.499009966419,0.938571460239,1.),.UNSPECIFIED.);
#2891 = CARTESIAN_POINT('',(5.015374262656,9.719595959268));
#2892 = CARTESIAN_POINT('',(5.008637788325,11.250106673519));
#2893 = CARTESIAN_POINT('',(5.002201126795,12.78119105963));
#2894 = CARTESIAN_POINT('',(4.996033857887,14.312785204204));
#2895 = CARTESIAN_POINT('',(4.984897060513,17.194380151089));
#2896 = CARTESIAN_POINT('',(4.979872325512,18.544277200876));
#2897 = CARTESIAN_POINT('',(4.975022617412,19.894500426774));
#2898 = CARTESIAN_POINT('',(4.969680103744,21.433759533178));
#2899 = CARTESIAN_POINT('',(4.969028203909,21.622500572984));
#2900 = CARTESIAN_POINT('',(4.968379437689,21.81124742159));
#2901 = CARTESIAN_POINT('',(4.967733771087,22.));
#2902 = ( GEOMETRIC_REPRESENTATION_CONTEXT(2) 
PARAMETRIC_REPRESENTATION_CONTEXT() REPRESENTATION_CONTEXT('2D SPACE',''
  ) );
#2903 = PCURVE('',#2904,#2909);
#2904 = B_SPLINE_SURFACE_WITH_KNOTS('',1,1,(
    (#2905,#2906)
    ,(#2907,#2908
    )),.UNSPECIFIED.,.F.,.F.,.F.,(2,2),(2,2),(0.,13.),(0.,1.),
  .PIECEWISE_BEZIER_KNOTS.);
#2905 = CARTESIAN_POINT('',(11.,-45.,45.));
#2906 = CARTESIAN_POINT('',(10.,-50.,70.));
#2907 = CARTESIAN_POINT('',(11.,-32.,45.));
#2908 = CARTESIAN_POINT('',(10.,-37.,70.));
#2909 = DEFINITIONAL_REPRESENTATION('',(#2910),#2922);
#2910 = B_SPLINE_CURVE_WITH_KNOTS('',4,(#2911,#2912,#2913,#2914,#2915,
    #2916,#2917,#2918,#2919,#2920,#2921),.UNSPECIFIED.,.F.,.F.,(5,3,3,5)
  ,(0.,0.499009966419,0.938571460239,1.),.UNSPECIFIED.);
#2911 = CARTESIAN_POINT('',(13.,0.388783838371));
#2912 = CARTESIAN_POINT('',(12.698994762951,0.450004266941));
#2913 = CARTESIAN_POINT('',(12.400130894339,0.511247642385));
#2914 = CARTESIAN_POINT('',(12.103185007027,0.572511408168));
#2915 = CARTESIAN_POINT('',(11.5479590661,0.687775206044));
#2916 = CARTESIAN_POINT('',(11.289286726451,0.741771088035));
#2917 = CARTESIAN_POINT('',(11.031855240618,0.795780017071));
#2918 = CARTESIAN_POINT('',(10.739756960979,0.857350381327));
#2919 = CARTESIAN_POINT('',(10.703963937266,0.864900022919));
#2920 = CARTESIAN_POINT('',(10.66819317347,0.872449896864));
#2921 = CARTESIAN_POINT('',(10.632444287613,0.88));
#2922 = ( GEOMETRIC_REPRESENTATION_CONTEXT(2) 
PARAMETRIC_REPRESENTATION_CONTEXT() REPRESENTATION_CONTEXT('2D SPACE',''
  ) );
#2923 = ORIENTED_EDGE('',*,*,#2924,.T.);
#2924 = EDGE_CURVE('',#2873,#704,#2925,.T.);
#2925 = SURFACE_CURVE('',#2926,(#2950,#2977),.PCURVE_S1.);
#2926 = B_SPLINE_CURVE_WITH_KNOTS('',8,(#2927,#2928,#2929,#2930,#2931,
    #2932,#2933,#2934,#2935,#2936,#2937,#2938,#2939,#2940,#2941,#2942,
    #2943,#2944,#2945,#2946,#2947,#2948,#2949),.UNSPECIFIED.,.F.,.F.,(9,
    7,7,9),(0.,0.468992558641,0.786648685022,1.),.UNSPECIFIED.);
#2927 = CARTESIAN_POINT('',(10.611216161629,-33.94391919185,
    54.719595959268));
#2928 = CARTESIAN_POINT('',(10.173197715672,-33.79521693788,
    53.97608468944));
#2929 = CARTESIAN_POINT('',(9.723751370509,-33.64774146597,
    53.238707329874));
#2930 = CARTESIAN_POINT('',(9.261187108217,-33.50161265878,
    52.508063293911));
#2931 = CARTESIAN_POINT('',(8.783595804625,-33.35706905221,
    51.785345261082));
#2932 = CARTESIAN_POINT('',(8.288801039924,-33.2144736529,
    51.072368264497));
#2933 = CARTESIAN_POINT('',(7.773991383055,-33.07436634797,
    50.371831739854));
#2934 = CARTESIAN_POINT('',(7.235645884618,-32.93747274714,
    49.687363735716));
#2935 = CARTESIAN_POINT('',(6.283225462789,-32.71517002307,
    48.575850115367));
#2936 = CARTESIAN_POINT('',(5.8859190096,-32.62759178751,48.137958937572
    ));
#2937 = CARTESIAN_POINT('',(5.473483887578,-32.54238764098,
    47.711938204911));
#2938 = CARTESIAN_POINT('',(5.043639285287,-32.46002332631,
    47.300116631577));
#2939 = CARTESIAN_POINT('',(4.594198237481,-32.38125720617,
    46.906286030878));
#2940 = CARTESIAN_POINT('',(4.122924669491,-32.30717693838,
    46.535884691916));
#2941 = CARTESIAN_POINT('',(3.627445506313,-32.23922088558,
    46.196104427905));
#2942 = CARTESIAN_POINT('',(2.753590596574,-32.13907147192,
    45.695357359621));
#2943 = CARTESIAN_POINT('',(2.390088347766,-32.10245108256,
    45.51225541283));
#2944 = CARTESIAN_POINT('',(2.014206467347,-32.07014454984,
    45.350722749232));
#2945 = CARTESIAN_POINT('',(1.626571366254,-32.04295758936,
    45.214787946797));
#2946 = CARTESIAN_POINT('',(1.228519912731,-32.02173195519,
    45.108659775974));
#2947 = CARTESIAN_POINT('',(0.822254218903,-32.00724403573,
    45.036220178684));
#2948 = CARTESIAN_POINT('',(0.411130455978,-32.,45.));
#2949 = CARTESIAN_POINT('',(-7.105427357601E-15,-32.,45.));
#2950 = PCURVE('',#724,#2951);
#2951 = DEFINITIONAL_REPRESENTATION('',(#2952),#2976);
#2952 = B_SPLINE_CURVE_WITH_KNOTS('',8,(#2953,#2954,#2955,#2956,#2957,
    #2958,#2959,#2960,#2961,#2962,#2963,#2964,#2965,#2966,#2967,#2968,
    #2969,#2970,#2971,#2972,#2973,#2974,#2975),.UNSPECIFIED.,.F.,.F.,(9,
    7,7,9),(0.,0.468992558641,0.786648685022,1.),.UNSPECIFIED.);
#2953 = CARTESIAN_POINT('',(5.015374262656,9.719595959268));
#2954 = CARTESIAN_POINT('',(5.004866449795,8.97608468944));
#2955 = CARTESIAN_POINT('',(4.99385753212,8.238707329873));
#2956 = CARTESIAN_POINT('',(4.982286685013,7.508063293915));
#2957 = CARTESIAN_POINT('',(4.970083312249,6.785345261077));
#2958 = CARTESIAN_POINT('',(4.957165722853,6.072368264501));
#2959 = CARTESIAN_POINT('',(4.943429954733,5.371831739853));
#2960 = CARTESIAN_POINT('',(4.928747748827,4.687363735716));
#2961 = CARTESIAN_POINT('',(4.902189489162,3.575850115367));
#2962 = CARTESIAN_POINT('',(4.890959399467,3.137958937572));
#2963 = CARTESIAN_POINT('',(4.879145117136,2.711938204911));
#2964 = CARTESIAN_POINT('',(4.866668649765,2.300116631577));
#2965 = CARTESIAN_POINT('',(4.853452867005,1.906286030878));
#2966 = CARTESIAN_POINT('',(4.839419460516,1.535884691916));
#2967 = CARTESIAN_POINT('',(4.824489499373,1.196104427905));
#2968 = CARTESIAN_POINT('',(4.797881652082,0.695357359621));
#2969 = CARTESIAN_POINT('',(4.786742710456,0.51225541283));
#2970 = CARTESIAN_POINT('',(4.775156848081,0.350722749232));
#2971 = CARTESIAN_POINT('',(4.763146930563,0.214787946797));
#2972 = CARTESIAN_POINT('',(4.750762137117,0.108659775974));
#2973 = CARTESIAN_POINT('',(4.738084423492,3.62201786844E-02));
#2974 = CARTESIAN_POINT('',(4.725236807134,-2.058342086823E-16));
#2975 = CARTESIAN_POINT('',(4.712388980385,-1.510468790835E-16));
#2976 = ( GEOMETRIC_REPRESENTATION_CONTEXT(2) 
PARAMETRIC_REPRESENTATION_CONTEXT() REPRESENTATION_CONTEXT('2D SPACE',''
  ) );
#2977 = PCURVE('',#2978,#2983);
#2978 = B_SPLINE_SURFACE_WITH_KNOTS('',1,1,(
    (#2979,#2980)
    ,(#2981,#2982
    )),.UNSPECIFIED.,.F.,.F.,.F.,(2,2),(2,2),(0.,22.),(0.,1.),
  .PIECEWISE_BEZIER_KNOTS.);
#2979 = CARTESIAN_POINT('',(11.,-32.,45.));
#2980 = CARTESIAN_POINT('',(10.,-37.,70.));
#2981 = CARTESIAN_POINT('',(-11.,-32.,45.));
#2982 = CARTESIAN_POINT('',(-10.,-37.,70.));
#2983 = DEFINITIONAL_REPRESENTATION('',(#2984),#3008);
#2984 = B_SPLINE_CURVE_WITH_KNOTS('',8,(#2985,#2986,#2987,#2988,#2989,
    #2990,#2991,#2992,#2993,#2994,#2995,#2996,#2997,#2998,#2999,#3000,
    #3001,#3002,#3003,#3004,#3005,#3006,#3007),.UNSPECIFIED.,.F.,.F.,(9,
    7,7,9),(0.,0.468992558641,0.786648685022,1.),.UNSPECIFIED.);
#2985 = CARTESIAN_POINT('',(0.,0.388783838371));
#2986 = CARTESIAN_POINT('',(0.484897092462,0.359043387578));
#2987 = CARTESIAN_POINT('',(0.978280067788,0.329548293195));
#2988 = CARTESIAN_POINT('',(1.481825736661,0.300322531757));
#2989 = CARTESIAN_POINT('',(1.997392481982,0.271413810442));
#2990 = CARTESIAN_POINT('',(2.527076892443,0.242894730581));
#2991 = CARTESIAN_POINT('',(3.07358980341,0.214873269594));
#2992 = CARTESIAN_POINT('',(3.640337468115,0.187494549429));
#2993 = CARTESIAN_POINT('',(4.634660783814,0.143034004615));
#2994 = CARTESIAN_POINT('',(5.047283246854,0.125518357503));
#2995 = CARTESIAN_POINT('',(5.473433739363,0.108477528197));
#2996 = CARTESIAN_POINT('',(5.915348479238,9.200466526295E-02));
#2997 = CARTESIAN_POINT('',(6.375146746133,7.625144123521E-02));
#2998 = CARTESIAN_POINT('',(6.855006036603,6.143538767662E-02));
#2999 = CARTESIAN_POINT('',(7.357285612225,4.78441771162E-02));
#3000 = CARTESIAN_POINT('',(8.239689141607,2.781429438482E-02));
#3001 = CARTESIAN_POINT('',(8.605866272962,2.049021651321E-02));
#3002 = CARTESIAN_POINT('',(8.983682961654,1.40289099693E-02));
#3003 = CARTESIAN_POINT('',(9.372562078609,8.591517871891E-03));
#3004 = CARTESIAN_POINT('',(9.771263546835,4.346391038979E-03));
#3005 = CARTESIAN_POINT('',(10.177745769874,1.448807147375E-03));
#3006 = CARTESIAN_POINT('',(10.588869544022,-2.191493183953E-18));
#3007 = CARTESIAN_POINT('',(11.,0.));
#3008 = ( GEOMETRIC_REPRESENTATION_CONTEXT(2) 
PARAMETRIC_REPRESENTATION_CONTEXT() REPRESENTATION_CONTEXT('2D SPACE',''
  ) );
#3009 = ADVANCED_FACE('',(#3010),#752,.T.);
#3010 = FACE_BOUND('',#3011,.T.);
#3011 = EDGE_LOOP('',(#3012,#3194,#3195,#3283,#3332));
#3012 = ORIENTED_EDGE('',*,*,#3013,.T.);
#3013 = EDGE_CURVE('',#3014,#169,#3016,.T.);
#3014 = VERTEX_POINT('',#3015);
#3015 = CARTESIAN_POINT('',(-40.03478260869,-1.598111151409,67.));
#3016 = SURFACE_CURVE('',#3017,(#3074,#3134),.PCURVE_S1.);
#3017 = B_SPLINE_CURVE_WITH_KNOTS('',7,(#3018,#3019,#3020,#3021,#3022,
    #3023,#3024,#3025,#3026,#3027,#3028,#3029,#3030,#3031,#3032,#3033,
    #3034,#3035,#3036,#3037,#3038,#3039,#3040,#3041,#3042,#3043,#3044,
    #3045,#3046,#3047,#3048,#3049,#3050,#3051,#3052,#3053,#3054,#3055,
    #3056,#3057,#3058,#3059,#3060,#3061,#3062,#3063,#3064,#3065,#3066,
    #3067,#3068,#3069,#3070,#3071,#3072,#3073),.UNSPECIFIED.,.F.,.F.,(8,
    6,6,6,6,6,6,6,6,8),(0.,0.248301312521,0.495060094669,0.747109510886,
    0.875312296846,0.938984338322,0.970392631437,0.986204736277,
    0.994816817455,1.),.UNSPECIFIED.);
#3018 = CARTESIAN_POINT('',(-40.03478260869,-1.598111151409,67.));
#3019 = CARTESIAN_POINT('',(-39.74857298588,-1.563926207278,
    66.216330794678));
#3020 = CARTESIAN_POINT('',(-39.4623692962,-1.529364549047,
    65.43267783484));
#3021 = CARTESIAN_POINT('',(-39.17617209703,-1.494391821918,
    64.64904264664));
#3022 = CARTESIAN_POINT('',(-38.88998206537,-1.458969152387,
    63.865427083755));
#3023 = CARTESIAN_POINT('',(-38.60380004521,-1.423049981325,
    63.081833457144));
#3024 = CARTESIAN_POINT('',(-38.31762709497,-1.38657689706,
    62.298264664813));
#3025 = CARTESIAN_POINT('',(-37.74707971173,-1.312610507639,
    60.73605159166));
#3026 = CARTESIAN_POINT('',(-37.46270528849,-1.275124679934,
    59.957407337558));
#3027 = CARTESIAN_POINT('',(-37.17834242954,-1.236950791368,
    59.178794747557));
#3028 = CARTESIAN_POINT('',(-36.89399281366,-1.198001436477,
    58.400218418374));
#3029 = CARTESIAN_POINT('',(-36.60965865408,-1.158170603028,
    57.621684409988));
#3030 = CARTESIAN_POINT('',(-36.32534293611,-1.117319343998,
    56.843200896514));
#3031 = CARTESIAN_POINT('',(-35.75066142093,-1.032275669613,
    55.26966817638));
#3032 = CARTESIAN_POINT('',(-35.46029877516,-0.9880314362,
    54.474627598673));
#3033 = CARTESIAN_POINT('',(-35.16996411753,-0.942296178975,
    53.679663655162));
#3034 = CARTESIAN_POINT('',(-34.87966283291,-0.89480844687,
    52.884791090117));
#3035 = CARTESIAN_POINT('',(-34.5894065368,-0.845130551889,
    52.090041707908));
#3036 = CARTESIAN_POINT('',(-34.29921053922,-0.792759259064,
    51.295457428841));
#3037 = CARTESIAN_POINT('',(-33.86155016626,-0.70779905582,
    50.097101645716));
#3038 = CARTESIAN_POINT('',(-33.71401930982,-0.678135063845,
    49.693148110238));
#3039 = CARTESIAN_POINT('',(-33.56651759392,-0.647279682637,
    49.289274364328));
#3040 = CARTESIAN_POINT('',(-33.4190505946,-0.615031092193,48.8854956757
    ));
#3041 = CARTESIAN_POINT('',(-33.27163107578,-0.581043676965,
    48.481846993214));
#3042 = CARTESIAN_POINT('',(-33.12427576045,-0.544930513172,
    48.078374105995));
#3043 = CARTESIAN_POINT('',(-32.90388802774,-0.486202863039,
    47.474931504534));
#3044 = CARTESIAN_POINT('',(-32.83078263975,-0.46594470952,
    47.274761989813));
#3045 = CARTESIAN_POINT('',(-32.75770740726,-0.444787846092,
    47.07467504371));
#3046 = CARTESIAN_POINT('',(-32.68466805888,-0.422582872949,
    46.87468635172));
#3047 = CARTESIAN_POINT('',(-32.61167832402,-0.399069188732,
    46.67483350626));
#3048 = CARTESIAN_POINT('',(-32.53875607573,-0.373961536586,
    46.475165445457));
#3049 = CARTESIAN_POINT('',(-32.43002368272,-0.332950698347,
    46.177445797934));
#3050 = CARTESIAN_POINT('',(-32.39413589867,-0.318831962004,
    46.079181627327));
#3051 = CARTESIAN_POINT('',(-32.35827986828,-0.304044498559,
    45.981004401245));
#3052 = CARTESIAN_POINT('',(-32.32246155036,-0.28847773209,
    45.882930435511));
#3053 = CARTESIAN_POINT('',(-32.28669617069,-0.271933250702,
    45.785001419767));
#3054 = CARTESIAN_POINT('',(-32.25100327001,-0.254201440227,
    45.687270858372));
#3055 = CARTESIAN_POINT('',(-32.19751863292,-0.224872432203,
    45.540824828259));
#3056 = CARTESIAN_POINT('',(-32.17964475858,-0.21460494145,
    45.491884458025));
#3057 = CARTESIAN_POINT('',(-32.16180734151,-0.203807934138,
    45.443043911286));
#3058 = CARTESIAN_POINT('',(-32.14401268192,-0.192393528355,
    45.394320438591));
#3059 = CARTESIAN_POINT('',(-32.12628117799,-0.180186134585,
    45.345769892121));
#3060 = CARTESIAN_POINT('',(-32.10863727005,-0.167023403856,
    45.297459191824));
#3061 = CARTESIAN_POINT('',(-32.0816174418,-0.144375424686,
    45.223476328763));
#3062 = CARTESIAN_POINT('',(-32.07217259439,-0.135894868239,
    45.197615437026));
#3063 = CARTESIAN_POINT('',(-32.06277008628,-0.126958266302,
    45.171870474343));
#3064 = CARTESIAN_POINT('',(-32.05341619017,-0.117447151485,
    45.146258615955));
#3065 = CARTESIAN_POINT('',(-32.04416358139,-0.107085860468,
    45.120924091922));
#3066 = CARTESIAN_POINT('',(-32.0351113379,-9.544153399431E-02,
    45.096138187126));
#3067 = CARTESIAN_POINT('',(-32.02116499337,-7.378865704907E-02,
    45.057951767581));
#3068 = CARTESIAN_POINT('',(-32.01637719929,-6.548351570714E-02,
    45.044842331414));
#3069 = CARTESIAN_POINT('',(-32.01162535949,-5.615906070002E-02,
    45.031831341466));
#3070 = CARTESIAN_POINT('',(-32.00693174477,-4.520363525947E-02,
    45.018979777354));
#3071 = CARTESIAN_POINT('',(-32.00275709533,-3.224355800054E-02,
    45.007549189616));
#3072 = CARTESIAN_POINT('',(-32.00000062076,-1.71431229215E-02,
    45.000001699707));
#3073 = CARTESIAN_POINT('',(-32.,-4.599403935268E-06,45.));
#3074 = PCURVE('',#752,#3075);
#3075 = DEFINITIONAL_REPRESENTATION('',(#3076),#3133);
#3076 = B_SPLINE_CURVE_WITH_KNOTS('',7,(#3077,#3078,#3079,#3080,#3081,
    #3082,#3083,#3084,#3085,#3086,#3087,#3088,#3089,#3090,#3091,#3092,
    #3093,#3094,#3095,#3096,#3097,#3098,#3099,#3100,#3101,#3102,#3103,
    #3104,#3105,#3106,#3107,#3108,#3109,#3110,#3111,#3112,#3113,#3114,
    #3115,#3116,#3117,#3118,#3119,#3120,#3121,#3122,#3123,#3124,#3125,
    #3126,#3127,#3128,#3129,#3130,#3131,#3132),.UNSPECIFIED.,.F.,.F.,(8,
    6,6,6,6,6,6,6,6,8),(0.,0.248301312521,0.495060094669,0.747109510886,
    0.875312296846,0.938984338322,0.970392631437,0.986204736277,
    0.994816817455,1.),.UNSPECIFIED.);
#3077 = CARTESIAN_POINT('',(3.181489538751,22.));
#3078 = CARTESIAN_POINT('',(3.180921937321,21.216330794673));
#3079 = CARTESIAN_POINT('',(3.180335438364,20.432677834841));
#3080 = CARTESIAN_POINT('',(3.179728610532,19.649042646644));
#3081 = CARTESIAN_POINT('',(3.179099848599,18.865427083755));
#3082 = CARTESIAN_POINT('',(3.178447263264,18.081833457142));
#3083 = CARTESIAN_POINT('',(3.177768570968,17.298264664813));
#3084 = CARTESIAN_POINT('',(3.176357792194,15.73605159166));
#3085 = CARTESIAN_POINT('',(3.175626054416,14.957407337559));
#3086 = CARTESIAN_POINT('',(3.174863030693,14.178794747555));
#3087 = CARTESIAN_POINT('',(3.17406537153,13.400218418373));
#3088 = CARTESIAN_POINT('',(3.173229062995,12.621684409991));
#3089 = CARTESIAN_POINT('',(3.172348944975,11.843200896515));
#3090 = CARTESIAN_POINT('',(3.170466695475,10.269668176381));
#3091 = CARTESIAN_POINT('',(3.169462382453,9.474627598673));
#3092 = CARTESIAN_POINT('',(3.168396940576,8.679663655161));
#3093 = CARTESIAN_POINT('',(3.167260961448,7.884791090118));
#3094 = CARTESIAN_POINT('',(3.166039207029,7.090041707908));
#3095 = CARTESIAN_POINT('',(3.164714070477,6.295457428841));
#3096 = CARTESIAN_POINT('',(3.162495617878,5.097101645716));
#3097 = CARTESIAN_POINT('',(3.161710083148,4.693148110238));
#3098 = CARTESIAN_POINT('',(3.16088121835,4.289274364329));
#3099 = CARTESIAN_POINT('',(3.16000227221,3.885495675699));
#3100 = CARTESIAN_POINT('',(3.159061878295,3.481846993215));
#3101 = CARTESIAN_POINT('',(3.158047265582,3.078374105994));
#3102 = CARTESIAN_POINT('',(3.156369276915,2.474931504533));
#3103 = CARTESIAN_POINT('',(3.155786205084,2.274761989815));
#3104 = CARTESIAN_POINT('',(3.15517273264,2.074675043708));
#3105 = CARTESIAN_POINT('',(3.154524037355,1.874686351722));
#3106 = CARTESIAN_POINT('',(3.153831776768,1.674833506259));
#3107 = CARTESIAN_POINT('',(3.153086797895,1.475165445457));
#3108 = CARTESIAN_POINT('',(3.151859486026,1.177445797934));
#3109 = CARTESIAN_POINT('',(3.151435402965,1.079181627327));
#3110 = CARTESIAN_POINT('',(3.150989576077,0.981004401245));
#3111 = CARTESIAN_POINT('',(3.150518495837,0.882930435512));
#3112 = CARTESIAN_POINT('',(3.150015890091,0.785001419767));
#3113 = CARTESIAN_POINT('',(3.149475122086,0.687270858373));
#3114 = CARTESIAN_POINT('',(3.148576862111,0.54082482826));
#3115 = CARTESIAN_POINT('',(3.148261815733,0.49188445803));
#3116 = CARTESIAN_POINT('',(3.147929900565,0.443043911278));
#3117 = CARTESIAN_POINT('',(3.147578349187,0.394320438596));
#3118 = CARTESIAN_POINT('',(3.147201644363,0.34576989212));
#3119 = CARTESIAN_POINT('',(3.146794676807,0.297459191824));
#3120 = CARTESIAN_POINT('',(3.146092950897,0.223476328763));
#3121 = CARTESIAN_POINT('',(3.145829912281,0.197615437026));
#3122 = CARTESIAN_POINT('',(3.145552475335,0.171870474343));
#3123 = CARTESIAN_POINT('',(3.145256927165,0.146258615955));
#3124 = CARTESIAN_POINT('',(3.144934633515,0.120924091922));
#3125 = CARTESIAN_POINT('',(3.144572038758,9.613818712541E-02));
#3126 = CARTESIAN_POINT('',(3.143897062577,5.795176758065E-02));
#3127 = CARTESIAN_POINT('',(3.143638079192,4.484233141347E-02));
#3128 = CARTESIAN_POINT('',(3.143347121747,3.183134146497E-02));
#3129 = CARTESIAN_POINT('',(3.143005056986,1.897977735357E-02));
#3130 = CARTESIAN_POINT('',(3.14260021239,7.549189615946E-03));
#3131 = CARTESIAN_POINT('',(3.142128376181,1.699707024998E-06));
#3132 = CARTESIAN_POINT('',(3.141592797321,-1.510468790835E-16));
#3133 = ( GEOMETRIC_REPRESENTATION_CONTEXT(2) 
PARAMETRIC_REPRESENTATION_CONTEXT() REPRESENTATION_CONTEXT('2D SPACE',''
  ) );
#3134 = PCURVE('',#2588,#3135);
#3135 = DEFINITIONAL_REPRESENTATION('',(#3136),#3193);
#3136 = B_SPLINE_CURVE_WITH_KNOTS('',7,(#3137,#3138,#3139,#3140,#3141,
    #3142,#3143,#3144,#3145,#3146,#3147,#3148,#3149,#3150,#3151,#3152,
    #3153,#3154,#3155,#3156,#3157,#3158,#3159,#3160,#3161,#3162,#3163,
    #3164,#3165,#3166,#3167,#3168,#3169,#3170,#3171,#3172,#3173,#3174,
    #3175,#3176,#3177,#3178,#3179,#3180,#3181,#3182,#3183,#3184,#3185,
    #3186,#3187,#3188,#3189,#3190,#3191,#3192),.UNSPECIFIED.,.F.,.F.,(8,
    6,6,6,6,6,6,6,6,8),(0.,0.248301312521,0.495060094669,0.747109510886,
    0.875312296846,0.938984338322,0.970392631437,0.986204736277,
    0.994816817455,1.),.UNSPECIFIED.);
#3137 = CARTESIAN_POINT('',(12.098330759755,0.95652173913));
#3138 = CARTESIAN_POINT('',(12.12979720598,0.922449164986));
#3139 = CARTESIAN_POINT('',(12.161769281287,0.888377297167));
#3140 = CARTESIAN_POINT('',(12.194285308363,0.854306202028));
#3141 = CARTESIAN_POINT('',(12.227388363511,0.820235960163));
#3142 = CARTESIAN_POINT('',(12.261129773211,0.78616667205));
#3143 = CARTESIAN_POINT('',(12.295572610684,0.752098463688));
#3144 = CARTESIAN_POINT('',(12.365798959829,0.684176156159));
#3145 = CARTESIAN_POINT('',(12.401573069671,0.650322058155));
#3146 = CARTESIAN_POINT('',(12.438194390561,0.61646933685));
#3147 = CARTESIAN_POINT('',(12.475758302434,0.582618192103));
#3148 = CARTESIAN_POINT('',(12.514380223913,0.548768887391));
#3149 = CARTESIAN_POINT('',(12.554210911444,0.514921778109));
#3150 = CARTESIAN_POINT('',(12.637604669089,0.446507312017));
#3151 = CARTESIAN_POINT('',(12.68122837963,0.411940330377));
#3152 = CARTESIAN_POINT('',(12.726573779892,0.377376680659));
#3153 = CARTESIAN_POINT('',(12.773923048559,0.342817003918));
#3154 = CARTESIAN_POINT('',(12.823745990845,0.308262682952));
#3155 = CARTESIAN_POINT('',(12.876583308698,0.273715540384));
#3156 = CARTESIAN_POINT('',(12.962857505504,0.221613115031));
#3157 = CARTESIAN_POINT('',(12.993069249518,0.204049917836));
#3158 = CARTESIAN_POINT('',(13.024588556629,0.186490189753));
#3159 = CARTESIAN_POINT('',(13.057630702992,0.168934594596));
#3160 = CARTESIAN_POINT('',(13.09256328318,0.151384651879));
#3161 = CARTESIAN_POINT('',(13.129798138068,0.133842352435));
#3162 = CARTESIAN_POINT('',(13.19055930805,0.107605717588));
#3163 = CARTESIAN_POINT('',(13.211550683185,9.890269520925E-02));
#3164 = CARTESIAN_POINT('',(13.233506921117,9.020326277002E-02));
#3165 = CARTESIAN_POINT('',(13.256586428195,8.150810224868E-02));
#3166 = CARTESIAN_POINT('',(13.281065102087,7.281884809826E-02));
#3167 = CARTESIAN_POINT('',(13.307245087651,6.413762806333E-02));
#3168 = CARTESIAN_POINT('',(13.350082498336,5.119329556236E-02));
#3169 = CARTESIAN_POINT('',(13.364841239357,4.692094031856E-02));
#3170 = CARTESIAN_POINT('',(13.380310857301,4.265236527153E-02));
#3171 = CARTESIAN_POINT('',(13.396608236814,3.838827980482E-02));
#3172 = CARTESIAN_POINT('',(13.413942949022,3.41304965116E-02));
#3173 = CARTESIAN_POINT('',(13.432536468552,2.988134166834E-02));
#3174 = CARTESIAN_POINT('',(13.463317543209,2.351412296778E-02));
#3175 = CARTESIAN_POINT('',(13.474097473297,2.138628078371E-02));
#3176 = CARTESIAN_POINT('',(13.485437701699,1.926277875155E-02));
#3177 = CARTESIAN_POINT('',(13.497430984555,1.714436689527E-02));
#3178 = CARTESIAN_POINT('',(13.5102625698,1.50334735705E-02));
#3179 = CARTESIAN_POINT('',(13.524103791496,1.293300834019E-02));
#3180 = CARTESIAN_POINT('',(13.547929562449,9.716362120144E-03));
#3181 = CARTESIAN_POINT('',(13.556853067066,8.591975522878E-03));
#3182 = CARTESIAN_POINT('',(13.566258196641,7.472629319273E-03));
#3183 = CARTESIAN_POINT('',(13.576269871024,6.359070258919E-03));
#3184 = CARTESIAN_POINT('',(13.587178732323,5.25756921402E-03));
#3185 = CARTESIAN_POINT('',(13.599441144905,4.179921179395E-03));
#3186 = CARTESIAN_POINT('',(13.622248368538,2.519642068753E-03));
#3187 = CARTESIAN_POINT('',(13.630996896603,1.949666583233E-03));
#3188 = CARTESIAN_POINT('',(13.640820457241,1.383971368086E-03));
#3189 = CARTESIAN_POINT('',(13.652363773085,8.252077110609E-04));
#3190 = CARTESIAN_POINT('',(13.666020611754,3.28225635494E-04));
#3191 = CARTESIAN_POINT('',(13.681933785844,7.390030544124E-08));
#3192 = CARTESIAN_POINT('',(13.699995152936,0.));
#3193 = ( GEOMETRIC_REPRESENTATION_CONTEXT(2) 
PARAMETRIC_REPRESENTATION_CONTEXT() REPRESENTATION_CONTEXT('2D SPACE',''
  ) );
#3194 = ORIENTED_EDGE('',*,*,#737,.T.);
#3195 = ORIENTED_EDGE('',*,*,#3196,.F.);
#3196 = EDGE_CURVE('',#3197,#704,#3199,.T.);
#3197 = VERTEX_POINT('',#3198);
#3198 = CARTESIAN_POINT('',(-10.61121616162,-33.94391919185,
    54.719595959268));
#3199 = SURFACE_CURVE('',#3200,(#3224,#3251),.PCURVE_S1.);
#3200 = B_SPLINE_CURVE_WITH_KNOTS('',8,(#3201,#3202,#3203,#3204,#3205,
    #3206,#3207,#3208,#3209,#3210,#3211,#3212,#3213,#3214,#3215,#3216,
    #3217,#3218,#3219,#3220,#3221,#3222,#3223),.UNSPECIFIED.,.F.,.F.,(9,
    7,7,9),(0.,0.468992684762,0.786648896419,1.),.UNSPECIFIED.);
#3201 = CARTESIAN_POINT('',(-10.61121616162,-33.94391919185,
    54.719595959268));
#3202 = CARTESIAN_POINT('',(-10.17319771561,-33.79521693786,
    53.976084689336));
#3203 = CARTESIAN_POINT('',(-9.723751372845,-33.64774146576,
    53.238707328837));
#3204 = CARTESIAN_POINT('',(-9.261187103903,-33.50161265921,
    52.508063296078));
#3205 = CARTESIAN_POINT('',(-8.783595809323,-33.35706905179,
    51.785345258949));
#3206 = CARTESIAN_POINT('',(-8.288801036985,-33.21447365316,
    51.072368265845));
#3207 = CARTESIAN_POINT('',(-7.773991384198,-33.0743663479,
    50.371831739513));
#3208 = CARTESIAN_POINT('',(-7.235645884573,-32.93747274716,
    49.687363735825));
#3209 = CARTESIAN_POINT('',(-6.283225463007,-32.71517002315,
    48.575850115783));
#3210 = CARTESIAN_POINT('',(-5.885919007051,-32.62759178758,
    48.137958937942));
#3211 = CARTESIAN_POINT('',(-5.473483895219,-32.54238764049,
    47.711938202469));
#3212 = CARTESIAN_POINT('',(-5.04363927027,-32.46002332819,
    47.300116640948));
#3213 = CARTESIAN_POINT('',(-4.594198247658,-32.38125720465,
    46.906286023279));
#3214 = CARTESIAN_POINT('',(-4.122924666515,-32.30717693877,
    46.535884693882));
#3215 = CARTESIAN_POINT('',(-3.627445506667,-32.23922088555,
    46.196104427771));
#3216 = CARTESIAN_POINT('',(-2.753591038498,-32.1390715225,
    45.695357612517));
#3217 = CARTESIAN_POINT('',(-2.390089264085,-32.10245117448,
    45.512255872445));
#3218 = CARTESIAN_POINT('',(-2.014207898454,-32.07014467405,
    45.350723370267));
#3219 = CARTESIAN_POINT('',(-1.626573325475,-32.04295772452,
    45.21478862262));
#3220 = CARTESIAN_POINT('',(-1.228522437563,-32.02173209167,
    45.108660458388));
#3221 = CARTESIAN_POINT('',(-0.822257300235,-32.00724414433,
    45.036220721659));
#3222 = CARTESIAN_POINT('',(-0.411134095594,-32.00000006411,
    45.000000320593));
#3223 = CARTESIAN_POINT('',(-4.158848643243E-06,-32.,45.));
#3224 = PCURVE('',#752,#3225);
#3225 = DEFINITIONAL_REPRESENTATION('',(#3226),#3250);
#3226 = B_SPLINE_CURVE_WITH_KNOTS('',8,(#3227,#3228,#3229,#3230,#3231,
    #3232,#3233,#3234,#3235,#3236,#3237,#3238,#3239,#3240,#3241,#3242,
    #3243,#3244,#3245,#3246,#3247,#3248,#3249),.UNSPECIFIED.,.F.,.F.,(9,
    7,7,9),(0.,0.468992684762,0.786648896419,1.),.UNSPECIFIED.);
#3227 = CARTESIAN_POINT('',(4.409403698114,9.719595959268));
#3228 = CARTESIAN_POINT('',(4.419911510976,8.976084689336));
#3229 = CARTESIAN_POINT('',(4.430920428585,8.238707329117));
#3230 = CARTESIAN_POINT('',(4.442491275877,7.508063295543));
#3231 = CARTESIAN_POINT('',(4.454694648389,6.785345259512));
#3232 = CARTESIAN_POINT('',(4.467612237999,6.0723682655));
#3233 = CARTESIAN_POINT('',(4.481348006003,5.371831739629));
#3234 = CARTESIAN_POINT('',(4.496030211944,4.687363735816));
#3235 = CARTESIAN_POINT('',(4.522588471601,3.575850115774));
#3236 = CARTESIAN_POINT('',(4.533818561379,3.137958937788));
#3237 = CARTESIAN_POINT('',(4.545632843402,2.711938202968));
#3238 = CARTESIAN_POINT('',(4.558109311465,2.300116639715));
#3239 = CARTESIAN_POINT('',(4.571325093451,1.90628602418));
#3240 = CARTESIAN_POINT('',(4.585358500345,1.535884693639));
#3241 = CARTESIAN_POINT('',(4.600288461385,1.196104427789));
#3242 = CARTESIAN_POINT('',(4.626896295231,0.695357612535));
#3243 = CARTESIAN_POINT('',(4.638035222235,0.512255872569));
#3244 = CARTESIAN_POINT('',(4.649621068579,0.350723369947));
#3245 = CARTESIAN_POINT('',(4.661630969503,0.214788623258));
#3246 = CARTESIAN_POINT('',(4.674015745095,0.108660457838));
#3247 = CARTESIAN_POINT('',(4.686693441122,3.622072200459E-02));
#3248 = CARTESIAN_POINT('',(4.699541039897,3.205925958102E-07));
#3249 = CARTESIAN_POINT('',(4.712388850421,-1.510468790835E-16));
#3250 = ( GEOMETRIC_REPRESENTATION_CONTEXT(2) 
PARAMETRIC_REPRESENTATION_CONTEXT() REPRESENTATION_CONTEXT('2D SPACE',''
  ) );
#3251 = PCURVE('',#3252,#3257);
#3252 = B_SPLINE_SURFACE_WITH_KNOTS('',1,1,(
    (#3253,#3254)
    ,(#3255,#3256
    )),.UNSPECIFIED.,.F.,.F.,.F.,(2,2),(2,2),(0.,22.),(0.,1.),
  .PIECEWISE_BEZIER_KNOTS.);
#3253 = CARTESIAN_POINT('',(11.,-32.,45.));
#3254 = CARTESIAN_POINT('',(10.,-37.,70.));
#3255 = CARTESIAN_POINT('',(-11.,-32.,45.));
#3256 = CARTESIAN_POINT('',(-10.,-37.,70.));
#3257 = DEFINITIONAL_REPRESENTATION('',(#3258),#3282);
#3258 = B_SPLINE_CURVE_WITH_KNOTS('',8,(#3259,#3260,#3261,#3262,#3263,
    #3264,#3265,#3266,#3267,#3268,#3269,#3270,#3271,#3272,#3273,#3274,
    #3275,#3276,#3277,#3278,#3279,#3280,#3281),.UNSPECIFIED.,.F.,.F.,(9,
    7,7,9),(0.,0.468992684762,0.786648896419,1.),.UNSPECIFIED.);
#3259 = CARTESIAN_POINT('',(22.,0.388783838371));
#3260 = CARTESIAN_POINT('',(21.51510290747,0.359043387573));
#3261 = CARTESIAN_POINT('',(21.021719934584,0.329548293153));
#3262 = CARTESIAN_POINT('',(20.518174258975,0.300322531843));
#3263 = CARTESIAN_POINT('',(20.002607522769,0.271413810358));
#3264 = CARTESIAN_POINT('',(19.472923104593,0.242894730634));
#3265 = CARTESIAN_POINT('',(18.926410197746,0.214873269581));
#3266 = CARTESIAN_POINT('',(18.359662531842,0.187494549433));
#3267 = CARTESIAN_POINT('',(17.365339216417,0.143034004631));
#3268 = CARTESIAN_POINT('',(16.952716750578,0.125518357518));
#3269 = CARTESIAN_POINT('',(16.526566268298,0.108477528099));
#3270 = CARTESIAN_POINT('',(16.084651505797,9.200466563801E-02));
#3271 = CARTESIAN_POINT('',(15.624853263982,7.625144093108E-02));
#3272 = CARTESIAN_POINT('',(15.144993960438,6.143538775531E-02));
#3273 = CARTESIAN_POINT('',(14.642714388128,4.784417711082E-02));
#3274 = CARTESIAN_POINT('',(13.760311304637,2.781430450067E-02));
#3275 = CARTESIAN_POINT('',(13.3941346501,2.049023489781E-02));
#3276 = CARTESIAN_POINT('',(13.01631847684,1.402893481067E-02));
#3277 = CARTESIAN_POINT('',(12.627439886873,8.591544904801E-03));
#3278 = CARTESIAN_POINT('',(12.228738982127,4.346418335509E-03));
#3279 = CARTESIAN_POINT('',(11.822257313089,1.448828866375E-03));
#3280 = CARTESIAN_POINT('',(11.411134095594,1.282370383845E-08));
#3281 = CARTESIAN_POINT('',(11.000004158849,0.));
#3282 = ( GEOMETRIC_REPRESENTATION_CONTEXT(2) 
PARAMETRIC_REPRESENTATION_CONTEXT() REPRESENTATION_CONTEXT('2D SPACE',''
  ) );
#3283 = ORIENTED_EDGE('',*,*,#3284,.F.);
#3284 = EDGE_CURVE('',#3285,#3197,#3287,.T.);
#3285 = VERTEX_POINT('',#3286);
#3286 = CARTESIAN_POINT('',(-10.12,-38.76755573643,67.));
#3287 = SURFACE_CURVE('',#3288,(#3299,#3313),.PCURVE_S1.);
#3288 = B_SPLINE_CURVE_WITH_KNOTS('',5,(#3289,#3290,#3291,#3292,#3293,
    #3294,#3295,#3296,#3297,#3298),.UNSPECIFIED.,.F.,.F.,(6,4,6),(0.,
    0.869123482985,1.),.UNSPECIFIED.);
#3289 = CARTESIAN_POINT('',(-10.12,-38.76755573643,67.));
#3290 = CARTESIAN_POINT('',(-10.20545828468,-37.93562898431,
    64.863542882971));
#3291 = CARTESIAN_POINT('',(-10.2908890139,-37.10120604685,
    62.727774652416));
#3292 = CARTESIAN_POINT('',(-10.37628912609,-36.26402283132,
    60.592771847747));
#3293 = CARTESIAN_POINT('',(-10.46165484482,-35.42376207658,
    58.458628879336));
#3294 = CARTESIAN_POINT('',(-10.55982998882,-34.45295127414,
    56.004250279487));
#3295 = CARTESIAN_POINT('',(-10.5726779162,-34.32581571471,
    55.683052094862));
#3296 = CARTESIAN_POINT('',(-10.58552493285,-34.19859950831,
    55.361876678663));
#3297 = CARTESIAN_POINT('',(-10.59837102085,-34.07130117756,
    55.040724478529));
#3298 = CARTESIAN_POINT('',(-10.61121616162,-33.94391919185,
    54.719595959268));
#3299 = PCURVE('',#752,#3300);
#3300 = DEFINITIONAL_REPRESENTATION('',(#3301),#3312);
#3301 = B_SPLINE_CURVE_WITH_KNOTS('',5,(#3302,#3303,#3304,#3305,#3306,
    #3307,#3308,#3309,#3310,#3311),.UNSPECIFIED.,.F.,.F.,(6,4,6),(0.,
    0.869123482985,1.),.UNSPECIFIED.);
#3302 = CARTESIAN_POINT('',(4.457044189682,22.));
#3303 = CARTESIAN_POINT('',(4.449736003387,19.863542882971));
#3304 = CARTESIAN_POINT('',(4.442055544447,17.727774652429));
#3305 = CARTESIAN_POINT('',(4.433964152857,15.592771847721));
#3306 = CARTESIAN_POINT('',(4.425415465522,13.458628879349));
#3307 = CARTESIAN_POINT('',(4.414984052892,11.0042502795));
#3308 = CARTESIAN_POINT('',(4.413607090912,10.683052095219));
#3309 = CARTESIAN_POINT('',(4.41221818809,10.361876679015));
#3310 = CARTESIAN_POINT('',(4.410817130902,10.040724478529));
#3311 = CARTESIAN_POINT('',(4.409403698114,9.719595959268));
#3312 = ( GEOMETRIC_REPRESENTATION_CONTEXT(2) 
PARAMETRIC_REPRESENTATION_CONTEXT() REPRESENTATION_CONTEXT('2D SPACE',''
  ) );
#3313 = PCURVE('',#3314,#3319);
#3314 = B_SPLINE_SURFACE_WITH_KNOTS('',1,1,(
    (#3315,#3316)
    ,(#3317,#3318
    )),.UNSPECIFIED.,.F.,.F.,.F.,(2,2),(2,2),(0.,13.),(0.,1.),
  .PIECEWISE_BEZIER_KNOTS.);
#3315 = CARTESIAN_POINT('',(-11.,-32.,45.));
#3316 = CARTESIAN_POINT('',(-10.,-37.,70.));
#3317 = CARTESIAN_POINT('',(-11.,-45.,45.));
#3318 = CARTESIAN_POINT('',(-10.,-50.,70.));
#3319 = DEFINITIONAL_REPRESENTATION('',(#3320),#3331);
#3320 = B_SPLINE_CURVE_WITH_KNOTS('',5,(#3321,#3322,#3323,#3324,#3325,
    #3326,#3327,#3328,#3329,#3330),.UNSPECIFIED.,.F.,.F.,(6,4,6),(0.,
    0.869123482985,1.),.UNSPECIFIED.);
#3321 = CARTESIAN_POINT('',(2.367555735905,0.88));
#3322 = CARTESIAN_POINT('',(1.962920407193,0.794541715319));
#3323 = CARTESIAN_POINT('',(1.555651117729,0.709110986097));
#3324 = CARTESIAN_POINT('',(1.145468461003,0.62371087391));
#3325 = CARTESIAN_POINT('',(0.73203630072,0.538345155173));
#3326 = CARTESIAN_POINT('',(0.252101218244,0.440170011179));
#3327 = CARTESIAN_POINT('',(0.189205295745,0.427322083794));
#3328 = CARTESIAN_POINT('',(0.126224172577,0.414475067147));
#3329 = CARTESIAN_POINT('',(6.315628186288E-02,0.401628979141));
#3330 = CARTESIAN_POINT('',(0.,0.388783838371));
#3331 = ( GEOMETRIC_REPRESENTATION_CONTEXT(2) 
PARAMETRIC_REPRESENTATION_CONTEXT() REPRESENTATION_CONTEXT('2D SPACE',''
  ) );
#3332 = ORIENTED_EDGE('',*,*,#3333,.F.);
#3333 = EDGE_CURVE('',#3014,#3285,#3334,.T.);
#3334 = SURFACE_CURVE('',#3335,(#3340,#3347),.PCURVE_S1.);
#3335 = CIRCLE('',#3336,40.066666666667);
#3336 = AXIS2_PLACEMENT_3D('',#3337,#3338,#3339);
#3337 = CARTESIAN_POINT('',(0.,0.,67.));
#3338 = DIRECTION('',(0.,0.,1.));
#3339 = DIRECTION('',(1.,0.,-0.));
#3340 = PCURVE('',#752,#3341);
#3341 = DEFINITIONAL_REPRESENTATION('',(#3342),#3346);
#3342 = LINE('',#3343,#3344);
#3343 = CARTESIAN_POINT('',(0.,22.));
#3344 = VECTOR('',#3345,1.);
#3345 = DIRECTION('',(1.,0.));
#3346 = ( GEOMETRIC_REPRESENTATION_CONTEXT(2) 
PARAMETRIC_REPRESENTATION_CONTEXT() REPRESENTATION_CONTEXT('2D SPACE',''
  ) );
#3347 = PCURVE('',#3348,#3353);
#3348 = PLANE('',#3349);
#3349 = AXIS2_PLACEMENT_3D('',#3350,#3351,#3352);
#3350 = CARTESIAN_POINT('',(-1.75032336965E-15,3.209892110372E-15,67.));
#3351 = DIRECTION('',(0.,0.,1.));
#3352 = DIRECTION('',(1.,0.,-0.));
#3353 = DEFINITIONAL_REPRESENTATION('',(#3354),#3358);
#3354 = CIRCLE('',#3355,40.066666666667);
#3355 = AXIS2_PLACEMENT_2D('',#3356,#3357);
#3356 = CARTESIAN_POINT('',(1.75032336965E-15,-3.209892110372E-15));
#3357 = DIRECTION('',(1.,0.));
#3358 = ( GEOMETRIC_REPRESENTATION_CONTEXT(2) 
PARAMETRIC_REPRESENTATION_CONTEXT() REPRESENTATION_CONTEXT('2D SPACE',''
  ) );
#3359 = ADVANCED_FACE('',(#3360),#783,.F.);
#3360 = FACE_BOUND('',#3361,.F.);
#3361 = EDGE_LOOP('',(#3362,#3363,#3383,#3405));
#3362 = ORIENTED_EDGE('',*,*,#766,.T.);
#3363 = ORIENTED_EDGE('',*,*,#3364,.T.);
#3364 = EDGE_CURVE('',#767,#3365,#3367,.T.);
#3365 = VERTEX_POINT('',#3366);
#3366 = CARTESIAN_POINT('',(35.,0.,75.));
#3367 = SEAM_CURVE('',#3368,(#3371,#3377),.PCURVE_S1.);
#3368 = B_SPLINE_CURVE_WITH_KNOTS('',1,(#3369,#3370),.UNSPECIFIED.,.F.,
  .F.,(2,2),(0.,1.),.PIECEWISE_BEZIER_KNOTS.);
#3369 = CARTESIAN_POINT('',(23.266666666667,0.,43.));
#3370 = CARTESIAN_POINT('',(35.733333333333,0.,77.));
#3371 = PCURVE('',#783,#3372);
#3372 = DEFINITIONAL_REPRESENTATION('',(#3373),#3376);
#3373 = B_SPLINE_CURVE_WITH_KNOTS('',1,(#3374,#3375),.UNSPECIFIED.,.F.,
  .F.,(2,2),(0.,1.),.PIECEWISE_BEZIER_KNOTS.);
#3374 = CARTESIAN_POINT('',(0.,0.));
#3375 = CARTESIAN_POINT('',(0.,34.));
#3376 = ( GEOMETRIC_REPRESENTATION_CONTEXT(2) 
PARAMETRIC_REPRESENTATION_CONTEXT() REPRESENTATION_CONTEXT('2D SPACE',''
  ) );
#3377 = PCURVE('',#783,#3378);
#3378 = DEFINITIONAL_REPRESENTATION('',(#3379),#3382);
#3379 = B_SPLINE_CURVE_WITH_KNOTS('',1,(#3380,#3381),.UNSPECIFIED.,.F.,
  .F.,(2,2),(0.,1.),.PIECEWISE_BEZIER_KNOTS.);
#3380 = CARTESIAN_POINT('',(6.28318530718,0.));
#3381 = CARTESIAN_POINT('',(6.28318530718,34.));
#3382 = ( GEOMETRIC_REPRESENTATION_CONTEXT(2) 
PARAMETRIC_REPRESENTATION_CONTEXT() REPRESENTATION_CONTEXT('2D SPACE',''
  ) );
#3383 = ORIENTED_EDGE('',*,*,#3384,.F.);
#3384 = EDGE_CURVE('',#3365,#3365,#3385,.T.);
#3385 = SURFACE_CURVE('',#3386,(#3391,#3398),.PCURVE_S1.);
#3386 = CIRCLE('',#3387,35.);
#3387 = AXIS2_PLACEMENT_3D('',#3388,#3389,#3390);
#3388 = CARTESIAN_POINT('',(0.,0.,75.));
#3389 = DIRECTION('',(0.,0.,1.));
#3390 = DIRECTION('',(1.,0.,-0.));
#3391 = PCURVE('',#783,#3392);
#3392 = DEFINITIONAL_REPRESENTATION('',(#3393),#3397);
#3393 = LINE('',#3394,#3395);
#3394 = CARTESIAN_POINT('',(0.,32.));
#3395 = VECTOR('',#3396,1.);
#3396 = DIRECTION('',(1.,0.));
#3397 = ( GEOMETRIC_REPRESENTATION_CONTEXT(2) 
PARAMETRIC_REPRESENTATION_CONTEXT() REPRESENTATION_CONTEXT('2D SPACE',''
  ) );
#3398 = PCURVE('',#1613,#3399);
#3399 = DEFINITIONAL_REPRESENTATION('',(#3400),#3404);
#3400 = CIRCLE('',#3401,35.);
#3401 = AXIS2_PLACEMENT_2D('',#3402,#3403);
#3402 = CARTESIAN_POINT('',(1.75032336965E-15,-3.209892110372E-15));
#3403 = DIRECTION('',(1.,0.));
#3404 = ( GEOMETRIC_REPRESENTATION_CONTEXT(2) 
PARAMETRIC_REPRESENTATION_CONTEXT() REPRESENTATION_CONTEXT('2D SPACE',''
  ) );
#3405 = ORIENTED_EDGE('',*,*,#3364,.F.);
#3406 = ADVANCED_FACE('',(#3407),#841,.T.);
#3407 = FACE_BOUND('',#3408,.T.);
#3408 = EDGE_LOOP('',(#3409,#3429,#3430,#3431,#3459,#3493,#3511));
#3409 = ORIENTED_EDGE('',*,*,#3410,.F.);
#3410 = EDGE_CURVE('',#2306,#2719,#3411,.T.);
#3411 = SURFACE_CURVE('',#3412,(#3415,#3422),.PCURVE_S1.);
#3412 = B_SPLINE_CURVE_WITH_KNOTS('',1,(#3413,#3414),.UNSPECIFIED.,.F.,
  .F.,(2,2),(0.,1.),.PIECEWISE_BEZIER_KNOTS.);
#3413 = CARTESIAN_POINT('',(11.,32.,45.));
#3414 = CARTESIAN_POINT('',(10.,37.,70.));
#3415 = PCURVE('',#841,#3416);
#3416 = DEFINITIONAL_REPRESENTATION('',(#3417),#3421);
#3417 = LINE('',#3418,#3419);
#3418 = CARTESIAN_POINT('',(0.,0.));
#3419 = VECTOR('',#3420,1.);
#3420 = DIRECTION('',(0.,1.));
#3421 = ( GEOMETRIC_REPRESENTATION_CONTEXT(2) 
PARAMETRIC_REPRESENTATION_CONTEXT() REPRESENTATION_CONTEXT('2D SPACE',''
  ) );
#3422 = PCURVE('',#2345,#3423);
#3423 = DEFINITIONAL_REPRESENTATION('',(#3424),#3428);
#3424 = LINE('',#3425,#3426);
#3425 = CARTESIAN_POINT('',(22.,0.));
#3426 = VECTOR('',#3427,1.);
#3427 = DIRECTION('',(0.,1.));
#3428 = ( GEOMETRIC_REPRESENTATION_CONTEXT(2) 
PARAMETRIC_REPRESENTATION_CONTEXT() REPRESENTATION_CONTEXT('2D SPACE',''
  ) );
#3429 = ORIENTED_EDGE('',*,*,#2305,.T.);
#3430 = ORIENTED_EDGE('',*,*,#824,.T.);
#3431 = ORIENTED_EDGE('',*,*,#3432,.F.);
#3432 = EDGE_CURVE('',#3433,#827,#3435,.T.);
#3433 = VERTEX_POINT('',#3434);
#3434 = CARTESIAN_POINT('',(10.,48.989794855664,70.));
#3435 = SURFACE_CURVE('',#3436,(#3440,#3447),.PCURVE_S1.);
#3436 = LINE('',#3437,#3438);
#3437 = CARTESIAN_POINT('',(10.,37.,70.));
#3438 = VECTOR('',#3439,1.);
#3439 = DIRECTION('',(1.110223024625E-16,1.,0.));
#3440 = PCURVE('',#841,#3441);
#3441 = DEFINITIONAL_REPRESENTATION('',(#3442),#3446);
#3442 = LINE('',#3443,#3444);
#3443 = CARTESIAN_POINT('',(0.,1.));
#3444 = VECTOR('',#3445,1.);
#3445 = DIRECTION('',(1.,0.));
#3446 = ( GEOMETRIC_REPRESENTATION_CONTEXT(2) 
PARAMETRIC_REPRESENTATION_CONTEXT() REPRESENTATION_CONTEXT('2D SPACE',''
  ) );
#3447 = PCURVE('',#3448,#3453);
#3448 = B_SPLINE_SURFACE_WITH_KNOTS('',1,1,(
    (#3449,#3450)
    ,(#3451,#3452
    )),.UNSPECIFIED.,.F.,.F.,.F.,(2,2),(2,2),(0.,13.),(0.,1.),
  .PIECEWISE_BEZIER_KNOTS.);
#3449 = CARTESIAN_POINT('',(10.,37.,70.));
#3450 = CARTESIAN_POINT('',(10.,46.,110.));
#3451 = CARTESIAN_POINT('',(10.,50.,70.));
#3452 = CARTESIAN_POINT('',(10.,59.,110.));
#3453 = DEFINITIONAL_REPRESENTATION('',(#3454),#3458);
#3454 = LINE('',#3455,#3456);
#3455 = CARTESIAN_POINT('',(0.,0.));
#3456 = VECTOR('',#3457,1.);
#3457 = DIRECTION('',(1.,0.));
#3458 = ( GEOMETRIC_REPRESENTATION_CONTEXT(2) 
PARAMETRIC_REPRESENTATION_CONTEXT() REPRESENTATION_CONTEXT('2D SPACE',''
  ) );
#3459 = ORIENTED_EDGE('',*,*,#3460,.F.);
#3460 = EDGE_CURVE('',#3461,#3433,#3463,.T.);
#3461 = VERTEX_POINT('',#3462);
#3462 = CARTESIAN_POINT('',(10.12,48.965146788302,67.));
#3463 = SURFACE_CURVE('',#3464,(#3470,#3479),.PCURVE_S1.);
#3464 = B_SPLINE_CURVE_WITH_KNOTS('',4,(#3465,#3466,#3467,#3468,#3469),
  .UNSPECIFIED.,.F.,.F.,(5,5),(0.,1.),.PIECEWISE_BEZIER_KNOTS.);
#3465 = CARTESIAN_POINT('',(10.120000024,48.965146783342,66.9999994));
#3466 = CARTESIAN_POINT('',(10.089999880134,48.971347141691,
    67.750002996646));
#3467 = CARTESIAN_POINT('',(10.059999828176,48.977521926729,
    68.500004295594));
#3468 = CARTESIAN_POINT('',(10.02999986815,48.98367115822,
    69.250003296245));
#3469 = CARTESIAN_POINT('',(10.,48.989794855664,70.));
#3470 = PCURVE('',#841,#3471);
#3471 = DEFINITIONAL_REPRESENTATION('',(#3472),#3478);
#3472 = B_SPLINE_CURVE_WITH_KNOTS('',4,(#3473,#3474,#3475,#3476,#3477),
  .UNSPECIFIED.,.F.,.F.,(5,5),(0.,1.),.PIECEWISE_BEZIER_KNOTS.);
#3473 = CARTESIAN_POINT('',(12.565146901289,0.879999976));
#3474 = CARTESIAN_POINT('',(12.421346540308,0.910000119866));
#3475 = CARTESIAN_POINT('',(12.277521070177,0.940000171824));
#3476 = CARTESIAN_POINT('',(12.133670498971,0.97000013185));
#3477 = CARTESIAN_POINT('',(11.989794855664,1.));
#3478 = ( GEOMETRIC_REPRESENTATION_CONTEXT(2) 
PARAMETRIC_REPRESENTATION_CONTEXT() REPRESENTATION_CONTEXT('2D SPACE',''
  ) );
#3479 = PCURVE('',#3480,#3485);
#3480 = CYLINDRICAL_SURFACE('',#3481,50.);
#3481 = AXIS2_PLACEMENT_3D('',#3482,#3483,#3484);
#3482 = CARTESIAN_POINT('',(0.,0.,67.));
#3483 = DIRECTION('',(-0.,-0.,-1.));
#3484 = DIRECTION('',(1.,0.,0.));
#3485 = DEFINITIONAL_REPRESENTATION('',(#3486),#3492);
#3486 = B_SPLINE_CURVE_WITH_KNOTS('',4,(#3487,#3488,#3489,#3490,#3491),
  .UNSPECIFIED.,.F.,.F.,(5,5),(0.,1.),.PIECEWISE_BEZIER_KNOTS.);
#3487 = CARTESIAN_POINT('',(-7.65017360782,5.999999999062E-07));
#3488 = CARTESIAN_POINT('',(-7.65078629145,-0.750002996646));
#3489 = CARTESIAN_POINT('',(-7.651398869759,-1.500004295594));
#3490 = CARTESIAN_POINT('',(-7.65201134344,-2.250003296245));
#3491 = CARTESIAN_POINT('',(-7.652623713184,-3.));
#3492 = ( GEOMETRIC_REPRESENTATION_CONTEXT(2) 
PARAMETRIC_REPRESENTATION_CONTEXT() REPRESENTATION_CONTEXT('2D SPACE',''
  ) );
#3493 = ORIENTED_EDGE('',*,*,#3494,.T.);
#3494 = EDGE_CURVE('',#3461,#2802,#3495,.T.);
#3495 = SURFACE_CURVE('',#3496,(#3499,#3505),.PCURVE_S1.);
#3496 = B_SPLINE_CURVE_WITH_KNOTS('',1,(#3497,#3498),.UNSPECIFIED.,.F.,
  .F.,(2,2),(0.,1.),.PIECEWISE_BEZIER_KNOTS.);
#3497 = CARTESIAN_POINT('',(10.12,49.4,67.));
#3498 = CARTESIAN_POINT('',(10.12,36.4,67.));
#3499 = PCURVE('',#841,#3500);
#3500 = DEFINITIONAL_REPRESENTATION('',(#3501),#3504);
#3501 = B_SPLINE_CURVE_WITH_KNOTS('',1,(#3502,#3503),.UNSPECIFIED.,.F.,
  .F.,(2,2),(0.,1.),.PIECEWISE_BEZIER_KNOTS.);
#3502 = CARTESIAN_POINT('',(13.,0.88));
#3503 = CARTESIAN_POINT('',(0.,0.88));
#3504 = ( GEOMETRIC_REPRESENTATION_CONTEXT(2) 
PARAMETRIC_REPRESENTATION_CONTEXT() REPRESENTATION_CONTEXT('2D SPACE',''
  ) );
#3505 = PCURVE('',#2856,#3506);
#3506 = DEFINITIONAL_REPRESENTATION('',(#3507),#3510);
#3507 = B_SPLINE_CURVE_WITH_KNOTS('',1,(#3508,#3509),.UNSPECIFIED.,.F.,
  .F.,(2,2),(0.,1.),.PIECEWISE_BEZIER_KNOTS.);
#3508 = CARTESIAN_POINT('',(10.12,49.4));
#3509 = CARTESIAN_POINT('',(10.12,36.4));
#3510 = ( GEOMETRIC_REPRESENTATION_CONTEXT(2) 
PARAMETRIC_REPRESENTATION_CONTEXT() REPRESENTATION_CONTEXT('2D SPACE',''
  ) );
#3511 = ORIENTED_EDGE('',*,*,#2801,.T.);
#3512 = ADVANCED_FACE('',(#3513),#890,.T.);
#3513 = FACE_BOUND('',#3514,.T.);
#3514 = EDGE_LOOP('',(#3515,#3536,#3537,#3565,#3591,#3617,#3618,#3619));
#3515 = ORIENTED_EDGE('',*,*,#3516,.F.);
#3516 = EDGE_CURVE('',#827,#3517,#3519,.T.);
#3517 = VERTEX_POINT('',#3518);
#3518 = CARTESIAN_POINT('',(10.,59.,110.));
#3519 = SURFACE_CURVE('',#3520,(#3523,#3529),.PCURVE_S1.);
#3520 = B_SPLINE_CURVE_WITH_KNOTS('',1,(#3521,#3522),.UNSPECIFIED.,.F.,
  .F.,(2,2),(0.,1.),.PIECEWISE_BEZIER_KNOTS.);
#3521 = CARTESIAN_POINT('',(10.,50.,70.));
#3522 = CARTESIAN_POINT('',(10.,59.,110.));
#3523 = PCURVE('',#890,#3524);
#3524 = DEFINITIONAL_REPRESENTATION('',(#3525),#3528);
#3525 = B_SPLINE_CURVE_WITH_KNOTS('',1,(#3526,#3527),.UNSPECIFIED.,.F.,
  .F.,(2,2),(0.,1.),.PIECEWISE_BEZIER_KNOTS.);
#3526 = CARTESIAN_POINT('',(0.,-41.));
#3527 = CARTESIAN_POINT('',(0.,0.));
#3528 = ( GEOMETRIC_REPRESENTATION_CONTEXT(2) 
PARAMETRIC_REPRESENTATION_CONTEXT() REPRESENTATION_CONTEXT('2D SPACE',''
  ) );
#3529 = PCURVE('',#3448,#3530);
#3530 = DEFINITIONAL_REPRESENTATION('',(#3531),#3535);
#3531 = LINE('',#3532,#3533);
#3532 = CARTESIAN_POINT('',(13.,0.));
#3533 = VECTOR('',#3534,1.);
#3534 = DIRECTION('',(0.,1.));
#3535 = ( GEOMETRIC_REPRESENTATION_CONTEXT(2) 
PARAMETRIC_REPRESENTATION_CONTEXT() REPRESENTATION_CONTEXT('2D SPACE',''
  ) );
#3536 = ORIENTED_EDGE('',*,*,#1522,.T.);
#3537 = ORIENTED_EDGE('',*,*,#3538,.F.);
#3538 = EDGE_CURVE('',#3539,#1453,#3541,.T.);
#3539 = VERTEX_POINT('',#3540);
#3540 = CARTESIAN_POINT('',(0.6,50.119130278795,70.529467905757));
#3541 = SURFACE_CURVE('',#3542,(#3547,#3554),.PCURVE_S1.);
#3542 = ELLIPSE('',#3543,2.400686699223,2.4);
#3543 = AXIS2_PLACEMENT_3D('',#3544,#3545,#3546);
#3544 = CARTESIAN_POINT('',(0.6,49.592150271649,68.187334540662));
#3545 = DIRECTION('',(1.083144414268E-16,0.975609756098,-0.219512195122)
  );
#3546 = DIRECTION('',(-2.437074932104E-17,-0.219512195122,
    -0.975609756098));
#3547 = PCURVE('',#890,#3548);
#3548 = DEFINITIONAL_REPRESENTATION('',(#3549),#3553);
#3549 = ELLIPSE('',#3550,2.400686699223,2.4);
#3550 = AXIS2_PLACEMENT_2D('',#3551,#3552);
#3551 = CARTESIAN_POINT('',(9.4,-42.85798209582));
#3552 = DIRECTION('',(0.,-1.));
#3553 = ( GEOMETRIC_REPRESENTATION_CONTEXT(2) 
PARAMETRIC_REPRESENTATION_CONTEXT() REPRESENTATION_CONTEXT('2D SPACE',''
  ) );
#3554 = PCURVE('',#1496,#3555);
#3555 = DEFINITIONAL_REPRESENTATION('',(#3556),#3564);
#3556 = B_SPLINE_CURVE_WITH_KNOTS('',6,(#3557,#3558,#3559,#3560,#3561,
    #3562,#3563),.UNSPECIFIED.,.F.,.F.,(7,7),(3.14159265359,
    4.712388980385),.PIECEWISE_BEZIER_KNOTS.);
#3557 = CARTESIAN_POINT('',(0.,3.98702035008));
#3558 = CARTESIAN_POINT('',(-0.261799387799,3.98702035008));
#3559 = CARTESIAN_POINT('',(-0.523598775598,3.991741654306));
#3560 = CARTESIAN_POINT('',(-0.785398163397,4.001191281071));
#3561 = CARTESIAN_POINT('',(-1.047197551197,4.014374678603));
#3562 = CARTESIAN_POINT('',(-1.308996938996,4.029405074226));
#3563 = CARTESIAN_POINT('',(-1.570796326795,4.044436618023));
#3564 = ( GEOMETRIC_REPRESENTATION_CONTEXT(2) 
PARAMETRIC_REPRESENTATION_CONTEXT() REPRESENTATION_CONTEXT('2D SPACE',''
  ) );
#3565 = ORIENTED_EDGE('',*,*,#3566,.F.);
#3566 = EDGE_CURVE('',#3567,#3539,#3569,.T.);
#3567 = VERTEX_POINT('',#3568);
#3568 = CARTESIAN_POINT('',(-0.6,50.119130278795,70.529467905757));
#3569 = SURFACE_CURVE('',#3570,(#3574,#3580),.PCURVE_S1.);
#3570 = LINE('',#3571,#3572);
#3571 = CARTESIAN_POINT('',(6.5,50.119130278795,70.529467905757));
#3572 = VECTOR('',#3573,1.);
#3573 = DIRECTION('',(1.,-1.110223024625E-16,0.));
#3574 = PCURVE('',#890,#3575);
#3575 = DEFINITIONAL_REPRESENTATION('',(#3576),#3579);
#3576 = B_SPLINE_CURVE_WITH_KNOTS('',1,(#3577,#3578),.UNSPECIFIED.,.F.,
  .F.,(2,2),(-7.1,-5.9),.PIECEWISE_BEZIER_KNOTS.);
#3577 = CARTESIAN_POINT('',(10.6,-40.45729539659));
#3578 = CARTESIAN_POINT('',(9.4,-40.45729539659));
#3579 = ( GEOMETRIC_REPRESENTATION_CONTEXT(2) 
PARAMETRIC_REPRESENTATION_CONTEXT() REPRESENTATION_CONTEXT('2D SPACE',''
  ) );
#3580 = PCURVE('',#3581,#3586);
#3581 = PLANE('',#3582);
#3582 = AXIS2_PLACEMENT_3D('',#3583,#3584,#3585);
#3583 = CARTESIAN_POINT('',(3.,46.184079982143,71.316477965087));
#3584 = DIRECTION('',(2.177326487309E-17,0.196116135138,0.980580675691)
  );
#3585 = DIRECTION('',(1.088663243655E-16,0.980580675691,-0.196116135138)
  );
#3586 = DEFINITIONAL_REPRESENTATION('',(#3587),#3590);
#3587 = B_SPLINE_CURVE_WITH_KNOTS('',1,(#3588,#3589),.UNSPECIFIED.,.F.,
  .F.,(2,2),(-7.1,-5.9),.PIECEWISE_BEZIER_KNOTS.);
#3588 = CARTESIAN_POINT('',(4.01297964992,3.6));
#3589 = CARTESIAN_POINT('',(4.01297964992,2.4));
#3590 = ( GEOMETRIC_REPRESENTATION_CONTEXT(2) 
PARAMETRIC_REPRESENTATION_CONTEXT() REPRESENTATION_CONTEXT('2D SPACE',''
  ) );
#3591 = ORIENTED_EDGE('',*,*,#3592,.F.);
#3592 = EDGE_CURVE('',#876,#3567,#3593,.T.);
#3593 = SURFACE_CURVE('',#3594,(#3599,#3606),.PCURVE_S1.);
#3594 = ELLIPSE('',#3595,2.400686699223,2.4);
#3595 = AXIS2_PLACEMENT_3D('',#3596,#3597,#3598);
#3596 = CARTESIAN_POINT('',(-0.6,49.592150271649,68.187334540662));
#3597 = DIRECTION('',(1.083144414268E-16,0.975609756098,-0.219512195122)
  );
#3598 = DIRECTION('',(-2.437074932104E-17,-0.219512195122,
    -0.975609756098));
#3599 = PCURVE('',#890,#3600);
#3600 = DEFINITIONAL_REPRESENTATION('',(#3601),#3605);
#3601 = ELLIPSE('',#3602,2.400686699223,2.4);
#3602 = AXIS2_PLACEMENT_2D('',#3603,#3604);
#3603 = CARTESIAN_POINT('',(10.6,-42.85798209582));
#3604 = DIRECTION('',(0.,-1.));
#3605 = ( GEOMETRIC_REPRESENTATION_CONTEXT(2) 
PARAMETRIC_REPRESENTATION_CONTEXT() REPRESENTATION_CONTEXT('2D SPACE',''
  ) );
#3606 = PCURVE('',#940,#3607);
#3607 = DEFINITIONAL_REPRESENTATION('',(#3608),#3616);
#3608 = B_SPLINE_CURVE_WITH_KNOTS('',6,(#3609,#3610,#3611,#3612,#3613,
    #3614,#3615),.UNSPECIFIED.,.F.,.F.,(7,7),(1.570796326795,
    3.14159265359),.PIECEWISE_BEZIER_KNOTS.);
#3609 = CARTESIAN_POINT('',(1.570796326795,4.044436618023));
#3610 = CARTESIAN_POINT('',(1.308996938996,4.029405074226));
#3611 = CARTESIAN_POINT('',(1.047197551197,4.014374678603));
#3612 = CARTESIAN_POINT('',(0.785398163397,4.001191281071));
#3613 = CARTESIAN_POINT('',(0.523598775598,3.991741654306));
#3614 = CARTESIAN_POINT('',(0.261799387799,3.98702035008));
#3615 = CARTESIAN_POINT('',(9.251858538543E-17,3.98702035008));
#3616 = ( GEOMETRIC_REPRESENTATION_CONTEXT(2) 
PARAMETRIC_REPRESENTATION_CONTEXT() REPRESENTATION_CONTEXT('2D SPACE',''
  ) );
#3617 = ORIENTED_EDGE('',*,*,#875,.T.);
#3618 = ORIENTED_EDGE('',*,*,#1545,.T.);
#3619 = ORIENTED_EDGE('',*,*,#3620,.F.);
#3620 = EDGE_CURVE('',#3517,#1546,#3621,.T.);
#3621 = SURFACE_CURVE('',#3622,(#3626,#3633),.PCURVE_S1.);
#3622 = LINE('',#3623,#3624);
#3623 = CARTESIAN_POINT('',(10.,59.,110.));
#3624 = VECTOR('',#3625,1.);
#3625 = DIRECTION('',(-1.,1.110223024625E-16,0.));
#3626 = PCURVE('',#890,#3627);
#3627 = DEFINITIONAL_REPRESENTATION('',(#3628),#3632);
#3628 = LINE('',#3629,#3630);
#3629 = CARTESIAN_POINT('',(0.,0.));
#3630 = VECTOR('',#3631,1.);
#3631 = DIRECTION('',(1.,0.));
#3632 = ( GEOMETRIC_REPRESENTATION_CONTEXT(2) 
PARAMETRIC_REPRESENTATION_CONTEXT() REPRESENTATION_CONTEXT('2D SPACE',''
  ) );
#3633 = PCURVE('',#3634,#3639);
#3634 = B_SPLINE_SURFACE_WITH_KNOTS('',1,1,(
    (#3635,#3636)
    ,(#3637,#3638
    )),.UNSPECIFIED.,.F.,.F.,.F.,(2,2),(2,2),(0.,22.),(0.,1.),
  .PIECEWISE_BEZIER_KNOTS.);
#3635 = CARTESIAN_POINT('',(10.,59.,110.));
#3636 = CARTESIAN_POINT('',(11.,60.,150.));
#3637 = CARTESIAN_POINT('',(-10.,59.,110.));
#3638 = CARTESIAN_POINT('',(-11.,60.,150.));
#3639 = DEFINITIONAL_REPRESENTATION('',(#3640),#3643);
#3640 = B_SPLINE_CURVE_WITH_KNOTS('',1,(#3641,#3642),.UNSPECIFIED.,.F.,
  .F.,(2,2),(0.,20.),.PIECEWISE_BEZIER_KNOTS.);
#3641 = CARTESIAN_POINT('',(0.,0.));
#3642 = CARTESIAN_POINT('',(22.,0.));
#3643 = ( GEOMETRIC_REPRESENTATION_CONTEXT(2) 
PARAMETRIC_REPRESENTATION_CONTEXT() REPRESENTATION_CONTEXT('2D SPACE',''
  ) );
#3644 = ADVANCED_FACE('',(#3645),#1496,.T.);
#3645 = FACE_BOUND('',#3646,.F.);
#3646 = EDGE_LOOP('',(#3647,#3670,#3699,#3722,#3776,#3777));
#3647 = ORIENTED_EDGE('',*,*,#3648,.F.);
#3648 = EDGE_CURVE('',#3649,#3539,#3651,.T.);
#3649 = VERTEX_POINT('',#3650);
#3650 = CARTESIAN_POINT('',(0.6,54.028725387671,69.747548883982));
#3651 = SURFACE_CURVE('',#3652,(#3656,#3663),.PCURVE_S1.);
#3652 = LINE('',#3653,#3654);
#3653 = CARTESIAN_POINT('',(0.6,54.028725387671,69.747548883982));
#3654 = VECTOR('',#3655,1.);
#3655 = DIRECTION('',(-1.088663243655E-16,-0.980580675691,0.196116135138
    ));
#3656 = PCURVE('',#1496,#3657);
#3657 = DEFINITIONAL_REPRESENTATION('',(#3658),#3662);
#3658 = LINE('',#3659,#3660);
#3659 = CARTESIAN_POINT('',(-0.,0.));
#3660 = VECTOR('',#3661,1.);
#3661 = DIRECTION('',(-0.,1.));
#3662 = ( GEOMETRIC_REPRESENTATION_CONTEXT(2) 
PARAMETRIC_REPRESENTATION_CONTEXT() REPRESENTATION_CONTEXT('2D SPACE',''
  ) );
#3663 = PCURVE('',#3581,#3664);
#3664 = DEFINITIONAL_REPRESENTATION('',(#3665),#3669);
#3665 = LINE('',#3666,#3667);
#3666 = CARTESIAN_POINT('',(8.,2.4));
#3667 = VECTOR('',#3668,1.);
#3668 = DIRECTION('',(-1.,0.));
#3669 = ( GEOMETRIC_REPRESENTATION_CONTEXT(2) 
PARAMETRIC_REPRESENTATION_CONTEXT() REPRESENTATION_CONTEXT('2D SPACE',''
  ) );
#3670 = ORIENTED_EDGE('',*,*,#3671,.T.);
#3671 = EDGE_CURVE('',#3649,#3672,#3674,.T.);
#3672 = VERTEX_POINT('',#3673);
#3673 = CARTESIAN_POINT('',(3.,53.558046663339,67.394155262324));
#3674 = SURFACE_CURVE('',#3675,(#3680,#3687),.PCURVE_S1.);
#3675 = CIRCLE('',#3676,2.4);
#3676 = AXIS2_PLACEMENT_3D('',#3677,#3678,#3679);
#3677 = CARTESIAN_POINT('',(0.6,53.558046663339,67.394155262324));
#3678 = DIRECTION('',(1.088663243655E-16,0.980580675691,-0.196116135138)
  );
#3679 = DIRECTION('',(2.177326487309E-17,0.196116135138,0.980580675691)
  );
#3680 = PCURVE('',#1496,#3681);
#3681 = DEFINITIONAL_REPRESENTATION('',(#3682),#3686);
#3682 = LINE('',#3683,#3684);
#3683 = CARTESIAN_POINT('',(-0.,0.));
#3684 = VECTOR('',#3685,1.);
#3685 = DIRECTION('',(-1.,0.));
#3686 = ( GEOMETRIC_REPRESENTATION_CONTEXT(2) 
PARAMETRIC_REPRESENTATION_CONTEXT() REPRESENTATION_CONTEXT('2D SPACE',''
  ) );
#3687 = PCURVE('',#3688,#3693);
#3688 = TOROIDAL_SURFACE('',#3689,9.6,2.4);
#3689 = AXIS2_PLACEMENT_3D('',#3690,#3691,#3692);
#3690 = CARTESIAN_POINT('',(0.6,51.675331766012,57.980580775691));
#3691 = DIRECTION('',(1.,-1.110223024625E-16,0.));
#3692 = DIRECTION('',(1.088663243655E-16,0.980580675691,-0.196116135138)
  );
#3693 = DEFINITIONAL_REPRESENTATION('',(#3694),#3698);
#3694 = LINE('',#3695,#3696);
#3695 = CARTESIAN_POINT('',(1.570796326795,0.));
#3696 = VECTOR('',#3697,1.);
#3697 = DIRECTION('',(0.,1.));
#3698 = ( GEOMETRIC_REPRESENTATION_CONTEXT(2) 
PARAMETRIC_REPRESENTATION_CONTEXT() REPRESENTATION_CONTEXT('2D SPACE',''
  ) );
#3699 = ORIENTED_EDGE('',*,*,#3700,.T.);
#3700 = EDGE_CURVE('',#3672,#3701,#3703,.T.);
#3701 = VERTEX_POINT('',#3702);
#3702 = CARTESIAN_POINT('',(3.,49.909918853871,68.123780824217));
#3703 = SURFACE_CURVE('',#3704,(#3708,#3715),.PCURVE_S1.);
#3704 = LINE('',#3705,#3706);
#3705 = CARTESIAN_POINT('',(3.,53.558046663339,67.394155262324));
#3706 = VECTOR('',#3707,1.);
#3707 = DIRECTION('',(-1.088663243655E-16,-0.980580675691,0.196116135138
    ));
#3708 = PCURVE('',#1496,#3709);
#3709 = DEFINITIONAL_REPRESENTATION('',(#3710),#3714);
#3710 = LINE('',#3711,#3712);
#3711 = CARTESIAN_POINT('',(-1.570796326795,0.));
#3712 = VECTOR('',#3713,1.);
#3713 = DIRECTION('',(-0.,1.));
#3714 = ( GEOMETRIC_REPRESENTATION_CONTEXT(2) 
PARAMETRIC_REPRESENTATION_CONTEXT() REPRESENTATION_CONTEXT('2D SPACE',''
  ) );
#3715 = PCURVE('',#1355,#3716);
#3716 = DEFINITIONAL_REPRESENTATION('',(#3717),#3721);
#3717 = LINE('',#3718,#3719);
#3718 = CARTESIAN_POINT('',(22.6,8.));
#3719 = VECTOR('',#3720,1.);
#3720 = DIRECTION('',(0.,-1.));
#3721 = ( GEOMETRIC_REPRESENTATION_CONTEXT(2) 
PARAMETRIC_REPRESENTATION_CONTEXT() REPRESENTATION_CONTEXT('2D SPACE',''
  ) );
#3722 = ORIENTED_EDGE('',*,*,#3723,.F.);
#3723 = EDGE_CURVE('',#1398,#3701,#3724,.T.);
#3724 = SURFACE_CURVE('',#3725,(#3740,#3758),.PCURVE_S1.);
#3725 = B_SPLINE_CURVE_WITH_KNOTS('',7,(#3726,#3727,#3728,#3729,#3730,
    #3731,#3732,#3733,#3734,#3735,#3736,#3737,#3738,#3739),
  .UNSPECIFIED.,.F.,.F.,(8,6,8),(0.,0.26475534363,1.),.UNSPECIFIED.);
#3726 = CARTESIAN_POINT('',(2.13064838142,49.954582747479,70.0000006));
#3727 = CARTESIAN_POINT('',(2.199598393511,49.951641911552,
    69.942365493361));
#3728 = CARTESIAN_POINT('',(2.265049859577,49.94873905944,
    69.882519436246));
#3729 = CARTESIAN_POINT('',(2.327042349094,49.945892806578,
    69.820697673866));
#3730 = CARTESIAN_POINT('',(2.385620733158,49.943119595783,
    69.757115474655));
#3731 = CARTESIAN_POINT('',(2.440834681107,49.940433773483,
    69.691968421179));
#3732 = CARTESIAN_POINT('',(2.492738157144,49.937847665943,
    69.625432701046));
#3733 = CARTESIAN_POINT('',(2.676495580681,49.928495596176,
    69.369470716276));
#3734 = CARTESIAN_POINT('',(2.786582216645,49.922465312102,
    69.171685667959));
#3735 = CARTESIAN_POINT('',(2.872952893639,49.917499280214,
    68.967481221154));
#3736 = CARTESIAN_POINT('',(2.936777273472,49.913719077321,
    68.759089565611));
#3737 = CARTESIAN_POINT('',(2.978950604192,49.911184093888,
    68.548156771834));
#3738 = CARTESIAN_POINT('',(3.,49.909918853871,68.335993483879));
#3739 = CARTESIAN_POINT('',(3.,49.909918853871,68.123780824217));
#3740 = PCURVE('',#1496,#3741);
#3741 = DEFINITIONAL_REPRESENTATION('',(#3742),#3757);
#3742 = B_SPLINE_CURVE_WITH_KNOTS('',7,(#3743,#3744,#3745,#3746,#3747,
    #3748,#3749,#3750,#3751,#3752,#3753,#3754,#3755,#3756),
  .UNSPECIFIED.,.F.,.F.,(8,6,8),(0.,0.26475534363,1.),.UNSPECIFIED.);
#3743 = CARTESIAN_POINT('',(-0.691599738224,4.044535397834));
#3744 = CARTESIAN_POINT('',(-0.728899367506,4.036115950353));
#3745 = CARTESIAN_POINT('',(-0.765650388576,4.027225653614));
#3746 = CARTESIAN_POINT('',(-0.801887870566,4.017892389063));
#3747 = CARTESIAN_POINT('',(-0.837642981326,4.008142250805));
#3748 = CARTESIAN_POINT('',(-0.872944512585,3.997999527908));
#3749 = CARTESIAN_POINT('',(-0.907820405101,3.987486686705));
#3750 = CARTESIAN_POINT('',(-1.038049575335,3.946458870401));
#3751 = CARTESIAN_POINT('',(-1.130784475614,3.913583211169));
#3752 = CARTESIAN_POINT('',(-1.221194387976,3.878405019188));
#3753 = CARTESIAN_POINT('',(-1.309849444039,3.841242847015));
#3754 = CARTESIAN_POINT('',(-1.397303484578,3.802361278493));
#3755 = CARTESIAN_POINT('',(-1.484091479628,3.761993304352));
#3756 = CARTESIAN_POINT('',(-1.570796326795,3.720374977711));
#3757 = ( GEOMETRIC_REPRESENTATION_CONTEXT(2) 
PARAMETRIC_REPRESENTATION_CONTEXT() REPRESENTATION_CONTEXT('2D SPACE',''
  ) );
#3758 = PCURVE('',#1431,#3759);
#3759 = DEFINITIONAL_REPRESENTATION('',(#3760),#3775);
#3760 = B_SPLINE_CURVE_WITH_KNOTS('',7,(#3761,#3762,#3763,#3764,#3765,
    #3766,#3767,#3768,#3769,#3770,#3771,#3772,#3773,#3774),
  .UNSPECIFIED.,.F.,.F.,(8,6,8),(0.,0.26475534363,1.),.UNSPECIFIED.);
#3761 = CARTESIAN_POINT('',(-1.528170452051,-3.0000006));
#3762 = CARTESIAN_POINT('',(-1.526790198062,-2.942365493361));
#3763 = CARTESIAN_POINT('',(-1.5254798838,-2.882519436246));
#3764 = CARTESIAN_POINT('',(-1.524238730196,-2.820697673866));
#3765 = CARTESIAN_POINT('',(-1.523065852282,-2.757115474655));
#3766 = CARTESIAN_POINT('',(-1.521960268864,-2.691968421179));
#3767 = CARTESIAN_POINT('',(-1.520920912204,-2.625432701046));
#3768 = CARTESIAN_POINT('',(-1.51724100721,-2.369470716276));
#3769 = CARTESIAN_POINT('',(-1.515035990244,-2.171685667959));
#3770 = CARTESIAN_POINT('',(-1.513305728982,-1.967481221154));
#3771 = CARTESIAN_POINT('',(-1.51202700515,-1.759089565611));
#3772 = CARTESIAN_POINT('',(-1.511182016076,-1.548156771834));
#3773 = CARTESIAN_POINT('',(-1.51076026835,-1.335993483879));
#3774 = CARTESIAN_POINT('',(-1.51076026835,-1.123780824217));
#3775 = ( GEOMETRIC_REPRESENTATION_CONTEXT(2) 
PARAMETRIC_REPRESENTATION_CONTEXT() REPRESENTATION_CONTEXT('2D SPACE',''
  ) );
#3776 = ORIENTED_EDGE('',*,*,#1452,.T.);
#3777 = ORIENTED_EDGE('',*,*,#3538,.F.);
#3778 = ADVANCED_FACE('',(#3779),#1431,.T.);
#3779 = FACE_BOUND('',#3780,.F.);
#3780 = EDGE_LOOP('',(#3781,#3805,#3806,#3807));
#3781 = ORIENTED_EDGE('',*,*,#3782,.F.);
#3782 = EDGE_CURVE('',#1373,#3783,#3785,.T.);
#3783 = VERTEX_POINT('',#3784);
#3784 = CARTESIAN_POINT('',(3.,49.909918853871,67.));
#3785 = SURFACE_CURVE('',#3786,(#3791,#3798),.PCURVE_S1.);
#3786 = CIRCLE('',#3787,50.);
#3787 = AXIS2_PLACEMENT_3D('',#3788,#3789,#3790);
#3788 = CARTESIAN_POINT('',(0.,0.,67.));
#3789 = DIRECTION('',(0.,0.,1.));
#3790 = DIRECTION('',(1.,0.,0.));
#3791 = PCURVE('',#1431,#3792);
#3792 = DEFINITIONAL_REPRESENTATION('',(#3793),#3797);
#3793 = LINE('',#3794,#3795);
#3794 = CARTESIAN_POINT('',(-0.,0.));
#3795 = VECTOR('',#3796,1.);
#3796 = DIRECTION('',(-1.,0.));
#3797 = ( GEOMETRIC_REPRESENTATION_CONTEXT(2) 
PARAMETRIC_REPRESENTATION_CONTEXT() REPRESENTATION_CONTEXT('2D SPACE',''
  ) );
#3798 = PCURVE('',#1386,#3799);
#3799 = DEFINITIONAL_REPRESENTATION('',(#3800),#3804);
#3800 = CIRCLE('',#3801,50.);
#3801 = AXIS2_PLACEMENT_2D('',#3802,#3803);
#3802 = CARTESIAN_POINT('',(1.75032336965E-15,-3.209892110372E-15));
#3803 = DIRECTION('',(1.,0.));
#3804 = ( GEOMETRIC_REPRESENTATION_CONTEXT(2) 
PARAMETRIC_REPRESENTATION_CONTEXT() REPRESENTATION_CONTEXT('2D SPACE',''
  ) );
#3805 = ORIENTED_EDGE('',*,*,#1397,.T.);
#3806 = ORIENTED_EDGE('',*,*,#3723,.T.);
#3807 = ORIENTED_EDGE('',*,*,#3808,.T.);
#3808 = EDGE_CURVE('',#3701,#3783,#3809,.T.);
#3809 = SURFACE_CURVE('',#3810,(#3814,#3820),.PCURVE_S1.);
#3810 = LINE('',#3811,#3812);
#3811 = CARTESIAN_POINT('',(3.,49.909918853871,67.));
#3812 = VECTOR('',#3813,1.);
#3813 = DIRECTION('',(-0.,-0.,-1.));
#3814 = PCURVE('',#1431,#3815);
#3815 = DEFINITIONAL_REPRESENTATION('',(#3816),#3819);
#3816 = B_SPLINE_CURVE_WITH_KNOTS('',1,(#3817,#3818),.UNSPECIFIED.,.F.,
  .F.,(2,2),(-3.0000006,1.199999999812E-06),.PIECEWISE_BEZIER_KNOTS.);
#3817 = CARTESIAN_POINT('',(-1.51076026835,-3.0000006));
#3818 = CARTESIAN_POINT('',(-1.51076026835,1.199999999812E-06));
#3819 = ( GEOMETRIC_REPRESENTATION_CONTEXT(2) 
PARAMETRIC_REPRESENTATION_CONTEXT() REPRESENTATION_CONTEXT('2D SPACE',''
  ) );
#3820 = PCURVE('',#1355,#3821);
#3821 = DEFINITIONAL_REPRESENTATION('',(#3822),#3825);
#3822 = B_SPLINE_CURVE_WITH_KNOTS('',1,(#3823,#3824),.UNSPECIFIED.,.F.,
  .F.,(2,2),(-3.0000006,1.199999999812E-06),.PIECEWISE_BEZIER_KNOTS.);
#3823 = CARTESIAN_POINT('',(24.439784855482,3.911668051192));
#3824 = CARTESIAN_POINT('',(21.498041063364,4.500016809616));
#3825 = ( GEOMETRIC_REPRESENTATION_CONTEXT(2) 
PARAMETRIC_REPRESENTATION_CONTEXT() REPRESENTATION_CONTEXT('2D SPACE',''
  ) );
#3826 = ADVANCED_FACE('',(#3827),#1386,.F.);
#3827 = FACE_BOUND('',#3828,.F.);
#3828 = EDGE_LOOP('',(#3829,#3848,#3849));
#3829 = ORIENTED_EDGE('',*,*,#3830,.T.);
#3830 = EDGE_CURVE('',#3783,#1330,#3831,.T.);
#3831 = SURFACE_CURVE('',#3832,(#3836,#3842),.PCURVE_S1.);
#3832 = LINE('',#3833,#3834);
#3833 = CARTESIAN_POINT('',(3.,20.640588301844,67.));
#3834 = VECTOR('',#3835,1.);
#3835 = DIRECTION('',(-1.110223024625E-16,-1.,0.));
#3836 = PCURVE('',#1386,#3837);
#3837 = DEFINITIONAL_REPRESENTATION('',(#3838),#3841);
#3838 = B_SPLINE_CURVE_WITH_KNOTS('',1,(#3839,#3840),.UNSPECIFIED.,.F.,
  .F.,(2,2),(-29.35941169815,-28.75941169815),.PIECEWISE_BEZIER_KNOTS.);
#3839 = CARTESIAN_POINT('',(3.,50.));
#3840 = CARTESIAN_POINT('',(3.,49.4));
#3841 = ( GEOMETRIC_REPRESENTATION_CONTEXT(2) 
PARAMETRIC_REPRESENTATION_CONTEXT() REPRESENTATION_CONTEXT('2D SPACE',''
  ) );
#3842 = PCURVE('',#1355,#3843);
#3843 = DEFINITIONAL_REPRESENTATION('',(#3844),#3847);
#3844 = B_SPLINE_CURVE_WITH_KNOTS('',1,(#3845,#3846),.UNSPECIFIED.,.F.,
  .F.,(2,2),(-29.35941169815,-28.75941169815),.PIECEWISE_BEZIER_KNOTS.);
#3845 = CARTESIAN_POINT('',(21.515708606288,4.588348405415));
#3846 = CARTESIAN_POINT('',(21.398038925205,4.));
#3847 = ( GEOMETRIC_REPRESENTATION_CONTEXT(2) 
PARAMETRIC_REPRESENTATION_CONTEXT() REPRESENTATION_CONTEXT('2D SPACE',''
  ) );
#3848 = ORIENTED_EDGE('',*,*,#1372,.T.);
#3849 = ORIENTED_EDGE('',*,*,#3782,.T.);
#3850 = ADVANCED_FACE('',(#3851,#3967),#1355,.F.);
#3851 = FACE_BOUND('',#3852,.F.);
#3852 = EDGE_LOOP('',(#3853,#3876,#3877,#3878,#3879,#3880,#3908,#3936));
#3853 = ORIENTED_EDGE('',*,*,#3854,.F.);
#3854 = EDGE_CURVE('',#1221,#3855,#3857,.T.);
#3855 = VERTEX_POINT('',#3856);
#3856 = CARTESIAN_POINT('',(3.,49.596500733548,47.586425613367));
#3857 = SURFACE_CURVE('',#3858,(#3862,#3869),.PCURVE_S1.);
#3858 = LINE('',#3859,#3860);
#3859 = CARTESIAN_POINT('',(3.,41.75185532802,49.155354694473));
#3860 = VECTOR('',#3861,1.);
#3861 = DIRECTION('',(1.088663243655E-16,0.980580675691,-0.196116135138)
  );
#3862 = PCURVE('',#1355,#3863);
#3863 = DEFINITIONAL_REPRESENTATION('',(#3864),#3868);
#3864 = LINE('',#3865,#3866);
#3865 = CARTESIAN_POINT('',(2.4,-5.551115123126E-17));
#3866 = VECTOR('',#3867,1.);
#3867 = DIRECTION('',(0.,1.));
#3868 = ( GEOMETRIC_REPRESENTATION_CONTEXT(2) 
PARAMETRIC_REPRESENTATION_CONTEXT() REPRESENTATION_CONTEXT('2D SPACE',''
  ) );
#3869 = PCURVE('',#1290,#3870);
#3870 = DEFINITIONAL_REPRESENTATION('',(#3871),#3875);
#3871 = LINE('',#3872,#3873);
#3872 = CARTESIAN_POINT('',(-1.570796326795,0.));
#3873 = VECTOR('',#3874,1.);
#3874 = DIRECTION('',(-0.,1.));
#3875 = ( GEOMETRIC_REPRESENTATION_CONTEXT(2) 
PARAMETRIC_REPRESENTATION_CONTEXT() REPRESENTATION_CONTEXT('2D SPACE',''
  ) );
#3876 = ORIENTED_EDGE('',*,*,#1329,.T.);
#3877 = ORIENTED_EDGE('',*,*,#3830,.F.);
#3878 = ORIENTED_EDGE('',*,*,#3808,.F.);
#3879 = ORIENTED_EDGE('',*,*,#3700,.F.);
#3880 = ORIENTED_EDGE('',*,*,#3881,.F.);
#3881 = EDGE_CURVE('',#3882,#3672,#3884,.T.);
#3882 = VERTEX_POINT('',#3883);
#3883 = CARTESIAN_POINT('',(3.,61.088906252645,56.097865878364));
#3884 = SURFACE_CURVE('',#3885,(#3890,#3901),.PCURVE_S1.);
#3885 = CIRCLE('',#3886,9.6);
#3886 = AXIS2_PLACEMENT_3D('',#3887,#3888,#3889);
#3887 = CARTESIAN_POINT('',(3.,51.675331766012,57.980580775691));
#3888 = DIRECTION('',(1.,-1.110223024625E-16,0.));
#3889 = DIRECTION('',(1.088663243655E-16,0.980580675691,-0.196116135138)
  );
#3890 = PCURVE('',#1355,#3891);
#3891 = DEFINITIONAL_REPRESENTATION('',(#3892),#3900);
#3892 = ( BOUNDED_CURVE() B_SPLINE_CURVE(2,(#3893,#3894,#3895,#3896,
#3897,#3898,#3899),.UNSPECIFIED.,.T.,.F.) B_SPLINE_CURVE_WITH_KNOTS((1,2
    ,2,2,2,1),(-2.094395102393,0.,2.094395102393,4.188790204786,
6.28318530718,8.377580409573),.UNSPECIFIED.) CURVE() 
GEOMETRIC_REPRESENTATION_ITEM() RATIONAL_B_SPLINE_CURVE((1.,0.5,1.,0.5,
1.,0.5,1.)) REPRESENTATION_ITEM('') );
#3893 = CARTESIAN_POINT('',(13.,17.6));
#3894 = CARTESIAN_POINT('',(29.627687752661,17.6));
#3895 = CARTESIAN_POINT('',(21.313843876331,3.2));
#3896 = CARTESIAN_POINT('',(13.,-11.2));
#3897 = CARTESIAN_POINT('',(4.686156123669,3.2));
#3898 = CARTESIAN_POINT('',(-3.627687752661,17.6));
#3899 = CARTESIAN_POINT('',(13.,17.6));
#3900 = ( GEOMETRIC_REPRESENTATION_CONTEXT(2) 
PARAMETRIC_REPRESENTATION_CONTEXT() REPRESENTATION_CONTEXT('2D SPACE',''
  ) );
#3901 = PCURVE('',#3688,#3902);
#3902 = DEFINITIONAL_REPRESENTATION('',(#3903),#3907);
#3903 = LINE('',#3904,#3905);
#3904 = CARTESIAN_POINT('',(0.,1.570796326795));
#3905 = VECTOR('',#3906,1.);
#3906 = DIRECTION('',(1.,0.));
#3907 = ( GEOMETRIC_REPRESENTATION_CONTEXT(2) 
PARAMETRIC_REPRESENTATION_CONTEXT() REPRESENTATION_CONTEXT('2D SPACE',''
  ) );
#3908 = ORIENTED_EDGE('',*,*,#3909,.F.);
#3909 = EDGE_CURVE('',#3910,#3882,#3912,.T.);
#3910 = VERTEX_POINT('',#3911);
#3911 = CARTESIAN_POINT('',(3.,60.892790117507,55.117285202673));
#3912 = SURFACE_CURVE('',#3913,(#3917,#3924),.PCURVE_S1.);
#3913 = LINE('',#3914,#3915);
#3914 = CARTESIAN_POINT('',(3.,60.892790117507,55.117285202673));
#3915 = VECTOR('',#3916,1.);
#3916 = DIRECTION('',(2.177326487309E-17,0.196116135138,0.980580675691)
  );
#3917 = PCURVE('',#1355,#3918);
#3918 = DEFINITIONAL_REPRESENTATION('',(#3919),#3923);
#3919 = LINE('',#3920,#3921);
#3920 = CARTESIAN_POINT('',(12.,17.6));
#3921 = VECTOR('',#3922,1.);
#3922 = DIRECTION('',(1.,0.));
#3923 = ( GEOMETRIC_REPRESENTATION_CONTEXT(2) 
PARAMETRIC_REPRESENTATION_CONTEXT() REPRESENTATION_CONTEXT('2D SPACE',''
  ) );
#3924 = PCURVE('',#3925,#3930);
#3925 = CYLINDRICAL_SURFACE('',#3926,2.4);
#3926 = AXIS2_PLACEMENT_3D('',#3927,#3928,#3929);
#3927 = CARTESIAN_POINT('',(0.6,60.892790117507,55.117285202673));
#3928 = DIRECTION('',(2.177326487309E-17,0.196116135138,0.980580675691)
  );
#3929 = DIRECTION('',(1.088663243655E-16,0.980580675691,-0.196116135138)
  );
#3930 = DEFINITIONAL_REPRESENTATION('',(#3931),#3935);
#3931 = LINE('',#3932,#3933);
#3932 = CARTESIAN_POINT('',(-1.570796326795,0.));
#3933 = VECTOR('',#3934,1.);
#3934 = DIRECTION('',(-0.,1.));
#3935 = ( GEOMETRIC_REPRESENTATION_CONTEXT(2) 
PARAMETRIC_REPRESENTATION_CONTEXT() REPRESENTATION_CONTEXT('2D SPACE',''
  ) );
#3936 = ORIENTED_EDGE('',*,*,#3937,.F.);
#3937 = EDGE_CURVE('',#3855,#3910,#3938,.T.);
#3938 = SURFACE_CURVE('',#3939,(#3944,#3955),.PCURVE_S1.);
#3939 = CIRCLE('',#3940,9.6);
#3940 = AXIS2_PLACEMENT_3D('',#3941,#3942,#3943);
#3941 = CARTESIAN_POINT('',(3.,51.479215630874,57.0000001));
#3942 = DIRECTION('',(1.,-1.110223024625E-16,0.));
#3943 = DIRECTION('',(-2.177326487309E-17,-0.196116135138,
    -0.980580675691));
#3944 = PCURVE('',#1355,#3945);
#3945 = DEFINITIONAL_REPRESENTATION('',(#3946),#3954);
#3946 = ( BOUNDED_CURVE() B_SPLINE_CURVE(2,(#3947,#3948,#3949,#3950,
#3951,#3952,#3953),.UNSPECIFIED.,.T.,.F.) B_SPLINE_CURVE_WITH_KNOTS((1,2
    ,2,2,2,1),(-2.094395102393,0.,2.094395102393,4.188790204786,
6.28318530718,8.377580409573),.UNSPECIFIED.) CURVE() 
GEOMETRIC_REPRESENTATION_ITEM() RATIONAL_B_SPLINE_CURVE((1.,0.5,1.,0.5,
1.,0.5,1.)) REPRESENTATION_ITEM('') );
#3947 = CARTESIAN_POINT('',(2.4,8.));
#3948 = CARTESIAN_POINT('',(2.4,24.627687752661));
#3949 = CARTESIAN_POINT('',(16.8,16.313843876331));
#3950 = CARTESIAN_POINT('',(31.2,8.));
#3951 = CARTESIAN_POINT('',(16.8,-0.313843876331));
#3952 = CARTESIAN_POINT('',(2.4,-8.627687752661));
#3953 = CARTESIAN_POINT('',(2.4,8.));
#3954 = ( GEOMETRIC_REPRESENTATION_CONTEXT(2) 
PARAMETRIC_REPRESENTATION_CONTEXT() REPRESENTATION_CONTEXT('2D SPACE',''
  ) );
#3955 = PCURVE('',#3956,#3961);
#3956 = TOROIDAL_SURFACE('',#3957,9.6,2.4);
#3957 = AXIS2_PLACEMENT_3D('',#3958,#3959,#3960);
#3958 = CARTESIAN_POINT('',(0.6,51.479215630874,57.0000001));
#3959 = DIRECTION('',(1.,-1.110223024625E-16,0.));
#3960 = DIRECTION('',(-2.177326487309E-17,-0.196116135138,
    -0.980580675691));
#3961 = DEFINITIONAL_REPRESENTATION('',(#3962),#3966);
#3962 = LINE('',#3963,#3964);
#3963 = CARTESIAN_POINT('',(0.,1.570796326795));
#3964 = VECTOR('',#3965,1.);
#3965 = DIRECTION('',(1.,0.));
#3966 = ( GEOMETRIC_REPRESENTATION_CONTEXT(2) 
PARAMETRIC_REPRESENTATION_CONTEXT() REPRESENTATION_CONTEXT('2D SPACE',''
  ) );
#3967 = FACE_BOUND('',#3968,.F.);
#3968 = EDGE_LOOP('',(#3969));
#3969 = ORIENTED_EDGE('',*,*,#3970,.F.);
#3970 = EDGE_CURVE('',#3971,#3971,#3973,.T.);
#3971 = VERTEX_POINT('',#3972);
#3972 = CARTESIAN_POINT('',(3.,50.538435049825,57.098058167569));
#3973 = SURFACE_CURVE('',#3974,(#3979,#3986),.PCURVE_S1.);
#3974 = CIRCLE('',#3975,3.);
#3975 = AXIS2_PLACEMENT_3D('',#3976,#3977,#3978);
#3976 = CARTESIAN_POINT('',(3.,53.538435049825,57.098058167569));
#3977 = DIRECTION('',(-1.,6.123233995737E-17,0.));
#3978 = DIRECTION('',(-6.123233995737E-17,-1.,0.));
#3979 = PCURVE('',#1355,#3980);
#3980 = DEFINITIONAL_REPRESENTATION('',(#3981),#3985);
#3981 = CIRCLE('',#3982,3.);
#3982 = AXIS2_PLACEMENT_2D('',#3983,#3984);
#3983 = CARTESIAN_POINT('',(12.5,10.));
#3984 = DIRECTION('',(-0.196116135138,-0.980580675691));
#3985 = ( GEOMETRIC_REPRESENTATION_CONTEXT(2) 
PARAMETRIC_REPRESENTATION_CONTEXT() REPRESENTATION_CONTEXT('2D SPACE',''
  ) );
#3986 = PCURVE('',#3987,#3992);
#3987 = CYLINDRICAL_SURFACE('',#3988,3.);
#3988 = AXIS2_PLACEMENT_3D('',#3989,#3990,#3991);
#3989 = CARTESIAN_POINT('',(30.,53.538435049825,57.098058167569));
#3990 = DIRECTION('',(-1.,6.123233995737E-17,0.));
#3991 = DIRECTION('',(-6.123233995737E-17,-1.,0.));
#3992 = DEFINITIONAL_REPRESENTATION('',(#3993),#3997);
#3993 = LINE('',#3994,#3995);
#3994 = CARTESIAN_POINT('',(0.,27.));
#3995 = VECTOR('',#3996,1.);
#3996 = DIRECTION('',(1.,0.));
#3997 = ( GEOMETRIC_REPRESENTATION_CONTEXT(2) 
PARAMETRIC_REPRESENTATION_CONTEXT() REPRESENTATION_CONTEXT('2D SPACE',''
  ) );
#3998 = ADVANCED_FACE('',(#3999),#1290,.T.);
#3999 = FACE_BOUND('',#4000,.F.);
#4000 = EDGE_LOOP('',(#4001,#4024,#4025,#4026));
#4001 = ORIENTED_EDGE('',*,*,#4002,.F.);
#4002 = EDGE_CURVE('',#1196,#4003,#4005,.T.);
#4003 = VERTEX_POINT('',#4004);
#4004 = CARTESIAN_POINT('',(0.6,49.125822009216,45.233031991709));
#4005 = SURFACE_CURVE('',#4006,(#4010,#4017),.PCURVE_S1.);
#4006 = LINE('',#4007,#4008);
#4007 = CARTESIAN_POINT('',(0.6,41.281176603689,46.801961072814));
#4008 = VECTOR('',#4009,1.);
#4009 = DIRECTION('',(1.088663243655E-16,0.980580675691,-0.196116135138)
  );
#4010 = PCURVE('',#1290,#4011);
#4011 = DEFINITIONAL_REPRESENTATION('',(#4012),#4016);
#4012 = LINE('',#4013,#4014);
#4013 = CARTESIAN_POINT('',(-0.,0.));
#4014 = VECTOR('',#4015,1.);
#4015 = DIRECTION('',(-0.,1.));
#4016 = ( GEOMETRIC_REPRESENTATION_CONTEXT(2) 
PARAMETRIC_REPRESENTATION_CONTEXT() REPRESENTATION_CONTEXT('2D SPACE',''
  ) );
#4017 = PCURVE('',#1209,#4018);
#4018 = DEFINITIONAL_REPRESENTATION('',(#4019),#4023);
#4019 = LINE('',#4020,#4021);
#4020 = CARTESIAN_POINT('',(-2.612791784771E-16,2.4));
#4021 = VECTOR('',#4022,1.);
#4022 = DIRECTION('',(1.,0.));
#4023 = ( GEOMETRIC_REPRESENTATION_CONTEXT(2) 
PARAMETRIC_REPRESENTATION_CONTEXT() REPRESENTATION_CONTEXT('2D SPACE',''
  ) );
#4024 = ORIENTED_EDGE('',*,*,#1220,.T.);
#4025 = ORIENTED_EDGE('',*,*,#3854,.T.);
#4026 = ORIENTED_EDGE('',*,*,#4027,.F.);
#4027 = EDGE_CURVE('',#4003,#3855,#4028,.T.);
#4028 = SURFACE_CURVE('',#4029,(#4034,#4041),.PCURVE_S1.);
#4029 = CIRCLE('',#4030,2.4);
#4030 = AXIS2_PLACEMENT_3D('',#4031,#4032,#4033);
#4031 = CARTESIAN_POINT('',(0.6,49.596500733548,47.586425613367));
#4032 = DIRECTION('',(-1.088663243655E-16,-0.980580675691,0.196116135138
    ));
#4033 = DIRECTION('',(-2.177326487309E-17,-0.196116135138,
    -0.980580675691));
#4034 = PCURVE('',#1290,#4035);
#4035 = DEFINITIONAL_REPRESENTATION('',(#4036),#4040);
#4036 = LINE('',#4037,#4038);
#4037 = CARTESIAN_POINT('',(-0.,8.));
#4038 = VECTOR('',#4039,1.);
#4039 = DIRECTION('',(-1.,0.));
#4040 = ( GEOMETRIC_REPRESENTATION_CONTEXT(2) 
PARAMETRIC_REPRESENTATION_CONTEXT() REPRESENTATION_CONTEXT('2D SPACE',''
  ) );
#4041 = PCURVE('',#3956,#4042);
#4042 = DEFINITIONAL_REPRESENTATION('',(#4043),#4047);
#4043 = LINE('',#4044,#4045);
#4044 = CARTESIAN_POINT('',(0.,0.));
#4045 = VECTOR('',#4046,1.);
#4046 = DIRECTION('',(0.,1.));
#4047 = ( GEOMETRIC_REPRESENTATION_CONTEXT(2) 
PARAMETRIC_REPRESENTATION_CONTEXT() REPRESENTATION_CONTEXT('2D SPACE',''
  ) );
#4048 = ADVANCED_FACE('',(#4049),#1209,.F.);
#4049 = FACE_BOUND('',#4050,.F.);
#4050 = EDGE_LOOP('',(#4051,#4052,#4080,#4101));
#4051 = ORIENTED_EDGE('',*,*,#4002,.T.);
#4052 = ORIENTED_EDGE('',*,*,#4053,.T.);
#4053 = EDGE_CURVE('',#4003,#4054,#4056,.T.);
#4054 = VERTEX_POINT('',#4055);
#4055 = CARTESIAN_POINT('',(-0.6,49.125822009216,45.233031991709));
#4056 = SURFACE_CURVE('',#4057,(#4061,#4068),.PCURVE_S1.);
#4057 = LINE('',#4058,#4059);
#4058 = CARTESIAN_POINT('',(3.,49.125822009216,45.233031991709));
#4059 = VECTOR('',#4060,1.);
#4060 = DIRECTION('',(-1.,1.110223024625E-16,0.));
#4061 = PCURVE('',#1209,#4062);
#4062 = DEFINITIONAL_REPRESENTATION('',(#4063),#4067);
#4063 = LINE('',#4064,#4065);
#4064 = CARTESIAN_POINT('',(8.,-1.724782477648E-17));
#4065 = VECTOR('',#4066,1.);
#4066 = DIRECTION('',(0.,1.));
#4067 = ( GEOMETRIC_REPRESENTATION_CONTEXT(2) 
PARAMETRIC_REPRESENTATION_CONTEXT() REPRESENTATION_CONTEXT('2D SPACE',''
  ) );
#4068 = PCURVE('',#4069,#4074);
#4069 = CYLINDRICAL_SURFACE('',#4070,12.);
#4070 = AXIS2_PLACEMENT_3D('',#4071,#4072,#4073);
#4071 = CARTESIAN_POINT('',(3.,51.479215630874,57.0000001));
#4072 = DIRECTION('',(-1.,1.110223024625E-16,0.));
#4073 = DIRECTION('',(1.088663243655E-16,0.980580675691,-0.196116135138)
  );
#4074 = DEFINITIONAL_REPRESENTATION('',(#4075),#4079);
#4075 = LINE('',#4076,#4077);
#4076 = CARTESIAN_POINT('',(1.570796326795,0.));
#4077 = VECTOR('',#4078,1.);
#4078 = DIRECTION('',(0.,1.));
#4079 = ( GEOMETRIC_REPRESENTATION_CONTEXT(2) 
PARAMETRIC_REPRESENTATION_CONTEXT() REPRESENTATION_CONTEXT('2D SPACE',''
  ) );
#4080 = ORIENTED_EDGE('',*,*,#4081,.F.);
#4081 = EDGE_CURVE('',#1087,#4054,#4082,.T.);
#4082 = SURFACE_CURVE('',#4083,(#4087,#4094),.PCURVE_S1.);
#4083 = LINE('',#4084,#4085);
#4084 = CARTESIAN_POINT('',(-0.6,41.281176603689,46.801961072814));
#4085 = VECTOR('',#4086,1.);
#4086 = DIRECTION('',(1.088663243655E-16,0.980580675691,-0.196116135138)
  );
#4087 = PCURVE('',#1209,#4088);
#4088 = DEFINITIONAL_REPRESENTATION('',(#4089),#4093);
#4089 = LINE('',#4090,#4091);
#4090 = CARTESIAN_POINT('',(-3.919187677156E-16,3.6));
#4091 = VECTOR('',#4092,1.);
#4092 = DIRECTION('',(1.,0.));
#4093 = ( GEOMETRIC_REPRESENTATION_CONTEXT(2) 
PARAMETRIC_REPRESENTATION_CONTEXT() REPRESENTATION_CONTEXT('2D SPACE',''
  ) );
#4094 = PCURVE('',#1156,#4095);
#4095 = DEFINITIONAL_REPRESENTATION('',(#4096),#4100);
#4096 = LINE('',#4097,#4098);
#4097 = CARTESIAN_POINT('',(0.,0.));
#4098 = VECTOR('',#4099,1.);
#4099 = DIRECTION('',(0.,1.));
#4100 = ( GEOMETRIC_REPRESENTATION_CONTEXT(2) 
PARAMETRIC_REPRESENTATION_CONTEXT() REPRESENTATION_CONTEXT('2D SPACE',''
  ) );
#4101 = ORIENTED_EDGE('',*,*,#1195,.T.);
#4102 = ADVANCED_FACE('',(#4103),#1156,.T.);
#4103 = FACE_BOUND('',#4104,.T.);
#4104 = EDGE_LOOP('',(#4105,#4106,#4107,#4130));
#4105 = ORIENTED_EDGE('',*,*,#4081,.F.);
#4106 = ORIENTED_EDGE('',*,*,#1086,.F.);
#4107 = ORIENTED_EDGE('',*,*,#4108,.T.);
#4108 = EDGE_CURVE('',#1044,#4109,#4111,.T.);
#4109 = VERTEX_POINT('',#4110);
#4110 = CARTESIAN_POINT('',(-3.,49.596500733548,47.586425613367));
#4111 = SURFACE_CURVE('',#4112,(#4116,#4123),.PCURVE_S1.);
#4112 = LINE('',#4113,#4114);
#4113 = CARTESIAN_POINT('',(-3.,41.75185532802,49.155354694473));
#4114 = VECTOR('',#4115,1.);
#4115 = DIRECTION('',(1.088663243655E-16,0.980580675691,-0.196116135138)
  );
#4116 = PCURVE('',#1156,#4117);
#4117 = DEFINITIONAL_REPRESENTATION('',(#4118),#4122);
#4118 = LINE('',#4119,#4120);
#4119 = CARTESIAN_POINT('',(1.570796326795,0.));
#4120 = VECTOR('',#4121,1.);
#4121 = DIRECTION('',(0.,1.));
#4122 = ( GEOMETRIC_REPRESENTATION_CONTEXT(2) 
PARAMETRIC_REPRESENTATION_CONTEXT() REPRESENTATION_CONTEXT('2D SPACE',''
  ) );
#4123 = PCURVE('',#1069,#4124);
#4124 = DEFINITIONAL_REPRESENTATION('',(#4125),#4129);
#4125 = LINE('',#4126,#4127);
#4126 = CARTESIAN_POINT('',(2.4,-5.551115123126E-17));
#4127 = VECTOR('',#4128,1.);
#4128 = DIRECTION('',(0.,1.));
#4129 = ( GEOMETRIC_REPRESENTATION_CONTEXT(2) 
PARAMETRIC_REPRESENTATION_CONTEXT() REPRESENTATION_CONTEXT('2D SPACE',''
  ) );
#4130 = ORIENTED_EDGE('',*,*,#4131,.F.);
#4131 = EDGE_CURVE('',#4054,#4109,#4132,.T.);
#4132 = SURFACE_CURVE('',#4133,(#4138,#4145),.PCURVE_S1.);
#4133 = CIRCLE('',#4134,2.4);
#4134 = AXIS2_PLACEMENT_3D('',#4135,#4136,#4137);
#4135 = CARTESIAN_POINT('',(-0.6,49.596500733548,47.586425613367));
#4136 = DIRECTION('',(1.088663243655E-16,0.980580675691,-0.196116135138)
  );
#4137 = DIRECTION('',(-2.177326487309E-17,-0.196116135138,
    -0.980580675691));
#4138 = PCURVE('',#1156,#4139);
#4139 = DEFINITIONAL_REPRESENTATION('',(#4140),#4144);
#4140 = LINE('',#4141,#4142);
#4141 = CARTESIAN_POINT('',(0.,8.));
#4142 = VECTOR('',#4143,1.);
#4143 = DIRECTION('',(1.,0.));
#4144 = ( GEOMETRIC_REPRESENTATION_CONTEXT(2) 
PARAMETRIC_REPRESENTATION_CONTEXT() REPRESENTATION_CONTEXT('2D SPACE',''
  ) );
#4145 = PCURVE('',#4146,#4151);
#4146 = TOROIDAL_SURFACE('',#4147,9.6,2.4);
#4147 = AXIS2_PLACEMENT_3D('',#4148,#4149,#4150);
#4148 = CARTESIAN_POINT('',(-0.6,51.479215630874,57.0000001));
#4149 = DIRECTION('',(-1.,1.110223024625E-16,0.));
#4150 = DIRECTION('',(-2.177326487309E-17,-0.196116135138,
    -0.980580675691));
#4151 = DEFINITIONAL_REPRESENTATION('',(#4152),#4156);
#4152 = LINE('',#4153,#4154);
#4153 = CARTESIAN_POINT('',(-0.,0.));
#4154 = VECTOR('',#4155,1.);
#4155 = DIRECTION('',(-0.,1.));
#4156 = ( GEOMETRIC_REPRESENTATION_CONTEXT(2) 
PARAMETRIC_REPRESENTATION_CONTEXT() REPRESENTATION_CONTEXT('2D SPACE',''
  ) );
#4157 = ADVANCED_FACE('',(#4158,#4314),#1069,.T.);
#4158 = FACE_BOUND('',#4159,.T.);
#4159 = EDGE_LOOP('',(#4160,#4161,#4162,#4183,#4204,#4227,#4260,#4288));
#4160 = ORIENTED_EDGE('',*,*,#4108,.F.);
#4161 = ORIENTED_EDGE('',*,*,#1043,.T.);
#4162 = ORIENTED_EDGE('',*,*,#4163,.F.);
#4163 = EDGE_CURVE('',#4164,#1019,#4166,.T.);
#4164 = VERTEX_POINT('',#4165);
#4165 = CARTESIAN_POINT('',(-3.,49.909918853871,67.));
#4166 = SURFACE_CURVE('',#4167,(#4171,#4177),.PCURVE_S1.);
#4167 = LINE('',#4168,#4169);
#4168 = CARTESIAN_POINT('',(-3.,20.640588301844,67.));
#4169 = VECTOR('',#4170,1.);
#4170 = DIRECTION('',(-1.110223024625E-16,-1.,0.));
#4171 = PCURVE('',#1069,#4172);
#4172 = DEFINITIONAL_REPRESENTATION('',(#4173),#4176);
#4173 = B_SPLINE_CURVE_WITH_KNOTS('',1,(#4174,#4175),.UNSPECIFIED.,.F.,
  .F.,(2,2),(-29.35941169815,-28.75941169815),.PIECEWISE_BEZIER_KNOTS.);
#4174 = CARTESIAN_POINT('',(21.515708606288,4.588348405415));
#4175 = CARTESIAN_POINT('',(21.398038925205,4.));
#4176 = ( GEOMETRIC_REPRESENTATION_CONTEXT(2) 
PARAMETRIC_REPRESENTATION_CONTEXT() REPRESENTATION_CONTEXT('2D SPACE',''
  ) );
#4177 = PCURVE('',#1032,#4178);
#4178 = DEFINITIONAL_REPRESENTATION('',(#4179),#4182);
#4179 = B_SPLINE_CURVE_WITH_KNOTS('',1,(#4180,#4181),.UNSPECIFIED.,.F.,
  .F.,(2,2),(-29.35941169815,-28.75941169815),.PIECEWISE_BEZIER_KNOTS.);
#4180 = CARTESIAN_POINT('',(-3.,50.));
#4181 = CARTESIAN_POINT('',(-3.,49.4));
#4182 = ( GEOMETRIC_REPRESENTATION_CONTEXT(2) 
PARAMETRIC_REPRESENTATION_CONTEXT() REPRESENTATION_CONTEXT('2D SPACE',''
  ) );
#4183 = ORIENTED_EDGE('',*,*,#4184,.F.);
#4184 = EDGE_CURVE('',#4185,#4164,#4187,.T.);
#4185 = VERTEX_POINT('',#4186);
#4186 = CARTESIAN_POINT('',(-3.,49.909918853871,68.123780824217));
#4187 = SURFACE_CURVE('',#4188,(#4192,#4198),.PCURVE_S1.);
#4188 = LINE('',#4189,#4190);
#4189 = CARTESIAN_POINT('',(-3.,49.909918853871,67.));
#4190 = VECTOR('',#4191,1.);
#4191 = DIRECTION('',(-0.,-0.,-1.));
#4192 = PCURVE('',#1069,#4193);
#4193 = DEFINITIONAL_REPRESENTATION('',(#4194),#4197);
#4194 = B_SPLINE_CURVE_WITH_KNOTS('',1,(#4195,#4196),.UNSPECIFIED.,.F.,
  .F.,(2,2),(-3.0000006,1.199999999812E-06),.PIECEWISE_BEZIER_KNOTS.);
#4195 = CARTESIAN_POINT('',(24.439784855482,3.911668051192));
#4196 = CARTESIAN_POINT('',(21.498041063364,4.500016809616));
#4197 = ( GEOMETRIC_REPRESENTATION_CONTEXT(2) 
PARAMETRIC_REPRESENTATION_CONTEXT() REPRESENTATION_CONTEXT('2D SPACE',''
  ) );
#4198 = PCURVE('',#997,#4199);
#4199 = DEFINITIONAL_REPRESENTATION('',(#4200),#4203);
#4200 = B_SPLINE_CURVE_WITH_KNOTS('',1,(#4201,#4202),.UNSPECIFIED.,.F.,
  .F.,(2,2),(-3.0000006,1.199999999812E-06),.PIECEWISE_BEZIER_KNOTS.);
#4201 = CARTESIAN_POINT('',(-1.63083238524,-3.0000006));
#4202 = CARTESIAN_POINT('',(-1.63083238524,1.199999999812E-06));
#4203 = ( GEOMETRIC_REPRESENTATION_CONTEXT(2) 
PARAMETRIC_REPRESENTATION_CONTEXT() REPRESENTATION_CONTEXT('2D SPACE',''
  ) );
#4204 = ORIENTED_EDGE('',*,*,#4205,.F.);
#4205 = EDGE_CURVE('',#4206,#4185,#4208,.T.);
#4206 = VERTEX_POINT('',#4207);
#4207 = CARTESIAN_POINT('',(-3.,53.558046663339,67.394155262324));
#4208 = SURFACE_CURVE('',#4209,(#4213,#4220),.PCURVE_S1.);
#4209 = LINE('',#4210,#4211);
#4210 = CARTESIAN_POINT('',(-3.,53.558046663339,67.394155262324));
#4211 = VECTOR('',#4212,1.);
#4212 = DIRECTION('',(-1.088663243655E-16,-0.980580675691,0.196116135138
    ));
#4213 = PCURVE('',#1069,#4214);
#4214 = DEFINITIONAL_REPRESENTATION('',(#4215),#4219);
#4215 = LINE('',#4216,#4217);
#4216 = CARTESIAN_POINT('',(22.6,8.));
#4217 = VECTOR('',#4218,1.);
#4218 = DIRECTION('',(0.,-1.));
#4219 = ( GEOMETRIC_REPRESENTATION_CONTEXT(2) 
PARAMETRIC_REPRESENTATION_CONTEXT() REPRESENTATION_CONTEXT('2D SPACE',''
  ) );
#4220 = PCURVE('',#940,#4221);
#4221 = DEFINITIONAL_REPRESENTATION('',(#4222),#4226);
#4222 = LINE('',#4223,#4224);
#4223 = CARTESIAN_POINT('',(1.570796326795,0.));
#4224 = VECTOR('',#4225,1.);
#4225 = DIRECTION('',(0.,1.));
#4226 = ( GEOMETRIC_REPRESENTATION_CONTEXT(2) 
PARAMETRIC_REPRESENTATION_CONTEXT() REPRESENTATION_CONTEXT('2D SPACE',''
  ) );
#4227 = ORIENTED_EDGE('',*,*,#4228,.F.);
#4228 = EDGE_CURVE('',#4229,#4206,#4231,.T.);
#4229 = VERTEX_POINT('',#4230);
#4230 = CARTESIAN_POINT('',(-3.,61.088906252645,56.097865878364));
#4231 = SURFACE_CURVE('',#4232,(#4237,#4248),.PCURVE_S1.);
#4232 = CIRCLE('',#4233,9.6);
#4233 = AXIS2_PLACEMENT_3D('',#4234,#4235,#4236);
#4234 = CARTESIAN_POINT('',(-3.,51.675331766012,57.980580775691));
#4235 = DIRECTION('',(1.,-1.110223024625E-16,0.));
#4236 = DIRECTION('',(1.088663243655E-16,0.980580675691,-0.196116135138)
  );
#4237 = PCURVE('',#1069,#4238);
#4238 = DEFINITIONAL_REPRESENTATION('',(#4239),#4247);
#4239 = ( BOUNDED_CURVE() B_SPLINE_CURVE(2,(#4240,#4241,#4242,#4243,
#4244,#4245,#4246),.UNSPECIFIED.,.T.,.F.) B_SPLINE_CURVE_WITH_KNOTS((1,2
    ,2,2,2,1),(-2.094395102393,0.,2.094395102393,4.188790204786,
6.28318530718,8.377580409573),.UNSPECIFIED.) CURVE() 
GEOMETRIC_REPRESENTATION_ITEM() RATIONAL_B_SPLINE_CURVE((1.,0.5,1.,0.5,
1.,0.5,1.)) REPRESENTATION_ITEM('') );
#4240 = CARTESIAN_POINT('',(13.,17.6));
#4241 = CARTESIAN_POINT('',(29.627687752661,17.6));
#4242 = CARTESIAN_POINT('',(21.313843876331,3.2));
#4243 = CARTESIAN_POINT('',(13.,-11.2));
#4244 = CARTESIAN_POINT('',(4.686156123669,3.2));
#4245 = CARTESIAN_POINT('',(-3.627687752661,17.6));
#4246 = CARTESIAN_POINT('',(13.,17.6));
#4247 = ( GEOMETRIC_REPRESENTATION_CONTEXT(2) 
PARAMETRIC_REPRESENTATION_CONTEXT() REPRESENTATION_CONTEXT('2D SPACE',''
  ) );
#4248 = PCURVE('',#4249,#4254);
#4249 = TOROIDAL_SURFACE('',#4250,9.6,2.4);
#4250 = AXIS2_PLACEMENT_3D('',#4251,#4252,#4253);
#4251 = CARTESIAN_POINT('',(-0.6,51.675331766012,57.980580775691));
#4252 = DIRECTION('',(-1.,1.110223024625E-16,0.));
#4253 = DIRECTION('',(1.088663243655E-16,0.980580675691,-0.196116135138)
  );
#4254 = DEFINITIONAL_REPRESENTATION('',(#4255),#4259);
#4255 = LINE('',#4256,#4257);
#4256 = CARTESIAN_POINT('',(-0.,1.570796326795));
#4257 = VECTOR('',#4258,1.);
#4258 = DIRECTION('',(-1.,0.));
#4259 = ( GEOMETRIC_REPRESENTATION_CONTEXT(2) 
PARAMETRIC_REPRESENTATION_CONTEXT() REPRESENTATION_CONTEXT('2D SPACE',''
  ) );
#4260 = ORIENTED_EDGE('',*,*,#4261,.F.);
#4261 = EDGE_CURVE('',#4262,#4229,#4264,.T.);
#4262 = VERTEX_POINT('',#4263);
#4263 = CARTESIAN_POINT('',(-3.,60.892790117507,55.117285202673));
#4264 = SURFACE_CURVE('',#4265,(#4269,#4276),.PCURVE_S1.);
#4265 = LINE('',#4266,#4267);
#4266 = CARTESIAN_POINT('',(-3.,60.892790117507,55.117285202673));
#4267 = VECTOR('',#4268,1.);
#4268 = DIRECTION('',(2.177326487309E-17,0.196116135138,0.980580675691)
  );
#4269 = PCURVE('',#1069,#4270);
#4270 = DEFINITIONAL_REPRESENTATION('',(#4271),#4275);
#4271 = LINE('',#4272,#4273);
#4272 = CARTESIAN_POINT('',(12.,17.6));
#4273 = VECTOR('',#4274,1.);
#4274 = DIRECTION('',(1.,0.));
#4275 = ( GEOMETRIC_REPRESENTATION_CONTEXT(2) 
PARAMETRIC_REPRESENTATION_CONTEXT() REPRESENTATION_CONTEXT('2D SPACE',''
  ) );
#4276 = PCURVE('',#4277,#4282);
#4277 = CYLINDRICAL_SURFACE('',#4278,2.4);
#4278 = AXIS2_PLACEMENT_3D('',#4279,#4280,#4281);
#4279 = CARTESIAN_POINT('',(-0.6,60.892790117507,55.117285202673));
#4280 = DIRECTION('',(2.177326487309E-17,0.196116135138,0.980580675691)
  );
#4281 = DIRECTION('',(1.088663243655E-16,0.980580675691,-0.196116135138)
  );
#4282 = DEFINITIONAL_REPRESENTATION('',(#4283),#4287);
#4283 = LINE('',#4284,#4285);
#4284 = CARTESIAN_POINT('',(1.570796326795,0.));
#4285 = VECTOR('',#4286,1.);
#4286 = DIRECTION('',(0.,1.));
#4287 = ( GEOMETRIC_REPRESENTATION_CONTEXT(2) 
PARAMETRIC_REPRESENTATION_CONTEXT() REPRESENTATION_CONTEXT('2D SPACE',''
  ) );
#4288 = ORIENTED_EDGE('',*,*,#4289,.F.);
#4289 = EDGE_CURVE('',#4109,#4262,#4290,.T.);
#4290 = SURFACE_CURVE('',#4291,(#4296,#4307),.PCURVE_S1.);
#4291 = CIRCLE('',#4292,9.6);
#4292 = AXIS2_PLACEMENT_3D('',#4293,#4294,#4295);
#4293 = CARTESIAN_POINT('',(-3.,51.479215630874,57.0000001));
#4294 = DIRECTION('',(1.,-1.110223024625E-16,0.));
#4295 = DIRECTION('',(-2.177326487309E-17,-0.196116135138,
    -0.980580675691));
#4296 = PCURVE('',#1069,#4297);
#4297 = DEFINITIONAL_REPRESENTATION('',(#4298),#4306);
#4298 = ( BOUNDED_CURVE() B_SPLINE_CURVE(2,(#4299,#4300,#4301,#4302,
#4303,#4304,#4305),.UNSPECIFIED.,.T.,.F.) B_SPLINE_CURVE_WITH_KNOTS((1,2
    ,2,2,2,1),(-2.094395102393,0.,2.094395102393,4.188790204786,
6.28318530718,8.377580409573),.UNSPECIFIED.) CURVE() 
GEOMETRIC_REPRESENTATION_ITEM() RATIONAL_B_SPLINE_CURVE((1.,0.5,1.,0.5,
1.,0.5,1.)) REPRESENTATION_ITEM('') );
#4299 = CARTESIAN_POINT('',(2.4,8.));
#4300 = CARTESIAN_POINT('',(2.4,24.627687752661));
#4301 = CARTESIAN_POINT('',(16.8,16.313843876331));
#4302 = CARTESIAN_POINT('',(31.2,8.));
#4303 = CARTESIAN_POINT('',(16.8,-0.313843876331));
#4304 = CARTESIAN_POINT('',(2.4,-8.627687752661));
#4305 = CARTESIAN_POINT('',(2.4,8.));
#4306 = ( GEOMETRIC_REPRESENTATION_CONTEXT(2) 
PARAMETRIC_REPRESENTATION_CONTEXT() REPRESENTATION_CONTEXT('2D SPACE',''
  ) );
#4307 = PCURVE('',#4146,#4308);
#4308 = DEFINITIONAL_REPRESENTATION('',(#4309),#4313);
#4309 = LINE('',#4310,#4311);
#4310 = CARTESIAN_POINT('',(-0.,1.570796326795));
#4311 = VECTOR('',#4312,1.);
#4312 = DIRECTION('',(-1.,0.));
#4313 = ( GEOMETRIC_REPRESENTATION_CONTEXT(2) 
PARAMETRIC_REPRESENTATION_CONTEXT() REPRESENTATION_CONTEXT('2D SPACE',''
  ) );
#4314 = FACE_BOUND('',#4315,.T.);
#4315 = EDGE_LOOP('',(#4316));
#4316 = ORIENTED_EDGE('',*,*,#4317,.F.);
#4317 = EDGE_CURVE('',#4318,#4318,#4320,.T.);
#4318 = VERTEX_POINT('',#4319);
#4319 = CARTESIAN_POINT('',(-3.,50.538435049825,57.098058167569));
#4320 = SURFACE_CURVE('',#4321,(#4326,#4333),.PCURVE_S1.);
#4321 = CIRCLE('',#4322,3.);
#4322 = AXIS2_PLACEMENT_3D('',#4323,#4324,#4325);
#4323 = CARTESIAN_POINT('',(-3.,53.538435049825,57.098058167569));
#4324 = DIRECTION('',(-1.,6.123233995737E-17,0.));
#4325 = DIRECTION('',(-6.123233995737E-17,-1.,0.));
#4326 = PCURVE('',#1069,#4327);
#4327 = DEFINITIONAL_REPRESENTATION('',(#4328),#4332);
#4328 = CIRCLE('',#4329,3.);
#4329 = AXIS2_PLACEMENT_2D('',#4330,#4331);
#4330 = CARTESIAN_POINT('',(12.5,10.));
#4331 = DIRECTION('',(-0.196116135138,-0.980580675691));
#4332 = ( GEOMETRIC_REPRESENTATION_CONTEXT(2) 
PARAMETRIC_REPRESENTATION_CONTEXT() REPRESENTATION_CONTEXT('2D SPACE',''
  ) );
#4333 = PCURVE('',#3987,#4334);
#4334 = DEFINITIONAL_REPRESENTATION('',(#4335),#4339);
#4335 = LINE('',#4336,#4337);
#4336 = CARTESIAN_POINT('',(0.,33.));
#4337 = VECTOR('',#4338,1.);
#4338 = DIRECTION('',(1.,0.));
#4339 = ( GEOMETRIC_REPRESENTATION_CONTEXT(2) 
PARAMETRIC_REPRESENTATION_CONTEXT() REPRESENTATION_CONTEXT('2D SPACE',''
  ) );
#4340 = ADVANCED_FACE('',(#4341),#1032,.F.);
#4341 = FACE_BOUND('',#4342,.F.);
#4342 = EDGE_LOOP('',(#4343,#4365,#4366));
#4343 = ORIENTED_EDGE('',*,*,#4344,.T.);
#4344 = EDGE_CURVE('',#4164,#964,#4345,.T.);
#4345 = SURFACE_CURVE('',#4346,(#4351,#4358),.PCURVE_S1.);
#4346 = CIRCLE('',#4347,50.);
#4347 = AXIS2_PLACEMENT_3D('',#4348,#4349,#4350);
#4348 = CARTESIAN_POINT('',(0.,0.,67.));
#4349 = DIRECTION('',(0.,0.,1.));
#4350 = DIRECTION('',(1.,0.,0.));
#4351 = PCURVE('',#1032,#4352);
#4352 = DEFINITIONAL_REPRESENTATION('',(#4353),#4357);
#4353 = CIRCLE('',#4354,50.);
#4354 = AXIS2_PLACEMENT_2D('',#4355,#4356);
#4355 = CARTESIAN_POINT('',(1.75032336965E-15,-3.209892110372E-15));
#4356 = DIRECTION('',(1.,0.));
#4357 = ( GEOMETRIC_REPRESENTATION_CONTEXT(2) 
PARAMETRIC_REPRESENTATION_CONTEXT() REPRESENTATION_CONTEXT('2D SPACE',''
  ) );
#4358 = PCURVE('',#997,#4359);
#4359 = DEFINITIONAL_REPRESENTATION('',(#4360),#4364);
#4360 = LINE('',#4361,#4362);
#4361 = CARTESIAN_POINT('',(-0.,0.));
#4362 = VECTOR('',#4363,1.);
#4363 = DIRECTION('',(-1.,0.));
#4364 = ( GEOMETRIC_REPRESENTATION_CONTEXT(2) 
PARAMETRIC_REPRESENTATION_CONTEXT() REPRESENTATION_CONTEXT('2D SPACE',''
  ) );
#4365 = ORIENTED_EDGE('',*,*,#1018,.T.);
#4366 = ORIENTED_EDGE('',*,*,#4163,.F.);
#4367 = ADVANCED_FACE('',(#4368),#997,.T.);
#4368 = FACE_BOUND('',#4369,.F.);
#4369 = EDGE_LOOP('',(#4370,#4371,#4372,#4426));
#4370 = ORIENTED_EDGE('',*,*,#4344,.F.);
#4371 = ORIENTED_EDGE('',*,*,#4184,.F.);
#4372 = ORIENTED_EDGE('',*,*,#4373,.F.);
#4373 = EDGE_CURVE('',#903,#4185,#4374,.T.);
#4374 = SURFACE_CURVE('',#4375,(#4390,#4408),.PCURVE_S1.);
#4375 = B_SPLINE_CURVE_WITH_KNOTS('',7,(#4376,#4377,#4378,#4379,#4380,
    #4381,#4382,#4383,#4384,#4385,#4386,#4387,#4388,#4389),
  .UNSPECIFIED.,.F.,.F.,(8,6,8),(0.,0.26475534363,1.),.UNSPECIFIED.);
#4376 = CARTESIAN_POINT('',(-2.13064838142,49.954582747479,70.0000006));
#4377 = CARTESIAN_POINT('',(-2.199598393511,49.951641911552,
    69.942365493361));
#4378 = CARTESIAN_POINT('',(-2.265049859577,49.94873905944,
    69.882519436246));
#4379 = CARTESIAN_POINT('',(-2.327042349094,49.945892806578,
    69.820697673866));
#4380 = CARTESIAN_POINT('',(-2.385620733158,49.943119595783,
    69.757115474655));
#4381 = CARTESIAN_POINT('',(-2.440834681107,49.940433773483,
    69.691968421179));
#4382 = CARTESIAN_POINT('',(-2.492738157144,49.937847665943,
    69.625432701046));
#4383 = CARTESIAN_POINT('',(-2.676495580681,49.928495596176,
    69.369470716276));
#4384 = CARTESIAN_POINT('',(-2.786582216645,49.922465312102,
    69.171685667959));
#4385 = CARTESIAN_POINT('',(-2.872952893639,49.917499280214,
    68.967481221154));
#4386 = CARTESIAN_POINT('',(-2.936777273472,49.913719077321,
    68.759089565612));
#4387 = CARTESIAN_POINT('',(-2.978950604192,49.911184093888,
    68.548156771834));
#4388 = CARTESIAN_POINT('',(-3.,49.909918853871,68.335993483879));
#4389 = CARTESIAN_POINT('',(-3.,49.909918853871,68.123780824217));
#4390 = PCURVE('',#997,#4391);
#4391 = DEFINITIONAL_REPRESENTATION('',(#4392),#4407);
#4392 = B_SPLINE_CURVE_WITH_KNOTS('',7,(#4393,#4394,#4395,#4396,#4397,
    #4398,#4399,#4400,#4401,#4402,#4403,#4404,#4405,#4406),
  .UNSPECIFIED.,.F.,.F.,(8,6,8),(0.,0.26475534363,1.),.UNSPECIFIED.);
#4393 = CARTESIAN_POINT('',(-1.613422201539,-3.0000006));
#4394 = CARTESIAN_POINT('',(-1.614802455528,-2.942365493361));
#4395 = CARTESIAN_POINT('',(-1.61611276979,-2.882519436246));
#4396 = CARTESIAN_POINT('',(-1.617353923394,-2.820697673866));
#4397 = CARTESIAN_POINT('',(-1.618526801308,-2.757115474655));
#4398 = CARTESIAN_POINT('',(-1.619632384726,-2.691968421179));
#4399 = CARTESIAN_POINT('',(-1.620671741386,-2.625432701046));
#4400 = CARTESIAN_POINT('',(-1.62435164638,-2.369470716276));
#4401 = CARTESIAN_POINT('',(-1.626556663346,-2.171685667959));
#4402 = CARTESIAN_POINT('',(-1.628286924608,-1.967481221154));
#4403 = CARTESIAN_POINT('',(-1.62956564844,-1.759089565612));
#4404 = CARTESIAN_POINT('',(-1.630410637513,-1.548156771834));
#4405 = CARTESIAN_POINT('',(-1.63083238524,-1.335993483879));
#4406 = CARTESIAN_POINT('',(-1.63083238524,-1.123780824217));
#4407 = ( GEOMETRIC_REPRESENTATION_CONTEXT(2) 
PARAMETRIC_REPRESENTATION_CONTEXT() REPRESENTATION_CONTEXT('2D SPACE',''
  ) );
#4408 = PCURVE('',#940,#4409);
#4409 = DEFINITIONAL_REPRESENTATION('',(#4410),#4425);
#4410 = B_SPLINE_CURVE_WITH_KNOTS('',7,(#4411,#4412,#4413,#4414,#4415,
    #4416,#4417,#4418,#4419,#4420,#4421,#4422,#4423,#4424),
  .UNSPECIFIED.,.F.,.F.,(8,6,8),(0.,0.26475534363,1.),.UNSPECIFIED.);
#4411 = CARTESIAN_POINT('',(0.691599738224,4.044535397834));
#4412 = CARTESIAN_POINT('',(0.728899367506,4.036115950353));
#4413 = CARTESIAN_POINT('',(0.765650388576,4.027225653614));
#4414 = CARTESIAN_POINT('',(0.801887870566,4.017892389063));
#4415 = CARTESIAN_POINT('',(0.837642981326,4.008142250805));
#4416 = CARTESIAN_POINT('',(0.872944512585,3.997999527908));
#4417 = CARTESIAN_POINT('',(0.907820405101,3.987486686705));
#4418 = CARTESIAN_POINT('',(1.038049575335,3.946458870401));
#4419 = CARTESIAN_POINT('',(1.130784475614,3.913583211169));
#4420 = CARTESIAN_POINT('',(1.221194387976,3.878405019188));
#4421 = CARTESIAN_POINT('',(1.309849444038,3.841242847015));
#4422 = CARTESIAN_POINT('',(1.397303484578,3.802361278493));
#4423 = CARTESIAN_POINT('',(1.484091479628,3.761993304352));
#4424 = CARTESIAN_POINT('',(1.570796326795,3.720374977711));
#4425 = ( GEOMETRIC_REPRESENTATION_CONTEXT(2) 
PARAMETRIC_REPRESENTATION_CONTEXT() REPRESENTATION_CONTEXT('2D SPACE',''
  ) );
#4426 = ORIENTED_EDGE('',*,*,#963,.F.);
#4427 = ADVANCED_FACE('',(#4428),#940,.T.);
#4428 = FACE_BOUND('',#4429,.T.);
#4429 = EDGE_LOOP('',(#4430,#4453,#4475,#4476,#4477,#4478));
#4430 = ORIENTED_EDGE('',*,*,#4431,.F.);
#4431 = EDGE_CURVE('',#4432,#3567,#4434,.T.);
#4432 = VERTEX_POINT('',#4433);
#4433 = CARTESIAN_POINT('',(-0.6,54.028725387671,69.747548883982));
#4434 = SURFACE_CURVE('',#4435,(#4439,#4446),.PCURVE_S1.);
#4435 = LINE('',#4436,#4437);
#4436 = CARTESIAN_POINT('',(-0.6,54.028725387671,69.747548883982));
#4437 = VECTOR('',#4438,1.);
#4438 = DIRECTION('',(-1.088663243655E-16,-0.980580675691,0.196116135138
    ));
#4439 = PCURVE('',#940,#4440);
#4440 = DEFINITIONAL_REPRESENTATION('',(#4441),#4445);
#4441 = LINE('',#4442,#4443);
#4442 = CARTESIAN_POINT('',(0.,0.));
#4443 = VECTOR('',#4444,1.);
#4444 = DIRECTION('',(0.,1.));
#4445 = ( GEOMETRIC_REPRESENTATION_CONTEXT(2) 
PARAMETRIC_REPRESENTATION_CONTEXT() REPRESENTATION_CONTEXT('2D SPACE',''
  ) );
#4446 = PCURVE('',#3581,#4447);
#4447 = DEFINITIONAL_REPRESENTATION('',(#4448),#4452);
#4448 = LINE('',#4449,#4450);
#4449 = CARTESIAN_POINT('',(8.,3.6));
#4450 = VECTOR('',#4451,1.);
#4451 = DIRECTION('',(-1.,0.));
#4452 = ( GEOMETRIC_REPRESENTATION_CONTEXT(2) 
PARAMETRIC_REPRESENTATION_CONTEXT() REPRESENTATION_CONTEXT('2D SPACE',''
  ) );
#4453 = ORIENTED_EDGE('',*,*,#4454,.T.);
#4454 = EDGE_CURVE('',#4432,#4206,#4455,.T.);
#4455 = SURFACE_CURVE('',#4456,(#4461,#4468),.PCURVE_S1.);
#4456 = CIRCLE('',#4457,2.4);
#4457 = AXIS2_PLACEMENT_3D('',#4458,#4459,#4460);
#4458 = CARTESIAN_POINT('',(-0.6,53.558046663339,67.394155262324));
#4459 = DIRECTION('',(-1.088663243655E-16,-0.980580675691,0.196116135138
    ));
#4460 = DIRECTION('',(2.177326487309E-17,0.196116135138,0.980580675691)
  );
#4461 = PCURVE('',#940,#4462);
#4462 = DEFINITIONAL_REPRESENTATION('',(#4463),#4467);
#4463 = LINE('',#4464,#4465);
#4464 = CARTESIAN_POINT('',(0.,0.));
#4465 = VECTOR('',#4466,1.);
#4466 = DIRECTION('',(1.,0.));
#4467 = ( GEOMETRIC_REPRESENTATION_CONTEXT(2) 
PARAMETRIC_REPRESENTATION_CONTEXT() REPRESENTATION_CONTEXT('2D SPACE',''
  ) );
#4468 = PCURVE('',#4249,#4469);
#4469 = DEFINITIONAL_REPRESENTATION('',(#4470),#4474);
#4470 = LINE('',#4471,#4472);
#4471 = CARTESIAN_POINT('',(-1.570796326795,0.));
#4472 = VECTOR('',#4473,1.);
#4473 = DIRECTION('',(-0.,1.));
#4474 = ( GEOMETRIC_REPRESENTATION_CONTEXT(2) 
PARAMETRIC_REPRESENTATION_CONTEXT() REPRESENTATION_CONTEXT('2D SPACE',''
  ) );
#4475 = ORIENTED_EDGE('',*,*,#4205,.T.);
#4476 = ORIENTED_EDGE('',*,*,#4373,.F.);
#4477 = ORIENTED_EDGE('',*,*,#902,.F.);
#4478 = ORIENTED_EDGE('',*,*,#3592,.T.);
#4479 = ADVANCED_FACE('',(#4480,#4730),#1613,.T.);
#4480 = FACE_BOUND('',#4481,.T.);
#4481 = EDGE_LOOP('',(#4482,#4503,#4504,#4505,#4525,#4550,#4575,#4608,
    #4633,#4659,#4684,#4712));
#4482 = ORIENTED_EDGE('',*,*,#4483,.F.);
#4483 = EDGE_CURVE('',#1600,#4484,#4486,.T.);
#4484 = VERTEX_POINT('',#4485);
#4485 = CARTESIAN_POINT('',(10.,38.125,75.));
#4486 = SURFACE_CURVE('',#4487,(#4491,#4497),.PCURVE_S1.);
#4487 = LINE('',#4488,#4489);
#4488 = CARTESIAN_POINT('',(-5.,38.125,75.));
#4489 = VECTOR('',#4490,1.);
#4490 = DIRECTION('',(1.,-1.110223024625E-16,0.));
#4491 = PCURVE('',#1613,#4492);
#4492 = DEFINITIONAL_REPRESENTATION('',(#4493),#4496);
#4493 = B_SPLINE_CURVE_WITH_KNOTS('',1,(#4494,#4495),.UNSPECIFIED.,.F.,
  .F.,(2,2),(-5.,15.),.PIECEWISE_BEZIER_KNOTS.);
#4494 = CARTESIAN_POINT('',(-10.,38.125));
#4495 = CARTESIAN_POINT('',(10.,38.125));
#4496 = ( GEOMETRIC_REPRESENTATION_CONTEXT(2) 
PARAMETRIC_REPRESENTATION_CONTEXT() REPRESENTATION_CONTEXT('2D SPACE',''
  ) );
#4497 = PCURVE('',#1639,#4498);
#4498 = DEFINITIONAL_REPRESENTATION('',(#4499),#4502);
#4499 = B_SPLINE_CURVE_WITH_KNOTS('',1,(#4500,#4501),.UNSPECIFIED.,.F.,
  .F.,(2,2),(-5.,15.),.PIECEWISE_BEZIER_KNOTS.);
#4500 = CARTESIAN_POINT('',(0.,-35.875));
#4501 = CARTESIAN_POINT('',(20.,-35.875));
#4502 = ( GEOMETRIC_REPRESENTATION_CONTEXT(2) 
PARAMETRIC_REPRESENTATION_CONTEXT() REPRESENTATION_CONTEXT('2D SPACE',''
  ) );
#4503 = ORIENTED_EDGE('',*,*,#1599,.T.);
#4504 = ORIENTED_EDGE('',*,*,#2129,.F.);
#4505 = ORIENTED_EDGE('',*,*,#4506,.T.);
#4506 = EDGE_CURVE('',#2130,#4507,#4509,.T.);
#4507 = VERTEX_POINT('',#4508);
#4508 = CARTESIAN_POINT('',(-41.54545454545,13.795454545455,75.));
#4509 = SURFACE_CURVE('',#4510,(#4513,#4519),.PCURVE_S1.);
#4510 = B_SPLINE_CURVE_WITH_KNOTS('',1,(#4511,#4512),.UNSPECIFIED.,.F.,
  .F.,(2,2),(0.,1.),.PIECEWISE_BEZIER_KNOTS.);
#4511 = CARTESIAN_POINT('',(-50.,13.795454545455,75.));
#4512 = CARTESIAN_POINT('',(-41.54545454545,13.795454545455,75.));
#4513 = PCURVE('',#1613,#4514);
#4514 = DEFINITIONAL_REPRESENTATION('',(#4515),#4518);
#4515 = B_SPLINE_CURVE_WITH_KNOTS('',1,(#4516,#4517),.UNSPECIFIED.,.F.,
  .F.,(2,2),(0.,1.),.PIECEWISE_BEZIER_KNOTS.);
#4516 = CARTESIAN_POINT('',(-50.,13.795454545455));
#4517 = CARTESIAN_POINT('',(-41.54545454545,13.795454545455));
#4518 = ( GEOMETRIC_REPRESENTATION_CONTEXT(2) 
PARAMETRIC_REPRESENTATION_CONTEXT() REPRESENTATION_CONTEXT('2D SPACE',''
  ) );
#4519 = PCURVE('',#2231,#4520);
#4520 = DEFINITIONAL_REPRESENTATION('',(#4521),#4524);
#4521 = B_SPLINE_CURVE_WITH_KNOTS('',1,(#4522,#4523),.UNSPECIFIED.,.F.,
  .F.,(2,2),(0.,1.),.PIECEWISE_BEZIER_KNOTS.);
#4522 = CARTESIAN_POINT('',(9.043093922652,0.318181818182));
#4523 = CARTESIAN_POINT('',(0.,0.318181818182));
#4524 = ( GEOMETRIC_REPRESENTATION_CONTEXT(2) 
PARAMETRIC_REPRESENTATION_CONTEXT() REPRESENTATION_CONTEXT('2D SPACE',''
  ) );
#4525 = ORIENTED_EDGE('',*,*,#4526,.T.);
#4526 = EDGE_CURVE('',#4507,#4527,#4529,.T.);
#4527 = VERTEX_POINT('',#4528);
#4528 = CARTESIAN_POINT('',(-41.54545454545,-13.79545454545,75.));
#4529 = SURFACE_CURVE('',#4530,(#4533,#4539),.PCURVE_S1.);
#4530 = B_SPLINE_CURVE_WITH_KNOTS('',1,(#4531,#4532),.UNSPECIFIED.,.F.,
  .F.,(2,2),(0.,1.),.PIECEWISE_BEZIER_KNOTS.);
#4531 = CARTESIAN_POINT('',(-41.54545454545,13.795454545455,75.));
#4532 = CARTESIAN_POINT('',(-41.54545454545,-13.79545454545,75.));
#4533 = PCURVE('',#1613,#4534);
#4534 = DEFINITIONAL_REPRESENTATION('',(#4535),#4538);
#4535 = B_SPLINE_CURVE_WITH_KNOTS('',1,(#4536,#4537),.UNSPECIFIED.,.F.,
  .F.,(2,2),(0.,1.),.PIECEWISE_BEZIER_KNOTS.);
#4536 = CARTESIAN_POINT('',(-41.54545454545,13.795454545455));
#4537 = CARTESIAN_POINT('',(-41.54545454545,-13.79545454545));
#4538 = ( GEOMETRIC_REPRESENTATION_CONTEXT(2) 
PARAMETRIC_REPRESENTATION_CONTEXT() REPRESENTATION_CONTEXT('2D SPACE',''
  ) );
#4539 = PCURVE('',#4540,#4545);
#4540 = B_SPLINE_SURFACE_WITH_KNOTS('',1,1,(
    (#4541,#4542)
    ,(#4543,#4544
    )),.UNSPECIFIED.,.F.,.F.,.F.,(2,2),(2,2),(0.,28.),(0.,1.),
  .PIECEWISE_BEZIER_KNOTS.);
#4541 = CARTESIAN_POINT('',(-40.4,-13.7,68.));
#4542 = CARTESIAN_POINT('',(-44.,-14.,90.));
#4543 = CARTESIAN_POINT('',(-40.4,13.7,68.));
#4544 = CARTESIAN_POINT('',(-44.,14.,90.));
#4545 = DEFINITIONAL_REPRESENTATION('',(#4546),#4549);
#4546 = B_SPLINE_CURVE_WITH_KNOTS('',1,(#4547,#4548),.UNSPECIFIED.,.F.,
  .F.,(2,2),(0.,1.),.PIECEWISE_BEZIER_KNOTS.);
#4547 = CARTESIAN_POINT('',(28.,0.318181818182));
#4548 = CARTESIAN_POINT('',(0.,0.318181818182));
#4549 = ( GEOMETRIC_REPRESENTATION_CONTEXT(2) 
PARAMETRIC_REPRESENTATION_CONTEXT() REPRESENTATION_CONTEXT('2D SPACE',''
  ) );
#4550 = ORIENTED_EDGE('',*,*,#4551,.T.);
#4551 = EDGE_CURVE('',#4527,#4552,#4554,.T.);
#4552 = VERTEX_POINT('',#4553);
#4553 = CARTESIAN_POINT('',(-48.05918677926,-13.79545454545,75.));
#4554 = SURFACE_CURVE('',#4555,(#4558,#4564),.PCURVE_S1.);
#4555 = B_SPLINE_CURVE_WITH_KNOTS('',1,(#4556,#4557),.UNSPECIFIED.,.F.,
  .F.,(2,2),(0.,1.),.PIECEWISE_BEZIER_KNOTS.);
#4556 = CARTESIAN_POINT('',(-41.54545454545,-13.79545454545,75.));
#4557 = CARTESIAN_POINT('',(-50.,-13.79545454545,75.));
#4558 = PCURVE('',#1613,#4559);
#4559 = DEFINITIONAL_REPRESENTATION('',(#4560),#4563);
#4560 = B_SPLINE_CURVE_WITH_KNOTS('',1,(#4561,#4562),.UNSPECIFIED.,.F.,
  .F.,(2,2),(0.,1.),.PIECEWISE_BEZIER_KNOTS.);
#4561 = CARTESIAN_POINT('',(-41.54545454545,-13.79545454545));
#4562 = CARTESIAN_POINT('',(-50.,-13.79545454545));
#4563 = ( GEOMETRIC_REPRESENTATION_CONTEXT(2) 
PARAMETRIC_REPRESENTATION_CONTEXT() REPRESENTATION_CONTEXT('2D SPACE',''
  ) );
#4564 = PCURVE('',#4565,#4570);
#4565 = B_SPLINE_SURFACE_WITH_KNOTS('',1,1,(
    (#4566,#4567)
    ,(#4568,#4569
    )),.UNSPECIFIED.,.F.,.F.,.F.,(2,2),(2,2),(0.,17.6),(0.,1.),
  .PIECEWISE_BEZIER_KNOTS.);
#4566 = CARTESIAN_POINT('',(-58.,-13.7,68.));
#4567 = CARTESIAN_POINT('',(-58.,-14.,90.));
#4568 = CARTESIAN_POINT('',(-40.4,-13.7,68.));
#4569 = CARTESIAN_POINT('',(-44.,-14.,90.));
#4570 = DEFINITIONAL_REPRESENTATION('',(#4571),#4574);
#4571 = B_SPLINE_CURVE_WITH_KNOTS('',1,(#4572,#4573),.UNSPECIFIED.,.F.,
  .F.,(2,2),(0.,1.),.PIECEWISE_BEZIER_KNOTS.);
#4572 = CARTESIAN_POINT('',(17.6,0.318181818182));
#4573 = CARTESIAN_POINT('',(8.556906077348,0.318181818182));
#4574 = ( GEOMETRIC_REPRESENTATION_CONTEXT(2) 
PARAMETRIC_REPRESENTATION_CONTEXT() REPRESENTATION_CONTEXT('2D SPACE',''
  ) );
#4575 = ORIENTED_EDGE('',*,*,#4576,.F.);
#4576 = EDGE_CURVE('',#4577,#4552,#4579,.T.);
#4577 = VERTEX_POINT('',#4578);
#4578 = CARTESIAN_POINT('',(-10.,-48.98979485566,75.));
#4579 = SURFACE_CURVE('',#4580,(#4585,#4596),.PCURVE_S1.);
#4580 = CIRCLE('',#4581,50.);
#4581 = AXIS2_PLACEMENT_3D('',#4582,#4583,#4584);
#4582 = CARTESIAN_POINT('',(0.,0.,75.));
#4583 = DIRECTION('',(0.,0.,-1.));
#4584 = DIRECTION('',(0.2,0.979795897113,0.));
#4585 = PCURVE('',#1613,#4586);
#4586 = DEFINITIONAL_REPRESENTATION('',(#4587),#4595);
#4587 = ( BOUNDED_CURVE() B_SPLINE_CURVE(2,(#4588,#4589,#4590,#4591,
#4592,#4593,#4594),.UNSPECIFIED.,.T.,.F.) B_SPLINE_CURVE_WITH_KNOTS((1,2
    ,2,2,2,1),(-2.094395102393,0.,2.094395102393,4.188790204786,
6.28318530718,8.377580409573),.UNSPECIFIED.) CURVE() 
GEOMETRIC_REPRESENTATION_ITEM() RATIONAL_B_SPLINE_CURVE((1.,0.5,1.,0.5,
1.,0.5,1.)) REPRESENTATION_ITEM('') );
#4588 = CARTESIAN_POINT('',(10.,48.989794855664));
#4589 = CARTESIAN_POINT('',(94.852813742386,31.669286779975));
#4590 = CARTESIAN_POINT('',(37.426406871193,-33.15515146567));
#4591 = CARTESIAN_POINT('',(-20.,-97.97958971132));
#4592 = CARTESIAN_POINT('',(-47.42640687119,-15.83464338998));
#4593 = CARTESIAN_POINT('',(-74.85281374238,66.310302931352));
#4594 = CARTESIAN_POINT('',(10.,48.989794855664));
#4595 = ( GEOMETRIC_REPRESENTATION_CONTEXT(2) 
PARAMETRIC_REPRESENTATION_CONTEXT() REPRESENTATION_CONTEXT('2D SPACE',''
  ) );
#4596 = PCURVE('',#4597,#4602);
#4597 = CYLINDRICAL_SURFACE('',#4598,50.);
#4598 = AXIS2_PLACEMENT_3D('',#4599,#4600,#4601);
#4599 = CARTESIAN_POINT('',(0.,0.,67.));
#4600 = DIRECTION('',(-0.,-0.,-1.));
#4601 = DIRECTION('',(1.,0.,0.));
#4602 = DEFINITIONAL_REPRESENTATION('',(#4603),#4607);
#4603 = LINE('',#4604,#4605);
#4604 = CARTESIAN_POINT('',(-7.652623713184,-8.));
#4605 = VECTOR('',#4606,1.);
#4606 = DIRECTION('',(1.,-0.));
#4607 = ( GEOMETRIC_REPRESENTATION_CONTEXT(2) 
PARAMETRIC_REPRESENTATION_CONTEXT() REPRESENTATION_CONTEXT('2D SPACE',''
  ) );
#4608 = ORIENTED_EDGE('',*,*,#4609,.T.);
#4609 = EDGE_CURVE('',#4577,#4610,#4612,.T.);
#4610 = VERTEX_POINT('',#4611);
#4611 = CARTESIAN_POINT('',(-10.,-38.125,75.));
#4612 = SURFACE_CURVE('',#4613,(#4616,#4622),.PCURVE_S1.);
#4613 = B_SPLINE_CURVE_WITH_KNOTS('',1,(#4614,#4615),.UNSPECIFIED.,.F.,
  .F.,(2,2),(0.,1.),.PIECEWISE_BEZIER_KNOTS.);
#4614 = CARTESIAN_POINT('',(-10.,-50.,75.));
#4615 = CARTESIAN_POINT('',(-10.,-38.125,75.));
#4616 = PCURVE('',#1613,#4617);
#4617 = DEFINITIONAL_REPRESENTATION('',(#4618),#4621);
#4618 = B_SPLINE_CURVE_WITH_KNOTS('',1,(#4619,#4620),.UNSPECIFIED.,.F.,
  .F.,(2,2),(0.,1.),.PIECEWISE_BEZIER_KNOTS.);
#4619 = CARTESIAN_POINT('',(-10.,-50.));
#4620 = CARTESIAN_POINT('',(-10.,-38.125));
#4621 = ( GEOMETRIC_REPRESENTATION_CONTEXT(2) 
PARAMETRIC_REPRESENTATION_CONTEXT() REPRESENTATION_CONTEXT('2D SPACE',''
  ) );
#4622 = PCURVE('',#4623,#4628);
#4623 = B_SPLINE_SURFACE_WITH_KNOTS('',1,1,(
    (#4624,#4625)
    ,(#4626,#4627
    )),.UNSPECIFIED.,.F.,.F.,.F.,(2,2),(2,2),(0.,13.),(0.,1.),
  .PIECEWISE_BEZIER_KNOTS.);
#4624 = CARTESIAN_POINT('',(-10.,-37.,70.));
#4625 = CARTESIAN_POINT('',(-10.,-46.,110.));
#4626 = CARTESIAN_POINT('',(-10.,-50.,70.));
#4627 = CARTESIAN_POINT('',(-10.,-59.,110.));
#4628 = DEFINITIONAL_REPRESENTATION('',(#4629),#4632);
#4629 = B_SPLINE_CURVE_WITH_KNOTS('',1,(#4630,#4631),.UNSPECIFIED.,.F.,
  .F.,(2,2),(0.,1.),.PIECEWISE_BEZIER_KNOTS.);
#4630 = CARTESIAN_POINT('',(11.875,0.125));
#4631 = CARTESIAN_POINT('',(0.,0.125));
#4632 = ( GEOMETRIC_REPRESENTATION_CONTEXT(2) 
PARAMETRIC_REPRESENTATION_CONTEXT() REPRESENTATION_CONTEXT('2D SPACE',''
  ) );
#4633 = ORIENTED_EDGE('',*,*,#4634,.F.);
#4634 = EDGE_CURVE('',#4635,#4610,#4637,.T.);
#4635 = VERTEX_POINT('',#4636);
#4636 = CARTESIAN_POINT('',(10.,-38.125,75.));
#4637 = SURFACE_CURVE('',#4638,(#4642,#4648),.PCURVE_S1.);
#4638 = LINE('',#4639,#4640);
#4639 = CARTESIAN_POINT('',(5.,-38.125,75.));
#4640 = VECTOR('',#4641,1.);
#4641 = DIRECTION('',(-1.,2.22044604925E-16,0.));
#4642 = PCURVE('',#1613,#4643);
#4643 = DEFINITIONAL_REPRESENTATION('',(#4644),#4647);
#4644 = B_SPLINE_CURVE_WITH_KNOTS('',1,(#4645,#4646),.UNSPECIFIED.,.F.,
  .F.,(2,2),(-5.,15.),.PIECEWISE_BEZIER_KNOTS.);
#4645 = CARTESIAN_POINT('',(10.,-38.125));
#4646 = CARTESIAN_POINT('',(-10.,-38.125));
#4647 = ( GEOMETRIC_REPRESENTATION_CONTEXT(2) 
PARAMETRIC_REPRESENTATION_CONTEXT() REPRESENTATION_CONTEXT('2D SPACE',''
  ) );
#4648 = PCURVE('',#4649,#4654);
#4649 = PLANE('',#4650);
#4650 = AXIS2_PLACEMENT_3D('',#4651,#4652,#4653);
#4651 = CARTESIAN_POINT('',(10.,-46.,110.));
#4652 = DIRECTION('',(2.166288828537E-16,0.975609756098,0.219512195122)
  );
#4653 = DIRECTION('',(-1.,2.22044604925E-16,0.));
#4654 = DEFINITIONAL_REPRESENTATION('',(#4655),#4658);
#4655 = B_SPLINE_CURVE_WITH_KNOTS('',1,(#4656,#4657),.UNSPECIFIED.,.F.,
  .F.,(2,2),(-5.,15.),.PIECEWISE_BEZIER_KNOTS.);
#4656 = CARTESIAN_POINT('',(-1.7763568394E-15,-35.875));
#4657 = CARTESIAN_POINT('',(20.,-35.875));
#4658 = ( GEOMETRIC_REPRESENTATION_CONTEXT(2) 
PARAMETRIC_REPRESENTATION_CONTEXT() REPRESENTATION_CONTEXT('2D SPACE',''
  ) );
#4659 = ORIENTED_EDGE('',*,*,#4660,.T.);
#4660 = EDGE_CURVE('',#4635,#4661,#4663,.T.);
#4661 = VERTEX_POINT('',#4662);
#4662 = CARTESIAN_POINT('',(10.,-48.98979485566,75.));
#4663 = SURFACE_CURVE('',#4664,(#4667,#4673),.PCURVE_S1.);
#4664 = B_SPLINE_CURVE_WITH_KNOTS('',1,(#4665,#4666),.UNSPECIFIED.,.F.,
  .F.,(2,2),(0.,1.),.PIECEWISE_BEZIER_KNOTS.);
#4665 = CARTESIAN_POINT('',(10.,-38.125,75.));
#4666 = CARTESIAN_POINT('',(10.,-50.,75.));
#4667 = PCURVE('',#1613,#4668);
#4668 = DEFINITIONAL_REPRESENTATION('',(#4669),#4672);
#4669 = B_SPLINE_CURVE_WITH_KNOTS('',1,(#4670,#4671),.UNSPECIFIED.,.F.,
  .F.,(2,2),(0.,1.),.PIECEWISE_BEZIER_KNOTS.);
#4670 = CARTESIAN_POINT('',(10.,-38.125));
#4671 = CARTESIAN_POINT('',(10.,-50.));
#4672 = ( GEOMETRIC_REPRESENTATION_CONTEXT(2) 
PARAMETRIC_REPRESENTATION_CONTEXT() REPRESENTATION_CONTEXT('2D SPACE',''
  ) );
#4673 = PCURVE('',#4674,#4679);
#4674 = B_SPLINE_SURFACE_WITH_KNOTS('',1,1,(
    (#4675,#4676)
    ,(#4677,#4678
    )),.UNSPECIFIED.,.F.,.F.,.F.,(2,2),(2,2),(0.,13.),(0.,1.),
  .PIECEWISE_BEZIER_KNOTS.);
#4675 = CARTESIAN_POINT('',(10.,-50.,70.));
#4676 = CARTESIAN_POINT('',(10.,-59.,110.));
#4677 = CARTESIAN_POINT('',(10.,-37.,70.));
#4678 = CARTESIAN_POINT('',(10.,-46.,110.));
#4679 = DEFINITIONAL_REPRESENTATION('',(#4680),#4683);
#4680 = B_SPLINE_CURVE_WITH_KNOTS('',1,(#4681,#4682),.UNSPECIFIED.,.F.,
  .F.,(2,2),(0.,1.),.PIECEWISE_BEZIER_KNOTS.);
#4681 = CARTESIAN_POINT('',(13.,0.125));
#4682 = CARTESIAN_POINT('',(1.125,0.125));
#4683 = ( GEOMETRIC_REPRESENTATION_CONTEXT(2) 
PARAMETRIC_REPRESENTATION_CONTEXT() REPRESENTATION_CONTEXT('2D SPACE',''
  ) );
#4684 = ORIENTED_EDGE('',*,*,#4685,.F.);
#4685 = EDGE_CURVE('',#4686,#4661,#4688,.T.);
#4686 = VERTEX_POINT('',#4687);
#4687 = CARTESIAN_POINT('',(10.,48.989794855664,75.));
#4688 = SURFACE_CURVE('',#4689,(#4694,#4705),.PCURVE_S1.);
#4689 = CIRCLE('',#4690,50.);
#4690 = AXIS2_PLACEMENT_3D('',#4691,#4692,#4693);
#4691 = CARTESIAN_POINT('',(0.,0.,75.));
#4692 = DIRECTION('',(0.,0.,-1.));
#4693 = DIRECTION('',(0.2,0.979795897113,0.));
#4694 = PCURVE('',#1613,#4695);
#4695 = DEFINITIONAL_REPRESENTATION('',(#4696),#4704);
#4696 = ( BOUNDED_CURVE() B_SPLINE_CURVE(2,(#4697,#4698,#4699,#4700,
#4701,#4702,#4703),.UNSPECIFIED.,.T.,.F.) B_SPLINE_CURVE_WITH_KNOTS((1,2
    ,2,2,2,1),(-2.094395102393,0.,2.094395102393,4.188790204786,
6.28318530718,8.377580409573),.UNSPECIFIED.) CURVE() 
GEOMETRIC_REPRESENTATION_ITEM() RATIONAL_B_SPLINE_CURVE((1.,0.5,1.,0.5,
1.,0.5,1.)) REPRESENTATION_ITEM('') );
#4697 = CARTESIAN_POINT('',(10.,48.989794855664));
#4698 = CARTESIAN_POINT('',(94.852813742386,31.669286779975));
#4699 = CARTESIAN_POINT('',(37.426406871193,-33.15515146567));
#4700 = CARTESIAN_POINT('',(-20.,-97.97958971132));
#4701 = CARTESIAN_POINT('',(-47.42640687119,-15.83464338998));
#4702 = CARTESIAN_POINT('',(-74.85281374238,66.310302931352));
#4703 = CARTESIAN_POINT('',(10.,48.989794855664));
#4704 = ( GEOMETRIC_REPRESENTATION_CONTEXT(2) 
PARAMETRIC_REPRESENTATION_CONTEXT() REPRESENTATION_CONTEXT('2D SPACE',''
  ) );
#4705 = PCURVE('',#3480,#4706);
#4706 = DEFINITIONAL_REPRESENTATION('',(#4707),#4711);
#4707 = LINE('',#4708,#4709);
#4708 = CARTESIAN_POINT('',(-7.652623713184,-8.));
#4709 = VECTOR('',#4710,1.);
#4710 = DIRECTION('',(1.,-0.));
#4711 = ( GEOMETRIC_REPRESENTATION_CONTEXT(2) 
PARAMETRIC_REPRESENTATION_CONTEXT() REPRESENTATION_CONTEXT('2D SPACE',''
  ) );
#4712 = ORIENTED_EDGE('',*,*,#4713,.T.);
#4713 = EDGE_CURVE('',#4686,#4484,#4714,.T.);
#4714 = SURFACE_CURVE('',#4715,(#4718,#4724),.PCURVE_S1.);
#4715 = B_SPLINE_CURVE_WITH_KNOTS('',1,(#4716,#4717),.UNSPECIFIED.,.F.,
  .F.,(2,2),(0.,1.),.PIECEWISE_BEZIER_KNOTS.);
#4716 = CARTESIAN_POINT('',(10.,50.,75.));
#4717 = CARTESIAN_POINT('',(10.,38.125,75.));
#4718 = PCURVE('',#1613,#4719);
#4719 = DEFINITIONAL_REPRESENTATION('',(#4720),#4723);
#4720 = B_SPLINE_CURVE_WITH_KNOTS('',1,(#4721,#4722),.UNSPECIFIED.,.F.,
  .F.,(2,2),(0.,1.),.PIECEWISE_BEZIER_KNOTS.);
#4721 = CARTESIAN_POINT('',(10.,50.));
#4722 = CARTESIAN_POINT('',(10.,38.125));
#4723 = ( GEOMETRIC_REPRESENTATION_CONTEXT(2) 
PARAMETRIC_REPRESENTATION_CONTEXT() REPRESENTATION_CONTEXT('2D SPACE',''
  ) );
#4724 = PCURVE('',#3448,#4725);
#4725 = DEFINITIONAL_REPRESENTATION('',(#4726),#4729);
#4726 = B_SPLINE_CURVE_WITH_KNOTS('',1,(#4727,#4728),.UNSPECIFIED.,.F.,
  .F.,(2,2),(0.,1.),.PIECEWISE_BEZIER_KNOTS.);
#4727 = CARTESIAN_POINT('',(11.875,0.125));
#4728 = CARTESIAN_POINT('',(0.,0.125));
#4729 = ( GEOMETRIC_REPRESENTATION_CONTEXT(2) 
PARAMETRIC_REPRESENTATION_CONTEXT() REPRESENTATION_CONTEXT('2D SPACE',''
  ) );
#4730 = FACE_BOUND('',#4731,.T.);
#4731 = EDGE_LOOP('',(#4732));
#4732 = ORIENTED_EDGE('',*,*,#3384,.F.);
#4733 = ADVANCED_FACE('',(#4734),#1639,.T.);
#4734 = FACE_BOUND('',#4735,.T.);
#4735 = EDGE_LOOP('',(#4736,#4737,#4738,#4759));
#4736 = ORIENTED_EDGE('',*,*,#1624,.F.);
#4737 = ORIENTED_EDGE('',*,*,#4483,.T.);
#4738 = ORIENTED_EDGE('',*,*,#4739,.T.);
#4739 = EDGE_CURVE('',#4484,#4740,#4742,.T.);
#4740 = VERTEX_POINT('',#4741);
#4741 = CARTESIAN_POINT('',(10.,46.,110.));
#4742 = SURFACE_CURVE('',#4743,(#4746,#4752),.PCURVE_S1.);
#4743 = B_SPLINE_CURVE_WITH_KNOTS('',1,(#4744,#4745),.UNSPECIFIED.,.F.,
  .F.,(2,2),(0.,1.),.PIECEWISE_BEZIER_KNOTS.);
#4744 = CARTESIAN_POINT('',(10.,37.,70.));
#4745 = CARTESIAN_POINT('',(10.,46.,110.));
#4746 = PCURVE('',#1639,#4747);
#4747 = DEFINITIONAL_REPRESENTATION('',(#4748),#4751);
#4748 = B_SPLINE_CURVE_WITH_KNOTS('',1,(#4749,#4750),.UNSPECIFIED.,.F.,
  .F.,(2,2),(0.,1.),.PIECEWISE_BEZIER_KNOTS.);
#4749 = CARTESIAN_POINT('',(20.,-41.));
#4750 = CARTESIAN_POINT('',(20.,0.));
#4751 = ( GEOMETRIC_REPRESENTATION_CONTEXT(2) 
PARAMETRIC_REPRESENTATION_CONTEXT() REPRESENTATION_CONTEXT('2D SPACE',''
  ) );
#4752 = PCURVE('',#3448,#4753);
#4753 = DEFINITIONAL_REPRESENTATION('',(#4754),#4758);
#4754 = LINE('',#4755,#4756);
#4755 = CARTESIAN_POINT('',(0.,0.));
#4756 = VECTOR('',#4757,1.);
#4757 = DIRECTION('',(0.,1.));
#4758 = ( GEOMETRIC_REPRESENTATION_CONTEXT(2) 
PARAMETRIC_REPRESENTATION_CONTEXT() REPRESENTATION_CONTEXT('2D SPACE',''
  ) );
#4759 = ORIENTED_EDGE('',*,*,#4760,.F.);
#4760 = EDGE_CURVE('',#1625,#4740,#4761,.T.);
#4761 = SURFACE_CURVE('',#4762,(#4766,#4773),.PCURVE_S1.);
#4762 = LINE('',#4763,#4764);
#4763 = CARTESIAN_POINT('',(-10.,46.,110.));
#4764 = VECTOR('',#4765,1.);
#4765 = DIRECTION('',(1.,-1.110223024625E-16,0.));
#4766 = PCURVE('',#1639,#4767);
#4767 = DEFINITIONAL_REPRESENTATION('',(#4768),#4772);
#4768 = LINE('',#4769,#4770);
#4769 = CARTESIAN_POINT('',(1.7763568394E-15,4.329114723774E-32));
#4770 = VECTOR('',#4771,1.);
#4771 = DIRECTION('',(1.,0.));
#4772 = ( GEOMETRIC_REPRESENTATION_CONTEXT(2) 
PARAMETRIC_REPRESENTATION_CONTEXT() REPRESENTATION_CONTEXT('2D SPACE',''
  ) );
#4773 = PCURVE('',#4774,#4779);
#4774 = B_SPLINE_SURFACE_WITH_KNOTS('',1,1,(
    (#4775,#4776)
    ,(#4777,#4778
    )),.UNSPECIFIED.,.F.,.F.,.F.,(2,2),(2,2),(0.,22.),(0.,1.),
  .PIECEWISE_BEZIER_KNOTS.);
#4775 = CARTESIAN_POINT('',(-10.,46.,110.));
#4776 = CARTESIAN_POINT('',(-11.,47.,150.));
#4777 = CARTESIAN_POINT('',(10.,46.,110.));
#4778 = CARTESIAN_POINT('',(11.,47.,150.));
#4779 = DEFINITIONAL_REPRESENTATION('',(#4780),#4783);
#4780 = B_SPLINE_CURVE_WITH_KNOTS('',1,(#4781,#4782),.UNSPECIFIED.,.F.,
  .F.,(2,2),(0.,20.),.PIECEWISE_BEZIER_KNOTS.);
#4781 = CARTESIAN_POINT('',(0.,0.));
#4782 = CARTESIAN_POINT('',(22.,0.));
#4783 = ( GEOMETRIC_REPRESENTATION_CONTEXT(2) 
PARAMETRIC_REPRESENTATION_CONTEXT() REPRESENTATION_CONTEXT('2D SPACE',''
  ) );
#4784 = ADVANCED_FACE('',(#4785),#1664,.T.);
#4785 = FACE_BOUND('',#4786,.T.);
#4786 = EDGE_LOOP('',(#4787,#4809,#4810,#4832,#4857,#4891));
#4787 = ORIENTED_EDGE('',*,*,#4788,.F.);
#4788 = EDGE_CURVE('',#1546,#4789,#4791,.T.);
#4789 = VERTEX_POINT('',#4790);
#4790 = CARTESIAN_POINT('',(-11.,60.,150.));
#4791 = SURFACE_CURVE('',#4792,(#4795,#4802),.PCURVE_S1.);
#4792 = B_SPLINE_CURVE_WITH_KNOTS('',1,(#4793,#4794),.UNSPECIFIED.,.F.,
  .F.,(2,2),(0.,1.),.PIECEWISE_BEZIER_KNOTS.);
#4793 = CARTESIAN_POINT('',(-10.,59.,110.));
#4794 = CARTESIAN_POINT('',(-11.,60.,150.));
#4795 = PCURVE('',#1664,#4796);
#4796 = DEFINITIONAL_REPRESENTATION('',(#4797),#4801);
#4797 = LINE('',#4798,#4799);
#4798 = CARTESIAN_POINT('',(0.,0.));
#4799 = VECTOR('',#4800,1.);
#4800 = DIRECTION('',(0.,1.));
#4801 = ( GEOMETRIC_REPRESENTATION_CONTEXT(2) 
PARAMETRIC_REPRESENTATION_CONTEXT() REPRESENTATION_CONTEXT('2D SPACE',''
  ) );
#4802 = PCURVE('',#3634,#4803);
#4803 = DEFINITIONAL_REPRESENTATION('',(#4804),#4808);
#4804 = LINE('',#4805,#4806);
#4805 = CARTESIAN_POINT('',(22.,0.));
#4806 = VECTOR('',#4807,1.);
#4807 = DIRECTION('',(0.,1.));
#4808 = ( GEOMETRIC_REPRESENTATION_CONTEXT(2) 
PARAMETRIC_REPRESENTATION_CONTEXT() REPRESENTATION_CONTEXT('2D SPACE',''
  ) );
#4809 = ORIENTED_EDGE('',*,*,#1650,.T.);
#4810 = ORIENTED_EDGE('',*,*,#4811,.T.);
#4811 = EDGE_CURVE('',#1625,#4812,#4814,.T.);
#4812 = VERTEX_POINT('',#4813);
#4813 = CARTESIAN_POINT('',(-10.45,46.45,128.));
#4814 = SURFACE_CURVE('',#4815,(#4818,#4825),.PCURVE_S1.);
#4815 = B_SPLINE_CURVE_WITH_KNOTS('',1,(#4816,#4817),.UNSPECIFIED.,.F.,
  .F.,(2,2),(0.,1.),.PIECEWISE_BEZIER_KNOTS.);
#4816 = CARTESIAN_POINT('',(-10.,46.,110.));
#4817 = CARTESIAN_POINT('',(-11.,47.,150.));
#4818 = PCURVE('',#1664,#4819);
#4819 = DEFINITIONAL_REPRESENTATION('',(#4820),#4824);
#4820 = LINE('',#4821,#4822);
#4821 = CARTESIAN_POINT('',(13.,0.));
#4822 = VECTOR('',#4823,1.);
#4823 = DIRECTION('',(0.,1.));
#4824 = ( GEOMETRIC_REPRESENTATION_CONTEXT(2) 
PARAMETRIC_REPRESENTATION_CONTEXT() REPRESENTATION_CONTEXT('2D SPACE',''
  ) );
#4825 = PCURVE('',#4774,#4826);
#4826 = DEFINITIONAL_REPRESENTATION('',(#4827),#4831);
#4827 = LINE('',#4828,#4829);
#4828 = CARTESIAN_POINT('',(0.,0.));
#4829 = VECTOR('',#4830,1.);
#4830 = DIRECTION('',(0.,1.));
#4831 = ( GEOMETRIC_REPRESENTATION_CONTEXT(2) 
PARAMETRIC_REPRESENTATION_CONTEXT() REPRESENTATION_CONTEXT('2D SPACE',''
  ) );
#4832 = ORIENTED_EDGE('',*,*,#4833,.T.);
#4833 = EDGE_CURVE('',#4812,#4834,#4836,.T.);
#4834 = VERTEX_POINT('',#4835);
#4835 = CARTESIAN_POINT('',(-10.45,49.917907608392,128.));
#4836 = SURFACE_CURVE('',#4837,(#4840,#4846),.PCURVE_S1.);
#4837 = B_SPLINE_CURVE_WITH_KNOTS('',1,(#4838,#4839),.UNSPECIFIED.,.F.,
  .F.,(2,2),(0.,1.),.PIECEWISE_BEZIER_KNOTS.);
#4838 = CARTESIAN_POINT('',(-10.45,46.45,128.));
#4839 = CARTESIAN_POINT('',(-10.45,51.,128.));
#4840 = PCURVE('',#1664,#4841);
#4841 = DEFINITIONAL_REPRESENTATION('',(#4842),#4845);
#4842 = B_SPLINE_CURVE_WITH_KNOTS('',1,(#4843,#4844),.UNSPECIFIED.,.F.,
  .F.,(2,2),(0.,1.),.PIECEWISE_BEZIER_KNOTS.);
#4843 = CARTESIAN_POINT('',(13.,0.45));
#4844 = CARTESIAN_POINT('',(8.45,0.45));
#4845 = ( GEOMETRIC_REPRESENTATION_CONTEXT(2) 
PARAMETRIC_REPRESENTATION_CONTEXT() REPRESENTATION_CONTEXT('2D SPACE',''
  ) );
#4846 = PCURVE('',#4847,#4852);
#4847 = PLANE('',#4848);
#4848 = AXIS2_PLACEMENT_3D('',#4849,#4850,#4851);
#4849 = CARTESIAN_POINT('',(-1.716003303579E-15,-3.658962549716E-16,128.
    ));
#4850 = DIRECTION('',(0.,0.,1.));
#4851 = DIRECTION('',(1.,0.,-0.));
#4852 = DEFINITIONAL_REPRESENTATION('',(#4853),#4856);
#4853 = B_SPLINE_CURVE_WITH_KNOTS('',1,(#4854,#4855),.UNSPECIFIED.,.F.,
  .F.,(2,2),(0.,1.),.PIECEWISE_BEZIER_KNOTS.);
#4854 = CARTESIAN_POINT('',(-10.45,46.45));
#4855 = CARTESIAN_POINT('',(-10.45,51.));
#4856 = ( GEOMETRIC_REPRESENTATION_CONTEXT(2) 
PARAMETRIC_REPRESENTATION_CONTEXT() REPRESENTATION_CONTEXT('2D SPACE',''
  ) );
#4857 = ORIENTED_EDGE('',*,*,#4858,.T.);
#4858 = EDGE_CURVE('',#4834,#4859,#4861,.T.);
#4859 = VERTEX_POINT('',#4860);
#4860 = CARTESIAN_POINT('',(-11.,49.799598391955,150.));
#4861 = SURFACE_CURVE('',#4862,(#4868,#4877),.PCURVE_S1.);
#4862 = B_SPLINE_CURVE_WITH_KNOTS('',4,(#4863,#4864,#4865,#4866,#4867),
  .UNSPECIFIED.,.F.,.F.,(5,5),(0.,1.),.PIECEWISE_BEZIER_KNOTS.);
#4863 = CARTESIAN_POINT('',(-10.449999985,49.917907611533,127.9999994));
#4864 = CARTESIAN_POINT('',(-10.58750034165,49.889122776716,
    133.50001366615));
#4865 = CARTESIAN_POINT('',(-10.72500046485,49.859810860848,
    139.00001859409));
#4866 = CARTESIAN_POINT('',(-10.86250035189,49.8299700451,
    144.50001407592));
#4867 = CARTESIAN_POINT('',(-11.,49.799598391955,150.));
#4868 = PCURVE('',#1664,#4869);
#4869 = DEFINITIONAL_REPRESENTATION('',(#4870),#4876);
#4870 = B_SPLINE_CURVE_WITH_KNOTS('',4,(#4871,#4872,#4873,#4874,#4875),
  .UNSPECIFIED.,.F.,.F.,(5,5),(0.,1.),.PIECEWISE_BEZIER_KNOTS.);
#4871 = CARTESIAN_POINT('',(9.532092373491,0.449999985));
#4872 = CARTESIAN_POINT('',(9.698377564961,0.587500341654));
#4873 = CARTESIAN_POINT('',(9.865189603974,0.725000464852));
#4874 = CARTESIAN_POINT('',(10.032530306798,0.862500351898));
#4875 = CARTESIAN_POINT('',(10.200401608045,1.));
#4876 = ( GEOMETRIC_REPRESENTATION_CONTEXT(2) 
PARAMETRIC_REPRESENTATION_CONTEXT() REPRESENTATION_CONTEXT('2D SPACE',''
  ) );
#4877 = PCURVE('',#4878,#4883);
#4878 = CYLINDRICAL_SURFACE('',#4879,51.);
#4879 = AXIS2_PLACEMENT_3D('',#4880,#4881,#4882);
#4880 = CARTESIAN_POINT('',(0.,0.,128.));
#4881 = DIRECTION('',(-0.,-0.,-1.));
#4882 = DIRECTION('',(1.,0.,0.));
#4883 = DEFINITIONAL_REPRESENTATION('',(#4884),#4890);
#4884 = B_SPLINE_CURVE_WITH_KNOTS('',4,(#4885,#4886,#4887,#4888,#4889),
  .UNSPECIFIED.,.F.,.F.,(5,5),(2.727265684415E-08,1.),
  .PIECEWISE_BEZIER_KNOTS.);
#4885 = CARTESIAN_POINT('',(-1.777159868551,-5.988025622869E-15));
#4886 = CARTESIAN_POINT('',(-1.779914398127,-5.500014116152));
#4887 = CARTESIAN_POINT('',(-1.78267104087,-11.00001889409));
#4888 = CARTESIAN_POINT('',(-1.785429859761,-16.50001422592));
#4889 = CARTESIAN_POINT('',(-1.788190919063,-22.));
#4890 = ( GEOMETRIC_REPRESENTATION_CONTEXT(2) 
PARAMETRIC_REPRESENTATION_CONTEXT() REPRESENTATION_CONTEXT('2D SPACE',''
  ) );
#4891 = ORIENTED_EDGE('',*,*,#4892,.F.);
#4892 = EDGE_CURVE('',#4789,#4859,#4893,.T.);
#4893 = SURFACE_CURVE('',#4894,(#4898,#4905),.PCURVE_S1.);
#4894 = LINE('',#4895,#4896);
#4895 = CARTESIAN_POINT('',(-11.,60.,150.));
#4896 = VECTOR('',#4897,1.);
#4897 = DIRECTION('',(-1.110223024625E-16,-1.,0.));
#4898 = PCURVE('',#1664,#4899);
#4899 = DEFINITIONAL_REPRESENTATION('',(#4900),#4904);
#4900 = LINE('',#4901,#4902);
#4901 = CARTESIAN_POINT('',(0.,1.));
#4902 = VECTOR('',#4903,1.);
#4903 = DIRECTION('',(1.,0.));
#4904 = ( GEOMETRIC_REPRESENTATION_CONTEXT(2) 
PARAMETRIC_REPRESENTATION_CONTEXT() REPRESENTATION_CONTEXT('2D SPACE',''
  ) );
#4905 = PCURVE('',#4906,#4911);
#4906 = PLANE('',#4907);
#4907 = AXIS2_PLACEMENT_3D('',#4908,#4909,#4910);
#4908 = CARTESIAN_POINT('',(-12.,60.,230.));
#4909 = DIRECTION('',(-0.999921884154,1.110136298614E-16,
    -1.249902355193E-02));
#4910 = DIRECTION('',(-1.110223024625E-16,-1.,0.));
#4911 = DEFINITIONAL_REPRESENTATION('',(#4912),#4916);
#4912 = LINE('',#4913,#4914);
#4913 = CARTESIAN_POINT('',(-1.110223024625E-16,-80.00624975587));
#4914 = VECTOR('',#4915,1.);
#4915 = DIRECTION('',(1.,0.));
#4916 = ( GEOMETRIC_REPRESENTATION_CONTEXT(2) 
PARAMETRIC_REPRESENTATION_CONTEXT() REPRESENTATION_CONTEXT('2D SPACE',''
  ) );
#4917 = ADVANCED_FACE('',(#4918),#1960,.F.);
#4918 = FACE_BOUND('',#4919,.F.);
#4919 = EDGE_LOOP('',(#4920,#5420,#5441,#5442));
#4920 = ORIENTED_EDGE('',*,*,#4921,.F.);
#4921 = EDGE_CURVE('',#4922,#4922,#4924,.T.);
#4922 = VERTEX_POINT('',#4923);
#4923 = CARTESIAN_POINT('',(10.,47.55,90.5));
#4924 = SURFACE_CURVE('',#4925,(#5054,#5237),.PCURVE_S1.);
#4925 = B_SPLINE_CURVE_WITH_KNOTS('',8,(#4926,#4927,#4928,#4929,#4930,
    #4931,#4932,#4933,#4934,#4935,#4936,#4937,#4938,#4939,#4940,#4941,
    #4942,#4943,#4944,#4945,#4946,#4947,#4948,#4949,#4950,#4951,#4952,
    #4953,#4954,#4955,#4956,#4957,#4958,#4959,#4960,#4961,#4962,#4963,
    #4964,#4965,#4966,#4967,#4968,#4969,#4970,#4971,#4972,#4973,#4974,
    #4975,#4976,#4977,#4978,#4979,#4980,#4981,#4982,#4983,#4984,#4985,
    #4986,#4987,#4988,#4989,#4990,#4991,#4992,#4993,#4994,#4995,#4996,
    #4997,#4998,#4999,#5000,#5001,#5002,#5003,#5004,#5005,#5006,#5007,
    #5008,#5009,#5010,#5011,#5012,#5013,#5014,#5015,#5016,#5017,#5018,
    #5019,#5020,#5021,#5022,#5023,#5024,#5025,#5026,#5027,#5028,#5029,
    #5030,#5031,#5032,#5033,#5034,#5035,#5036,#5037,#5038,#5039,#5040,
    #5041,#5042,#5043,#5044,#5045,#5046,#5047,#5048,#5049,#5050,#5051,
    #5052,#5053),.UNSPECIFIED.,.T.,.F.,(9,7,7,7,7,7,7,7,7,7,7,7,7,7,7,7,
    7,7,9),(0.,0.661019283941,1.,1.275209973746,1.537253228136,
    1.760080752692,1.93654340487,2.424012581233,2.778399942993,
    2.913360990834,3.084231139125,3.306210524177,3.627788649749,
    3.9134034729,4.174411497031,4.396900632917,4.567926058859,
    5.060524342825,5.27251343511),.UNSPECIFIED.);
#4926 = CARTESIAN_POINT('',(10.,47.55,90.5));
#4927 = CARTESIAN_POINT('',(10.,47.334054083199,90.5));
#4928 = CARTESIAN_POINT('',(10.,47.11638368136,90.478681662169));
#4929 = CARTESIAN_POINT('',(10.,46.897571500792,90.435453293872));
#4930 = CARTESIAN_POINT('',(10.,46.67890739575,90.369002484752));
#4931 = CARTESIAN_POINT('',(10.,46.462363297433,90.277835908659));
#4932 = CARTESIAN_POINT('',(10.,46.250679728763,90.160232082582));
#4933 = CARTESIAN_POINT('',(10.,46.04728262854,90.014706336673));
#4934 = CARTESIAN_POINT('',(10.,45.758785115605,89.749063105894));
#4935 = CARTESIAN_POINT('',(10.,45.66446806202,89.65123547266));
#4936 = CARTESIAN_POINT('',(10.,45.574385060852,89.545541575575));
#4937 = CARTESIAN_POINT('',(10.,45.489433683858,89.43202991675));
#4938 = CARTESIAN_POINT('',(10.,45.410603975599,89.31094158335));
#4939 = CARTESIAN_POINT('',(10.,45.338939473084,89.182759781896));
#4940 = CARTESIAN_POINT('',(10.,45.275464312828,89.048288308765));
#4941 = CARTESIAN_POINT('',(10.,45.176840501917,88.795545459706));
#4942 = CARTESIAN_POINT('',(10.,45.138582933605,88.678917920332));
#4943 = CARTESIAN_POINT('',(10.,45.106777064094,88.559710932568));
#4944 = CARTESIAN_POINT('',(10.,45.081750174372,88.438742436929));
#4945 = CARTESIAN_POINT('',(10.,45.063664244313,88.316840284024));
#4946 = CARTESIAN_POINT('',(10.,45.05253051649,88.194834169555));
#4947 = CARTESIAN_POINT('',(10.,45.048213843474,88.073549862572));
#4948 = CARTESIAN_POINT('',(10.,45.052533919588,87.839790444164));
#4949 = CARTESIAN_POINT('',(10.,45.060562811163,87.727082426596));
#4950 = CARTESIAN_POINT('',(10.,45.074283065911,87.616253469592));
#4951 = CARTESIAN_POINT('',(10.,45.093384262538,87.507757053958));
#4952 = CARTESIAN_POINT('',(10.,45.117514739527,87.40194473708));
#4953 = CARTESIAN_POINT('',(10.,45.146311548207,87.299079904554));
#4954 = CARTESIAN_POINT('',(10.,45.179421605273,87.199348882335));
#4955 = CARTESIAN_POINT('',(10.,45.248055465192,87.020828441882));
#4956 = CARTESIAN_POINT('',(10.,45.282476618026,86.941138858109));
#4957 = CARTESIAN_POINT('',(10.,45.319578612496,86.863862543173));
#4958 = CARTESIAN_POINT('',(10.,45.359172506132,86.789041445145));
#4959 = CARTESIAN_POINT('',(10.,45.401081263402,86.716699925604));
#4960 = CARTESIAN_POINT('',(10.,45.445141714369,86.646847110161));
#4961 = CARTESIAN_POINT('',(10.,45.49120651336,86.57947923898));
#4962 = CARTESIAN_POINT('',(10.,45.577110645318,86.463188295292));
#4963 = CARTESIAN_POINT('',(10.,45.616248562653,86.41334720578));
#4964 = CARTESIAN_POINT('',(10.,45.656494146719,86.365052924934));
#4965 = CARTESIAN_POINT('',(10.,45.697785847555,86.318298551486));
#4966 = CARTESIAN_POINT('',(10.,45.74006628539,86.273076229454));
#4967 = CARTESIAN_POINT('',(10.,45.783282267893,86.229377270839));
#4968 = CARTESIAN_POINT('',(10.,45.827384807411,86.187192278334));
#4969 = CARTESIAN_POINT('',(10.,45.996485585222,86.0341320289));
#4970 = CARTESIAN_POINT('',(10.,46.127010785492,85.933279693386));
#4971 = CARTESIAN_POINT('',(10.,46.263011563234,85.84367543147));
#4972 = CARTESIAN_POINT('',(10.,46.403724777283,85.765164873677));
#4973 = CARTESIAN_POINT('',(10.,46.548480044695,85.697650847989));
#4974 = CARTESIAN_POINT('',(10.,46.696690011918,85.641079470806));
#4975 = CARTESIAN_POINT('',(10.,46.847854527036,85.595459878456));
#4976 = CARTESIAN_POINT('',(10.,47.113311768239,85.535771510534));
#4977 = CARTESIAN_POINT('',(10.,47.226364673065,85.516498301551));
#4978 = CARTESIAN_POINT('',(10.,47.34055009307,85.503115366821));
#4979 = CARTESIAN_POINT('',(10.,47.455687657053,85.49569078342));
#4980 = CARTESIAN_POINT('',(10.,47.571588860179,85.49431735119));
#4981 = CARTESIAN_POINT('',(10.,47.688056075636,85.499111256619));
#4982 = CARTESIAN_POINT('',(10.,47.804882028411,85.510215646855));
#4983 = CARTESIAN_POINT('',(10.,47.966394445344,85.534509219474));
#4984 = CARTESIAN_POINT('',(10.,48.010957944473,85.542150188257));
#4985 = CARTESIAN_POINT('',(10.,48.055527535222,85.550741662308));
#4986 = CARTESIAN_POINT('',(10.,48.100089746878,85.56029386566));
#4987 = CARTESIAN_POINT('',(10.,48.144630331376,85.570817604303));
#4988 = CARTESIAN_POINT('',(10.,48.189134263291,85.582324266179));
#4989 = CARTESIAN_POINT('',(10.,48.233585739842,85.594825821185));
#4990 = CARTESIAN_POINT('',(10.,48.334159462787,85.625438162237));
#4991 = CARTESIAN_POINT('',(10.,48.390239070306,85.644156064423));
#4992 = CARTESIAN_POINT('',(10.,48.446173909652,85.664514216074));
#4993 = CARTESIAN_POINT('',(10.,48.501927314886,85.686539425413));
#4994 = CARTESIAN_POINT('',(10.,48.557459016664,85.710259520673));
#4995 = CARTESIAN_POINT('',(10.,48.612725110977,85.735703250236));
#4996 = CARTESIAN_POINT('',(10.,48.667678027889,85.762900182759));
#4997 = CARTESIAN_POINT('',(10.,48.793183015838,85.829529411902));
#4998 = CARTESIAN_POINT('',(10.,48.863479083154,85.870185398133));
#4999 = CARTESIAN_POINT('',(10.,48.933045927797,85.913916185322));
#5000 = CARTESIAN_POINT('',(10.,49.001754727857,85.9607876793));
#5001 = CARTESIAN_POINT('',(10.,49.069457323228,86.010861242075));
#5002 = CARTESIAN_POINT('',(10.,49.135986924901,86.064190861492));
#5003 = CARTESIAN_POINT('',(10.,49.201158824253,86.120820320896));
#5004 = CARTESIAN_POINT('',(10.,49.356925232534,86.267643569202));
#5005 = CARTESIAN_POINT('',(10.,49.445831185483,86.36152024476));
#5006 = CARTESIAN_POINT('',(10.,49.530831658887,86.462471347809));
#5007 = CARTESIAN_POINT('',(10.,49.61115572985,86.570443167626));
#5008 = CARTESIAN_POINT('',(10.,49.685956967174,86.685222246807));
#5009 = CARTESIAN_POINT('',(10.,49.754345640093,86.806395096372));
#5010 = CARTESIAN_POINT('',(10.,49.815446107018,86.933286228805));
#5011 = CARTESIAN_POINT('',(10.,49.91564043985,87.181696772228));
#5012 = CARTESIAN_POINT('',(10.,49.956466954153,87.302318466764));
#5013 = CARTESIAN_POINT('',(10.,49.990387927438,87.425834333531));
#5014 = CARTESIAN_POINT('',(10.,50.017020255667,87.551337594246));
#5015 = CARTESIAN_POINT('',(10.,50.036170897988,87.677905956348));
#5016 = CARTESIAN_POINT('',(10.,50.047820634757,87.804611251843));
#5017 = CARTESIAN_POINT('',(10.,50.052120499746,87.93052622928));
#5018 = CARTESIAN_POINT('',(10.,50.046915578228,88.168230272409));
#5019 = CARTESIAN_POINT('',(10.,50.038565660855,88.280402416321));
#5020 = CARTESIAN_POINT('',(10.,50.024582862154,88.390684938644));
#5021 = CARTESIAN_POINT('',(10.,50.005276091001,88.498634024535));
#5022 = CARTESIAN_POINT('',(10.,49.980993780576,88.60390590432));
#5023 = CARTESIAN_POINT('',(10.,49.952094755249,88.706243320621));
#5024 = CARTESIAN_POINT('',(10.,49.918927621141,88.805464594569));
#5025 = CARTESIAN_POINT('',(10.,49.850186180974,88.983279929258));
#5026 = CARTESIAN_POINT('',(10.,49.815689481152,89.062756615471));
#5027 = CARTESIAN_POINT('',(10.,49.778526311311,89.139824620755));
#5028 = CARTESIAN_POINT('',(10.,49.738884442894,89.214442866633));
#5029 = CARTESIAN_POINT('',(10.,49.69693976836,89.286587610041));
#5030 = CARTESIAN_POINT('',(10.,49.652854381147,89.356250128209));
#5031 = CARTESIAN_POINT('',(10.,49.606774655655,89.423434403545));
#5032 = CARTESIAN_POINT('',(10.,49.52197417837,89.537904809954));
#5033 = CARTESIAN_POINT('',(10.,49.484018858711,89.586196041997));
#5034 = CARTESIAN_POINT('',(10.,49.445023115768,89.633033811068));
#5035 = CARTESIAN_POINT('',(10.,49.405043018786,89.678424389659));
#5036 = CARTESIAN_POINT('',(10.,49.36413094253,89.722374909672));
#5037 = CARTESIAN_POINT('',(10.,49.322335551091,89.76489325576));
#5038 = CARTESIAN_POINT('',(10.,49.279701781688,89.805987958661));
#5039 = CARTESIAN_POINT('',(10.,49.111178241184,89.959957316439));
#5040 = CARTESIAN_POINT('',(10.,48.979529857625,90.062458830628));
#5041 = CARTESIAN_POINT('',(10.,48.842254981006,90.15346398624));
#5042 = CARTESIAN_POINT('',(10.,48.700145554071,90.233133101682));
#5043 = CARTESIAN_POINT('',(10.,48.553896199107,90.301567417437));
#5044 = CARTESIAN_POINT('',(10.,48.404114498452,90.358823772251));
#5045 = CARTESIAN_POINT('',(10.,48.251316373478,90.404893358732));
#5046 = CARTESIAN_POINT('',(10.,48.029047384618,90.454630251405));
#5047 = CARTESIAN_POINT('',(10.,47.96170398085,90.467499795686));
#5048 = CARTESIAN_POINT('',(10.,47.893930359906,90.478265572251));
#5049 = CARTESIAN_POINT('',(10.,47.825765926297,90.486915453852));
#5050 = CARTESIAN_POINT('',(10.,47.757250391063,90.493434106856));
#5051 = CARTESIAN_POINT('',(10.,47.688423824922,90.497802931145));
#5052 = CARTESIAN_POINT('',(10.,47.619326711403,90.5));
#5053 = CARTESIAN_POINT('',(10.,47.55,90.5));
#5054 = PCURVE('',#1960,#5055);
#5055 = DEFINITIONAL_REPRESENTATION('',(#5056),#5236);
#5056 = B_SPLINE_CURVE_WITH_KNOTS('',3,(#5057,#5058,#5059,#5060,#5061,
    #5062,#5063,#5064,#5065,#5066,#5067,#5068,#5069,#5070,#5071,#5072,
    #5073,#5074,#5075,#5076,#5077,#5078,#5079,#5080,#5081,#5082,#5083,
    #5084,#5085,#5086,#5087,#5088,#5089,#5090,#5091,#5092,#5093,#5094,
    #5095,#5096,#5097,#5098,#5099,#5100,#5101,#5102,#5103,#5104,#5105,
    #5106,#5107,#5108,#5109,#5110,#5111,#5112,#5113,#5114,#5115,#5116,
    #5117,#5118,#5119,#5120,#5121,#5122,#5123,#5124,#5125,#5126,#5127,
    #5128,#5129,#5130,#5131,#5132,#5133,#5134,#5135,#5136,#5137,#5138,
    #5139,#5140,#5141,#5142,#5143,#5144,#5145,#5146,#5147,#5148,#5149,
    #5150,#5151,#5152,#5153,#5154,#5155,#5156,#5157,#5158,#5159,#5160,
    #5161,#5162,#5163,#5164,#5165,#5166,#5167,#5168,#5169,#5170,#5171,
    #5172,#5173,#5174,#5175,#5176,#5177,#5178,#5179,#5180,#5181,#5182,
    #5183,#5184,#5185,#5186,#5187,#5188,#5189,#5190,#5191,#5192,#5193,
    #5194,#5195,#5196,#5197,#5198,#5199,#5200,#5201,#5202,#5203,#5204,
    #5205,#5206,#5207,#5208,#5209,#5210,#5211,#5212,#5213,#5214,#5215,
    #5216,#5217,#5218,#5219,#5220,#5221,#5222,#5223,#5224,#5225,#5226,
    #5227,#5228,#5229,#5230,#5231,#5232,#5233,#5234,#5235),
  .UNSPECIFIED.,.F.,.F.,(4,1,1,1,1,1,1,1,1,1,1,1,1,1,1,1,1,1,1,1,1,1,1,1
    ,1,1,1,1,1,1,1,1,1,1,1,1,1,1,1,1,1,1,1,1,1,1,1,1,1,1,1,1,1,1,1,1,1,1
    ,1,1,1,1,1,1,1,1,1,1,1,1,1,1,1,1,1,1,1,1,1,1,1,1,1,1,1,1,1,1,1,1,1,1
    ,1,1,1,1,1,1,1,1,1,1,1,1,1,1,1,1,1,1,1,1,1,1,1,1,1,1,1,1,1,1,1,1,1,1
    ,1,1,1,1,1,1,1,1,1,1,1,1,1,1,1,1,1,1,1,1,1,1,1,1,1,1,1,1,1,1,1,1,1,1
    ,1,1,1,1,1,1,1,1,1,1,1,1,1,1,1,1,4),(0.,2.995746269949E-02,
    5.991492539898E-02,8.987238809847E-02,0.119829850798,0.149787313497,
    0.179744776197,0.209702238896,0.239659701596,0.269617164295,
    0.299574626995,0.329532089694,0.359489552394,0.389447015093,
    0.419404477793,0.449361940492,0.479319403192,0.509276865891,
    0.539234328591,0.56919179129,0.59914925399,0.629106716689,
    0.659064179389,0.689021642088,0.718979104788,0.748936567487,
    0.778894030187,0.808851492886,0.838808955586,0.868766418285,
    0.898723880985,0.928681343684,0.958638806384,0.988596269083,
    1.018553731783,1.048511194482,1.078468657182,1.108426119881,
    1.138383582581,1.16834104528,1.19829850798,1.228255970679,
    1.258213433379,1.288170896078,1.318128358778,1.348085821477,
    1.378043284177,1.408000746876,1.437958209576,1.467915672275,
    1.497873134974,1.527830597674,1.557788060373,1.587745523073,
    1.617702985772,1.647660448472,1.677617911171,1.707575373871,
    1.73753283657,1.76749029927,1.797447761969,1.827405224669,
    1.857362687368,1.887320150068,1.917277612767,1.947235075467,
    1.977192538166,2.007150000866,2.037107463565,2.067064926265,
    2.097022388964,2.126979851664,2.156937314363,2.186894777063,
    2.216852239762,2.246809702462,2.276767165161,2.306724627861,
    2.33668209056,2.36663955326,2.396597015959,2.426554478659,
    2.456511941358,2.486469404058,2.516426866757,2.546384329457,
    2.576341792156,2.606299254856,2.636256717555,2.666214180255,
    2.696171642954,2.726129105654,2.756086568353,2.786044031053,
    2.816001493752,2.845958956452,2.875916419151,2.90587388185,
    2.93583134455,2.965788807249,2.995746269949,3.025703732648,
    3.055661195348,3.085618658047,3.115576120747,3.145533583446,
    3.175491046146,3.205448508845,3.235405971545,3.265363434244,
    3.295320896944,3.325278359643,3.355235822343,3.385193285042,
    3.415150747742,3.445108210441,3.475065673141,3.50502313584,
    3.53498059854,3.564938061239,3.594895523939,3.624852986638,
    3.654810449338,3.684767912037,3.714725374737,3.744682837436,
    3.774640300136,3.804597762835,3.834555225535,3.864512688234,
    3.894470150934,3.924427613633,3.954385076333,3.984342539032,
    4.014300001732,4.044257464431,4.074214927131,4.10417238983,
    4.13412985253,4.164087315229,4.194044777929,4.224002240628,
    4.253959703328,4.283917166027,4.313874628727,4.343832091426,
    4.373789554125,4.403747016825,4.433704479524,4.463661942224,
    4.493619404923,4.523576867623,4.553534330322,4.583491793022,
    4.613449255721,4.643406718421,4.67336418112,4.70332164382,
    4.733279106519,4.763236569219,4.793194031918,4.823151494618,
    4.853108957317,4.883066420017,4.913023882716,4.942981345416,
    4.972938808115,5.002896270815,5.032853733514,5.062811196214,
    5.092768658913,5.122726121613,5.152683584312,5.182641047012,
    5.212598509711,5.242555972411,5.27251343511),.QUASI_UNIFORM_KNOTS.);
#5057 = CARTESIAN_POINT('',(0.,100.));
#5058 = CARTESIAN_POINT('',(1.043902910394E-02,100.));
#5059 = CARTESIAN_POINT('',(3.134395074311E-02,100.));
#5060 = CARTESIAN_POINT('',(6.28031750485E-02,100.));
#5061 = CARTESIAN_POINT('',(9.438596069742E-02,100.));
#5062 = CARTESIAN_POINT('',(0.126112389382,100.));
#5063 = CARTESIAN_POINT('',(0.158001680324,100.));
#5064 = CARTESIAN_POINT('',(0.190072174179,100.));
#5065 = CARTESIAN_POINT('',(0.222341515346,100.));
#5066 = CARTESIAN_POINT('',(0.254826772087,100.));
#5067 = CARTESIAN_POINT('',(0.287544568076,100.));
#5068 = CARTESIAN_POINT('',(0.320511208782,100.));
#5069 = CARTESIAN_POINT('',(0.353742809927,100.));
#5070 = CARTESIAN_POINT('',(0.387255428788,100.));
#5071 = CARTESIAN_POINT('',(0.421065200997,100.));
#5072 = CARTESIAN_POINT('',(0.455188485796,100.));
#5073 = CARTESIAN_POINT('',(0.489642022218,100.));
#5074 = CARTESIAN_POINT('',(0.524443104421,100.));
#5075 = CARTESIAN_POINT('',(0.559609767136,100.));
#5076 = CARTESIAN_POINT('',(0.595161042181,100.));
#5077 = CARTESIAN_POINT('',(0.631117091901,100.));
#5078 = CARTESIAN_POINT('',(0.667499984301,100.));
#5079 = CARTESIAN_POINT('',(0.704332303271,100.));
#5080 = CARTESIAN_POINT('',(0.741644123183,100.));
#5081 = CARTESIAN_POINT('',(0.779449114116,100.));
#5082 = CARTESIAN_POINT('',(0.817728550642,100.));
#5083 = CARTESIAN_POINT('',(0.856490058777,100.));
#5084 = CARTESIAN_POINT('',(0.895729291,100.));
#5085 = CARTESIAN_POINT('',(0.935439932341,100.));
#5086 = CARTESIAN_POINT('',(0.975610724924,100.));
#5087 = CARTESIAN_POINT('',(1.016225805136,100.));
#5088 = CARTESIAN_POINT('',(1.057263983664,100.));
#5089 = CARTESIAN_POINT('',(1.098698008151,100.));
#5090 = CARTESIAN_POINT('',(1.140493820962,100.));
#5091 = CARTESIAN_POINT('',(1.182608476205,100.));
#5092 = CARTESIAN_POINT('',(1.224991760941,100.));
#5093 = CARTESIAN_POINT('',(1.267589816558,100.));
#5094 = CARTESIAN_POINT('',(1.310319107291,100.));
#5095 = CARTESIAN_POINT('',(1.353108364255,100.));
#5096 = CARTESIAN_POINT('',(1.395888264905,100.));
#5097 = CARTESIAN_POINT('',(1.438592563796,100.));
#5098 = CARTESIAN_POINT('',(1.481156503179,100.));
#5099 = CARTESIAN_POINT('',(1.523515098474,100.));
#5100 = CARTESIAN_POINT('',(1.565604955182,100.));
#5101 = CARTESIAN_POINT('',(1.607352254133,100.));
#5102 = CARTESIAN_POINT('',(1.648729512558,100.));
#5103 = CARTESIAN_POINT('',(1.689703339879,100.));
#5104 = CARTESIAN_POINT('',(1.730246607481,100.));
#5105 = CARTESIAN_POINT('',(1.770339297925,100.));
#5106 = CARTESIAN_POINT('',(1.809967164807,100.));
#5107 = CARTESIAN_POINT('',(1.849121257045,100.));
#5108 = CARTESIAN_POINT('',(1.887797405196,100.));
#5109 = CARTESIAN_POINT('',(1.925996060395,100.));
#5110 = CARTESIAN_POINT('',(1.963721636368,100.));
#5111 = CARTESIAN_POINT('',(2.000985081623,100.));
#5112 = CARTESIAN_POINT('',(2.037799567636,100.));
#5113 = CARTESIAN_POINT('',(2.074178877091,100.));
#5114 = CARTESIAN_POINT('',(2.110137874053,100.));
#5115 = CARTESIAN_POINT('',(2.145692561513,100.));
#5116 = CARTESIAN_POINT('',(2.180859948626,100.));
#5117 = CARTESIAN_POINT('',(2.215659198377,100.));
#5118 = CARTESIAN_POINT('',(2.250107465896,100.));
#5119 = CARTESIAN_POINT('',(2.284223027892,100.));
#5120 = CARTESIAN_POINT('',(2.318024279672,100.));
#5121 = CARTESIAN_POINT('',(2.351529277642,100.));
#5122 = CARTESIAN_POINT('',(2.384755664949,100.));
#5123 = CARTESIAN_POINT('',(2.417722511336,100.));
#5124 = CARTESIAN_POINT('',(2.450441771615,100.));
#5125 = CARTESIAN_POINT('',(2.482933267858,100.));
#5126 = CARTESIAN_POINT('',(2.51521540984,100.));
#5127 = CARTESIAN_POINT('',(2.547305649322,100.));
#5128 = CARTESIAN_POINT('',(2.579220591686,100.));
#5129 = CARTESIAN_POINT('',(2.610976173574,100.));
#5130 = CARTESIAN_POINT('',(2.642587801056,100.));
#5131 = CARTESIAN_POINT('',(2.674070480639,100.));
#5132 = CARTESIAN_POINT('',(2.705438937904,100.));
#5133 = CARTESIAN_POINT('',(2.736707729926,100.));
#5134 = CARTESIAN_POINT('',(2.767891348557,100.));
#5135 = CARTESIAN_POINT('',(2.799004335157,100.));
#5136 = CARTESIAN_POINT('',(2.830061340916,100.));
#5137 = CARTESIAN_POINT('',(2.861077387358,100.));
#5138 = CARTESIAN_POINT('',(2.892067384509,100.));
#5139 = CARTESIAN_POINT('',(2.923048430226,100.));
#5140 = CARTESIAN_POINT('',(2.954031604609,100.));
#5141 = CARTESIAN_POINT('',(2.985029011326,100.));
#5142 = CARTESIAN_POINT('',(3.016056167604,100.));
#5143 = CARTESIAN_POINT('',(3.047127349733,100.));
#5144 = CARTESIAN_POINT('',(3.078256972446,100.));
#5145 = CARTESIAN_POINT('',(3.109459348512,100.));
#5146 = CARTESIAN_POINT('',(3.140748880644,100.));
#5147 = CARTESIAN_POINT('',(3.172140145106,100.));
#5148 = CARTESIAN_POINT('',(3.203647991542,100.));
#5149 = CARTESIAN_POINT('',(3.235287715608,100.));
#5150 = CARTESIAN_POINT('',(3.26707496731,100.));
#5151 = CARTESIAN_POINT('',(3.29902670004,100.));
#5152 = CARTESIAN_POINT('',(3.331157884781,100.));
#5153 = CARTESIAN_POINT('',(3.363484552332,100.));
#5154 = CARTESIAN_POINT('',(3.396023372495,100.));
#5155 = CARTESIAN_POINT('',(3.428791237046,100.));
#5156 = CARTESIAN_POINT('',(3.461805387728,100.));
#5157 = CARTESIAN_POINT('',(3.495083183121,100.));
#5158 = CARTESIAN_POINT('',(3.528642775381,100.));
#5159 = CARTESIAN_POINT('',(3.562502079042,100.));
#5160 = CARTESIAN_POINT('',(3.59667905203,100.));
#5161 = CARTESIAN_POINT('',(3.631192503245,100.));
#5162 = CARTESIAN_POINT('',(3.666059660436,100.));
#5163 = CARTESIAN_POINT('',(3.701298927489,100.));
#5164 = CARTESIAN_POINT('',(3.736928776291,100.));
#5165 = CARTESIAN_POINT('',(3.772966015804,100.));
#5166 = CARTESIAN_POINT('',(3.809426398631,100.));
#5167 = CARTESIAN_POINT('',(3.846324694109,100.));
#5168 = CARTESIAN_POINT('',(3.883674452409,100.));
#5169 = CARTESIAN_POINT('',(3.921489440294,100.));
#5170 = CARTESIAN_POINT('',(3.95978508666,100.));
#5171 = CARTESIAN_POINT('',(3.998561344101,100.));
#5172 = CARTESIAN_POINT('',(4.037816345112,100.));
#5173 = CARTESIAN_POINT('',(4.077543371346,100.));
#5174 = CARTESIAN_POINT('',(4.117731371731,100.));
#5175 = CARTESIAN_POINT('',(4.158364336902,100.));
#5176 = CARTESIAN_POINT('',(4.19942088797,100.));
#5177 = CARTESIAN_POINT('',(4.240873190744,100.));
#5178 = CARTESIAN_POINT('',(4.282687189075,100.));
#5179 = CARTESIAN_POINT('',(4.324816818799,100.));
#5180 = CARTESIAN_POINT('',(4.367219269321,100.));
#5181 = CARTESIAN_POINT('',(4.409832170031,100.));
#5182 = CARTESIAN_POINT('',(4.452573737568,100.));
#5183 = CARTESIAN_POINT('',(4.495373648872,100.));
#5184 = CARTESIAN_POINT('',(4.538163304981,100.));
#5185 = CARTESIAN_POINT('',(4.580876823185,100.));
#5186 = CARTESIAN_POINT('',(4.623449542764,100.));
#5187 = CARTESIAN_POINT('',(4.665816142928,100.));
#5188 = CARTESIAN_POINT('',(4.707913058094,100.));
#5189 = CARTESIAN_POINT('',(4.749664210591,100.));
#5190 = CARTESIAN_POINT('',(4.791042750983,100.));
#5191 = CARTESIAN_POINT('',(4.832017473207,100.));
#5192 = CARTESIAN_POINT('',(4.872560833082,100.));
#5193 = CARTESIAN_POINT('',(4.912653097211,100.));
#5194 = CARTESIAN_POINT('',(4.952280116411,100.));
#5195 = CARTESIAN_POINT('',(4.99143308524,100.));
#5196 = CARTESIAN_POINT('',(5.030107962166,100.));
#5197 = CARTESIAN_POINT('',(5.068305328066,100.));
#5198 = CARTESIAN_POINT('',(5.106029710643,100.));
#5199 = CARTESIAN_POINT('',(5.143291886146,100.));
#5200 = CARTESIAN_POINT('',(5.180105159032,100.));
#5201 = CARTESIAN_POINT('',(5.216483361193,100.));
#5202 = CARTESIAN_POINT('',(5.252441405409,100.));
#5203 = CARTESIAN_POINT('',(5.287995320552,100.));
#5204 = CARTESIAN_POINT('',(5.323162133082,100.));
#5205 = CARTESIAN_POINT('',(5.357960985811,100.));
#5206 = CARTESIAN_POINT('',(5.392409164527,100.));
#5207 = CARTESIAN_POINT('',(5.426524866112,100.));
#5208 = CARTESIAN_POINT('',(5.460326511931,100.));
#5209 = CARTESIAN_POINT('',(5.493832119011,100.));
#5210 = CARTESIAN_POINT('',(5.527059544287,100.));
#5211 = CARTESIAN_POINT('',(5.560027220524,100.));
#5212 = CARTESIAN_POINT('',(5.59274712245,100.));
#5213 = CARTESIAN_POINT('',(5.625239970777,100.));
#5214 = CARTESIAN_POINT('',(5.657523846999,100.));
#5215 = CARTESIAN_POINT('',(5.689616219349,100.));
#5216 = CARTESIAN_POINT('',(5.721533631847,100.));
#5217 = CARTESIAN_POINT('',(5.753291993872,100.));
#5218 = CARTESIAN_POINT('',(5.784906687253,100.));
#5219 = CARTESIAN_POINT('',(5.816392704708,100.));
#5220 = CARTESIAN_POINT('',(5.847764765854,100.));
#5221 = CARTESIAN_POINT('',(5.879037429727,100.));
#5222 = CARTESIAN_POINT('',(5.910225198301,100.));
#5223 = CARTESIAN_POINT('',(5.941342629153,100.));
#5224 = CARTESIAN_POINT('',(5.972404403596,100.));
#5225 = CARTESIAN_POINT('',(6.003425558601,100.));
#5226 = CARTESIAN_POINT('',(6.034421112675,100.));
#5227 = CARTESIAN_POINT('',(6.065407964591,100.));
#5228 = CARTESIAN_POINT('',(6.096398231456,100.));
#5229 = CARTESIAN_POINT('',(6.127403750293,100.));
#5230 = CARTESIAN_POINT('',(6.158439458974,100.));
#5231 = CARTESIAN_POINT('',(6.189519378984,100.));
#5232 = CARTESIAN_POINT('',(6.220657828964,100.));
#5233 = CARTESIAN_POINT('',(6.251869188677,100.));
#5234 = CARTESIAN_POINT('',(6.272735226737,100.));
#5235 = CARTESIAN_POINT('',(6.28318530718,100.));
#5236 = ( GEOMETRIC_REPRESENTATION_CONTEXT(2) 
PARAMETRIC_REPRESENTATION_CONTEXT() REPRESENTATION_CONTEXT('2D SPACE',''
  ) );
#5237 = PCURVE('',#3448,#5238);
#5238 = DEFINITIONAL_REPRESENTATION('',(#5239),#5419);
#5239 = B_SPLINE_CURVE_WITH_KNOTS('',3,(#5240,#5241,#5242,#5243,#5244,
    #5245,#5246,#5247,#5248,#5249,#5250,#5251,#5252,#5253,#5254,#5255,
    #5256,#5257,#5258,#5259,#5260,#5261,#5262,#5263,#5264,#5265,#5266,
    #5267,#5268,#5269,#5270,#5271,#5272,#5273,#5274,#5275,#5276,#5277,
    #5278,#5279,#5280,#5281,#5282,#5283,#5284,#5285,#5286,#5287,#5288,
    #5289,#5290,#5291,#5292,#5293,#5294,#5295,#5296,#5297,#5298,#5299,
    #5300,#5301,#5302,#5303,#5304,#5305,#5306,#5307,#5308,#5309,#5310,
    #5311,#5312,#5313,#5314,#5315,#5316,#5317,#5318,#5319,#5320,#5321,
    #5322,#5323,#5324,#5325,#5326,#5327,#5328,#5329,#5330,#5331,#5332,
    #5333,#5334,#5335,#5336,#5337,#5338,#5339,#5340,#5341,#5342,#5343,
    #5344,#5345,#5346,#5347,#5348,#5349,#5350,#5351,#5352,#5353,#5354,
    #5355,#5356,#5357,#5358,#5359,#5360,#5361,#5362,#5363,#5364,#5365,
    #5366,#5367,#5368,#5369,#5370,#5371,#5372,#5373,#5374,#5375,#5376,
    #5377,#5378,#5379,#5380,#5381,#5382,#5383,#5384,#5385,#5386,#5387,
    #5388,#5389,#5390,#5391,#5392,#5393,#5394,#5395,#5396,#5397,#5398,
    #5399,#5400,#5401,#5402,#5403,#5404,#5405,#5406,#5407,#5408,#5409,
    #5410,#5411,#5412,#5413,#5414,#5415,#5416,#5417,#5418),
  .UNSPECIFIED.,.F.,.F.,(4,1,1,1,1,1,1,1,1,1,1,1,1,1,1,1,1,1,1,1,1,1,1,1
    ,1,1,1,1,1,1,1,1,1,1,1,1,1,1,1,1,1,1,1,1,1,1,1,1,1,1,1,1,1,1,1,1,1,1
    ,1,1,1,1,1,1,1,1,1,1,1,1,1,1,1,1,1,1,1,1,1,1,1,1,1,1,1,1,1,1,1,1,1,1
    ,1,1,1,1,1,1,1,1,1,1,1,1,1,1,1,1,1,1,1,1,1,1,1,1,1,1,1,1,1,1,1,1,1,1
    ,1,1,1,1,1,1,1,1,1,1,1,1,1,1,1,1,1,1,1,1,1,1,1,1,1,1,1,1,1,1,1,1,1,1
    ,1,1,1,1,1,1,1,1,1,1,1,1,1,1,1,1,4),(0.,2.995746269949E-02,
    5.991492539898E-02,8.987238809847E-02,0.119829850798,0.149787313497,
    0.179744776197,0.209702238896,0.239659701596,0.269617164295,
    0.299574626995,0.329532089694,0.359489552394,0.389447015093,
    0.419404477793,0.449361940492,0.479319403192,0.509276865891,
    0.539234328591,0.56919179129,0.59914925399,0.629106716689,
    0.659064179389,0.689021642088,0.718979104788,0.748936567487,
    0.778894030187,0.808851492886,0.838808955586,0.868766418285,
    0.898723880985,0.928681343684,0.958638806384,0.988596269083,
    1.018553731783,1.048511194482,1.078468657182,1.108426119881,
    1.138383582581,1.16834104528,1.19829850798,1.228255970679,
    1.258213433379,1.288170896078,1.318128358778,1.348085821477,
    1.378043284177,1.408000746876,1.437958209576,1.467915672275,
    1.497873134974,1.527830597674,1.557788060373,1.587745523073,
    1.617702985772,1.647660448472,1.677617911171,1.707575373871,
    1.73753283657,1.76749029927,1.797447761969,1.827405224669,
    1.857362687368,1.887320150068,1.917277612767,1.947235075467,
    1.977192538166,2.007150000866,2.037107463565,2.067064926265,
    2.097022388964,2.126979851664,2.156937314363,2.186894777063,
    2.216852239762,2.246809702462,2.276767165161,2.306724627861,
    2.33668209056,2.36663955326,2.396597015959,2.426554478659,
    2.456511941358,2.486469404058,2.516426866757,2.546384329457,
    2.576341792156,2.606299254856,2.636256717555,2.666214180255,
    2.696171642954,2.726129105654,2.756086568353,2.786044031053,
    2.816001493752,2.845958956452,2.875916419151,2.90587388185,
    2.93583134455,2.965788807249,2.995746269949,3.025703732648,
    3.055661195348,3.085618658047,3.115576120747,3.145533583446,
    3.175491046146,3.205448508845,3.235405971545,3.265363434244,
    3.295320896944,3.325278359643,3.355235822343,3.385193285042,
    3.415150747742,3.445108210441,3.475065673141,3.50502313584,
    3.53498059854,3.564938061239,3.594895523939,3.624852986638,
    3.654810449338,3.684767912037,3.714725374737,3.744682837436,
    3.774640300136,3.804597762835,3.834555225535,3.864512688234,
    3.894470150934,3.924427613633,3.954385076333,3.984342539032,
    4.014300001732,4.044257464431,4.074214927131,4.10417238983,
    4.13412985253,4.164087315229,4.194044777929,4.224002240628,
    4.253959703328,4.283917166027,4.313874628727,4.343832091426,
    4.373789554125,4.403747016825,4.433704479524,4.463661942224,
    4.493619404923,4.523576867623,4.553534330322,4.583491793022,
    4.613449255721,4.643406718421,4.67336418112,4.70332164382,
    4.733279106519,4.763236569219,4.793194031918,4.823151494618,
    4.853108957317,4.883066420017,4.913023882716,4.942981345416,
    4.972938808115,5.002896270815,5.032853733514,5.062811196214,
    5.092768658913,5.122726121613,5.152683584312,5.182641047012,
    5.212598509711,5.242555972411,5.27251343511),.QUASI_UNIFORM_KNOTS.);
#5240 = CARTESIAN_POINT('',(5.9375,0.5125));
#5241 = CARTESIAN_POINT('',(5.911402653501,0.512499990929));
#5242 = CARTESIAN_POINT('',(5.859323852973,0.512479574183));
#5243 = CARTESIAN_POINT('',(5.781585330739,0.512387109099));
#5244 = CARTESIAN_POINT('',(5.704256178583,0.512232199343));
#5245 = CARTESIAN_POINT('',(5.62737417173,0.512014102142));
#5246 = CARTESIAN_POINT('',(5.550982243026,0.511732000125));
#5247 = CARTESIAN_POINT('',(5.475129155689,0.511384998233));
#5248 = CARTESIAN_POINT('',(5.39986923555,0.51097213681));
#5249 = CARTESIAN_POINT('',(5.325262374333,0.510492398961));
#5250 = CARTESIAN_POINT('',(5.251373975953,0.509944718238));
#5251 = CARTESIAN_POINT('',(5.178274931695,0.50932798517));
#5252 = CARTESIAN_POINT('',(5.106041600621,0.508641053083));
#5253 = CARTESIAN_POINT('',(5.034755802209,0.507882743077));
#5254 = CARTESIAN_POINT('',(4.964504821528,0.507051848129));
#5255 = CARTESIAN_POINT('',(4.895381429914,0.506147136178));
#5256 = CARTESIAN_POINT('',(4.827483926608,0.505167352043));
#5257 = CARTESIAN_POINT('',(4.760916200606,0.504111217801));
#5258 = CARTESIAN_POINT('',(4.695787840813,0.502977431925));
#5259 = CARTESIAN_POINT('',(4.632214219895,0.501764664608));
#5260 = CARTESIAN_POINT('',(4.570316865619,0.500471557235));
#5261 = CARTESIAN_POINT('',(4.510222989038,0.499096694391));
#5262 = CARTESIAN_POINT('',(4.452068434723,0.49763866422));
#5263 = CARTESIAN_POINT('',(4.39598818567,0.49609577245));
#5264 = CARTESIAN_POINT('',(4.34215369653,0.494467029755));
#5265 = CARTESIAN_POINT('',(4.290785416246,0.492753085481));
#5266 = CARTESIAN_POINT('',(4.242067936291,0.490953722311));
#5267 = CARTESIAN_POINT('',(4.196204943804,0.489069501159));
#5268 = CARTESIAN_POINT('',(4.153401841725,0.487101390948));
#5269 = CARTESIAN_POINT('',(4.113867424009,0.48505093653));
#5270 = CARTESIAN_POINT('',(4.077810173506,0.482920287677));
#5271 = CARTESIAN_POINT('',(4.045435602949,0.48071227115));
#5272 = CARTESIAN_POINT('',(4.016942856695,0.478430464266));
#5273 = CARTESIAN_POINT('',(3.992520749255,0.476079263691));
#5274 = CARTESIAN_POINT('',(3.972343785859,0.473664025522));
#5275 = CARTESIAN_POINT('',(3.956565275033,0.471190988084));
#5276 = CARTESIAN_POINT('',(3.945312296398,0.468667040085));
#5277 = CARTESIAN_POINT('',(3.938684034992,0.466101265108));
#5278 = CARTESIAN_POINT('',(3.936734526594,0.463502416616));
#5279 = CARTESIAN_POINT('',(3.939478840845,0.460879413448));
#5280 = CARTESIAN_POINT('',(3.946893589881,0.458241183695));
#5281 = CARTESIAN_POINT('',(3.958918679831,0.455596670117));
#5282 = CARTESIAN_POINT('',(3.97545760564,0.452954852547));
#5283 = CARTESIAN_POINT('',(3.996380170092,0.450324552356));
#5284 = CARTESIAN_POINT('',(4.021514803007,0.447715103211));
#5285 = CARTESIAN_POINT('',(4.050689078536,0.445132727204));
#5286 = CARTESIAN_POINT('',(4.083711467839,0.442583755996));
#5287 = CARTESIAN_POINT('',(4.120379748783,0.44007384039));
#5288 = CARTESIAN_POINT('',(4.160486910856,0.437607879191));
#5289 = CARTESIAN_POINT('',(4.203824129271,0.435190096329));
#5290 = CARTESIAN_POINT('',(4.250184074174,0.432824073901));
#5291 = CARTESIAN_POINT('',(4.299363594077,0.430512795443));
#5292 = CARTESIAN_POINT('',(4.351166351152,0.428258674546));
#5293 = CARTESIAN_POINT('',(4.405404058651,0.42606361407));
#5294 = CARTESIAN_POINT('',(4.461902887646,0.423928890669));
#5295 = CARTESIAN_POINT('',(4.520499112638,0.421855439826));
#5296 = CARTESIAN_POINT('',(4.581037185913,0.419843971425));
#5297 = CARTESIAN_POINT('',(4.643370708854,0.417894964061));
#5298 = CARTESIAN_POINT('',(4.70736284144,0.416008685176));
#5299 = CARTESIAN_POINT('',(4.772886224994,0.414185220276));
#5300 = CARTESIAN_POINT('',(4.839825413764,0.41242444));
#5301 = CARTESIAN_POINT('',(4.908068792041,0.410726231096));
#5302 = CARTESIAN_POINT('',(4.977514140269,0.40909035008));
#5303 = CARTESIAN_POINT('',(5.048066509967,0.407516490769));
#5304 = CARTESIAN_POINT('',(5.119636962239,0.406004319982));
#5305 = CARTESIAN_POINT('',(5.192141917786,0.404553488895));
#5306 = CARTESIAN_POINT('',(5.265506959402,0.403163569362));
#5307 = CARTESIAN_POINT('',(5.339647075826,0.40183440972));
#5308 = CARTESIAN_POINT('',(5.414499824293,0.400565517511));
#5309 = CARTESIAN_POINT('',(5.490004708404,0.399356474887));
#5310 = CARTESIAN_POINT('',(5.566103503721,0.398206915831));
#5311 = CARTESIAN_POINT('',(5.642740056115,0.397116524256));
#5312 = CARTESIAN_POINT('',(5.719860237899,0.396085028088));
#5313 = CARTESIAN_POINT('',(5.797411876577,0.395112195911));
#5314 = CARTESIAN_POINT('',(5.87534470449,0.39419783434));
#5315 = CARTESIAN_POINT('',(5.953610314025,0.393341786519));
#5316 = CARTESIAN_POINT('',(6.032162124044,0.392543931548));
#5317 = CARTESIAN_POINT('',(6.110955342883,0.391804184868));
#5318 = CARTESIAN_POINT('',(6.189946973491,0.391122499281));
#5319 = CARTESIAN_POINT('',(6.269095685689,0.390498867464));
#5320 = CARTESIAN_POINT('',(6.348362202667,0.389933322476));
#5321 = CARTESIAN_POINT('',(6.427707780934,0.389425949013));
#5322 = CARTESIAN_POINT('',(6.507099812329,0.388976857493));
#5323 = CARTESIAN_POINT('',(6.586490486836,0.388586301412));
#5324 = CARTESIAN_POINT('',(6.665834577005,0.38825454717));
#5325 = CARTESIAN_POINT('',(6.745095310484,0.387981872682));
#5326 = CARTESIAN_POINT('',(6.824232150424,0.387768628338));
#5327 = CARTESIAN_POINT('',(6.903204053648,0.38761521764));
#5328 = CARTESIAN_POINT('',(6.981968576413,0.387522100515));
#5329 = CARTESIAN_POINT('',(7.060482083668,0.387489791676));
#5330 = CARTESIAN_POINT('',(7.138699668369,0.387518861515));
#5331 = CARTESIAN_POINT('',(7.216575098698,0.38760993727));
#5332 = CARTESIAN_POINT('',(7.294060915256,0.387763705945));
#5333 = CARTESIAN_POINT('',(7.371107872082,0.387980915387));
#5334 = CARTESIAN_POINT('',(7.447666824035,0.388262386394));
#5335 = CARTESIAN_POINT('',(7.52368048907,0.388608984195));
#5336 = CARTESIAN_POINT('',(7.599090525493,0.389021635218));
#5337 = CARTESIAN_POINT('',(7.673836043805,0.389501330362));
#5338 = CARTESIAN_POINT('',(7.747852228368,0.390049119327));
#5339 = CARTESIAN_POINT('',(7.821070289222,0.390666108163));
#5340 = CARTESIAN_POINT('',(7.893416483526,0.391353455401));
#5341 = CARTESIAN_POINT('',(7.964813216137,0.392112380623));
#5342 = CARTESIAN_POINT('',(8.035176366597,0.392944139771));
#5343 = CARTESIAN_POINT('',(8.10441556647,0.393850022392));
#5344 = CARTESIAN_POINT('',(8.172435382484,0.394831368034));
#5345 = CARTESIAN_POINT('',(8.239130217008,0.395889486289));
#5346 = CARTESIAN_POINT('',(8.304389466694,0.397025722967));
#5347 = CARTESIAN_POINT('',(8.368094859699,0.398241422057));
#5348 = CARTESIAN_POINT('',(8.430117235885,0.399537848447));
#5349 = CARTESIAN_POINT('',(8.490317884779,0.400916180662));
#5350 = CARTESIAN_POINT('',(8.548548843303,0.40237748947));
#5351 = CARTESIAN_POINT('',(8.604652796677,0.403922702989));
#5352 = CARTESIAN_POINT('',(8.658465606833,0.405552639949));
#5353 = CARTESIAN_POINT('',(8.709817697279,0.407268067902));
#5354 = CARTESIAN_POINT('',(8.758512833123,0.40906888225));
#5355 = CARTESIAN_POINT('',(8.804350746625,0.410954624086));
#5356 = CARTESIAN_POINT('',(8.847125099853,0.412924306859));
#5357 = CARTESIAN_POINT('',(8.886627084167,0.414976392563));
#5358 = CARTESIAN_POINT('',(8.922647776512,0.417108721221));
#5359 = CARTESIAN_POINT('',(8.954981263717,0.419318451706));
#5360 = CARTESIAN_POINT('',(8.98342791563,0.42160196817));
#5361 = CARTESIAN_POINT('',(9.007798818226,0.423954867238));
#5362 = CARTESIAN_POINT('',(9.027918486934,0.4263716013));
#5363 = CARTESIAN_POINT('',(9.043636913658,0.42884635166));
#5364 = CARTESIAN_POINT('',(9.054823866315,0.431371726146));
#5365 = CARTESIAN_POINT('',(9.061382258659,0.433938725876));
#5366 = CARTESIAN_POINT('',(9.06325900984,0.436538644324));
#5367 = CARTESIAN_POINT('',(9.060439763628,0.439162598864));
#5368 = CARTESIAN_POINT('',(9.052948362096,0.441801678387));
#5369 = CARTESIAN_POINT('',(9.040845288519,0.444446942075));
#5370 = CARTESIAN_POINT('',(9.024227623417,0.447089385985));
#5371 = CARTESIAN_POINT('',(9.003226123284,0.449720175799));
#5372 = CARTESIAN_POINT('',(8.978014439876,0.452329835615));
#5373 = CARTESIAN_POINT('',(8.948765812695,0.454912184147));
#5374 = CARTESIAN_POINT('',(8.915670813722,0.457461028599));
#5375 = CARTESIAN_POINT('',(8.878932282217,0.459970695227));
#5376 = CARTESIAN_POINT('',(8.838757300935,0.462436306449));
#5377 = CARTESIAN_POINT('',(8.795354807522,0.464853648107));
#5378 = CARTESIAN_POINT('',(8.748932141429,0.467219150945));
#5379 = CARTESIAN_POINT('',(8.699692408954,0.469529843033));
#5380 = CARTESIAN_POINT('',(8.647831835631,0.471783322184));
#5381 = CARTESIAN_POINT('',(8.593538546473,0.473977695399));
#5382 = CARTESIAN_POINT('',(8.536986620703,0.476111679211));
#5383 = CARTESIAN_POINT('',(8.478339577205,0.478184348836));
#5384 = CARTESIAN_POINT('',(8.417752851169,0.480194999801));
#5385 = CARTESIAN_POINT('',(8.355372713469,0.482143158523));
#5386 = CARTESIAN_POINT('',(8.291335901737,0.484028560945));
#5387 = CARTESIAN_POINT('',(8.225769680022,0.485851124142));
#5388 = CARTESIAN_POINT('',(8.158789472432,0.487610977963));
#5389 = CARTESIAN_POINT('',(8.090506573862,0.489308243338));
#5390 = CARTESIAN_POINT('',(8.021023293815,0.490943160656));
#5391 = CARTESIAN_POINT('',(7.950434464328,0.492516038017));
#5392 = CARTESIAN_POINT('',(7.878829052667,0.494027207445));
#5393 = CARTESIAN_POINT('',(7.806290110951,0.495477027236));
#5394 = CARTESIAN_POINT('',(7.732893416854,0.496865898615));
#5395 = CARTESIAN_POINT('',(7.658723959269,0.498193976767));
#5396 = CARTESIAN_POINT('',(7.583842093795,0.499461790437));
#5397 = CARTESIAN_POINT('',(7.508308994045,0.500669742801));
#5398 = CARTESIAN_POINT('',(7.432182804904,0.501818199762));
#5399 = CARTESIAN_POINT('',(7.355519787472,0.50290747418));
#5400 = CARTESIAN_POINT('',(7.278374109892,0.503937836418));
#5401 = CARTESIAN_POINT('',(7.200797986046,0.504909516344));
#5402 = CARTESIAN_POINT('',(7.122841707467,0.505822706215));
#5403 = CARTESIAN_POINT('',(7.04455369256,0.506677562007));
#5404 = CARTESIAN_POINT('',(6.965980518922,0.507474203924));
#5405 = CARTESIAN_POINT('',(6.887166958969,0.508212715942));
#5406 = CARTESIAN_POINT('',(6.808155979733,0.508893144681));
#5407 = CARTESIAN_POINT('',(6.72898885064,0.509515496934));
#5408 = CARTESIAN_POINT('',(6.649704830679,0.510079738686));
#5409 = CARTESIAN_POINT('',(6.570342412959,0.510585785291));
#5410 = CARTESIAN_POINT('',(6.490934750732,0.511033521764));
#5411 = CARTESIAN_POINT('',(6.411527037959,0.511422706808));
#5412 = CARTESIAN_POINT('',(6.33216524355,0.511753062483));
#5413 = CARTESIAN_POINT('',(6.252887698408,0.512024301323));
#5414 = CARTESIAN_POINT('',(6.173735651122,0.512236070619));
#5415 = CARTESIAN_POINT('',(6.09475049653,0.512387964864));
#5416 = CARTESIAN_POINT('',(6.015974457248,0.512479528287));
#5417 = CARTESIAN_POINT('',(5.963625339415,0.51249999533));
#5418 = CARTESIAN_POINT('',(5.9375,0.5125));
#5419 = ( GEOMETRIC_REPRESENTATION_CONTEXT(2) 
PARAMETRIC_REPRESENTATION_CONTEXT() REPRESENTATION_CONTEXT('2D SPACE',''
  ) );
#5420 = ORIENTED_EDGE('',*,*,#5421,.F.);
#5421 = EDGE_CURVE('',#1679,#4922,#5422,.T.);
#5422 = SEAM_CURVE('',#5423,(#5427,#5434),.PCURVE_S1.);
#5423 = LINE('',#5424,#5425);
#5424 = CARTESIAN_POINT('',(-90.,47.55,90.5));
#5425 = VECTOR('',#5426,1.);
#5426 = DIRECTION('',(1.,0.,0.));
#5427 = PCURVE('',#1960,#5428);
#5428 = DEFINITIONAL_REPRESENTATION('',(#5429),#5433);
#5429 = LINE('',#5430,#5431);
#5430 = CARTESIAN_POINT('',(0.,-0.));
#5431 = VECTOR('',#5432,1.);
#5432 = DIRECTION('',(0.,1.));
#5433 = ( GEOMETRIC_REPRESENTATION_CONTEXT(2) 
PARAMETRIC_REPRESENTATION_CONTEXT() REPRESENTATION_CONTEXT('2D SPACE',''
  ) );
#5434 = PCURVE('',#1960,#5435);
#5435 = DEFINITIONAL_REPRESENTATION('',(#5436),#5440);
#5436 = LINE('',#5437,#5438);
#5437 = CARTESIAN_POINT('',(6.28318530718,-0.));
#5438 = VECTOR('',#5439,1.);
#5439 = DIRECTION('',(0.,1.));
#5440 = ( GEOMETRIC_REPRESENTATION_CONTEXT(2) 
PARAMETRIC_REPRESENTATION_CONTEXT() REPRESENTATION_CONTEXT('2D SPACE',''
  ) );
#5441 = ORIENTED_EDGE('',*,*,#1678,.T.);
#5442 = ORIENTED_EDGE('',*,*,#5421,.T.);
#5443 = ADVANCED_FACE('',(#5444),#2231,.T.);
#5444 = FACE_BOUND('',#5445,.T.);
#5445 = EDGE_LOOP('',(#5446,#5447,#5448,#5474,#5501,#5521));
#5446 = ORIENTED_EDGE('',*,*,#2157,.F.);
#5447 = ORIENTED_EDGE('',*,*,#2545,.T.);
#5448 = ORIENTED_EDGE('',*,*,#5449,.T.);
#5449 = EDGE_CURVE('',#2519,#5450,#5452,.T.);
#5450 = VERTEX_POINT('',#5451);
#5451 = CARTESIAN_POINT('',(-58.,14.,90.));
#5452 = SURFACE_CURVE('',#5453,(#5456,#5463),.PCURVE_S1.);
#5453 = B_SPLINE_CURVE_WITH_KNOTS('',1,(#5454,#5455),.UNSPECIFIED.,.F.,
  .F.,(2,2),(0.,1.),.PIECEWISE_BEZIER_KNOTS.);
#5454 = CARTESIAN_POINT('',(-58.,13.7,68.));
#5455 = CARTESIAN_POINT('',(-58.,14.,90.));
#5456 = PCURVE('',#2231,#5457);
#5457 = DEFINITIONAL_REPRESENTATION('',(#5458),#5462);
#5458 = LINE('',#5459,#5460);
#5459 = CARTESIAN_POINT('',(17.6,0.));
#5460 = VECTOR('',#5461,1.);
#5461 = DIRECTION('',(0.,1.));
#5462 = ( GEOMETRIC_REPRESENTATION_CONTEXT(2) 
PARAMETRIC_REPRESENTATION_CONTEXT() REPRESENTATION_CONTEXT('2D SPACE',''
  ) );
#5463 = PCURVE('',#5464,#5469);
#5464 = PLANE('',#5465);
#5465 = AXIS2_PLACEMENT_3D('',#5466,#5467,#5468);
#5466 = CARTESIAN_POINT('',(-58.,9.292841978019E-15,79.));
#5467 = DIRECTION('',(-1.,-1.483893486498E-17,-2.160446152871E-34));
#5468 = DIRECTION('',(1.483893486498E-17,-1.,2.487136661463E-17));
#5469 = DEFINITIONAL_REPRESENTATION('',(#5470),#5473);
#5470 = B_SPLINE_CURVE_WITH_KNOTS('',1,(#5471,#5472),.UNSPECIFIED.,.F.,
  .F.,(2,2),(0.,1.),.PIECEWISE_BEZIER_KNOTS.);
#5471 = CARTESIAN_POINT('',(-13.7,-11.));
#5472 = CARTESIAN_POINT('',(-14.,11.));
#5473 = ( GEOMETRIC_REPRESENTATION_CONTEXT(2) 
PARAMETRIC_REPRESENTATION_CONTEXT() REPRESENTATION_CONTEXT('2D SPACE',''
  ) );
#5474 = ORIENTED_EDGE('',*,*,#5475,.F.);
#5475 = EDGE_CURVE('',#5476,#5450,#5478,.T.);
#5476 = VERTEX_POINT('',#5477);
#5477 = CARTESIAN_POINT('',(-44.,14.,90.));
#5478 = SURFACE_CURVE('',#5479,(#5483,#5489),.PCURVE_S1.);
#5479 = LINE('',#5480,#5481);
#5480 = CARTESIAN_POINT('',(-44.,14.,90.));
#5481 = VECTOR('',#5482,1.);
#5482 = DIRECTION('',(-1.,1.224646799147E-16,0.));
#5483 = PCURVE('',#2231,#5484);
#5484 = DEFINITIONAL_REPRESENTATION('',(#5485),#5488);
#5485 = B_SPLINE_CURVE_WITH_KNOTS('',1,(#5486,#5487),.UNSPECIFIED.,.F.,
  .F.,(2,2),(0.,14.),.PIECEWISE_BEZIER_KNOTS.);
#5486 = CARTESIAN_POINT('',(0.,1.));
#5487 = CARTESIAN_POINT('',(17.6,1.));
#5488 = ( GEOMETRIC_REPRESENTATION_CONTEXT(2) 
PARAMETRIC_REPRESENTATION_CONTEXT() REPRESENTATION_CONTEXT('2D SPACE',''
  ) );
#5489 = PCURVE('',#5490,#5495);
#5490 = PLANE('',#5491);
#5491 = AXIS2_PLACEMENT_3D('',#5492,#5493,#5494);
#5492 = CARTESIAN_POINT('',(-44.,14.,230.));
#5493 = DIRECTION('',(1.224646799147E-16,1.,0.));
#5494 = DIRECTION('',(-1.,1.224646799147E-16,0.));
#5495 = DEFINITIONAL_REPRESENTATION('',(#5496),#5500);
#5496 = LINE('',#5497,#5498);
#5497 = CARTESIAN_POINT('',(0.,-140.));
#5498 = VECTOR('',#5499,1.);
#5499 = DIRECTION('',(1.,0.));
#5500 = ( GEOMETRIC_REPRESENTATION_CONTEXT(2) 
PARAMETRIC_REPRESENTATION_CONTEXT() REPRESENTATION_CONTEXT('2D SPACE',''
  ) );
#5501 = ORIENTED_EDGE('',*,*,#5502,.F.);
#5502 = EDGE_CURVE('',#4507,#5476,#5503,.T.);
#5503 = SURFACE_CURVE('',#5504,(#5507,#5514),.PCURVE_S1.);
#5504 = B_SPLINE_CURVE_WITH_KNOTS('',1,(#5505,#5506),.UNSPECIFIED.,.F.,
  .F.,(2,2),(0.,1.),.PIECEWISE_BEZIER_KNOTS.);
#5505 = CARTESIAN_POINT('',(-40.4,13.7,68.));
#5506 = CARTESIAN_POINT('',(-44.,14.,90.));
#5507 = PCURVE('',#2231,#5508);
#5508 = DEFINITIONAL_REPRESENTATION('',(#5509),#5513);
#5509 = LINE('',#5510,#5511);
#5510 = CARTESIAN_POINT('',(0.,0.));
#5511 = VECTOR('',#5512,1.);
#5512 = DIRECTION('',(0.,1.));
#5513 = ( GEOMETRIC_REPRESENTATION_CONTEXT(2) 
PARAMETRIC_REPRESENTATION_CONTEXT() REPRESENTATION_CONTEXT('2D SPACE',''
  ) );
#5514 = PCURVE('',#4540,#5515);
#5515 = DEFINITIONAL_REPRESENTATION('',(#5516),#5520);
#5516 = LINE('',#5517,#5518);
#5517 = CARTESIAN_POINT('',(28.,0.));
#5518 = VECTOR('',#5519,1.);
#5519 = DIRECTION('',(0.,1.));
#5520 = ( GEOMETRIC_REPRESENTATION_CONTEXT(2) 
PARAMETRIC_REPRESENTATION_CONTEXT() REPRESENTATION_CONTEXT('2D SPACE',''
  ) );
#5521 = ORIENTED_EDGE('',*,*,#4506,.F.);
#5522 = ADVANCED_FACE('',(#5523),#2345,.T.);
#5523 = FACE_BOUND('',#5524,.T.);
#5524 = EDGE_LOOP('',(#5525,#5526,#5527));
#5525 = ORIENTED_EDGE('',*,*,#2718,.T.);
#5526 = ORIENTED_EDGE('',*,*,#2331,.T.);
#5527 = ORIENTED_EDGE('',*,*,#3410,.T.);
#5528 = ADVANCED_FACE('',(#5529,#5576),#2533,.T.);
#5529 = FACE_BOUND('',#5530,.T.);
#5530 = EDGE_LOOP('',(#5531,#5532,#5554,#5575));
#5531 = ORIENTED_EDGE('',*,*,#2627,.T.);
#5532 = ORIENTED_EDGE('',*,*,#5533,.T.);
#5533 = EDGE_CURVE('',#2600,#5534,#5536,.T.);
#5534 = VERTEX_POINT('',#5535);
#5535 = CARTESIAN_POINT('',(-58.,-13.7,68.));
#5536 = SURFACE_CURVE('',#5537,(#5540,#5547),.PCURVE_S1.);
#5537 = B_SPLINE_CURVE_WITH_KNOTS('',1,(#5538,#5539),.UNSPECIFIED.,.F.,
  .F.,(2,2),(0.,1.),.PIECEWISE_BEZIER_KNOTS.);
#5538 = CARTESIAN_POINT('',(-50.,-13.,45.));
#5539 = CARTESIAN_POINT('',(-58.,-13.7,68.));
#5540 = PCURVE('',#2533,#5541);
#5541 = DEFINITIONAL_REPRESENTATION('',(#5542),#5546);
#5542 = LINE('',#5543,#5544);
#5543 = CARTESIAN_POINT('',(27.4,0.));
#5544 = VECTOR('',#5545,1.);
#5545 = DIRECTION('',(0.,1.));
#5546 = ( GEOMETRIC_REPRESENTATION_CONTEXT(2) 
PARAMETRIC_REPRESENTATION_CONTEXT() REPRESENTATION_CONTEXT('2D SPACE',''
  ) );
#5547 = PCURVE('',#2615,#5548);
#5548 = DEFINITIONAL_REPRESENTATION('',(#5549),#5553);
#5549 = LINE('',#5550,#5551);
#5550 = CARTESIAN_POINT('',(0.,0.));
#5551 = VECTOR('',#5552,1.);
#5552 = DIRECTION('',(0.,1.));
#5553 = ( GEOMETRIC_REPRESENTATION_CONTEXT(2) 
PARAMETRIC_REPRESENTATION_CONTEXT() REPRESENTATION_CONTEXT('2D SPACE',''
  ) );
#5554 = ORIENTED_EDGE('',*,*,#5555,.F.);
#5555 = EDGE_CURVE('',#2519,#5534,#5556,.T.);
#5556 = SURFACE_CURVE('',#5557,(#5561,#5568),.PCURVE_S1.);
#5557 = LINE('',#5558,#5559);
#5558 = CARTESIAN_POINT('',(-58.,13.7,68.));
#5559 = VECTOR('',#5560,1.);
#5560 = DIRECTION('',(-1.224646799147E-16,-1.,0.));
#5561 = PCURVE('',#2533,#5562);
#5562 = DEFINITIONAL_REPRESENTATION('',(#5563),#5567);
#5563 = LINE('',#5564,#5565);
#5564 = CARTESIAN_POINT('',(0.,1.));
#5565 = VECTOR('',#5566,1.);
#5566 = DIRECTION('',(1.,0.));
#5567 = ( GEOMETRIC_REPRESENTATION_CONTEXT(2) 
PARAMETRIC_REPRESENTATION_CONTEXT() REPRESENTATION_CONTEXT('2D SPACE',''
  ) );
#5568 = PCURVE('',#5464,#5569);
#5569 = DEFINITIONAL_REPRESENTATION('',(#5570),#5574);
#5570 = LINE('',#5571,#5572);
#5571 = CARTESIAN_POINT('',(-13.7,-11.));
#5572 = VECTOR('',#5573,1.);
#5573 = DIRECTION('',(1.,-2.487136661463E-17));
#5574 = ( GEOMETRIC_REPRESENTATION_CONTEXT(2) 
PARAMETRIC_REPRESENTATION_CONTEXT() REPRESENTATION_CONTEXT('2D SPACE',''
  ) );
#5575 = ORIENTED_EDGE('',*,*,#2518,.F.);
#5576 = FACE_BOUND('',#5577,.T.);
#5577 = EDGE_LOOP('',(#5578,#5689,#5714,#5823,#5843,#5886,#5995,#6020,
    #6129));
#5578 = ORIENTED_EDGE('',*,*,#5579,.T.);
#5579 = EDGE_CURVE('',#5580,#5582,#5584,.T.);
#5580 = VERTEX_POINT('',#5581);
#5581 = CARTESIAN_POINT('',(-51.64455907028,-4.,49.728107327058));
#5582 = VERTEX_POINT('',#5583);
#5583 = CARTESIAN_POINT('',(-50.65899719545,-1.,46.89461693694));
#5584 = SURFACE_CURVE('',#5585,(#5616,#5650),.PCURVE_S1.);
#5585 = B_SPLINE_CURVE_WITH_KNOTS('',8,(#5586,#5587,#5588,#5589,#5590,
    #5591,#5592,#5593,#5594,#5595,#5596,#5597,#5598,#5599,#5600,#5601,
    #5602,#5603,#5604,#5605,#5606,#5607,#5608,#5609,#5610,#5611,#5612,
    #5613,#5614,#5615),.UNSPECIFIED.,.F.,.F.,(9,7,7,7,9),(0.,
    0.200270427778,0.326001828289,0.494356852185,1.),.UNSPECIFIED.);
#5586 = CARTESIAN_POINT('',(-51.64455907028,-4.,49.728107327058));
#5587 = CARTESIAN_POINT('',(-51.59758055757,-4.,49.593044103014));
#5588 = CARTESIAN_POINT('',(-51.55055994961,-3.992209564089,
    49.457859855136));
#5589 = CARTESIAN_POINT('',(-51.50386045578,-3.976605757015,
    49.323598810382));
#5590 = CARTESIAN_POINT('',(-51.4577961682,-3.953385502342,
    49.191163983597));
#5591 = CARTESIAN_POINT('',(-51.41263667775,-3.922902128598,
    49.061330448536));
#5592 = CARTESIAN_POINT('',(-51.36861085136,-3.885617456165,
    48.934756197677));
#5593 = CARTESIAN_POINT('',(-51.32590977073,-3.842069424936,
    48.811990590862));
#5594 = CARTESIAN_POINT('',(-51.25880999241,-3.761958212133,
    48.619078728181));
#5595 = CARTESIAN_POINT('',(-51.2335027705,-3.728813550388,
    48.546320465196));
#5596 = CARTESIAN_POINT('',(-51.20879674714,-3.693553997217,
    48.475290648052));
#5597 = CARTESIAN_POINT('',(-51.18471441704,-3.656312226177,
    48.406053948997));
#5598 = CARTESIAN_POINT('',(-51.16127198156,-3.617218457532,
    48.338656947007));
#5599 = CARTESIAN_POINT('',(-51.1384801414,-3.576398051122,
    48.273130406544));
#5600 = CARTESIAN_POINT('',(-51.11634488915,-3.53396909923,
    48.209491556322));
#5601 = CARTESIAN_POINT('',(-51.06611103573,-3.431218744533,
    48.065069227726));
#5602 = CARTESIAN_POINT('',(-51.03853767721,-3.369714185285,
    47.985795821996));
#5603 = CARTESIAN_POINT('',(-51.01214996925,-3.305783185857,
    47.909931161598));
#5604 = CARTESIAN_POINT('',(-50.98694298149,-3.2396633923,
    47.837461071803));
#5605 = CARTESIAN_POINT('',(-50.9629062003,-3.171571637517,
    47.768355325867));
#5606 = CARTESIAN_POINT('',(-50.9400246186,-3.101702326215,
    47.702570778479));
#5607 = CARTESIAN_POINT('',(-50.9182798258,-3.030225819855,
    47.640054499193));
#5608 = CARTESIAN_POINT('',(-50.83569408105,-2.738219378173,
    47.402620483031));
#5609 = CARTESIAN_POINT('',(-50.78394100991,-2.506442889147,
    47.253830403517));
#5610 = CARTESIAN_POINT('',(-50.7416016527,-2.265432706505,
    47.132104751538));
#5611 = CARTESIAN_POINT('',(-50.70827154782,-2.017875875484,
    47.036280699999));
#5612 = CARTESIAN_POINT('',(-50.68356027257,-1.766025980981,
    46.965235783642));
#5613 = CARTESIAN_POINT('',(-50.66719984217,-1.511629639335,
    46.918199546265));
#5614 = CARTESIAN_POINT('',(-50.65899719545,-1.256009406405,
    46.89461693694));
#5615 = CARTESIAN_POINT('',(-50.65899719545,-1.,46.89461693694));
#5616 = PCURVE('',#2533,#5617);
#5617 = DEFINITIONAL_REPRESENTATION('',(#5618),#5649);
#5618 = B_SPLINE_CURVE_WITH_KNOTS('',8,(#5619,#5620,#5621,#5622,#5623,
    #5624,#5625,#5626,#5627,#5628,#5629,#5630,#5631,#5632,#5633,#5634,
    #5635,#5636,#5637,#5638,#5639,#5640,#5641,#5642,#5643,#5644,#5645,
    #5646,#5647,#5648),.UNSPECIFIED.,.F.,.F.,(9,7,7,7,9),(0.,
    0.200270427778,0.326001828289,0.494356852185,1.),.UNSPECIFIED.);
#5619 = CARTESIAN_POINT('',(17.869234740709,0.205569883785));
#5620 = CARTESIAN_POINT('',(17.870538626203,0.199697569696));
#5621 = CARTESIAN_POINT('',(17.863724576745,0.193819993702));
#5622 = CARTESIAN_POINT('',(17.848748435903,0.187982556973));
#5623 = CARTESIAN_POINT('',(17.825796478044,0.182224521026));
#5624 = CARTESIAN_POINT('',(17.795220347057,0.176579584719));
#5625 = CARTESIAN_POINT('',(17.757487782241,0.171076356421));
#5626 = CARTESIAN_POINT('',(17.713149131361,0.165738721342));
#5627 = CARTESIAN_POINT('',(17.631222394397,0.157351249051));
#5628 = CARTESIAN_POINT('',(17.597249221362,0.154187846313));
#5629 = CARTESIAN_POINT('',(17.561036850733,0.151099593394));
#5630 = CARTESIAN_POINT('',(17.522722446132,0.14808930213));
#5631 = CARTESIAN_POINT('',(17.48244104715,0.145158997696));
#5632 = CARTESIAN_POINT('',(17.440323000675,0.142310017676));
#5633 = CARTESIAN_POINT('',(17.39649139221,0.139543111144));
#5634 = CARTESIAN_POINT('',(17.290225897796,0.133263879466));
#5635 = CARTESIAN_POINT('',(17.226529634985,0.129817209652));
#5636 = CARTESIAN_POINT('',(17.160239073366,0.126518746156));
#5637 = CARTESIAN_POINT('',(17.09160325092,0.123367872687));
#5638 = CARTESIAN_POINT('',(17.020850033399,0.120363275038));
#5639 = CARTESIAN_POINT('',(16.948184288715,0.117503077325));
#5640 = CARTESIAN_POINT('',(16.873786061334,0.114784978226));
#5641 = CARTESIAN_POINT('',(16.569615921367,0.104461760132));
#5642 = CARTESIAN_POINT('',(16.327682469664,9.799262623985E-02));
#5643 = CARTESIAN_POINT('',(16.075704777566,9.270020658863E-02));
#5644 = CARTESIAN_POINT('',(15.816558113073,8.853394347822E-02));
#5645 = CARTESIAN_POINT('',(15.55266930765,8.54450340714E-02));
#5646 = CARTESIAN_POINT('',(15.285932654838,8.339998027238E-02));
#5647 = CARTESIAN_POINT('',(15.017795523596,8.237464943215E-02));
#5648 = CARTESIAN_POINT('',(14.749192400054,8.237464943215E-02));
#5649 = ( GEOMETRIC_REPRESENTATION_CONTEXT(2) 
PARAMETRIC_REPRESENTATION_CONTEXT() REPRESENTATION_CONTEXT('2D SPACE',''
  ) );
#5650 = PCURVE('',#5651,#5656);
#5651 = CYLINDRICAL_SURFACE('',#5652,3.);
#5652 = AXIS2_PLACEMENT_3D('',#5653,#5654,#5655);
#5653 = CARTESIAN_POINT('',(-47.86657188345,-1.,51.042189826823));
#5654 = DIRECTION('',(-0.944496796706,1.156674978891E-16,-0.328520624941
    ));
#5655 = DIRECTION('',(0.328520624941,-4.023217317882E-17,-0.944496796706
    ));
#5656 = DEFINITIONAL_REPRESENTATION('',(#5657),#5688);
#5657 = B_SPLINE_CURVE_WITH_KNOTS('',8,(#5658,#5659,#5660,#5661,#5662,
    #5663,#5664,#5665,#5666,#5667,#5668,#5669,#5670,#5671,#5672,#5673,
    #5674,#5675,#5676,#5677,#5678,#5679,#5680,#5681,#5682,#5683,#5684,
    #5685,#5686,#5687),.UNSPECIFIED.,.F.,.F.,(9,7,7,7,9),(0.,
    0.200270427778,0.326001828289,0.494356852185,1.),.UNSPECIFIED.);
#5658 = CARTESIAN_POINT('',(1.570796326795,4.));
#5659 = CARTESIAN_POINT('',(1.523129595856,4.));
#5660 = CARTESIAN_POINT('',(1.475420252444,4.));
#5661 = CARTESIAN_POINT('',(1.42787131884,4.));
#5662 = CARTESIAN_POINT('',(1.380636070537,4.));
#5663 = CARTESIAN_POINT('',(1.333835907962,4.));
#5664 = CARTESIAN_POINT('',(1.287573001588,4.));
#5665 = CARTESIAN_POINT('',(1.241937710437,4.));
#5666 = CARTESIAN_POINT('',(1.168805278483,4.));
#5667 = CARTESIAN_POINT('',(1.140866205988,4.));
#5668 = CARTESIAN_POINT('',(1.113203312463,4.));
#5669 = CARTESIAN_POINT('',(1.085822642311,4.));
#5670 = CARTESIAN_POINT('',(1.058726857333,4.));
#5671 = CARTESIAN_POINT('',(1.031915565732,4.));
#5672 = CARTESIAN_POINT('',(1.0053856511,4.));
#5673 = CARTESIAN_POINT('',(0.943977287195,4.));
#5674 = CARTESIAN_POINT('',(0.909321193509,4.));
#5675 = CARTESIAN_POINT('',(0.875146251006,4.));
#5676 = CARTESIAN_POINT('',(0.84143423405,4.));
#5677 = CARTESIAN_POINT('',(0.808165307784,4.));
#5678 = CARTESIAN_POINT('',(0.775317575181,4.));
#5679 = CARTESIAN_POINT('',(0.742866624101,4.));
#5680 = CARTESIAN_POINT('',(0.614430267509,4.));
#5681 = CARTESIAN_POINT('',(0.521619558257,4.));
#5682 = CARTESIAN_POINT('',(0.43134678453,4.));
#5683 = CARTESIAN_POINT('',(0.343071555296,4.));
#5684 = CARTESIAN_POINT('',(0.256287431117,4.));
#5685 = CARTESIAN_POINT('',(0.170543534767,4.));
#5686 = CARTESIAN_POINT('',(8.533646880163E-02,4.));
#5687 = CARTESIAN_POINT('',(0.,4.));
#5688 = ( GEOMETRIC_REPRESENTATION_CONTEXT(2) 
PARAMETRIC_REPRESENTATION_CONTEXT() REPRESENTATION_CONTEXT('2D SPACE',''
  ) );
#5689 = ORIENTED_EDGE('',*,*,#5690,.T.);
#5690 = EDGE_CURVE('',#5582,#5691,#5693,.T.);
#5691 = VERTEX_POINT('',#5692);
#5692 = CARTESIAN_POINT('',(-50.65899719545,1.,46.89461693694));
#5693 = SURFACE_CURVE('',#5694,(#5697,#5703),.PCURVE_S1.);
#5694 = B_SPLINE_CURVE_WITH_KNOTS('',1,(#5695,#5696),.UNSPECIFIED.,.F.,
  .F.,(2,2),(0.,1.),.PIECEWISE_BEZIER_KNOTS.);
#5695 = CARTESIAN_POINT('',(-50.65899719545,-1.,46.89461693694));
#5696 = CARTESIAN_POINT('',(-50.65899719545,1.,46.89461693694));
#5697 = PCURVE('',#2533,#5698);
#5698 = DEFINITIONAL_REPRESENTATION('',(#5699),#5702);
#5699 = B_SPLINE_CURVE_WITH_KNOTS('',1,(#5700,#5701),.UNSPECIFIED.,.F.,
  .F.,(2,2),(0.,1.),.PIECEWISE_BEZIER_KNOTS.);
#5700 = CARTESIAN_POINT('',(14.749192400054,8.237464943215E-02));
#5701 = CARTESIAN_POINT('',(12.650807599946,8.237464943215E-02));
#5702 = ( GEOMETRIC_REPRESENTATION_CONTEXT(2) 
PARAMETRIC_REPRESENTATION_CONTEXT() REPRESENTATION_CONTEXT('2D SPACE',''
  ) );
#5703 = PCURVE('',#5704,#5709);
#5704 = PLANE('',#5705);
#5705 = AXIS2_PLACEMENT_3D('',#5706,#5707,#5708);
#5706 = CARTESIAN_POINT('',(-46.88101000863,4.,48.208699436705));
#5707 = DIRECTION('',(-0.328520624941,4.023217317882E-17,0.944496796706)
  );
#5708 = DIRECTION('',(-0.944496796706,1.156674978891E-16,-0.328520624941
    ));
#5709 = DEFINITIONAL_REPRESENTATION('',(#5710),#5713);
#5710 = B_SPLINE_CURVE_WITH_KNOTS('',1,(#5711,#5712),.UNSPECIFIED.,.F.,
  .F.,(2,2),(0.,1.),.PIECEWISE_BEZIER_KNOTS.);
#5711 = CARTESIAN_POINT('',(4.,5.));
#5712 = CARTESIAN_POINT('',(4.,3.));
#5713 = ( GEOMETRIC_REPRESENTATION_CONTEXT(2) 
PARAMETRIC_REPRESENTATION_CONTEXT() REPRESENTATION_CONTEXT('2D SPACE',''
  ) );
#5714 = ORIENTED_EDGE('',*,*,#5715,.T.);
#5715 = EDGE_CURVE('',#5691,#5716,#5718,.T.);
#5716 = VERTEX_POINT('',#5717);
#5717 = CARTESIAN_POINT('',(-51.64098263783,3.999980247369,
    49.717825083774));
#5718 = SURFACE_CURVE('',#5719,(#5750,#5784),.PCURVE_S1.);
#5719 = B_SPLINE_CURVE_WITH_KNOTS('',8,(#5720,#5721,#5722,#5723,#5724,
    #5725,#5726,#5727,#5728,#5729,#5730,#5731,#5732,#5733,#5734,#5735,
    #5736,#5737,#5738,#5739,#5740,#5741,#5742,#5743,#5744,#5745,#5746,
    #5747,#5748,#5749),.UNSPECIFIED.,.F.,.F.,(9,7,7,7,9),(0.,
    0.511401799562,0.675918648237,0.799541909948,1.),.UNSPECIFIED.);
#5720 = CARTESIAN_POINT('',(-50.65899719545,1.,46.89461693694));
#5721 = CARTESIAN_POINT('',(-50.65899719545,1.258435199564,
    46.89461693694));
#5722 = CARTESIAN_POINT('',(-50.66735604161,1.516459725164,
    46.918648619634));
#5723 = CARTESIAN_POINT('',(-50.68402588071,1.773228998057,
    46.966574407059));
#5724 = CARTESIAN_POINT('',(-50.7092089121,2.02738457675,47.038975622307
    ));
#5725 = CARTESIAN_POINT('',(-50.7431828785,2.277122707022,
    47.136650775707));
#5726 = CARTESIAN_POINT('',(-50.78635425569,2.520104791485,
    47.260768485119));
#5727 = CARTESIAN_POINT('',(-50.83913759771,2.753539082413,
    47.412520593426));
#5728 = CARTESIAN_POINT('',(-50.92269286815,3.04465667913,
    47.652741995931));
#5729 = CARTESIAN_POINT('',(-50.94409486626,3.114098045731,
    47.714272740514));
#5730 = CARTESIAN_POINT('',(-50.96658077864,3.181986572363,
    47.778919738602));
#5731 = CARTESIAN_POINT('',(-50.99016743191,3.248161928624,
    47.846731366752));
#5732 = CARTESIAN_POINT('',(-51.01486843714,3.312441880104,
    47.917746756786));
#5733 = CARTESIAN_POINT('',(-51.04069320025,3.374623777405,
    47.991992950742));
#5734 = CARTESIAN_POINT('',(-51.06764593245,3.434486045151,
    48.069482055813));
#5735 = CARTESIAN_POINT('',(-51.11682392181,3.534849462109,
    48.210868775226));
#5736 = CARTESIAN_POINT('',(-51.13855747503,3.576461311867,
    48.273352740717));
#5737 = CARTESIAN_POINT('',(-51.16092326903,3.616522527242,
    48.337654398481));
#5738 = CARTESIAN_POINT('',(-51.18391560686,3.654921497259,
    48.403757369735));
#5739 = CARTESIAN_POINT('',(-51.20752442433,3.691539874438,
    48.471632719964));
#5740 = CARTESIAN_POINT('',(-51.23173456859,3.726254756212,
    48.541236884697));
#5741 = CARTESIAN_POINT('',(-51.25652507661,3.758940866346,
    48.612509595272));
#5742 = CARTESIAN_POINT('',(-51.32296334894,3.838980897404,
    48.803519628223));
#5743 = CARTESIAN_POINT('',(-51.36554118664,3.882860793334,
    48.925930911593));
#5744 = CARTESIAN_POINT('',(-51.40944990936,3.920517679806,
    49.052168489429));
#5745 = CARTESIAN_POINT('',(-51.45450168515,3.951413252967,
    49.181692344821));
#5746 = CARTESIAN_POINT('',(-51.50047070319,3.975082652377,
    49.313853271693));
#5747 = CARTESIAN_POINT('',(-51.54709009481,3.991167047189,
    49.447884022594));
#5748 = CARTESIAN_POINT('',(-51.59404797975,3.99946180557,
    49.582887941806));
#5749 = CARTESIAN_POINT('',(-51.64098263783,3.999980247369,
    49.717825083774));
#5750 = PCURVE('',#2533,#5751);
#5751 = DEFINITIONAL_REPRESENTATION('',(#5752),#5783);
#5752 = B_SPLINE_CURVE_WITH_KNOTS('',8,(#5753,#5754,#5755,#5756,#5757,
    #5758,#5759,#5760,#5761,#5762,#5763,#5764,#5765,#5766,#5767,#5768,
    #5769,#5770,#5771,#5772,#5773,#5774,#5775,#5776,#5777,#5778,#5779,
    #5780,#5781,#5782),.UNSPECIFIED.,.F.,.F.,(9,7,7,7,9),(0.,
    0.511401799562,0.675918648237,0.799541909948,1.),.UNSPECIFIED.);
#5753 = CARTESIAN_POINT('',(12.650807599946,8.237464943215E-02));
#5754 = CARTESIAN_POINT('',(12.379659352657,8.237464943215E-02));
#5755 = CARTESIAN_POINT('',(12.109000754438,8.341950520147E-02));
#5756 = CARTESIAN_POINT('',(11.839778307691,8.550323508952E-02));
#5757 = CARTESIAN_POINT('',(11.573478746243,8.865111401336E-02));
#5758 = CARTESIAN_POINT('',(11.312058126557,9.289785981335E-02));
#5759 = CARTESIAN_POINT('',(11.05803434175,9.829428196171E-02));
#5760 = CARTESIAN_POINT('',(10.814393839966,0.104892199714));
#5761 = CARTESIAN_POINT('',(10.51119403217,0.115336608519));
#5762 = CARTESIAN_POINT('',(10.438924264486,0.118011858283));
#5763 = CARTESIAN_POINT('',(10.368327876128,0.120822597331));
#5764 = CARTESIAN_POINT('',(10.29957425213,0.123770928989));
#5765 = CARTESIAN_POINT('',(10.232855383895,0.126858554643));
#5766 = CARTESIAN_POINT('',(10.168384189449,0.130086650032));
#5767 = CARTESIAN_POINT('',(10.106392833714,0.133455741557));
#5768 = CARTESIAN_POINT('',(10.002599833825,0.139602990227));
#5769 = CARTESIAN_POINT('',(9.959613183586,0.142319684379));
#5770 = CARTESIAN_POINT('',(9.91827836692,0.14511540863));
#5771 = CARTESIAN_POINT('',(9.878711711475,0.147989450858));
#5772 = CARTESIAN_POINT('',(9.841036275507,0.150940553042));
#5773 = CARTESIAN_POINT('',(9.805379519731,0.153966821074));
#5774 = CARTESIAN_POINT('',(9.77187097915,0.157065634577));
#5775 = CARTESIAN_POINT('',(9.689998046041,0.165370418618));
#5776 = CARTESIAN_POINT('',(9.645307675116,0.17069264833));
#5777 = CARTESIAN_POINT('',(9.607181665925,0.176181238671));
#5778 = CARTESIAN_POINT('',(9.576170943458,0.181812710644));
#5779 = CARTESIAN_POINT('',(9.552746614375,0.1875588379));
#5780 = CARTESIAN_POINT('',(9.537266235087,0.193386261852));
#5781 = CARTESIAN_POINT('',(9.529924247458,0.19925599747));
#5782 = CARTESIAN_POINT('',(9.530686582112,0.205122829729));
#5783 = ( GEOMETRIC_REPRESENTATION_CONTEXT(2) 
PARAMETRIC_REPRESENTATION_CONTEXT() REPRESENTATION_CONTEXT('2D SPACE',''
  ) );
#5784 = PCURVE('',#5785,#5790);
#5785 = CYLINDRICAL_SURFACE('',#5786,3.);
#5786 = AXIS2_PLACEMENT_3D('',#5787,#5788,#5789);
#5787 = CARTESIAN_POINT('',(-47.86657188345,1.,51.042189826823));
#5788 = DIRECTION('',(-0.944496796706,1.156674978891E-16,-0.328520624941
    ));
#5789 = DIRECTION('',(0.328520624941,-4.023217317882E-17,-0.944496796706
    ));
#5790 = DEFINITIONAL_REPRESENTATION('',(#5791),#5822);
#5791 = B_SPLINE_CURVE_WITH_KNOTS('',8,(#5792,#5793,#5794,#5795,#5796,
    #5797,#5798,#5799,#5800,#5801,#5802,#5803,#5804,#5805,#5806,#5807,
    #5808,#5809,#5810,#5811,#5812,#5813,#5814,#5815,#5816,#5817,#5818,
    #5819,#5820,#5821),.UNSPECIFIED.,.F.,.F.,(9,7,7,7,9),(0.,
    0.511401799562,0.675918648237,0.799541909948,1.),.UNSPECIFIED.);
#5792 = CARTESIAN_POINT('',(0.,4.));
#5793 = CARTESIAN_POINT('',(-8.61450665215E-02,4.));
#5794 = CARTESIAN_POINT('',(-0.172153596681,4.));
#5795 = CARTESIAN_POINT('',(-0.258715453289,4.));
#5796 = CARTESIAN_POINT('',(-0.346349299902,4.));
#5797 = CARTESIAN_POINT('',(-0.435517513375,4.));
#5798 = CARTESIAN_POINT('',(-0.526742420696,4.));
#5799 = CARTESIAN_POINT('',(-0.620577319008,4.));
#5800 = CARTESIAN_POINT('',(-0.74943437183,4.));
#5801 = CARTESIAN_POINT('',(-0.781153317312,4.));
#5802 = CARTESIAN_POINT('',(-0.813252999308,4.));
#5803 = CARTESIAN_POINT('',(-0.845755963063,4.));
#5804 = CARTESIAN_POINT('',(-0.878682422656,4.));
#5805 = CARTESIAN_POINT('',(-0.912050648588,4.));
#5806 = CARTESIAN_POINT('',(-0.945877355381,4.));
#5807 = CARTESIAN_POINT('',(-1.005952765887,4.));
#5808 = CARTESIAN_POINT('',(-1.031993272583,4.));
#5809 = CARTESIAN_POINT('',(-1.058304770252,4.));
#5810 = CARTESIAN_POINT('',(-1.084890189846,4.));
#5811 = CARTESIAN_POINT('',(-1.111749934273,4.));
#5812 = CARTESIAN_POINT('',(-1.138881580406,4.));
#5813 = CARTESIAN_POINT('',(-1.16627958109,4.));
#5814 = CARTESIAN_POINT('',(-1.238778840312,4.));
#5815 = CARTESIAN_POINT('',(-1.284331257295,4.));
#5816 = CARTESIAN_POINT('',(-1.330513775588,4.));
#5817 = CARTESIAN_POINT('',(-1.377237934009,4.));
#5818 = CARTESIAN_POINT('',(-1.424403179432,4.));
#5819 = CARTESIAN_POINT('',(-1.47188952582,4.));
#5820 = CARTESIAN_POINT('',(-1.519544945535,4.));
#5821 = CARTESIAN_POINT('',(-1.567167492941,4.));
#5822 = ( GEOMETRIC_REPRESENTATION_CONTEXT(2) 
PARAMETRIC_REPRESENTATION_CONTEXT() REPRESENTATION_CONTEXT('2D SPACE',''
  ) );
#5823 = ORIENTED_EDGE('',*,*,#5824,.T.);
#5824 = EDGE_CURVE('',#5716,#5825,#5827,.T.);
#5825 = VERTEX_POINT('',#5826);
#5826 = CARTESIAN_POINT('',(-51.64455907028,4.,49.728107327058));
#5827 = SURFACE_CURVE('',#5828,(#5831,#5837),.PCURVE_S1.);
#5828 = B_SPLINE_CURVE_WITH_KNOTS('',1,(#5829,#5830),.UNSPECIFIED.,.F.,
  .F.,(2,2),(0.,1.),.PIECEWISE_BEZIER_KNOTS.);
#5829 = CARTESIAN_POINT('',(-51.64098263783,3.999980247369,
    49.717825083774));
#5830 = CARTESIAN_POINT('',(-51.64455907028,4.,49.728107327058));
#5831 = PCURVE('',#2533,#5832);
#5832 = DEFINITIONAL_REPRESENTATION('',(#5833),#5836);
#5833 = B_SPLINE_CURVE_WITH_KNOTS('',1,(#5834,#5835),.UNSPECIFIED.,.F.,
  .F.,(2,2),(0.,1.),.PIECEWISE_BEZIER_KNOTS.);
#5834 = CARTESIAN_POINT('',(9.530686582112,0.205122829729));
#5835 = CARTESIAN_POINT('',(9.530765259291,0.205569883785));
#5836 = ( GEOMETRIC_REPRESENTATION_CONTEXT(2) 
PARAMETRIC_REPRESENTATION_CONTEXT() REPRESENTATION_CONTEXT('2D SPACE',''
  ) );
#5837 = PCURVE('',#5785,#5838);
#5838 = DEFINITIONAL_REPRESENTATION('',(#5839),#5842);
#5839 = B_SPLINE_CURVE_WITH_KNOTS('',1,(#5840,#5841),.UNSPECIFIED.,.F.,
  .F.,(2,2),(0.,1.),.PIECEWISE_BEZIER_KNOTS.);
#5840 = CARTESIAN_POINT('',(-1.567167492941,4.));
#5841 = CARTESIAN_POINT('',(-1.570796326795,4.));
#5842 = ( GEOMETRIC_REPRESENTATION_CONTEXT(2) 
PARAMETRIC_REPRESENTATION_CONTEXT() REPRESENTATION_CONTEXT('2D SPACE',''
  ) );
#5843 = ORIENTED_EDGE('',*,*,#5844,.T.);
#5844 = EDGE_CURVE('',#5825,#5845,#5847,.T.);
#5845 = VERTEX_POINT('',#5846);
#5846 = CARTESIAN_POINT('',(-54.92976531969,4.,59.17307529412));
#5847 = SURFACE_CURVE('',#5848,(#5857,#5869),.PCURVE_S1.);
#5848 = B_SPLINE_CURVE_WITH_KNOTS('',4,(#5849,#5850,#5851,#5852,#5853,
    #5854,#5855,#5856),.UNSPECIFIED.,.F.,.F.,(5,3,5),(0.,0.855791800938,
    1.),.UNSPECIFIED.);
#5849 = CARTESIAN_POINT('',(-51.64455907028,4.,49.728107327058));
#5850 = CARTESIAN_POINT('',(-52.34742098274,4.,51.748835325384));
#5851 = CARTESIAN_POINT('',(-53.050283623,4.,53.769565416128));
#5852 = CARTESIAN_POINT('',(-53.75314695711,4.,55.790297501707));
#5853 = CARTESIAN_POINT('',(-54.57444951777,4.,58.151542363601));
#5854 = CARTESIAN_POINT('',(-54.69288809976,4.,58.492053286816));
#5855 = CARTESIAN_POINT('',(-54.81132670046,4.,58.832564263822));
#5856 = CARTESIAN_POINT('',(-54.92976531969,4.,59.17307529412));
#5857 = PCURVE('',#2533,#5858);
#5858 = DEFINITIONAL_REPRESENTATION('',(#5859),#5868);
#5859 = B_SPLINE_CURVE_WITH_KNOTS('',4,(#5860,#5861,#5862,#5863,#5864,
    #5865,#5866,#5867),.UNSPECIFIED.,.F.,.F.,(5,3,5),(0.,0.855791800938,
    1.),.UNSPECIFIED.);
#5860 = CARTESIAN_POINT('',(9.530765256392,0.205569883785));
#5861 = CARTESIAN_POINT('',(9.550273142013,0.293427622843));
#5862 = CARTESIAN_POINT('',(9.569537648499,0.381285452875));
#5863 = CARTESIAN_POINT('',(9.588565585219,0.469143369639));
#5864 = CARTESIAN_POINT('',(9.610530881165,0.571806189722));
#5865 = CARTESIAN_POINT('',(9.613691922193,0.58661101247));
#5866 = CARTESIAN_POINT('',(9.616846449815,0.601415837557));
#5867 = CARTESIAN_POINT('',(9.619994504922,0.616220664962));
#5868 = ( GEOMETRIC_REPRESENTATION_CONTEXT(2) 
PARAMETRIC_REPRESENTATION_CONTEXT() REPRESENTATION_CONTEXT('2D SPACE',''
  ) );
#5869 = PCURVE('',#5870,#5875);
#5870 = PLANE('',#5871);
#5871 = AXIS2_PLACEMENT_3D('',#5872,#5873,#5874);
#5872 = CARTESIAN_POINT('',(-46.88101000863,4.,48.208699436705));
#5873 = DIRECTION('',(-1.224646799147E-16,-1.,0.));
#5874 = DIRECTION('',(-0.328520624941,4.023217317882E-17,0.944496796706)
  );
#5875 = DEFINITIONAL_REPRESENTATION('',(#5876),#5885);
#5876 = B_SPLINE_CURVE_WITH_KNOTS('',4,(#5877,#5878,#5879,#5880,#5881,
    #5882,#5883,#5884),.UNSPECIFIED.,.F.,.F.,(5,3,5),(0.,0.855791800938,
    1.),.UNSPECIFIED.);
#5877 = CARTESIAN_POINT('',(3.,4.));
#5878 = CARTESIAN_POINT('',(5.139475756163,4.));
#5879 = CARTESIAN_POINT('',(7.278953727703,4.));
#5880 = CARTESIAN_POINT('',(9.418433811306,4.));
#5881 = CARTESIAN_POINT('',(11.918436850097,4.));
#5882 = CARTESIAN_POINT('',(12.278957843289,4.));
#5883 = CARTESIAN_POINT('',(12.639478893433,4.));
#5884 = CARTESIAN_POINT('',(13.,4.));
#5885 = ( GEOMETRIC_REPRESENTATION_CONTEXT(2) 
PARAMETRIC_REPRESENTATION_CONTEXT() REPRESENTATION_CONTEXT('2D SPACE',''
  ) );
#5886 = ORIENTED_EDGE('',*,*,#5887,.T.);
#5887 = EDGE_CURVE('',#5845,#5888,#5890,.T.);
#5888 = VERTEX_POINT('',#5889);
#5889 = CARTESIAN_POINT('',(-55.91532719451,1.,62.006565684238));
#5890 = SURFACE_CURVE('',#5891,(#5922,#5956),.PCURVE_S1.);
#5891 = B_SPLINE_CURVE_WITH_KNOTS('',8,(#5892,#5893,#5894,#5895,#5896,
    #5897,#5898,#5899,#5900,#5901,#5902,#5903,#5904,#5905,#5906,#5907,
    #5908,#5909,#5910,#5911,#5912,#5913,#5914,#5915,#5916,#5917,#5918,
    #5919,#5920,#5921),.UNSPECIFIED.,.F.,.F.,(9,7,7,7,9),(0.,
    0.192918171844,0.317821037543,0.483187014505,1.),.UNSPECIFIED.);
#5892 = CARTESIAN_POINT('',(-54.92976531969,4.,59.17307529412));
#5893 = CARTESIAN_POINT('',(-54.97469809523,4.,59.30225702381));
#5894 = CARTESIAN_POINT('',(-55.01962595375,3.992873331829,
    59.431424617037));
#5895 = CARTESIAN_POINT('',(-55.06424421345,3.978623849694,
    59.559702113679));
#5896 = CARTESIAN_POINT('',(-55.10828822244,3.957428120061,
    59.686328639515));
#5897 = CARTESIAN_POINT('',(-55.15152969663,3.929586184059,
    59.810647877812));
#5898 = CARTESIAN_POINT('',(-55.19377370642,3.895483963857,
    59.932099405978));
#5899 = CARTESIAN_POINT('',(-55.23485631209,3.855567313025,
    60.05021189726));
#5900 = CARTESIAN_POINT('',(-55.30040222695,3.781037800551,
    60.238656402504));
#5901 = CARTESIAN_POINT('',(-55.32562726849,3.74950621215,60.31117839691
    ));
#5902 = CARTESIAN_POINT('',(-55.35028848894,3.715855009099,
    60.382079405703));
#5903 = CARTESIAN_POINT('',(-55.37436281779,3.680206967308,
    60.451293101153));
#5904 = CARTESIAN_POINT('',(-55.39783292072,3.642683359756,
    60.518769647093));
#5905 = CARTESIAN_POINT('',(-55.42068652284,3.603401741084,
    60.584473753185));
#5906 = CARTESIAN_POINT('',(-55.44291573189,3.562473732191,
    60.648382729189));
#5907 = CARTESIAN_POINT('',(-55.49311465819,3.46377313902,
    60.792704642303));
#5908 = CARTESIAN_POINT('',(-55.52060863529,3.404844101636,
    60.87174982646));
#5909 = CARTESIAN_POINT('',(-55.5469913198,3.343453062404,60.94760004445
    ));
#5910 = CARTESIAN_POINT('',(-55.57226219976,3.279821744034,
    61.020253824311));
#5911 = CARTESIAN_POINT('',(-55.59642625086,3.214154545681,
    61.089725471229));
#5912 = CARTESIAN_POINT('',(-55.61949296326,3.146636866408,
    61.156042269371));
#5913 = CARTESIAN_POINT('',(-55.64147536825,3.07743342866,
    61.219241683734));
#5914 = CARTESIAN_POINT('',(-55.727749971,2.78558381192,61.46728116665)
  );
#5915 = CARTESIAN_POINT('',(-55.78252282563,2.549914143853,
    61.624753123702));
#5916 = CARTESIAN_POINT('',(-55.8274429411,2.303539093527,
    61.753898455676));
#5917 = CARTESIAN_POINT('',(-55.86286803112,2.049477285666,
    61.855745589493));
#5918 = CARTESIAN_POINT('',(-55.88916492231,1.790299692621,
    61.931349151656));
#5919 = CARTESIAN_POINT('',(-55.9065878567,1.528033364472,
    61.981440088019));
#5920 = CARTESIAN_POINT('',(-55.91532719451,1.264251988657,
    62.006565684238));
#5921 = CARTESIAN_POINT('',(-55.91532719451,1.,62.006565684238));
#5922 = PCURVE('',#2533,#5923);
#5923 = DEFINITIONAL_REPRESENTATION('',(#5924),#5955);
#5924 = B_SPLINE_CURVE_WITH_KNOTS('',8,(#5925,#5926,#5927,#5928,#5929,
    #5930,#5931,#5932,#5933,#5934,#5935,#5936,#5937,#5938,#5939,#5940,
    #5941,#5942,#5943,#5944,#5945,#5946,#5947,#5948,#5949,#5950,#5951,
    #5952,#5953,#5954),.UNSPECIFIED.,.F.,.F.,(9,7,7,7,9),(0.,
    0.192918171844,0.317821037543,0.483187014505,1.),.UNSPECIFIED.);
#5925 = CARTESIAN_POINT('',(9.619994506818,0.616220664962));
#5926 = CARTESIAN_POINT('',(9.62118880353,0.621837261905));
#5927 = CARTESIAN_POINT('',(9.629651384724,0.627453244219));
#5928 = CARTESIAN_POINT('',(9.645361697515,0.633030526682));
#5929 = CARTESIAN_POINT('',(9.668124176233,0.638536027805));
#5930 = CARTESIAN_POINT('',(9.697619221299,0.643941212079));
#5931 = CARTESIAN_POINT('',(9.733442005649,0.649221713303));
#5932 = CARTESIAN_POINT('',(9.775129108683,0.654357039011));
#5933 = CARTESIAN_POINT('',(9.852631041937,0.66255027837));
#5934 = CARTESIAN_POINT('',(9.885345371864,0.665703408561));
#5935 = CARTESIAN_POINT('',(9.920189904622,0.668786061118));
#5936 = CARTESIAN_POINT('',(9.957038285437,0.671795352224));
#5937 = CARTESIAN_POINT('',(9.995766078078,0.674729115091));
#5938 = CARTESIAN_POINT('',(10.036252975249,0.677585815356));
#5939 = CARTESIAN_POINT('',(10.078385008987,0.680364466487));
#5940 = CARTESIAN_POINT('',(10.179876266689,0.686639332274));
#5941 = CARTESIAN_POINT('',(10.240389386935,0.690076079411));
#5942 = CARTESIAN_POINT('',(10.303354346192,0.693373914976));
#5943 = CARTESIAN_POINT('',(10.368545934802,0.69653277497));
#5944 = CARTESIAN_POINT('',(10.435757098632,0.699553281358));
#5945 = CARTESIAN_POINT('',(10.504800528648,0.702436620407));
#5946 = CARTESIAN_POINT('',(10.575510250498,0.705184421032));
#5947 = CARTESIAN_POINT('',(10.873490579112,0.715968746376));
#5948 = CARTESIAN_POINT('',(11.113597401537,0.722815353204));
#5949 = CARTESIAN_POINT('',(11.364195847275,0.728430367638));
#5950 = CARTESIAN_POINT('',(11.622280946282,0.732858503891));
#5951 = CARTESIAN_POINT('',(11.885309458361,0.736145615289));
#5952 = CARTESIAN_POINT('',(12.151289733387,0.738323482088));
#5953 = CARTESIAN_POINT('',(12.418687961587,0.739415899315));
#5954 = CARTESIAN_POINT('',(12.686505815368,0.739415899315));
#5955 = ( GEOMETRIC_REPRESENTATION_CONTEXT(2) 
PARAMETRIC_REPRESENTATION_CONTEXT() REPRESENTATION_CONTEXT('2D SPACE',''
  ) );
#5956 = PCURVE('',#5957,#5962);
#5957 = CYLINDRICAL_SURFACE('',#5958,3.);
#5958 = AXIS2_PLACEMENT_3D('',#5959,#5960,#5961);
#5959 = CARTESIAN_POINT('',(-59.18000090487,1.,57.694732481884));
#5960 = DIRECTION('',(0.944496796706,-1.156674978891E-16,0.328520624941)
  );
#5961 = DIRECTION('',(-0.328520624941,4.023217317882E-17,0.944496796706)
  );
#5962 = DEFINITIONAL_REPRESENTATION('',(#5963),#5994);
#5963 = B_SPLINE_CURVE_WITH_KNOTS('',8,(#5964,#5965,#5966,#5967,#5968,
    #5969,#5970,#5971,#5972,#5973,#5974,#5975,#5976,#5977,#5978,#5979,
    #5980,#5981,#5982,#5983,#5984,#5985,#5986,#5987,#5988,#5989,#5990,
    #5991,#5992,#5993),.UNSPECIFIED.,.F.,.F.,(9,7,7,7,9),(0.,
    0.192918171844,0.317821037543,0.483187014505,1.),.UNSPECIFIED.);
#5964 = CARTESIAN_POINT('',(-1.570796326795,4.5));
#5965 = CARTESIAN_POINT('',(-1.525205302332,4.5));
#5966 = CARTESIAN_POINT('',(-1.479619339131,4.5));
#5967 = CARTESIAN_POINT('',(-1.434202838824,4.5));
#5968 = CARTESIAN_POINT('',(-1.389080686935,4.5));
#5969 = CARTESIAN_POINT('',(-1.344351847566,4.5));
#5970 = CARTESIAN_POINT('',(-1.300098979018,4.5));
#5971 = CARTESIAN_POINT('',(-1.256394070344,4.5));
#5972 = CARTESIAN_POINT('',(-1.18539935478,4.5));
#5973 = CARTESIAN_POINT('',(-1.157745061057,4.5));
#5974 = CARTESIAN_POINT('',(-1.130346252907,4.5));
#5975 = CARTESIAN_POINT('',(-1.103208651934,4.5));
#5976 = CARTESIAN_POINT('',(-1.076334954869,4.5));
#5977 = CARTESIAN_POINT('',(-1.049725122341,4.5));
#5978 = CARTESIAN_POINT('',(-1.023376667642,4.5));
#5979 = CARTESIAN_POINT('',(-0.962740637008,4.5));
#5980 = CARTESIAN_POINT('',(-0.928649363841,4.5));
#5981 = CARTESIAN_POINT('',(-0.894997091972,4.5));
#5982 = CARTESIAN_POINT('',(-0.861768536386,4.5));
#5983 = CARTESIAN_POINT('',(-0.828946804245,4.5));
#5984 = CARTESIAN_POINT('',(-0.796513038079,4.5));
#5985 = CARTESIAN_POINT('',(-0.764446058958,4.5));
#5986 = CARTESIAN_POINT('',(-0.633575855679,4.5));
#5987 = CARTESIAN_POINT('',(-0.538006000419,4.5));
#5988 = CARTESIAN_POINT('',(-0.444987560815,4.5));
#5989 = CARTESIAN_POINT('',(-0.353980089283,4.5));
#5990 = CARTESIAN_POINT('',(-0.264472937702,4.5));
#5991 = CARTESIAN_POINT('',(-0.17601147938,4.5));
#5992 = CARTESIAN_POINT('',(-8.808399621893E-02,4.5));
#5993 = CARTESIAN_POINT('',(0.,4.5));
#5994 = ( GEOMETRIC_REPRESENTATION_CONTEXT(2) 
PARAMETRIC_REPRESENTATION_CONTEXT() REPRESENTATION_CONTEXT('2D SPACE',''
  ) );
#5995 = ORIENTED_EDGE('',*,*,#5996,.F.);
#5996 = EDGE_CURVE('',#5997,#5888,#5999,.T.);
#5997 = VERTEX_POINT('',#5998);
#5998 = CARTESIAN_POINT('',(-55.91532719451,-1.,62.006565684238));
#5999 = SURFACE_CURVE('',#6000,(#6003,#6009),.PCURVE_S1.);
#6000 = B_SPLINE_CURVE_WITH_KNOTS('',1,(#6001,#6002),.UNSPECIFIED.,.F.,
  .F.,(2,2),(0.,1.),.PIECEWISE_BEZIER_KNOTS.);
#6001 = CARTESIAN_POINT('',(-55.91532719451,-1.,62.006565684238));
#6002 = CARTESIAN_POINT('',(-55.91532719451,1.,62.006565684238));
#6003 = PCURVE('',#2533,#6004);
#6004 = DEFINITIONAL_REPRESENTATION('',(#6005),#6008);
#6005 = B_SPLINE_CURVE_WITH_KNOTS('',1,(#6006,#6007),.UNSPECIFIED.,.F.,
  .F.,(2,2),(0.,1.),.PIECEWISE_BEZIER_KNOTS.);
#6006 = CARTESIAN_POINT('',(14.713494184632,0.739415899315));
#6007 = CARTESIAN_POINT('',(12.686505815368,0.739415899315));
#6008 = ( GEOMETRIC_REPRESENTATION_CONTEXT(2) 
PARAMETRIC_REPRESENTATION_CONTEXT() REPRESENTATION_CONTEXT('2D SPACE',''
  ) );
#6009 = PCURVE('',#6010,#6015);
#6010 = PLANE('',#6011);
#6011 = AXIS2_PLACEMENT_3D('',#6012,#6013,#6014);
#6012 = CARTESIAN_POINT('',(-52.13734000769,4.,63.320648184003));
#6013 = DIRECTION('',(-0.328520624941,4.023217317882E-17,0.944496796706)
  );
#6014 = DIRECTION('',(-0.944496796706,1.156674978891E-16,-0.328520624941
    ));
#6015 = DEFINITIONAL_REPRESENTATION('',(#6016),#6019);
#6016 = B_SPLINE_CURVE_WITH_KNOTS('',1,(#6017,#6018),.UNSPECIFIED.,.F.,
  .F.,(2,2),(0.,1.),.PIECEWISE_BEZIER_KNOTS.);
#6017 = CARTESIAN_POINT('',(4.,5.));
#6018 = CARTESIAN_POINT('',(4.,3.));
#6019 = ( GEOMETRIC_REPRESENTATION_CONTEXT(2) 
PARAMETRIC_REPRESENTATION_CONTEXT() REPRESENTATION_CONTEXT('2D SPACE',''
  ) );
#6020 = ORIENTED_EDGE('',*,*,#6021,.T.);
#6021 = EDGE_CURVE('',#5997,#6022,#6024,.T.);
#6022 = VERTEX_POINT('',#6023);
#6023 = CARTESIAN_POINT('',(-54.92976531969,-4.,59.17307529412));
#6024 = SURFACE_CURVE('',#6025,(#6056,#6090),.PCURVE_S1.);
#6025 = B_SPLINE_CURVE_WITH_KNOTS('',8,(#6026,#6027,#6028,#6029,#6030,
    #6031,#6032,#6033,#6034,#6035,#6036,#6037,#6038,#6039,#6040,#6041,
    #6042,#6043,#6044,#6045,#6046,#6047,#6048,#6049,#6050,#6051,#6052,
    #6053,#6054,#6055),.UNSPECIFIED.,.F.,.F.,(9,7,7,7,9),(0.,
    0.512707034792,0.682194687698,0.809708380671,1.),.UNSPECIFIED.);
#6026 = CARTESIAN_POINT('',(-55.91532719451,-1.,62.006565684238));
#6027 = CARTESIAN_POINT('',(-55.91532719451,-1.262149606461,
    62.006565684238));
#6028 = CARTESIAN_POINT('',(-55.90672637311,-1.523848998339,
    61.981838322712));
#6029 = CARTESIAN_POINT('',(-55.88957760676,-1.784065528798,
    61.932535619437));
#6030 = CARTESIAN_POINT('',(-55.86369799578,-2.041261215405,
    61.85813173788));
#6031 = CARTESIAN_POINT('',(-55.82884108212,-2.293462457472,
    61.757918111122));
#6032 = CARTESIAN_POINT('',(-55.78465209367,-2.538176706962,
    61.630874769325));
#6033 = CARTESIAN_POINT('',(-55.73078044102,-2.77247904426,
    61.475993767951));
#6034 = CARTESIAN_POINT('',(-55.64526954564,-3.065424058805,
    61.230149943731));
#6035 = CARTESIAN_POINT('',(-55.62290446856,-3.136606260878,
    61.165850347125));
#6036 = CARTESIAN_POINT('',(-55.59940202737,-3.206039143803,
    61.098280828715));
#6037 = CARTESIAN_POINT('',(-55.57474791829,-3.273547257516,
    61.02740026509));
#6038 = CARTESIAN_POINT('',(-55.54893162809,-3.338932427949,
    60.953178430781));
#6039 = CARTESIAN_POINT('',(-55.52194751299,-3.401975597429,
    60.875599099856));
#6040 = CARTESIAN_POINT('',(-55.49379587739,-3.462438665074,
    60.794663147506));
#6041 = CARTESIAN_POINT('',(-55.44243136073,-3.563422382263,
    60.646990162112));
#6042 = CARTESIAN_POINT('',(-55.41972355015,-3.605170265781,
    60.581705206683));
#6043 = CARTESIAN_POINT('',(-55.39636507688,-3.645199912095,
    60.514549596041));
#6044 = CARTESIAN_POINT('',(-55.37236442573,-3.683392356327,
    60.445547723989));
#6045 = CARTESIAN_POINT('',(-55.34773486275,-3.719622217406,
    60.374737730424));
#6046 = CARTESIAN_POINT('',(-55.32249518759,-3.753760181105,
    60.302173664327));
#6047 = CARTESIAN_POINT('',(-55.29667048582,-3.785675483081,
    60.227927646738));
#6048 = CARTESIAN_POINT('',(-55.23092897487,-3.859355801293,
    60.038920802778));
#6049 = CARTESIAN_POINT('',(-55.19031386035,-3.898257218313,
    59.922152348506));
#6050 = CARTESIAN_POINT('',(-55.14857918072,-3.931472703382,
    59.80216514458));
#6051 = CARTESIAN_POINT('',(-55.10588429066,-3.958577016448,
    59.67941733565));
#6052 = CARTESIAN_POINT('',(-55.06241784382,-3.979203122955,
    59.554451301004));
#6053 = CARTESIAN_POINT('',(-55.01839998027,-3.993066465326,
    59.427899943299));
#6054 = CARTESIAN_POINT('',(-54.97408511386,-4.,59.300494702368));
#6055 = CARTESIAN_POINT('',(-54.92976531969,-4.,59.17307529412));
#6056 = PCURVE('',#2533,#6057);
#6057 = DEFINITIONAL_REPRESENTATION('',(#6058),#6089);
#6058 = B_SPLINE_CURVE_WITH_KNOTS('',8,(#6059,#6060,#6061,#6062,#6063,
    #6064,#6065,#6066,#6067,#6068,#6069,#6070,#6071,#6072,#6073,#6074,
    #6075,#6076,#6077,#6078,#6079,#6080,#6081,#6082,#6083,#6084,#6085,
    #6086,#6087,#6088),.UNSPECIFIED.,.F.,.F.,(9,7,7,7,9),(0.,
    0.512707034792,0.682194687698,0.809708380671,1.),.UNSPECIFIED.);
#6059 = CARTESIAN_POINT('',(14.713494184632,0.739415899315));
#6060 = CARTESIAN_POINT('',(14.979181286284,0.739415899315));
#6061 = CARTESIAN_POINT('',(15.244468526871,0.73834079664));
#6062 = CARTESIAN_POINT('',(15.50836811193,0.736197200845));
#6063 = CARTESIAN_POINT('',(15.769380977694,0.732962249473));
#6064 = CARTESIAN_POINT('',(16.02556812437,0.728605135266));
#6065 = CARTESIAN_POINT('',(16.274464287242,0.72308151171));
#6066 = CARTESIAN_POINT('',(16.513158430389,0.716347555128));
#6067 = CARTESIAN_POINT('',(16.812219697589,0.705658693206));
#6068 = CARTESIAN_POINT('',(16.884942728991,0.702863058571));
#6069 = CARTESIAN_POINT('',(16.955937053362,0.699925253422));
#6070 = CARTESIAN_POINT('',(17.025025935989,0.696843489787));
#6071 = CARTESIAN_POINT('',(17.092009202384,0.693616453512));
#6072 = CARTESIAN_POINT('',(17.15666498089,0.690243439124));
#6073 = CARTESIAN_POINT('',(17.218751445285,0.686724484674));
#6074 = CARTESIAN_POINT('',(17.322590525863,0.680303920092));
#6075 = CARTESIAN_POINT('',(17.36556765579,0.677465443769));
#6076 = CARTESIAN_POINT('',(17.406827811178,0.67454563461));
#6077 = CARTESIAN_POINT('',(17.446249520277,0.671545553217));
#6078 = CARTESIAN_POINT('',(17.483704453741,0.668466857845));
#6079 = CARTESIAN_POINT('',(17.519059902792,0.665311898449));
#6080 = CARTESIAN_POINT('',(17.552181257383,0.662083810728));
#6081 = CARTESIAN_POINT('',(17.628828232914,0.65386612186));
#6082 = CARTESIAN_POINT('',(17.66947186305,0.648789232544));
#6083 = CARTESIAN_POINT('',(17.704379878994,0.64357239759));
#6084 = CARTESIAN_POINT('',(17.733110093839,0.638235536333));
#6085 = CARTESIAN_POINT('',(17.755277297241,0.632802230478));
#6086 = CARTESIAN_POINT('',(17.770578176257,0.627299997535));
#6087 = CARTESIAN_POINT('',(17.778827489291,0.621760639233));
#6088 = CARTESIAN_POINT('',(17.780005493182,0.616220664962));
#6089 = ( GEOMETRIC_REPRESENTATION_CONTEXT(2) 
PARAMETRIC_REPRESENTATION_CONTEXT() REPRESENTATION_CONTEXT('2D SPACE',''
  ) );
#6090 = PCURVE('',#6091,#6096);
#6091 = CYLINDRICAL_SURFACE('',#6092,3.);
#6092 = AXIS2_PLACEMENT_3D('',#6093,#6094,#6095);
#6093 = CARTESIAN_POINT('',(-59.18000090487,-1.,57.694732481884));
#6094 = DIRECTION('',(0.944496796706,-1.156674978891E-16,0.328520624941)
  );
#6095 = DIRECTION('',(-0.328520624941,4.023217317882E-17,0.944496796706)
  );
#6096 = DEFINITIONAL_REPRESENTATION('',(#6097),#6128);
#6097 = B_SPLINE_CURVE_WITH_KNOTS('',8,(#6098,#6099,#6100,#6101,#6102,
    #6103,#6104,#6105,#6106,#6107,#6108,#6109,#6110,#6111,#6112,#6113,
    #6114,#6115,#6116,#6117,#6118,#6119,#6120,#6121,#6122,#6123,#6124,
    #6125,#6126,#6127),.UNSPECIFIED.,.F.,.F.,(9,7,7,7,9),(0.,
    0.512707034792,0.682194687698,0.809708380671,1.),.UNSPECIFIED.);
#6098 = CARTESIAN_POINT('',(0.,4.5));
#6099 = CARTESIAN_POINT('',(8.73832021537E-02,4.5));
#6100 = CARTESIAN_POINT('',(0.17461666363,4.5));
#6101 = CARTESIAN_POINT('',(0.262370351952,4.5));
#6102 = CARTESIAN_POINT('',(0.351143356388,4.5));
#6103 = CARTESIAN_POINT('',(0.44138045393,4.5));
#6104 = CARTESIAN_POINT('',(0.533579525225,4.5));
#6105 = CARTESIAN_POINT('',(0.628269944121,4.5));
#6106 = CARTESIAN_POINT('',(0.758895822399,4.5));
#6107 = CARTESIAN_POINT('',(0.791705920045,4.5));
#6108 = CARTESIAN_POINT('',(0.82489864681,4.5));
#6109 = CARTESIAN_POINT('',(0.858496909067,4.5));
#6110 = CARTESIAN_POINT('',(0.89252109462,4.5));
#6111 = CARTESIAN_POINT('',(0.926989486068,4.5));
#6112 = CARTESIAN_POINT('',(0.961918674169,4.5));
#6113 = CARTESIAN_POINT('',(1.023961074836,4.5));
#6114 = CARTESIAN_POINT('',(1.050865766842,4.5));
#6115 = CARTESIAN_POINT('',(1.078042984246,4.5));
#6116 = CARTESIAN_POINT('',(1.105495321493,4.5));
#6117 = CARTESIAN_POINT('',(1.133222705213,4.5));
#6118 = CARTESIAN_POINT('',(1.161222068994,4.5));
#6119 = CARTESIAN_POINT('',(1.189487028146,4.5));
#6120 = CARTESIAN_POINT('',(1.260569392435,4.5));
#6121 = CARTESIAN_POINT('',(1.303721763278,4.5));
#6122 = CARTESIAN_POINT('',(1.347403047924,4.5));
#6123 = CARTESIAN_POINT('',(1.39154314679,4.5));
#6124 = CARTESIAN_POINT('',(1.43606180485,4.5));
#6125 = CARTESIAN_POINT('',(1.480863266991,4.5));
#6126 = CARTESIAN_POINT('',(1.525827263659,4.5));
#6127 = CARTESIAN_POINT('',(1.570796326795,4.5));
#6128 = ( GEOMETRIC_REPRESENTATION_CONTEXT(2) 
PARAMETRIC_REPRESENTATION_CONTEXT() REPRESENTATION_CONTEXT('2D SPACE',''
  ) );
#6129 = ORIENTED_EDGE('',*,*,#6130,.F.);
#6130 = EDGE_CURVE('',#5580,#6022,#6131,.T.);
#6131 = SURFACE_CURVE('',#6132,(#6141,#6153),.PCURVE_S1.);
#6132 = B_SPLINE_CURVE_WITH_KNOTS('',4,(#6133,#6134,#6135,#6136,#6137,
    #6138,#6139,#6140),.UNSPECIFIED.,.F.,.F.,(5,3,5),(0.,0.855791800938,
    1.),.UNSPECIFIED.);
#6133 = CARTESIAN_POINT('',(-51.64455907028,-4.,49.728107327058));
#6134 = CARTESIAN_POINT('',(-52.34742098274,-4.,51.748835325384));
#6135 = CARTESIAN_POINT('',(-53.050283623,-4.,53.769565416127));
#6136 = CARTESIAN_POINT('',(-53.75314695711,-4.,55.790297501707));
#6137 = CARTESIAN_POINT('',(-54.57444951777,-4.,58.1515423636));
#6138 = CARTESIAN_POINT('',(-54.69288809976,-4.,58.492053286816));
#6139 = CARTESIAN_POINT('',(-54.81132670046,-4.,58.832564263822));
#6140 = CARTESIAN_POINT('',(-54.92976531969,-4.,59.17307529412));
#6141 = PCURVE('',#2533,#6142);
#6142 = DEFINITIONAL_REPRESENTATION('',(#6143),#6152);
#6143 = B_SPLINE_CURVE_WITH_KNOTS('',4,(#6144,#6145,#6146,#6147,#6148,
    #6149,#6150,#6151),.UNSPECIFIED.,.F.,.F.,(5,3,5),(0.,0.855791800938,
    1.),.UNSPECIFIED.);
#6144 = CARTESIAN_POINT('',(17.869234743608,0.205569883785));
#6145 = CARTESIAN_POINT('',(17.849726857987,0.293427622843));
#6146 = CARTESIAN_POINT('',(17.830462351501,0.381285452875));
#6147 = CARTESIAN_POINT('',(17.811434414781,0.469143369639));
#6148 = CARTESIAN_POINT('',(17.789469118835,0.571806189722));
#6149 = CARTESIAN_POINT('',(17.786308077807,0.58661101247));
#6150 = CARTESIAN_POINT('',(17.783153550185,0.601415837557));
#6151 = CARTESIAN_POINT('',(17.780005495078,0.616220664962));
#6152 = ( GEOMETRIC_REPRESENTATION_CONTEXT(2) 
PARAMETRIC_REPRESENTATION_CONTEXT() REPRESENTATION_CONTEXT('2D SPACE',''
  ) );
#6153 = PCURVE('',#6154,#6159);
#6154 = PLANE('',#6155);
#6155 = AXIS2_PLACEMENT_3D('',#6156,#6157,#6158);
#6156 = CARTESIAN_POINT('',(-46.88101000863,-4.,48.208699436705));
#6157 = DIRECTION('',(-1.224646799147E-16,-1.,0.));
#6158 = DIRECTION('',(-0.328520624941,4.023217317882E-17,0.944496796706)
  );
#6159 = DEFINITIONAL_REPRESENTATION('',(#6160),#6169);
#6160 = B_SPLINE_CURVE_WITH_KNOTS('',4,(#6161,#6162,#6163,#6164,#6165,
    #6166,#6167,#6168),.UNSPECIFIED.,.F.,.F.,(5,3,5),(0.,0.855791800938,
    1.),.UNSPECIFIED.);
#6161 = CARTESIAN_POINT('',(3.,4.));
#6162 = CARTESIAN_POINT('',(5.139475756163,4.));
#6163 = CARTESIAN_POINT('',(7.278953727703,4.));
#6164 = CARTESIAN_POINT('',(9.418433811306,4.));
#6165 = CARTESIAN_POINT('',(11.918436850096,4.));
#6166 = CARTESIAN_POINT('',(12.278957843289,4.));
#6167 = CARTESIAN_POINT('',(12.639478893433,4.));
#6168 = CARTESIAN_POINT('',(13.,4.));
#6169 = ( GEOMETRIC_REPRESENTATION_CONTEXT(2) 
PARAMETRIC_REPRESENTATION_CONTEXT() REPRESENTATION_CONTEXT('2D SPACE',''
  ) );
#6170 = ADVANCED_FACE('',(#6171,#6415),#2478,.T.);
#6171 = FACE_BOUND('',#6172,.T.);
#6172 = EDGE_LOOP('',(#6173,#6196,#6197,#6198,#6221,#6249,#6277,#6305,
    #6333,#6361,#6389));
#6173 = ORIENTED_EDGE('',*,*,#6174,.T.);
#6174 = EDGE_CURVE('',#6175,#2649,#6177,.T.);
#6175 = VERTEX_POINT('',#6176);
#6176 = CARTESIAN_POINT('',(-47.,57.62997778228,20.01044929361));
#6177 = SURFACE_CURVE('',#6178,(#6182,#6189),.PCURVE_S1.);
#6178 = LINE('',#6179,#6180);
#6179 = CARTESIAN_POINT('',(-47.,57.62997778228,20.01044929361));
#6180 = VECTOR('',#6181,1.);
#6181 = DIRECTION('',(0.,-0.926814435798,0.375519642091));
#6182 = PCURVE('',#2478,#6183);
#6183 = DEFINITIONAL_REPRESENTATION('',(#6184),#6188);
#6184 = LINE('',#6185,#6186);
#6185 = CARTESIAN_POINT('',(22.987074570713,-19.92938606397));
#6186 = VECTOR('',#6187,1.);
#6187 = DIRECTION('',(-0.375519642091,0.926814435798));
#6188 = ( GEOMETRIC_REPRESENTATION_CONTEXT(2) 
PARAMETRIC_REPRESENTATION_CONTEXT() REPRESENTATION_CONTEXT('2D SPACE',''
  ) );
#6189 = PCURVE('',#2684,#6190);
#6190 = DEFINITIONAL_REPRESENTATION('',(#6191),#6195);
#6191 = LINE('',#6192,#6193);
#6192 = CARTESIAN_POINT('',(0.,0.));
#6193 = VECTOR('',#6194,1.);
#6194 = DIRECTION('',(1.,0.));
#6195 = ( GEOMETRIC_REPRESENTATION_CONTEXT(2) 
PARAMETRIC_REPRESENTATION_CONTEXT() REPRESENTATION_CONTEXT('2D SPACE',''
  ) );
#6196 = ORIENTED_EDGE('',*,*,#2648,.T.);
#6197 = ORIENTED_EDGE('',*,*,#2452,.T.);
#6198 = ORIENTED_EDGE('',*,*,#6199,.T.);
#6199 = EDGE_CURVE('',#2428,#6200,#6202,.T.);
#6200 = VERTEX_POINT('',#6201);
#6201 = CARTESIAN_POINT('',(-47.,54.37002221772,43.98955070639));
#6202 = SURFACE_CURVE('',#6203,(#6207,#6214),.PCURVE_S1.);
#6203 = LINE('',#6204,#6205);
#6204 = CARTESIAN_POINT('',(-47.,1.942956241952,65.231551575882));
#6205 = VECTOR('',#6206,1.);
#6206 = DIRECTION('',(0.,0.926814435798,-0.375519642091));
#6207 = PCURVE('',#2478,#6208);
#6208 = DEFINITIONAL_REPRESENTATION('',(#6209),#6213);
#6209 = LINE('',#6210,#6211);
#6210 = CARTESIAN_POINT('',(-22.23402771155,35.757635476355));
#6211 = VECTOR('',#6212,1.);
#6212 = DIRECTION('',(0.375519642091,-0.926814435798));
#6213 = ( GEOMETRIC_REPRESENTATION_CONTEXT(2) 
PARAMETRIC_REPRESENTATION_CONTEXT() REPRESENTATION_CONTEXT('2D SPACE',''
  ) );
#6214 = PCURVE('',#2441,#6215);
#6215 = DEFINITIONAL_REPRESENTATION('',(#6216),#6220);
#6216 = LINE('',#6217,#6218);
#6217 = CARTESIAN_POINT('',(0.,0.));
#6218 = VECTOR('',#6219,1.);
#6219 = DIRECTION('',(1.,0.));
#6220 = ( GEOMETRIC_REPRESENTATION_CONTEXT(2) 
PARAMETRIC_REPRESENTATION_CONTEXT() REPRESENTATION_CONTEXT('2D SPACE',''
  ) );
#6221 = ORIENTED_EDGE('',*,*,#6222,.T.);
#6222 = EDGE_CURVE('',#6200,#6223,#6225,.T.);
#6223 = VERTEX_POINT('',#6224);
#6224 = CARTESIAN_POINT('',(-47.,55.677965324057,45.054453486536));
#6225 = SURFACE_CURVE('',#6226,(#6230,#6237),.PCURVE_S1.);
#6226 = LINE('',#6227,#6228);
#6227 = CARTESIAN_POINT('',(-47.,54.37002221772,43.98955070639));
#6228 = VECTOR('',#6229,1.);
#6229 = DIRECTION('',(0.,0.775475515474,0.631377640482));
#6230 = PCURVE('',#2478,#6231);
#6231 = DEFINITIONAL_REPRESENTATION('',(#6232),#6236);
#6232 = LINE('',#6233,#6234);
#6233 = CARTESIAN_POINT('',(-0.992026842067,-16.66943049941));
#6234 = VECTOR('',#6235,1.);
#6235 = DIRECTION('',(-0.631377640482,-0.775475515474));
#6236 = ( GEOMETRIC_REPRESENTATION_CONTEXT(2) 
PARAMETRIC_REPRESENTATION_CONTEXT() REPRESENTATION_CONTEXT('2D SPACE',''
  ) );
#6237 = PCURVE('',#6238,#6243);
#6238 = PLANE('',#6239);
#6239 = AXIS2_PLACEMENT_3D('',#6240,#6241,#6242);
#6240 = CARTESIAN_POINT('',(-47.,54.37002221772,43.98955070639));
#6241 = DIRECTION('',(0.,-0.631377640482,0.775475515474));
#6242 = DIRECTION('',(0.,0.775475515474,0.631377640482));
#6243 = DEFINITIONAL_REPRESENTATION('',(#6244),#6248);
#6244 = LINE('',#6245,#6246);
#6245 = CARTESIAN_POINT('',(0.,0.));
#6246 = VECTOR('',#6247,1.);
#6247 = DIRECTION('',(1.,0.));
#6248 = ( GEOMETRIC_REPRESENTATION_CONTEXT(2) 
PARAMETRIC_REPRESENTATION_CONTEXT() REPRESENTATION_CONTEXT('2D SPACE',''
  ) );
#6249 = ORIENTED_EDGE('',*,*,#6250,.T.);
#6250 = EDGE_CURVE('',#6223,#6251,#6253,.T.);
#6251 = VERTEX_POINT('',#6252);
#6252 = CARTESIAN_POINT('',(-47.,55.478816492325,45.309352367273));
#6253 = SURFACE_CURVE('',#6254,(#6258,#6265),.PCURVE_S1.);
#6254 = LINE('',#6255,#6256);
#6255 = CARTESIAN_POINT('',(-47.,78.873734498154,15.365222829868));
#6256 = VECTOR('',#6257,1.);
#6257 = DIRECTION('',(0.,-0.615661475326,0.788010753607));
#6258 = PCURVE('',#2478,#6259);
#6259 = DEFINITIONAL_REPRESENTATION('',(#6260),#6264);
#6260 = LINE('',#6261,#6262);
#6261 = CARTESIAN_POINT('',(27.632301034455,-41.17314277984));
#6262 = VECTOR('',#6263,1.);
#6263 = DIRECTION('',(-0.788010753607,0.615661475326));
#6264 = ( GEOMETRIC_REPRESENTATION_CONTEXT(2) 
PARAMETRIC_REPRESENTATION_CONTEXT() REPRESENTATION_CONTEXT('2D SPACE',''
  ) );
#6265 = PCURVE('',#6266,#6271);
#6266 = PLANE('',#6267);
#6267 = AXIS2_PLACEMENT_3D('',#6268,#6269,#6270);
#6268 = CARTESIAN_POINT('',(-47.,78.873734498154,15.365222829868));
#6269 = DIRECTION('',(0.,-0.788010753607,-0.615661475326));
#6270 = DIRECTION('',(0.,-0.615661475326,0.788010753607));
#6271 = DEFINITIONAL_REPRESENTATION('',(#6272),#6276);
#6272 = LINE('',#6273,#6274);
#6273 = CARTESIAN_POINT('',(0.,0.));
#6274 = VECTOR('',#6275,1.);
#6275 = DIRECTION('',(1.,0.));
#6276 = ( GEOMETRIC_REPRESENTATION_CONTEXT(2) 
PARAMETRIC_REPRESENTATION_CONTEXT() REPRESENTATION_CONTEXT('2D SPACE',''
  ) );
#6277 = ORIENTED_EDGE('',*,*,#6278,.T.);
#6278 = EDGE_CURVE('',#6251,#6279,#6281,.T.);
#6279 = VERTEX_POINT('',#6280);
#6280 = CARTESIAN_POINT('',(-47.,80.69516060774,65.010519577694));
#6281 = SURFACE_CURVE('',#6282,(#6286,#6293),.PCURVE_S1.);
#6282 = LINE('',#6283,#6284);
#6283 = CARTESIAN_POINT('',(-47.,55.478816492325,45.309352367273));
#6284 = VECTOR('',#6285,1.);
#6285 = DIRECTION('',(0.,0.788010753607,0.615661475326));
#6286 = PCURVE('',#2478,#6287);
#6287 = DEFINITIONAL_REPRESENTATION('',(#6288),#6292);
#6288 = LINE('',#6289,#6290);
#6289 = CARTESIAN_POINT('',(-2.31182850295,-17.77822477401));
#6290 = VECTOR('',#6291,1.);
#6291 = DIRECTION('',(-0.615661475326,-0.788010753607));
#6292 = ( GEOMETRIC_REPRESENTATION_CONTEXT(2) 
PARAMETRIC_REPRESENTATION_CONTEXT() REPRESENTATION_CONTEXT('2D SPACE',''
  ) );
#6293 = PCURVE('',#6294,#6299);
#6294 = PLANE('',#6295);
#6295 = AXIS2_PLACEMENT_3D('',#6296,#6297,#6298);
#6296 = CARTESIAN_POINT('',(-47.,55.478816492325,45.309352367273));
#6297 = DIRECTION('',(0.,-0.615661475326,0.788010753607));
#6298 = DIRECTION('',(0.,0.788010753607,0.615661475326));
#6299 = DEFINITIONAL_REPRESENTATION('',(#6300),#6304);
#6300 = LINE('',#6301,#6302);
#6301 = CARTESIAN_POINT('',(0.,0.));
#6302 = VECTOR('',#6303,1.);
#6303 = DIRECTION('',(1.,0.));
#6304 = ( GEOMETRIC_REPRESENTATION_CONTEXT(2) 
PARAMETRIC_REPRESENTATION_CONTEXT() REPRESENTATION_CONTEXT('2D SPACE',''
  ) );
#6305 = ORIENTED_EDGE('',*,*,#6306,.T.);
#6306 = EDGE_CURVE('',#6279,#6307,#6309,.T.);
#6307 = VERTEX_POINT('',#6308);
#6308 = CARTESIAN_POINT('',(-47.,104.09007861356,35.06639004029));
#6309 = SURFACE_CURVE('',#6310,(#6314,#6321),.PCURVE_S1.);
#6310 = LINE('',#6311,#6312);
#6311 = CARTESIAN_POINT('',(-47.,80.69516060774,65.010519577694));
#6312 = VECTOR('',#6313,1.);
#6313 = DIRECTION('',(0.,0.615661475326,-0.788010753607));
#6314 = PCURVE('',#2478,#6315);
#6315 = DEFINITIONAL_REPRESENTATION('',(#6316),#6320);
#6316 = LINE('',#6317,#6318);
#6317 = CARTESIAN_POINT('',(-22.01299571337,-42.99456888943));
#6318 = VECTOR('',#6319,1.);
#6319 = DIRECTION('',(0.788010753607,-0.615661475326));
#6320 = ( GEOMETRIC_REPRESENTATION_CONTEXT(2) 
PARAMETRIC_REPRESENTATION_CONTEXT() REPRESENTATION_CONTEXT('2D SPACE',''
  ) );
#6321 = PCURVE('',#6322,#6327);
#6322 = PLANE('',#6323);
#6323 = AXIS2_PLACEMENT_3D('',#6324,#6325,#6326);
#6324 = CARTESIAN_POINT('',(-47.,80.69516060774,65.010519577694));
#6325 = DIRECTION('',(-0.,0.788010753607,0.615661475326));
#6326 = DIRECTION('',(0.,0.615661475326,-0.788010753607));
#6327 = DEFINITIONAL_REPRESENTATION('',(#6328),#6332);
#6328 = LINE('',#6329,#6330);
#6329 = CARTESIAN_POINT('',(0.,0.));
#6330 = VECTOR('',#6331,1.);
#6331 = DIRECTION('',(1.,0.));
#6332 = ( GEOMETRIC_REPRESENTATION_CONTEXT(2) 
PARAMETRIC_REPRESENTATION_CONTEXT() REPRESENTATION_CONTEXT('2D SPACE',''
  ) );
#6333 = ORIENTED_EDGE('',*,*,#6334,.T.);
#6334 = EDGE_CURVE('',#6307,#6335,#6337,.T.);
#6335 = VERTEX_POINT('',#6336);
#6336 = CARTESIAN_POINT('',(-47.,78.873734498154,15.365222829868));
#6337 = SURFACE_CURVE('',#6338,(#6342,#6349),.PCURVE_S1.);
#6338 = LINE('',#6339,#6340);
#6339 = CARTESIAN_POINT('',(-47.,104.09007861356,35.06639004029));
#6340 = VECTOR('',#6341,1.);
#6341 = DIRECTION('',(0.,-0.788010753607,-0.615661475326));
#6342 = PCURVE('',#2478,#6343);
#6343 = DEFINITIONAL_REPRESENTATION('',(#6344),#6348);
#6344 = LINE('',#6345,#6346);
#6345 = CARTESIAN_POINT('',(7.931133824034,-66.38948689526));
#6346 = VECTOR('',#6347,1.);
#6347 = DIRECTION('',(0.615661475326,0.788010753607));
#6348 = ( GEOMETRIC_REPRESENTATION_CONTEXT(2) 
PARAMETRIC_REPRESENTATION_CONTEXT() REPRESENTATION_CONTEXT('2D SPACE',''
  ) );
#6349 = PCURVE('',#6350,#6355);
#6350 = PLANE('',#6351);
#6351 = AXIS2_PLACEMENT_3D('',#6352,#6353,#6354);
#6352 = CARTESIAN_POINT('',(-47.,104.09007861356,35.06639004029));
#6353 = DIRECTION('',(0.,0.615661475326,-0.788010753607));
#6354 = DIRECTION('',(0.,-0.788010753607,-0.615661475326));
#6355 = DEFINITIONAL_REPRESENTATION('',(#6356),#6360);
#6356 = LINE('',#6357,#6358);
#6357 = CARTESIAN_POINT('',(0.,0.));
#6358 = VECTOR('',#6359,1.);
#6359 = DIRECTION('',(1.,0.));
#6360 = ( GEOMETRIC_REPRESENTATION_CONTEXT(2) 
PARAMETRIC_REPRESENTATION_CONTEXT() REPRESENTATION_CONTEXT('2D SPACE',''
  ) );
#6361 = ORIENTED_EDGE('',*,*,#6362,.T.);
#6362 = EDGE_CURVE('',#6335,#6363,#6365,.T.);
#6363 = VERTEX_POINT('',#6364);
#6364 = CARTESIAN_POINT('',(-47.,68.779903431687,28.284737440164));
#6365 = SURFACE_CURVE('',#6366,(#6370,#6377),.PCURVE_S1.);
#6366 = LINE('',#6367,#6368);
#6367 = CARTESIAN_POINT('',(-47.,78.873734498154,15.365222829868));
#6368 = VECTOR('',#6369,1.);
#6369 = DIRECTION('',(0.,-0.615661475326,0.788010753607));
#6370 = PCURVE('',#2478,#6371);
#6371 = DEFINITIONAL_REPRESENTATION('',(#6372),#6376);
#6372 = LINE('',#6373,#6374);
#6373 = CARTESIAN_POINT('',(27.632301034455,-41.17314277984));
#6374 = VECTOR('',#6375,1.);
#6375 = DIRECTION('',(-0.788010753607,0.615661475326));
#6376 = ( GEOMETRIC_REPRESENTATION_CONTEXT(2) 
PARAMETRIC_REPRESENTATION_CONTEXT() REPRESENTATION_CONTEXT('2D SPACE',''
  ) );
#6377 = PCURVE('',#6378,#6383);
#6378 = PLANE('',#6379);
#6379 = AXIS2_PLACEMENT_3D('',#6380,#6381,#6382);
#6380 = CARTESIAN_POINT('',(-47.,78.873734498154,15.365222829868));
#6381 = DIRECTION('',(0.,-0.788010753607,-0.615661475326));
#6382 = DIRECTION('',(0.,-0.615661475326,0.788010753607));
#6383 = DEFINITIONAL_REPRESENTATION('',(#6384),#6388);
#6384 = LINE('',#6385,#6386);
#6385 = CARTESIAN_POINT('',(0.,0.));
#6386 = VECTOR('',#6387,1.);
#6387 = DIRECTION('',(1.,0.));
#6388 = ( GEOMETRIC_REPRESENTATION_CONTEXT(2) 
PARAMETRIC_REPRESENTATION_CONTEXT() REPRESENTATION_CONTEXT('2D SPACE',''
  ) );
#6389 = ORIENTED_EDGE('',*,*,#6390,.T.);
#6390 = EDGE_CURVE('',#6363,#6175,#6391,.T.);
#6391 = SURFACE_CURVE('',#6392,(#6396,#6403),.PCURVE_S1.);
#6392 = LINE('',#6393,#6394);
#6393 = CARTESIAN_POINT('',(-47.,81.561545856753,37.76991211636));
#6394 = VECTOR('',#6395,1.);
#6395 = DIRECTION('',(0.,-0.803037275399,-0.595928799707));
#6396 = PCURVE('',#2478,#6397);
#6397 = DEFINITIONAL_REPRESENTATION('',(#6398),#6402);
#6398 = LINE('',#6399,#6400);
#6399 = CARTESIAN_POINT('',(5.227611747964,-43.86095413844));
#6400 = VECTOR('',#6401,1.);
#6401 = DIRECTION('',(0.595928799707,0.803037275399));
#6402 = ( GEOMETRIC_REPRESENTATION_CONTEXT(2) 
PARAMETRIC_REPRESENTATION_CONTEXT() REPRESENTATION_CONTEXT('2D SPACE',''
  ) );
#6403 = PCURVE('',#6404,#6409);
#6404 = PLANE('',#6405);
#6405 = AXIS2_PLACEMENT_3D('',#6406,#6407,#6408);
#6406 = CARTESIAN_POINT('',(-47.,81.561545856753,37.76991211636));
#6407 = DIRECTION('',(0.,0.595928799707,-0.803037275399));
#6408 = DIRECTION('',(0.,-0.803037275399,-0.595928799707));
#6409 = DEFINITIONAL_REPRESENTATION('',(#6410),#6414);
#6410 = LINE('',#6411,#6412);
#6411 = CARTESIAN_POINT('',(0.,0.));
#6412 = VECTOR('',#6413,1.);
#6413 = DIRECTION('',(1.,0.));
#6414 = ( GEOMETRIC_REPRESENTATION_CONTEXT(2) 
PARAMETRIC_REPRESENTATION_CONTEXT() REPRESENTATION_CONTEXT('2D SPACE',''
  ) );
#6415 = FACE_BOUND('',#6416,.T.);
#6416 = EDGE_LOOP('',(#6417,#6445,#6474,#6500));
#6417 = ORIENTED_EDGE('',*,*,#6418,.F.);
#6418 = EDGE_CURVE('',#6419,#6421,#6423,.T.);
#6419 = VERTEX_POINT('',#6420);
#6420 = CARTESIAN_POINT('',(-47.,83.835444934532,32.566427134961));
#6421 = VERTEX_POINT('',#6422);
#6422 = CARTESIAN_POINT('',(-47.,74.600522804647,44.386588439062));
#6423 = SURFACE_CURVE('',#6424,(#6428,#6434),.PCURVE_S1.);
#6424 = LINE('',#6425,#6426);
#6425 = CARTESIAN_POINT('',(-47.,72.561677272078,46.996191717808));
#6426 = VECTOR('',#6427,1.);
#6427 = DIRECTION('',(0.,-0.615661475326,0.788010753607));
#6428 = PCURVE('',#2478,#6429);
#6429 = DEFINITIONAL_REPRESENTATION('',(#6430),#6433);
#6430 = B_SPLINE_CURVE_WITH_KNOTS('',1,(#6431,#6432),.UNSPECIFIED.,.F.,
  .F.,(2,2),(-18.31163409484,-3.311634094842),.PIECEWISE_BEZIER_KNOTS.);
#6431 = CARTESIAN_POINT('',(10.431096729362,-46.13485321622));
#6432 = CARTESIAN_POINT('',(-1.389064574739,-36.89993108634));
#6433 = ( GEOMETRIC_REPRESENTATION_CONTEXT(2) 
PARAMETRIC_REPRESENTATION_CONTEXT() REPRESENTATION_CONTEXT('2D SPACE',''
  ) );
#6434 = PCURVE('',#6435,#6440);
#6435 = PLANE('',#6436);
#6436 = AXIS2_PLACEMENT_3D('',#6437,#6438,#6439);
#6437 = CARTESIAN_POINT('',(-49.,83.835444934532,32.566427134961));
#6438 = DIRECTION('',(0.,-0.788010753607,-0.615661475326));
#6439 = DIRECTION('',(0.,-0.615661475326,0.788010753607));
#6440 = DEFINITIONAL_REPRESENTATION('',(#6441),#6444);
#6441 = B_SPLINE_CURVE_WITH_KNOTS('',1,(#6442,#6443),.UNSPECIFIED.,.F.,
  .F.,(2,2),(-18.31163409484,-3.311634094842),.PIECEWISE_BEZIER_KNOTS.);
#6442 = CARTESIAN_POINT('',(0.,-2.));
#6443 = CARTESIAN_POINT('',(15.,-2.));
#6444 = ( GEOMETRIC_REPRESENTATION_CONTEXT(2) 
PARAMETRIC_REPRESENTATION_CONTEXT() REPRESENTATION_CONTEXT('2D SPACE',''
  ) );
#6445 = ORIENTED_EDGE('',*,*,#6446,.F.);
#6446 = EDGE_CURVE('',#6447,#6419,#6449,.T.);
#6447 = VERTEX_POINT('',#6448);
#6448 = CARTESIAN_POINT('',(-47.,86.199477195353,34.413411560938));
#6449 = SURFACE_CURVE('',#6450,(#6455,#6462),.PCURVE_S1.);
#6450 = CIRCLE('',#6451,1.5);
#6451 = AXIS2_PLACEMENT_3D('',#6452,#6453,#6454);
#6452 = CARTESIAN_POINT('',(-47.,85.017461064942,33.48991934795));
#6453 = DIRECTION('',(-1.,0.,0.));
#6454 = DIRECTION('',(0.,0.788010753607,0.615661475326));
#6455 = PCURVE('',#2478,#6456);
#6456 = DEFINITIONAL_REPRESENTATION('',(#6457),#6461);
#6457 = CIRCLE('',#6458,1.5);
#6458 = AXIS2_PLACEMENT_2D('',#6459,#6460);
#6459 = CARTESIAN_POINT('',(9.507604516374,-47.31686934663));
#6460 = DIRECTION('',(-0.615661475326,-0.788010753607));
#6461 = ( GEOMETRIC_REPRESENTATION_CONTEXT(2) 
PARAMETRIC_REPRESENTATION_CONTEXT() REPRESENTATION_CONTEXT('2D SPACE',''
  ) );
#6462 = PCURVE('',#6463,#6468);
#6463 = CYLINDRICAL_SURFACE('',#6464,1.5);
#6464 = AXIS2_PLACEMENT_3D('',#6465,#6466,#6467);
#6465 = CARTESIAN_POINT('',(-49.,85.017461064942,33.48991934795));
#6466 = DIRECTION('',(-1.,0.,0.));
#6467 = DIRECTION('',(0.,0.788010753607,0.615661475326));
#6468 = DEFINITIONAL_REPRESENTATION('',(#6469),#6473);
#6469 = LINE('',#6470,#6471);
#6470 = CARTESIAN_POINT('',(0.,-2.));
#6471 = VECTOR('',#6472,1.);
#6472 = DIRECTION('',(1.,0.));
#6473 = ( GEOMETRIC_REPRESENTATION_CONTEXT(2) 
PARAMETRIC_REPRESENTATION_CONTEXT() REPRESENTATION_CONTEXT('2D SPACE',''
  ) );
#6474 = ORIENTED_EDGE('',*,*,#6475,.F.);
#6475 = EDGE_CURVE('',#6476,#6447,#6478,.T.);
#6476 = VERTEX_POINT('',#6477);
#6477 = CARTESIAN_POINT('',(-47.,76.964555065468,46.233572865039));
#6478 = SURFACE_CURVE('',#6479,(#6483,#6489),.PCURVE_S1.);
#6479 = LINE('',#6480,#6481);
#6480 = CARTESIAN_POINT('',(-47.,70.308248467956,54.753256795835));
#6481 = VECTOR('',#6482,1.);
#6482 = DIRECTION('',(0.,0.615661475326,-0.788010753607));
#6483 = PCURVE('',#2478,#6484);
#6484 = DEFINITIONAL_REPRESENTATION('',(#6485),#6488);
#6485 = B_SPLINE_CURVE_WITH_KNOTS('',1,(#6486,#6487),.UNSPECIFIED.,.F.,
  .F.,(2,2),(10.811634094842,25.811634094842),.PIECEWISE_BEZIER_KNOTS.);
#6486 = CARTESIAN_POINT('',(-3.236049000716,-39.26396334716));
#6487 = CARTESIAN_POINT('',(8.584112303385,-48.49888547704));
#6488 = ( GEOMETRIC_REPRESENTATION_CONTEXT(2) 
PARAMETRIC_REPRESENTATION_CONTEXT() REPRESENTATION_CONTEXT('2D SPACE',''
  ) );
#6489 = PCURVE('',#6490,#6495);
#6490 = PLANE('',#6491);
#6491 = AXIS2_PLACEMENT_3D('',#6492,#6493,#6494);
#6492 = CARTESIAN_POINT('',(-49.,76.964555065468,46.233572865039));
#6493 = DIRECTION('',(-0.,0.788010753607,0.615661475326));
#6494 = DIRECTION('',(0.,0.615661475326,-0.788010753607));
#6495 = DEFINITIONAL_REPRESENTATION('',(#6496),#6499);
#6496 = B_SPLINE_CURVE_WITH_KNOTS('',1,(#6497,#6498),.UNSPECIFIED.,.F.,
  .F.,(2,2),(10.811634094842,25.811634094842),.PIECEWISE_BEZIER_KNOTS.);
#6497 = CARTESIAN_POINT('',(0.,-2.));
#6498 = CARTESIAN_POINT('',(15.,-2.));
#6499 = ( GEOMETRIC_REPRESENTATION_CONTEXT(2) 
PARAMETRIC_REPRESENTATION_CONTEXT() REPRESENTATION_CONTEXT('2D SPACE',''
  ) );
#6500 = ORIENTED_EDGE('',*,*,#6501,.F.);
#6501 = EDGE_CURVE('',#6421,#6476,#6502,.T.);
#6502 = SURFACE_CURVE('',#6503,(#6508,#6515),.PCURVE_S1.);
#6503 = CIRCLE('',#6504,1.5);
#6504 = AXIS2_PLACEMENT_3D('',#6505,#6506,#6507);
#6505 = CARTESIAN_POINT('',(-47.,75.782538935058,45.31008065205));
#6506 = DIRECTION('',(-1.,-0.,0.));
#6507 = DIRECTION('',(0.,-0.788010753607,-0.615661475326));
#6508 = PCURVE('',#2478,#6509);
#6509 = DEFINITIONAL_REPRESENTATION('',(#6510),#6514);
#6510 = CIRCLE('',#6511,1.5);
#6511 = AXIS2_PLACEMENT_2D('',#6512,#6513);
#6512 = CARTESIAN_POINT('',(-2.312556787727,-38.08194721675));
#6513 = DIRECTION('',(0.615661475326,0.788010753607));
#6514 = ( GEOMETRIC_REPRESENTATION_CONTEXT(2) 
PARAMETRIC_REPRESENTATION_CONTEXT() REPRESENTATION_CONTEXT('2D SPACE',''
  ) );
#6515 = PCURVE('',#6516,#6521);
#6516 = CYLINDRICAL_SURFACE('',#6517,1.5);
#6517 = AXIS2_PLACEMENT_3D('',#6518,#6519,#6520);
#6518 = CARTESIAN_POINT('',(-49.,75.782538935058,45.31008065205));
#6519 = DIRECTION('',(-1.,-0.,0.));
#6520 = DIRECTION('',(0.,-0.788010753607,-0.615661475326));
#6521 = DEFINITIONAL_REPRESENTATION('',(#6522),#6526);
#6522 = LINE('',#6523,#6524);
#6523 = CARTESIAN_POINT('',(0.,-2.));
#6524 = VECTOR('',#6525,1.);
#6525 = DIRECTION('',(1.,0.));
#6526 = ( GEOMETRIC_REPRESENTATION_CONTEXT(2) 
PARAMETRIC_REPRESENTATION_CONTEXT() REPRESENTATION_CONTEXT('2D SPACE',''
  ) );
#6527 = ADVANCED_FACE('',(#6528),#2441,.T.);
#6528 = FACE_BOUND('',#6529,.T.);
#6529 = EDGE_LOOP('',(#6530,#6531,#6532,#6555));
#6530 = ORIENTED_EDGE('',*,*,#6199,.F.);
#6531 = ORIENTED_EDGE('',*,*,#2427,.T.);
#6532 = ORIENTED_EDGE('',*,*,#6533,.T.);
#6533 = EDGE_CURVE('',#2385,#6534,#6536,.T.);
#6534 = VERTEX_POINT('',#6535);
#6535 = CARTESIAN_POINT('',(-42.,54.37002221772,43.98955070639));
#6536 = SURFACE_CURVE('',#6537,(#6541,#6548),.PCURVE_S1.);
#6537 = LINE('',#6538,#6539);
#6538 = CARTESIAN_POINT('',(-42.,1.942956241952,65.231551575882));
#6539 = VECTOR('',#6540,1.);
#6540 = DIRECTION('',(0.,0.926814435798,-0.375519642091));
#6541 = PCURVE('',#2441,#6542);
#6542 = DEFINITIONAL_REPRESENTATION('',(#6543),#6547);
#6543 = LINE('',#6544,#6545);
#6544 = CARTESIAN_POINT('',(0.,-5.));
#6545 = VECTOR('',#6546,1.);
#6546 = DIRECTION('',(1.,0.));
#6547 = ( GEOMETRIC_REPRESENTATION_CONTEXT(2) 
PARAMETRIC_REPRESENTATION_CONTEXT() REPRESENTATION_CONTEXT('2D SPACE',''
  ) );
#6548 = PCURVE('',#2410,#6549);
#6549 = DEFINITIONAL_REPRESENTATION('',(#6550),#6554);
#6550 = LINE('',#6551,#6552);
#6551 = CARTESIAN_POINT('',(-22.23402771155,35.757635476355));
#6552 = VECTOR('',#6553,1.);
#6553 = DIRECTION('',(0.375519642091,-0.926814435798));
#6554 = ( GEOMETRIC_REPRESENTATION_CONTEXT(2) 
PARAMETRIC_REPRESENTATION_CONTEXT() REPRESENTATION_CONTEXT('2D SPACE',''
  ) );
#6555 = ORIENTED_EDGE('',*,*,#6556,.F.);
#6556 = EDGE_CURVE('',#6200,#6534,#6557,.T.);
#6557 = SURFACE_CURVE('',#6558,(#6562,#6569),.PCURVE_S1.);
#6558 = LINE('',#6559,#6560);
#6559 = CARTESIAN_POINT('',(-47.,54.37002221772,43.98955070639));
#6560 = VECTOR('',#6561,1.);
#6561 = DIRECTION('',(1.,0.,0.));
#6562 = PCURVE('',#2441,#6563);
#6563 = DEFINITIONAL_REPRESENTATION('',(#6564),#6568);
#6564 = LINE('',#6565,#6566);
#6565 = CARTESIAN_POINT('',(56.566950136692,0.));
#6566 = VECTOR('',#6567,1.);
#6567 = DIRECTION('',(0.,-1.));
#6568 = ( GEOMETRIC_REPRESENTATION_CONTEXT(2) 
PARAMETRIC_REPRESENTATION_CONTEXT() REPRESENTATION_CONTEXT('2D SPACE',''
  ) );
#6569 = PCURVE('',#6238,#6570);
#6570 = DEFINITIONAL_REPRESENTATION('',(#6571),#6575);
#6571 = LINE('',#6572,#6573);
#6572 = CARTESIAN_POINT('',(0.,0.));
#6573 = VECTOR('',#6574,1.);
#6574 = DIRECTION('',(0.,-1.));
#6575 = ( GEOMETRIC_REPRESENTATION_CONTEXT(2) 
PARAMETRIC_REPRESENTATION_CONTEXT() REPRESENTATION_CONTEXT('2D SPACE',''
  ) );
#6576 = ADVANCED_FACE('',(#6577,#6764),#2410,.F.);
#6577 = FACE_BOUND('',#6578,.F.);
#6578 = EDGE_LOOP('',(#6579,#6602,#6603,#6604,#6605,#6628,#6651,#6674,
    #6697,#6720,#6743));
#6579 = ORIENTED_EDGE('',*,*,#6580,.T.);
#6580 = EDGE_CURVE('',#6581,#2670,#6583,.T.);
#6581 = VERTEX_POINT('',#6582);
#6582 = CARTESIAN_POINT('',(-42.,57.62997778228,20.01044929361));
#6583 = SURFACE_CURVE('',#6584,(#6588,#6595),.PCURVE_S1.);
#6584 = LINE('',#6585,#6586);
#6585 = CARTESIAN_POINT('',(-42.,57.62997778228,20.01044929361));
#6586 = VECTOR('',#6587,1.);
#6587 = DIRECTION('',(0.,-0.926814435798,0.375519642091));
#6588 = PCURVE('',#2410,#6589);
#6589 = DEFINITIONAL_REPRESENTATION('',(#6590),#6594);
#6590 = LINE('',#6591,#6592);
#6591 = CARTESIAN_POINT('',(22.987074570713,-19.92938606397));
#6592 = VECTOR('',#6593,1.);
#6593 = DIRECTION('',(-0.375519642091,0.926814435798));
#6594 = ( GEOMETRIC_REPRESENTATION_CONTEXT(2) 
PARAMETRIC_REPRESENTATION_CONTEXT() REPRESENTATION_CONTEXT('2D SPACE',''
  ) );
#6595 = PCURVE('',#2684,#6596);
#6596 = DEFINITIONAL_REPRESENTATION('',(#6597),#6601);
#6597 = LINE('',#6598,#6599);
#6598 = CARTESIAN_POINT('',(0.,-5.));
#6599 = VECTOR('',#6600,1.);
#6600 = DIRECTION('',(1.,0.));
#6601 = ( GEOMETRIC_REPRESENTATION_CONTEXT(2) 
PARAMETRIC_REPRESENTATION_CONTEXT() REPRESENTATION_CONTEXT('2D SPACE',''
  ) );
#6602 = ORIENTED_EDGE('',*,*,#2695,.T.);
#6603 = ORIENTED_EDGE('',*,*,#2384,.T.);
#6604 = ORIENTED_EDGE('',*,*,#6533,.T.);
#6605 = ORIENTED_EDGE('',*,*,#6606,.T.);
#6606 = EDGE_CURVE('',#6534,#6607,#6609,.T.);
#6607 = VERTEX_POINT('',#6608);
#6608 = CARTESIAN_POINT('',(-42.,55.677965324057,45.054453486536));
#6609 = SURFACE_CURVE('',#6610,(#6614,#6621),.PCURVE_S1.);
#6610 = LINE('',#6611,#6612);
#6611 = CARTESIAN_POINT('',(-42.,54.37002221772,43.98955070639));
#6612 = VECTOR('',#6613,1.);
#6613 = DIRECTION('',(0.,0.775475515474,0.631377640482));
#6614 = PCURVE('',#2410,#6615);
#6615 = DEFINITIONAL_REPRESENTATION('',(#6616),#6620);
#6616 = LINE('',#6617,#6618);
#6617 = CARTESIAN_POINT('',(-0.992026842067,-16.66943049941));
#6618 = VECTOR('',#6619,1.);
#6619 = DIRECTION('',(-0.631377640482,-0.775475515474));
#6620 = ( GEOMETRIC_REPRESENTATION_CONTEXT(2) 
PARAMETRIC_REPRESENTATION_CONTEXT() REPRESENTATION_CONTEXT('2D SPACE',''
  ) );
#6621 = PCURVE('',#6238,#6622);
#6622 = DEFINITIONAL_REPRESENTATION('',(#6623),#6627);
#6623 = LINE('',#6624,#6625);
#6624 = CARTESIAN_POINT('',(0.,-5.));
#6625 = VECTOR('',#6626,1.);
#6626 = DIRECTION('',(1.,0.));
#6627 = ( GEOMETRIC_REPRESENTATION_CONTEXT(2) 
PARAMETRIC_REPRESENTATION_CONTEXT() REPRESENTATION_CONTEXT('2D SPACE',''
  ) );
#6628 = ORIENTED_EDGE('',*,*,#6629,.T.);
#6629 = EDGE_CURVE('',#6607,#6630,#6632,.T.);
#6630 = VERTEX_POINT('',#6631);
#6631 = CARTESIAN_POINT('',(-42.,55.478816492325,45.309352367273));
#6632 = SURFACE_CURVE('',#6633,(#6637,#6644),.PCURVE_S1.);
#6633 = LINE('',#6634,#6635);
#6634 = CARTESIAN_POINT('',(-42.,78.873734498154,15.365222829868));
#6635 = VECTOR('',#6636,1.);
#6636 = DIRECTION('',(0.,-0.615661475326,0.788010753607));
#6637 = PCURVE('',#2410,#6638);
#6638 = DEFINITIONAL_REPRESENTATION('',(#6639),#6643);
#6639 = LINE('',#6640,#6641);
#6640 = CARTESIAN_POINT('',(27.632301034455,-41.17314277984));
#6641 = VECTOR('',#6642,1.);
#6642 = DIRECTION('',(-0.788010753607,0.615661475326));
#6643 = ( GEOMETRIC_REPRESENTATION_CONTEXT(2) 
PARAMETRIC_REPRESENTATION_CONTEXT() REPRESENTATION_CONTEXT('2D SPACE',''
  ) );
#6644 = PCURVE('',#6266,#6645);
#6645 = DEFINITIONAL_REPRESENTATION('',(#6646),#6650);
#6646 = LINE('',#6647,#6648);
#6647 = CARTESIAN_POINT('',(0.,-5.));
#6648 = VECTOR('',#6649,1.);
#6649 = DIRECTION('',(1.,0.));
#6650 = ( GEOMETRIC_REPRESENTATION_CONTEXT(2) 
PARAMETRIC_REPRESENTATION_CONTEXT() REPRESENTATION_CONTEXT('2D SPACE',''
  ) );
#6651 = ORIENTED_EDGE('',*,*,#6652,.F.);
#6652 = EDGE_CURVE('',#6653,#6630,#6655,.T.);
#6653 = VERTEX_POINT('',#6654);
#6654 = CARTESIAN_POINT('',(-42.,80.69516060774,65.010519577694));
#6655 = SURFACE_CURVE('',#6656,(#6660,#6667),.PCURVE_S1.);
#6656 = LINE('',#6657,#6658);
#6657 = CARTESIAN_POINT('',(-42.,80.69516060774,65.010519577694));
#6658 = VECTOR('',#6659,1.);
#6659 = DIRECTION('',(0.,-0.788010753607,-0.615661475326));
#6660 = PCURVE('',#2410,#6661);
#6661 = DEFINITIONAL_REPRESENTATION('',(#6662),#6666);
#6662 = LINE('',#6663,#6664);
#6663 = CARTESIAN_POINT('',(-22.01299571337,-42.99456888943));
#6664 = VECTOR('',#6665,1.);
#6665 = DIRECTION('',(0.615661475326,0.788010753607));
#6666 = ( GEOMETRIC_REPRESENTATION_CONTEXT(2) 
PARAMETRIC_REPRESENTATION_CONTEXT() REPRESENTATION_CONTEXT('2D SPACE',''
  ) );
#6667 = PCURVE('',#6294,#6668);
#6668 = DEFINITIONAL_REPRESENTATION('',(#6669),#6673);
#6669 = LINE('',#6670,#6671);
#6670 = CARTESIAN_POINT('',(32.,-5.));
#6671 = VECTOR('',#6672,1.);
#6672 = DIRECTION('',(-1.,-0.));
#6673 = ( GEOMETRIC_REPRESENTATION_CONTEXT(2) 
PARAMETRIC_REPRESENTATION_CONTEXT() REPRESENTATION_CONTEXT('2D SPACE',''
  ) );
#6674 = ORIENTED_EDGE('',*,*,#6675,.T.);
#6675 = EDGE_CURVE('',#6653,#6676,#6678,.T.);
#6676 = VERTEX_POINT('',#6677);
#6677 = CARTESIAN_POINT('',(-42.,104.09007861356,35.06639004029));
#6678 = SURFACE_CURVE('',#6679,(#6683,#6690),.PCURVE_S1.);
#6679 = LINE('',#6680,#6681);
#6680 = CARTESIAN_POINT('',(-42.,80.69516060774,65.010519577694));
#6681 = VECTOR('',#6682,1.);
#6682 = DIRECTION('',(0.,0.615661475326,-0.788010753607));
#6683 = PCURVE('',#2410,#6684);
#6684 = DEFINITIONAL_REPRESENTATION('',(#6685),#6689);
#6685 = LINE('',#6686,#6687);
#6686 = CARTESIAN_POINT('',(-22.01299571337,-42.99456888943));
#6687 = VECTOR('',#6688,1.);
#6688 = DIRECTION('',(0.788010753607,-0.615661475326));
#6689 = ( GEOMETRIC_REPRESENTATION_CONTEXT(2) 
PARAMETRIC_REPRESENTATION_CONTEXT() REPRESENTATION_CONTEXT('2D SPACE',''
  ) );
#6690 = PCURVE('',#6322,#6691);
#6691 = DEFINITIONAL_REPRESENTATION('',(#6692),#6696);
#6692 = LINE('',#6693,#6694);
#6693 = CARTESIAN_POINT('',(0.,-5.));
#6694 = VECTOR('',#6695,1.);
#6695 = DIRECTION('',(1.,0.));
#6696 = ( GEOMETRIC_REPRESENTATION_CONTEXT(2) 
PARAMETRIC_REPRESENTATION_CONTEXT() REPRESENTATION_CONTEXT('2D SPACE',''
  ) );
#6697 = ORIENTED_EDGE('',*,*,#6698,.T.);
#6698 = EDGE_CURVE('',#6676,#6699,#6701,.T.);
#6699 = VERTEX_POINT('',#6700);
#6700 = CARTESIAN_POINT('',(-42.,78.873734498154,15.365222829868));
#6701 = SURFACE_CURVE('',#6702,(#6706,#6713),.PCURVE_S1.);
#6702 = LINE('',#6703,#6704);
#6703 = CARTESIAN_POINT('',(-42.,104.09007861356,35.06639004029));
#6704 = VECTOR('',#6705,1.);
#6705 = DIRECTION('',(0.,-0.788010753607,-0.615661475326));
#6706 = PCURVE('',#2410,#6707);
#6707 = DEFINITIONAL_REPRESENTATION('',(#6708),#6712);
#6708 = LINE('',#6709,#6710);
#6709 = CARTESIAN_POINT('',(7.931133824034,-66.38948689526));
#6710 = VECTOR('',#6711,1.);
#6711 = DIRECTION('',(0.615661475326,0.788010753607));
#6712 = ( GEOMETRIC_REPRESENTATION_CONTEXT(2) 
PARAMETRIC_REPRESENTATION_CONTEXT() REPRESENTATION_CONTEXT('2D SPACE',''
  ) );
#6713 = PCURVE('',#6350,#6714);
#6714 = DEFINITIONAL_REPRESENTATION('',(#6715),#6719);
#6715 = LINE('',#6716,#6717);
#6716 = CARTESIAN_POINT('',(0.,-5.));
#6717 = VECTOR('',#6718,1.);
#6718 = DIRECTION('',(1.,0.));
#6719 = ( GEOMETRIC_REPRESENTATION_CONTEXT(2) 
PARAMETRIC_REPRESENTATION_CONTEXT() REPRESENTATION_CONTEXT('2D SPACE',''
  ) );
#6720 = ORIENTED_EDGE('',*,*,#6721,.T.);
#6721 = EDGE_CURVE('',#6699,#6722,#6724,.T.);
#6722 = VERTEX_POINT('',#6723);
#6723 = CARTESIAN_POINT('',(-42.,68.779903431687,28.284737440164));
#6724 = SURFACE_CURVE('',#6725,(#6729,#6736),.PCURVE_S1.);
#6725 = LINE('',#6726,#6727);
#6726 = CARTESIAN_POINT('',(-42.,78.873734498154,15.365222829868));
#6727 = VECTOR('',#6728,1.);
#6728 = DIRECTION('',(0.,-0.615661475326,0.788010753607));
#6729 = PCURVE('',#2410,#6730);
#6730 = DEFINITIONAL_REPRESENTATION('',(#6731),#6735);
#6731 = LINE('',#6732,#6733);
#6732 = CARTESIAN_POINT('',(27.632301034455,-41.17314277984));
#6733 = VECTOR('',#6734,1.);
#6734 = DIRECTION('',(-0.788010753607,0.615661475326));
#6735 = ( GEOMETRIC_REPRESENTATION_CONTEXT(2) 
PARAMETRIC_REPRESENTATION_CONTEXT() REPRESENTATION_CONTEXT('2D SPACE',''
  ) );
#6736 = PCURVE('',#6378,#6737);
#6737 = DEFINITIONAL_REPRESENTATION('',(#6738),#6742);
#6738 = LINE('',#6739,#6740);
#6739 = CARTESIAN_POINT('',(0.,-5.));
#6740 = VECTOR('',#6741,1.);
#6741 = DIRECTION('',(1.,0.));
#6742 = ( GEOMETRIC_REPRESENTATION_CONTEXT(2) 
PARAMETRIC_REPRESENTATION_CONTEXT() REPRESENTATION_CONTEXT('2D SPACE',''
  ) );
#6743 = ORIENTED_EDGE('',*,*,#6744,.T.);
#6744 = EDGE_CURVE('',#6722,#6581,#6745,.T.);
#6745 = SURFACE_CURVE('',#6746,(#6750,#6757),.PCURVE_S1.);
#6746 = LINE('',#6747,#6748);
#6747 = CARTESIAN_POINT('',(-42.,81.561545856753,37.76991211636));
#6748 = VECTOR('',#6749,1.);
#6749 = DIRECTION('',(0.,-0.803037275399,-0.595928799707));
#6750 = PCURVE('',#2410,#6751);
#6751 = DEFINITIONAL_REPRESENTATION('',(#6752),#6756);
#6752 = LINE('',#6753,#6754);
#6753 = CARTESIAN_POINT('',(5.227611747964,-43.86095413844));
#6754 = VECTOR('',#6755,1.);
#6755 = DIRECTION('',(0.595928799707,0.803037275399));
#6756 = ( GEOMETRIC_REPRESENTATION_CONTEXT(2) 
PARAMETRIC_REPRESENTATION_CONTEXT() REPRESENTATION_CONTEXT('2D SPACE',''
  ) );
#6757 = PCURVE('',#6404,#6758);
#6758 = DEFINITIONAL_REPRESENTATION('',(#6759),#6763);
#6759 = LINE('',#6760,#6761);
#6760 = CARTESIAN_POINT('',(0.,-5.));
#6761 = VECTOR('',#6762,1.);
#6762 = DIRECTION('',(1.,0.));
#6763 = ( GEOMETRIC_REPRESENTATION_CONTEXT(2) 
PARAMETRIC_REPRESENTATION_CONTEXT() REPRESENTATION_CONTEXT('2D SPACE',''
  ) );
#6764 = FACE_BOUND('',#6765,.F.);
#6765 = EDGE_LOOP('',(#6766,#6789,#6813,#6834));
#6766 = ORIENTED_EDGE('',*,*,#6767,.F.);
#6767 = EDGE_CURVE('',#6768,#6770,#6772,.T.);
#6768 = VERTEX_POINT('',#6769);
#6769 = CARTESIAN_POINT('',(-42.,83.835444934532,32.566427134961));
#6770 = VERTEX_POINT('',#6771);
#6771 = CARTESIAN_POINT('',(-42.,74.600522804647,44.386588439062));
#6772 = SURFACE_CURVE('',#6773,(#6777,#6783),.PCURVE_S1.);
#6773 = LINE('',#6774,#6775);
#6774 = CARTESIAN_POINT('',(-42.,72.561677272078,46.996191717808));
#6775 = VECTOR('',#6776,1.);
#6776 = DIRECTION('',(0.,-0.615661475326,0.788010753607));
#6777 = PCURVE('',#2410,#6778);
#6778 = DEFINITIONAL_REPRESENTATION('',(#6779),#6782);
#6779 = B_SPLINE_CURVE_WITH_KNOTS('',1,(#6780,#6781),.UNSPECIFIED.,.F.,
  .F.,(2,2),(-18.31163409484,-3.311634094842),.PIECEWISE_BEZIER_KNOTS.);
#6780 = CARTESIAN_POINT('',(10.431096729362,-46.13485321622));
#6781 = CARTESIAN_POINT('',(-1.389064574739,-36.89993108634));
#6782 = ( GEOMETRIC_REPRESENTATION_CONTEXT(2) 
PARAMETRIC_REPRESENTATION_CONTEXT() REPRESENTATION_CONTEXT('2D SPACE',''
  ) );
#6783 = PCURVE('',#6435,#6784);
#6784 = DEFINITIONAL_REPRESENTATION('',(#6785),#6788);
#6785 = B_SPLINE_CURVE_WITH_KNOTS('',1,(#6786,#6787),.UNSPECIFIED.,.F.,
  .F.,(2,2),(-18.31163409484,-3.311634094842),.PIECEWISE_BEZIER_KNOTS.);
#6786 = CARTESIAN_POINT('',(0.,-7.));
#6787 = CARTESIAN_POINT('',(15.,-7.));
#6788 = ( GEOMETRIC_REPRESENTATION_CONTEXT(2) 
PARAMETRIC_REPRESENTATION_CONTEXT() REPRESENTATION_CONTEXT('2D SPACE',''
  ) );
#6789 = ORIENTED_EDGE('',*,*,#6790,.F.);
#6790 = EDGE_CURVE('',#6791,#6768,#6793,.T.);
#6791 = VERTEX_POINT('',#6792);
#6792 = CARTESIAN_POINT('',(-42.,86.199477195353,34.413411560938));
#6793 = SURFACE_CURVE('',#6794,(#6799,#6806),.PCURVE_S1.);
#6794 = CIRCLE('',#6795,1.5);
#6795 = AXIS2_PLACEMENT_3D('',#6796,#6797,#6798);
#6796 = CARTESIAN_POINT('',(-42.,85.017461064942,33.48991934795));
#6797 = DIRECTION('',(-1.,0.,0.));
#6798 = DIRECTION('',(0.,0.788010753607,0.615661475326));
#6799 = PCURVE('',#2410,#6800);
#6800 = DEFINITIONAL_REPRESENTATION('',(#6801),#6805);
#6801 = CIRCLE('',#6802,1.5);
#6802 = AXIS2_PLACEMENT_2D('',#6803,#6804);
#6803 = CARTESIAN_POINT('',(9.507604516374,-47.31686934663));
#6804 = DIRECTION('',(-0.615661475326,-0.788010753607));
#6805 = ( GEOMETRIC_REPRESENTATION_CONTEXT(2) 
PARAMETRIC_REPRESENTATION_CONTEXT() REPRESENTATION_CONTEXT('2D SPACE',''
  ) );
#6806 = PCURVE('',#6463,#6807);
#6807 = DEFINITIONAL_REPRESENTATION('',(#6808),#6812);
#6808 = LINE('',#6809,#6810);
#6809 = CARTESIAN_POINT('',(0.,-7.));
#6810 = VECTOR('',#6811,1.);
#6811 = DIRECTION('',(1.,0.));
#6812 = ( GEOMETRIC_REPRESENTATION_CONTEXT(2) 
PARAMETRIC_REPRESENTATION_CONTEXT() REPRESENTATION_CONTEXT('2D SPACE',''
  ) );
#6813 = ORIENTED_EDGE('',*,*,#6814,.F.);
#6814 = EDGE_CURVE('',#6815,#6791,#6817,.T.);
#6815 = VERTEX_POINT('',#6816);
#6816 = CARTESIAN_POINT('',(-42.,76.964555065468,46.233572865039));
#6817 = SURFACE_CURVE('',#6818,(#6822,#6828),.PCURVE_S1.);
#6818 = LINE('',#6819,#6820);
#6819 = CARTESIAN_POINT('',(-42.,70.308248467956,54.753256795835));
#6820 = VECTOR('',#6821,1.);
#6821 = DIRECTION('',(0.,0.615661475326,-0.788010753607));
#6822 = PCURVE('',#2410,#6823);
#6823 = DEFINITIONAL_REPRESENTATION('',(#6824),#6827);
#6824 = B_SPLINE_CURVE_WITH_KNOTS('',1,(#6825,#6826),.UNSPECIFIED.,.F.,
  .F.,(2,2),(10.811634094842,25.811634094842),.PIECEWISE_BEZIER_KNOTS.);
#6825 = CARTESIAN_POINT('',(-3.236049000716,-39.26396334716));
#6826 = CARTESIAN_POINT('',(8.584112303385,-48.49888547704));
#6827 = ( GEOMETRIC_REPRESENTATION_CONTEXT(2) 
PARAMETRIC_REPRESENTATION_CONTEXT() REPRESENTATION_CONTEXT('2D SPACE',''
  ) );
#6828 = PCURVE('',#6490,#6829);
#6829 = DEFINITIONAL_REPRESENTATION('',(#6830),#6833);
#6830 = B_SPLINE_CURVE_WITH_KNOTS('',1,(#6831,#6832),.UNSPECIFIED.,.F.,
  .F.,(2,2),(10.811634094842,25.811634094842),.PIECEWISE_BEZIER_KNOTS.);
#6831 = CARTESIAN_POINT('',(0.,-7.));
#6832 = CARTESIAN_POINT('',(15.,-7.));
#6833 = ( GEOMETRIC_REPRESENTATION_CONTEXT(2) 
PARAMETRIC_REPRESENTATION_CONTEXT() REPRESENTATION_CONTEXT('2D SPACE',''
  ) );
#6834 = ORIENTED_EDGE('',*,*,#6835,.F.);
#6835 = EDGE_CURVE('',#6770,#6815,#6836,.T.);
#6836 = SURFACE_CURVE('',#6837,(#6842,#6849),.PCURVE_S1.);
#6837 = CIRCLE('',#6838,1.5);
#6838 = AXIS2_PLACEMENT_3D('',#6839,#6840,#6841);
#6839 = CARTESIAN_POINT('',(-42.,75.782538935058,45.31008065205));
#6840 = DIRECTION('',(-1.,-0.,0.));
#6841 = DIRECTION('',(0.,-0.788010753607,-0.615661475326));
#6842 = PCURVE('',#2410,#6843);
#6843 = DEFINITIONAL_REPRESENTATION('',(#6844),#6848);
#6844 = CIRCLE('',#6845,1.5);
#6845 = AXIS2_PLACEMENT_2D('',#6846,#6847);
#6846 = CARTESIAN_POINT('',(-2.312556787727,-38.08194721675));
#6847 = DIRECTION('',(0.615661475326,0.788010753607));
#6848 = ( GEOMETRIC_REPRESENTATION_CONTEXT(2) 
PARAMETRIC_REPRESENTATION_CONTEXT() REPRESENTATION_CONTEXT('2D SPACE',''
  ) );
#6849 = PCURVE('',#6516,#6850);
#6850 = DEFINITIONAL_REPRESENTATION('',(#6851),#6855);
#6851 = LINE('',#6852,#6853);
#6852 = CARTESIAN_POINT('',(0.,-7.));
#6853 = VECTOR('',#6854,1.);
#6854 = DIRECTION('',(1.,0.));
#6855 = ( GEOMETRIC_REPRESENTATION_CONTEXT(2) 
PARAMETRIC_REPRESENTATION_CONTEXT() REPRESENTATION_CONTEXT('2D SPACE',''
  ) );
#6856 = ADVANCED_FACE('',(#6857),#2684,.T.);
#6857 = FACE_BOUND('',#6858,.T.);
#6858 = EDGE_LOOP('',(#6859,#6860,#6881,#6882));
#6859 = ORIENTED_EDGE('',*,*,#6174,.F.);
#6860 = ORIENTED_EDGE('',*,*,#6861,.T.);
#6861 = EDGE_CURVE('',#6175,#6581,#6862,.T.);
#6862 = SURFACE_CURVE('',#6863,(#6867,#6874),.PCURVE_S1.);
#6863 = LINE('',#6864,#6865);
#6864 = CARTESIAN_POINT('',(-47.,57.62997778228,20.01044929361));
#6865 = VECTOR('',#6866,1.);
#6866 = DIRECTION('',(1.,0.,0.));
#6867 = PCURVE('',#2684,#6868);
#6868 = DEFINITIONAL_REPRESENTATION('',(#6869),#6873);
#6869 = LINE('',#6870,#6871);
#6870 = CARTESIAN_POINT('',(0.,0.));
#6871 = VECTOR('',#6872,1.);
#6872 = DIRECTION('',(0.,-1.));
#6873 = ( GEOMETRIC_REPRESENTATION_CONTEXT(2) 
PARAMETRIC_REPRESENTATION_CONTEXT() REPRESENTATION_CONTEXT('2D SPACE',''
  ) );
#6874 = PCURVE('',#6404,#6875);
#6875 = DEFINITIONAL_REPRESENTATION('',(#6876),#6880);
#6876 = LINE('',#6877,#6878);
#6877 = CARTESIAN_POINT('',(29.801316585945,0.));
#6878 = VECTOR('',#6879,1.);
#6879 = DIRECTION('',(0.,-1.));
#6880 = ( GEOMETRIC_REPRESENTATION_CONTEXT(2) 
PARAMETRIC_REPRESENTATION_CONTEXT() REPRESENTATION_CONTEXT('2D SPACE',''
  ) );
#6881 = ORIENTED_EDGE('',*,*,#6580,.T.);
#6882 = ORIENTED_EDGE('',*,*,#2669,.T.);
#6883 = ADVANCED_FACE('',(#6884),#2615,.T.);
#6884 = FACE_BOUND('',#6885,.T.);
#6885 = EDGE_LOOP('',(#6886,#6887,#6888,#6910,#6930,#6959));
#6886 = ORIENTED_EDGE('',*,*,#5533,.F.);
#6887 = ORIENTED_EDGE('',*,*,#2599,.T.);
#6888 = ORIENTED_EDGE('',*,*,#6889,.T.);
#6889 = EDGE_CURVE('',#2573,#6890,#6892,.T.);
#6890 = VERTEX_POINT('',#6891);
#6891 = CARTESIAN_POINT('',(-40.03478260869,-13.66956521739,67.));
#6892 = SURFACE_CURVE('',#6893,(#6896,#6903),.PCURVE_S1.);
#6893 = B_SPLINE_CURVE_WITH_KNOTS('',1,(#6894,#6895),.UNSPECIFIED.,.F.,
  .F.,(2,2),(0.,1.),.PIECEWISE_BEZIER_KNOTS.);
#6894 = CARTESIAN_POINT('',(-32.,-13.,45.));
#6895 = CARTESIAN_POINT('',(-40.4,-13.7,68.));
#6896 = PCURVE('',#2615,#6897);
#6897 = DEFINITIONAL_REPRESENTATION('',(#6898),#6902);
#6898 = LINE('',#6899,#6900);
#6899 = CARTESIAN_POINT('',(18.,0.));
#6900 = VECTOR('',#6901,1.);
#6901 = DIRECTION('',(0.,1.));
#6902 = ( GEOMETRIC_REPRESENTATION_CONTEXT(2) 
PARAMETRIC_REPRESENTATION_CONTEXT() REPRESENTATION_CONTEXT('2D SPACE',''
  ) );
#6903 = PCURVE('',#2588,#6904);
#6904 = DEFINITIONAL_REPRESENTATION('',(#6905),#6909);
#6905 = LINE('',#6906,#6907);
#6906 = CARTESIAN_POINT('',(0.,0.));
#6907 = VECTOR('',#6908,1.);
#6908 = DIRECTION('',(0.,1.));
#6909 = ( GEOMETRIC_REPRESENTATION_CONTEXT(2) 
PARAMETRIC_REPRESENTATION_CONTEXT() REPRESENTATION_CONTEXT('2D SPACE',''
  ) );
#6910 = ORIENTED_EDGE('',*,*,#6911,.T.);
#6911 = EDGE_CURVE('',#6890,#6912,#6914,.T.);
#6912 = VERTEX_POINT('',#6913);
#6913 = CARTESIAN_POINT('',(-48.09514514758,-13.66956521739,67.));
#6914 = SURFACE_CURVE('',#6915,(#6918,#6924),.PCURVE_S1.);
#6915 = B_SPLINE_CURVE_WITH_KNOTS('',1,(#6916,#6917),.UNSPECIFIED.,.F.,
  .F.,(2,2),(0.,1.),.PIECEWISE_BEZIER_KNOTS.);
#6916 = CARTESIAN_POINT('',(-40.03478260869,-13.66956521739,67.));
#6917 = CARTESIAN_POINT('',(-50.,-13.66956521739,67.));
#6918 = PCURVE('',#2615,#6919);
#6919 = DEFINITIONAL_REPRESENTATION('',(#6920),#6923);
#6920 = B_SPLINE_CURVE_WITH_KNOTS('',1,(#6921,#6922),.UNSPECIFIED.,.F.,
  .F.,(2,2),(0.,1.),.PIECEWISE_BEZIER_KNOTS.);
#6921 = CARTESIAN_POINT('',(18.,0.95652173913));
#6922 = CARTESIAN_POINT('',(7.81836130306,0.95652173913));
#6923 = ( GEOMETRIC_REPRESENTATION_CONTEXT(2) 
PARAMETRIC_REPRESENTATION_CONTEXT() REPRESENTATION_CONTEXT('2D SPACE',''
  ) );
#6924 = PCURVE('',#3348,#6925);
#6925 = DEFINITIONAL_REPRESENTATION('',(#6926),#6929);
#6926 = B_SPLINE_CURVE_WITH_KNOTS('',1,(#6927,#6928),.UNSPECIFIED.,.F.,
  .F.,(2,2),(0.,1.),.PIECEWISE_BEZIER_KNOTS.);
#6927 = CARTESIAN_POINT('',(-40.03478260869,-13.66956521739));
#6928 = CARTESIAN_POINT('',(-50.,-13.66956521739));
#6929 = ( GEOMETRIC_REPRESENTATION_CONTEXT(2) 
PARAMETRIC_REPRESENTATION_CONTEXT() REPRESENTATION_CONTEXT('2D SPACE',''
  ) );
#6930 = ORIENTED_EDGE('',*,*,#6931,.T.);
#6931 = EDGE_CURVE('',#6912,#6932,#6934,.T.);
#6932 = VERTEX_POINT('',#6933);
#6933 = CARTESIAN_POINT('',(-48.08648458766,-13.7,68.));
#6934 = SURFACE_CURVE('',#6935,(#6941,#6950),.PCURVE_S1.);
#6935 = B_SPLINE_CURVE_WITH_KNOTS('',4,(#6936,#6937,#6938,#6939,#6940),
  .UNSPECIFIED.,.F.,.F.,(5,5),(0.,1.),.PIECEWISE_BEZIER_KNOTS.);
#6936 = CARTESIAN_POINT('',(-48.09514515796,-13.66956518087,66.9999988)
  );
#6937 = CARTESIAN_POINT('',(-48.09298247416,-13.6771743908,
    67.250015697849));
#6938 = CARTESIAN_POINT('',(-48.09081815097,-13.68478326502,
    67.500021564955));
#6939 = CARTESIAN_POINT('',(-48.08865218889,-13.69239180125,
    67.750016327003));
#6940 = CARTESIAN_POINT('',(-48.08648458766,-13.7,68.));
#6941 = PCURVE('',#2615,#6942);
#6942 = DEFINITIONAL_REPRESENTATION('',(#6943),#6949);
#6943 = B_SPLINE_CURVE_WITH_KNOTS('',4,(#6944,#6945,#6946,#6947,#6948),
  .UNSPECIFIED.,.F.,.F.,(5,5),(0.,1.),.PIECEWISE_BEZIER_KNOTS.);
#6944 = CARTESIAN_POINT('',(9.764584766304,0.956521686957));
#6945 = CARTESIAN_POINT('',(9.858055419845,0.967391986863));
#6946 = CARTESIAN_POINT('',(9.951585128045,0.978261807172));
#6947 = CARTESIAN_POINT('',(10.045174231335,0.989131144652));
#6948 = CARTESIAN_POINT('',(10.138822580794,1.));
#6949 = ( GEOMETRIC_REPRESENTATION_CONTEXT(2) 
PARAMETRIC_REPRESENTATION_CONTEXT() REPRESENTATION_CONTEXT('2D SPACE',''
  ) );
#6950 = PCURVE('',#4597,#6951);
#6951 = DEFINITIONAL_REPRESENTATION('',(#6952),#6958);
#6952 = B_SPLINE_CURVE_WITH_KNOTS('',4,(#6953,#6954,#6955,#6956,#6957),
  .UNSPECIFIED.,.F.,.F.,(5,5),(0.,1.),.PIECEWISE_BEZIER_KNOTS.);
#6953 = CARTESIAN_POINT('',(-3.418509547175,1.199999999812E-06));
#6954 = CARTESIAN_POINT('',(-3.418667758777,-0.250015697849));
#6955 = CARTESIAN_POINT('',(-3.418825972884,-0.500021564955));
#6956 = CARTESIAN_POINT('',(-3.41898418946,-0.750016327003));
#6957 = CARTESIAN_POINT('',(-3.419142408527,-1.));
#6958 = ( GEOMETRIC_REPRESENTATION_CONTEXT(2) 
PARAMETRIC_REPRESENTATION_CONTEXT() REPRESENTATION_CONTEXT('2D SPACE',''
  ) );
#6959 = ORIENTED_EDGE('',*,*,#6960,.F.);
#6960 = EDGE_CURVE('',#5534,#6932,#6961,.T.);
#6961 = SURFACE_CURVE('',#6962,(#6966,#6972),.PCURVE_S1.);
#6962 = LINE('',#6963,#6964);
#6963 = CARTESIAN_POINT('',(-58.,-13.7,68.));
#6964 = VECTOR('',#6965,1.);
#6965 = DIRECTION('',(1.,-1.224646799147E-16,0.));
#6966 = PCURVE('',#2615,#6967);
#6967 = DEFINITIONAL_REPRESENTATION('',(#6968),#6971);
#6968 = B_SPLINE_CURVE_WITH_KNOTS('',1,(#6969,#6970),.UNSPECIFIED.,.F.,
  .F.,(2,2),(0.,17.6),.PIECEWISE_BEZIER_KNOTS.);
#6969 = CARTESIAN_POINT('',(0.,1.));
#6970 = CARTESIAN_POINT('',(18.,1.));
#6971 = ( GEOMETRIC_REPRESENTATION_CONTEXT(2) 
PARAMETRIC_REPRESENTATION_CONTEXT() REPRESENTATION_CONTEXT('2D SPACE',''
  ) );
#6972 = PCURVE('',#4565,#6973);
#6973 = DEFINITIONAL_REPRESENTATION('',(#6974),#6978);
#6974 = LINE('',#6975,#6976);
#6975 = CARTESIAN_POINT('',(0.,0.));
#6976 = VECTOR('',#6977,1.);
#6977 = DIRECTION('',(1.,0.));
#6978 = ( GEOMETRIC_REPRESENTATION_CONTEXT(2) 
PARAMETRIC_REPRESENTATION_CONTEXT() REPRESENTATION_CONTEXT('2D SPACE',''
  ) );
#6979 = ADVANCED_FACE('',(#6980),#2588,.T.);
#6980 = FACE_BOUND('',#6981,.T.);
#6981 = EDGE_LOOP('',(#6982,#6983,#6984,#6985));
#6982 = ORIENTED_EDGE('',*,*,#6889,.F.);
#6983 = ORIENTED_EDGE('',*,*,#2572,.T.);
#6984 = ORIENTED_EDGE('',*,*,#3013,.F.);
#6985 = ORIENTED_EDGE('',*,*,#6986,.T.);
#6986 = EDGE_CURVE('',#3014,#6890,#6987,.T.);
#6987 = SURFACE_CURVE('',#6988,(#6991,#6997),.PCURVE_S1.);
#6988 = B_SPLINE_CURVE_WITH_KNOTS('',1,(#6989,#6990),.UNSPECIFIED.,.F.,
  .F.,(2,2),(0.,1.),.PIECEWISE_BEZIER_KNOTS.);
#6989 = CARTESIAN_POINT('',(-40.03478260869,13.669565217391,67.));
#6990 = CARTESIAN_POINT('',(-40.03478260869,-13.66956521739,67.));
#6991 = PCURVE('',#2588,#6992);
#6992 = DEFINITIONAL_REPRESENTATION('',(#6993),#6996);
#6993 = B_SPLINE_CURVE_WITH_KNOTS('',1,(#6994,#6995),.UNSPECIFIED.,.F.,
  .F.,(2,2),(0.,1.),.PIECEWISE_BEZIER_KNOTS.);
#6994 = CARTESIAN_POINT('',(27.4,0.95652173913));
#6995 = CARTESIAN_POINT('',(0.,0.95652173913));
#6996 = ( GEOMETRIC_REPRESENTATION_CONTEXT(2) 
PARAMETRIC_REPRESENTATION_CONTEXT() REPRESENTATION_CONTEXT('2D SPACE',''
  ) );
#6997 = PCURVE('',#3348,#6998);
#6998 = DEFINITIONAL_REPRESENTATION('',(#6999),#7002);
#6999 = B_SPLINE_CURVE_WITH_KNOTS('',1,(#7000,#7001),.UNSPECIFIED.,.F.,
  .F.,(2,2),(0.,1.),.PIECEWISE_BEZIER_KNOTS.);
#7000 = CARTESIAN_POINT('',(-40.03478260869,13.669565217391));
#7001 = CARTESIAN_POINT('',(-40.03478260869,-13.66956521739));
#7002 = ( GEOMETRIC_REPRESENTATION_CONTEXT(2) 
PARAMETRIC_REPRESENTATION_CONTEXT() REPRESENTATION_CONTEXT('2D SPACE',''
  ) );
#7003 = ADVANCED_FACE('',(#7004),#2856,.F.);
#7004 = FACE_BOUND('',#7005,.F.);
#7005 = EDGE_LOOP('',(#7006,#7007,#7027,#7053));
#7006 = ORIENTED_EDGE('',*,*,#2839,.T.);
#7007 = ORIENTED_EDGE('',*,*,#7008,.T.);
#7008 = EDGE_CURVE('',#2840,#7009,#7011,.T.);
#7009 = VERTEX_POINT('',#7010);
#7010 = CARTESIAN_POINT('',(10.12,-48.9651467883,67.));
#7011 = SURFACE_CURVE('',#7012,(#7015,#7021),.PCURVE_S1.);
#7012 = B_SPLINE_CURVE_WITH_KNOTS('',1,(#7013,#7014),.UNSPECIFIED.,.F.,
  .F.,(2,2),(0.,1.),.PIECEWISE_BEZIER_KNOTS.);
#7013 = CARTESIAN_POINT('',(10.12,-36.4,67.));
#7014 = CARTESIAN_POINT('',(10.12,-49.4,67.));
#7015 = PCURVE('',#2856,#7016);
#7016 = DEFINITIONAL_REPRESENTATION('',(#7017),#7020);
#7017 = B_SPLINE_CURVE_WITH_KNOTS('',1,(#7018,#7019),.UNSPECIFIED.,.F.,
  .F.,(2,2),(0.,1.),.PIECEWISE_BEZIER_KNOTS.);
#7018 = CARTESIAN_POINT('',(10.12,-36.4));
#7019 = CARTESIAN_POINT('',(10.12,-49.4));
#7020 = ( GEOMETRIC_REPRESENTATION_CONTEXT(2) 
PARAMETRIC_REPRESENTATION_CONTEXT() REPRESENTATION_CONTEXT('2D SPACE',''
  ) );
#7021 = PCURVE('',#2904,#7022);
#7022 = DEFINITIONAL_REPRESENTATION('',(#7023),#7026);
#7023 = B_SPLINE_CURVE_WITH_KNOTS('',1,(#7024,#7025),.UNSPECIFIED.,.F.,
  .F.,(2,2),(0.,1.),.PIECEWISE_BEZIER_KNOTS.);
#7024 = CARTESIAN_POINT('',(13.,0.88));
#7025 = CARTESIAN_POINT('',(0.,0.88));
#7026 = ( GEOMETRIC_REPRESENTATION_CONTEXT(2) 
PARAMETRIC_REPRESENTATION_CONTEXT() REPRESENTATION_CONTEXT('2D SPACE',''
  ) );
#7027 = ORIENTED_EDGE('',*,*,#7028,.F.);
#7028 = EDGE_CURVE('',#3461,#7009,#7029,.T.);
#7029 = SURFACE_CURVE('',#7030,(#7035,#7046),.PCURVE_S1.);
#7030 = CIRCLE('',#7031,50.);
#7031 = AXIS2_PLACEMENT_3D('',#7032,#7033,#7034);
#7032 = CARTESIAN_POINT('',(0.,0.,67.));
#7033 = DIRECTION('',(0.,0.,-1.));
#7034 = DIRECTION('',(0.2024,0.979302935766,0.));
#7035 = PCURVE('',#2856,#7036);
#7036 = DEFINITIONAL_REPRESENTATION('',(#7037),#7045);
#7037 = ( BOUNDED_CURVE() B_SPLINE_CURVE(2,(#7038,#7039,#7040,#7041,
#7042,#7043,#7044),.UNSPECIFIED.,.T.,.F.) B_SPLINE_CURVE_WITH_KNOTS((1,2
    ,2,2,2,1),(-2.094395102393,0.,2.094395102393,4.188790204786,
6.28318530718,8.377580409573),.UNSPECIFIED.) CURVE() 
GEOMETRIC_REPRESENTATION_ITEM() RATIONAL_B_SPLINE_CURVE((1.,0.5,1.,0.5,
1.,0.5,1.)) REPRESENTATION_ITEM('') );
#7038 = CARTESIAN_POINT('',(10.12,48.965146788302));
#7039 = CARTESIAN_POINT('',(94.930122037408,31.436792615705));
#7040 = CARTESIAN_POINT('',(37.345061018704,-33.24675048045));
#7041 = CARTESIAN_POINT('',(-20.24,-97.9302935766));
#7042 = CARTESIAN_POINT('',(-47.4650610187,-15.71839630785));
#7043 = CARTESIAN_POINT('',(-74.6901220374,66.493500960899));
#7044 = CARTESIAN_POINT('',(10.12,48.965146788302));
#7045 = ( GEOMETRIC_REPRESENTATION_CONTEXT(2) 
PARAMETRIC_REPRESENTATION_CONTEXT() REPRESENTATION_CONTEXT('2D SPACE',''
  ) );
#7046 = PCURVE('',#3480,#7047);
#7047 = DEFINITIONAL_REPRESENTATION('',(#7048),#7052);
#7048 = LINE('',#7049,#7050);
#7049 = CARTESIAN_POINT('',(-7.65017360831,0.));
#7050 = VECTOR('',#7051,1.);
#7051 = DIRECTION('',(1.,-0.));
#7052 = ( GEOMETRIC_REPRESENTATION_CONTEXT(2) 
PARAMETRIC_REPRESENTATION_CONTEXT() REPRESENTATION_CONTEXT('2D SPACE',''
  ) );
#7053 = ORIENTED_EDGE('',*,*,#3494,.T.);
#7054 = ADVANCED_FACE('',(#7055),#2904,.T.);
#7055 = FACE_BOUND('',#7056,.T.);
#7056 = EDGE_LOOP('',(#7057,#7086,#7114,#7134,#7135,#7136,#7165));
#7057 = ORIENTED_EDGE('',*,*,#7058,.F.);
#7058 = EDGE_CURVE('',#7059,#7061,#7063,.T.);
#7059 = VERTEX_POINT('',#7060);
#7060 = CARTESIAN_POINT('',(11.,-45.,45.));
#7061 = VERTEX_POINT('',#7062);
#7062 = CARTESIAN_POINT('',(10.,-50.,70.));
#7063 = SURFACE_CURVE('',#7064,(#7067,#7074),.PCURVE_S1.);
#7064 = B_SPLINE_CURVE_WITH_KNOTS('',1,(#7065,#7066),.UNSPECIFIED.,.F.,
  .F.,(2,2),(0.,1.),.PIECEWISE_BEZIER_KNOTS.);
#7065 = CARTESIAN_POINT('',(11.,-45.,45.));
#7066 = CARTESIAN_POINT('',(10.,-50.,70.));
#7067 = PCURVE('',#2904,#7068);
#7068 = DEFINITIONAL_REPRESENTATION('',(#7069),#7073);
#7069 = LINE('',#7070,#7071);
#7070 = CARTESIAN_POINT('',(0.,0.));
#7071 = VECTOR('',#7072,1.);
#7072 = DIRECTION('',(0.,1.));
#7073 = ( GEOMETRIC_REPRESENTATION_CONTEXT(2) 
PARAMETRIC_REPRESENTATION_CONTEXT() REPRESENTATION_CONTEXT('2D SPACE',''
  ) );
#7074 = PCURVE('',#7075,#7080);
#7075 = B_SPLINE_SURFACE_WITH_KNOTS('',1,1,(
    (#7076,#7077)
    ,(#7078,#7079
    )),.UNSPECIFIED.,.F.,.F.,.F.,(2,2),(2,2),(0.,22.),(0.,1.),
  .PIECEWISE_BEZIER_KNOTS.);
#7076 = CARTESIAN_POINT('',(-11.,-45.,45.));
#7077 = CARTESIAN_POINT('',(-10.,-50.,70.));
#7078 = CARTESIAN_POINT('',(11.,-45.,45.));
#7079 = CARTESIAN_POINT('',(10.,-50.,70.));
#7080 = DEFINITIONAL_REPRESENTATION('',(#7081),#7085);
#7081 = LINE('',#7082,#7083);
#7082 = CARTESIAN_POINT('',(22.,0.));
#7083 = VECTOR('',#7084,1.);
#7084 = DIRECTION('',(0.,1.));
#7085 = ( GEOMETRIC_REPRESENTATION_CONTEXT(2) 
PARAMETRIC_REPRESENTATION_CONTEXT() REPRESENTATION_CONTEXT('2D SPACE',''
  ) );
#7086 = ORIENTED_EDGE('',*,*,#7087,.T.);
#7087 = EDGE_CURVE('',#7059,#7088,#7090,.T.);
#7088 = VERTEX_POINT('',#7089);
#7089 = CARTESIAN_POINT('',(11.,-32.,45.));
#7090 = SURFACE_CURVE('',#7091,(#7095,#7102),.PCURVE_S1.);
#7091 = LINE('',#7092,#7093);
#7092 = CARTESIAN_POINT('',(11.,-45.,45.));
#7093 = VECTOR('',#7094,1.);
#7094 = DIRECTION('',(2.22044604925E-16,1.,0.));
#7095 = PCURVE('',#2904,#7096);
#7096 = DEFINITIONAL_REPRESENTATION('',(#7097),#7101);
#7097 = LINE('',#7098,#7099);
#7098 = CARTESIAN_POINT('',(0.,0.));
#7099 = VECTOR('',#7100,1.);
#7100 = DIRECTION('',(1.,0.));
#7101 = ( GEOMETRIC_REPRESENTATION_CONTEXT(2) 
PARAMETRIC_REPRESENTATION_CONTEXT() REPRESENTATION_CONTEXT('2D SPACE',''
  ) );
#7102 = PCURVE('',#7103,#7108);
#7103 = PLANE('',#7104);
#7104 = AXIS2_PLACEMENT_3D('',#7105,#7106,#7107);
#7105 = CARTESIAN_POINT('',(-11.,-32.,45.));
#7106 = DIRECTION('',(0.,-0.,-1.));
#7107 = DIRECTION('',(0.860926528214,-0.508729312127,0.));
#7108 = DEFINITIONAL_REPRESENTATION('',(#7109),#7113);
#7109 = LINE('',#7110,#7111);
#7110 = CARTESIAN_POINT('',(25.553864678361,-1.7763568394E-15));
#7111 = VECTOR('',#7112,1.);
#7112 = DIRECTION('',(-0.508729312127,-0.860926528214));
#7113 = ( GEOMETRIC_REPRESENTATION_CONTEXT(2) 
PARAMETRIC_REPRESENTATION_CONTEXT() REPRESENTATION_CONTEXT('2D SPACE',''
  ) );
#7114 = ORIENTED_EDGE('',*,*,#7115,.T.);
#7115 = EDGE_CURVE('',#7088,#2873,#7116,.T.);
#7116 = SURFACE_CURVE('',#7117,(#7120,#7127),.PCURVE_S1.);
#7117 = B_SPLINE_CURVE_WITH_KNOTS('',1,(#7118,#7119),.UNSPECIFIED.,.F.,
  .F.,(2,2),(0.,1.),.PIECEWISE_BEZIER_KNOTS.);
#7118 = CARTESIAN_POINT('',(11.,-32.,45.));
#7119 = CARTESIAN_POINT('',(10.,-37.,70.));
#7120 = PCURVE('',#2904,#7121);
#7121 = DEFINITIONAL_REPRESENTATION('',(#7122),#7126);
#7122 = LINE('',#7123,#7124);
#7123 = CARTESIAN_POINT('',(13.,0.));
#7124 = VECTOR('',#7125,1.);
#7125 = DIRECTION('',(0.,1.));
#7126 = ( GEOMETRIC_REPRESENTATION_CONTEXT(2) 
PARAMETRIC_REPRESENTATION_CONTEXT() REPRESENTATION_CONTEXT('2D SPACE',''
  ) );
#7127 = PCURVE('',#2978,#7128);
#7128 = DEFINITIONAL_REPRESENTATION('',(#7129),#7133);
#7129 = LINE('',#7130,#7131);
#7130 = CARTESIAN_POINT('',(0.,0.));
#7131 = VECTOR('',#7132,1.);
#7132 = DIRECTION('',(0.,1.));
#7133 = ( GEOMETRIC_REPRESENTATION_CONTEXT(2) 
PARAMETRIC_REPRESENTATION_CONTEXT() REPRESENTATION_CONTEXT('2D SPACE',''
  ) );
#7134 = ORIENTED_EDGE('',*,*,#2872,.T.);
#7135 = ORIENTED_EDGE('',*,*,#7008,.T.);
#7136 = ORIENTED_EDGE('',*,*,#7137,.F.);
#7137 = EDGE_CURVE('',#7138,#7009,#7140,.T.);
#7138 = VERTEX_POINT('',#7139);
#7139 = CARTESIAN_POINT('',(10.,-48.98979485566,70.));
#7140 = SURFACE_CURVE('',#7141,(#7147,#7156),.PCURVE_S1.);
#7141 = B_SPLINE_CURVE_WITH_KNOTS('',4,(#7142,#7143,#7144,#7145,#7146),
  .UNSPECIFIED.,.F.,.F.,(5,5),(0.,1.),.PIECEWISE_BEZIER_KNOTS.);
#7142 = CARTESIAN_POINT('',(10.,-48.98979485566,70.));
#7143 = CARTESIAN_POINT('',(10.029999874152,-48.98367115699,
    69.250003146198));
#7144 = CARTESIAN_POINT('',(10.05999984019,-48.97752192426,
    68.500003995259));
#7145 = CARTESIAN_POINT('',(10.089999898132,-48.97134713798,
    67.750002546696));
#7146 = CARTESIAN_POINT('',(10.120000048,-48.96514677838,66.9999988));
#7147 = PCURVE('',#2904,#7148);
#7148 = DEFINITIONAL_REPRESENTATION('',(#7149),#7155);
#7149 = B_SPLINE_CURVE_WITH_KNOTS('',4,(#7150,#7151,#7152,#7153,#7154),
  .UNSPECIFIED.,.F.,.F.,(5,5),(0.,1.),.PIECEWISE_BEZIER_KNOTS.);
#7150 = CARTESIAN_POINT('',(1.010205144336,1.));
#7151 = CARTESIAN_POINT('',(0.866329472244,0.970000125848));
#7152 = CARTESIAN_POINT('',(0.722478874782,0.94000015981));
#7153 = CARTESIAN_POINT('',(0.578653371355,0.910000101868));
#7154 = CARTESIAN_POINT('',(0.43485298162,0.879999952));
#7155 = ( GEOMETRIC_REPRESENTATION_CONTEXT(2) 
PARAMETRIC_REPRESENTATION_CONTEXT() REPRESENTATION_CONTEXT('2D SPACE',''
  ) );
#7156 = PCURVE('',#3480,#7157);
#7157 = DEFINITIONAL_REPRESENTATION('',(#7158),#7164);
#7158 = B_SPLINE_CURVE_WITH_KNOTS('',4,(#7159,#7160,#7161,#7162,#7163),
  .UNSPECIFIED.,.F.,.F.,(5,5),(0.,1.),.PIECEWISE_BEZIER_KNOTS.);
#7159 = CARTESIAN_POINT('',(-4.913746901175,-3.));
#7160 = CARTESIAN_POINT('',(-4.914359271042,-2.250003146198));
#7161 = CARTESIAN_POINT('',(-4.914971744846,-1.500003995259));
#7162 = CARTESIAN_POINT('',(-4.915584323277,-0.750002546696));
#7163 = CARTESIAN_POINT('',(-4.916197007029,1.199999999812E-06));
#7164 = ( GEOMETRIC_REPRESENTATION_CONTEXT(2) 
PARAMETRIC_REPRESENTATION_CONTEXT() REPRESENTATION_CONTEXT('2D SPACE',''
  ) );
#7165 = ORIENTED_EDGE('',*,*,#7166,.F.);
#7166 = EDGE_CURVE('',#7061,#7138,#7167,.T.);
#7167 = SURFACE_CURVE('',#7168,(#7172,#7179),.PCURVE_S1.);
#7168 = LINE('',#7169,#7170);
#7169 = CARTESIAN_POINT('',(10.,-50.,70.));
#7170 = VECTOR('',#7171,1.);
#7171 = DIRECTION('',(2.22044604925E-16,1.,0.));
#7172 = PCURVE('',#2904,#7173);
#7173 = DEFINITIONAL_REPRESENTATION('',(#7174),#7178);
#7174 = LINE('',#7175,#7176);
#7175 = CARTESIAN_POINT('',(0.,1.));
#7176 = VECTOR('',#7177,1.);
#7177 = DIRECTION('',(1.,0.));
#7178 = ( GEOMETRIC_REPRESENTATION_CONTEXT(2) 
PARAMETRIC_REPRESENTATION_CONTEXT() REPRESENTATION_CONTEXT('2D SPACE',''
  ) );
#7179 = PCURVE('',#4674,#7180);
#7180 = DEFINITIONAL_REPRESENTATION('',(#7181),#7185);
#7181 = LINE('',#7182,#7183);
#7182 = CARTESIAN_POINT('',(0.,0.));
#7183 = VECTOR('',#7184,1.);
#7184 = DIRECTION('',(1.,0.));
#7185 = ( GEOMETRIC_REPRESENTATION_CONTEXT(2) 
PARAMETRIC_REPRESENTATION_CONTEXT() REPRESENTATION_CONTEXT('2D SPACE',''
  ) );
#7186 = ADVANCED_FACE('',(#7187),#2978,.T.);
#7187 = FACE_BOUND('',#7188,.T.);
#7188 = EDGE_LOOP('',(#7189,#7190,#7211));
#7189 = ORIENTED_EDGE('',*,*,#7115,.F.);
#7190 = ORIENTED_EDGE('',*,*,#7191,.T.);
#7191 = EDGE_CURVE('',#7088,#704,#7192,.T.);
#7192 = SURFACE_CURVE('',#7193,(#7197,#7204),.PCURVE_S1.);
#7193 = LINE('',#7194,#7195);
#7194 = CARTESIAN_POINT('',(11.,-32.,45.));
#7195 = VECTOR('',#7196,1.);
#7196 = DIRECTION('',(-1.,2.22044604925E-16,0.));
#7197 = PCURVE('',#2978,#7198);
#7198 = DEFINITIONAL_REPRESENTATION('',(#7199),#7203);
#7199 = LINE('',#7200,#7201);
#7200 = CARTESIAN_POINT('',(0.,0.));
#7201 = VECTOR('',#7202,1.);
#7202 = DIRECTION('',(1.,0.));
#7203 = ( GEOMETRIC_REPRESENTATION_CONTEXT(2) 
PARAMETRIC_REPRESENTATION_CONTEXT() REPRESENTATION_CONTEXT('2D SPACE',''
  ) );
#7204 = PCURVE('',#7103,#7205);
#7205 = DEFINITIONAL_REPRESENTATION('',(#7206),#7210);
#7206 = LINE('',#7207,#7208);
#7207 = CARTESIAN_POINT('',(18.940383620715,-11.19204486678));
#7208 = VECTOR('',#7209,1.);
#7209 = DIRECTION('',(-0.860926528214,0.508729312127));
#7210 = ( GEOMETRIC_REPRESENTATION_CONTEXT(2) 
PARAMETRIC_REPRESENTATION_CONTEXT() REPRESENTATION_CONTEXT('2D SPACE',''
  ) );
#7211 = ORIENTED_EDGE('',*,*,#2924,.F.);
#7212 = ADVANCED_FACE('',(#7213),#3348,.F.);
#7213 = FACE_BOUND('',#7214,.F.);
#7214 = EDGE_LOOP('',(#7215,#7216,#7217,#7218,#7246));
#7215 = ORIENTED_EDGE('',*,*,#3333,.F.);
#7216 = ORIENTED_EDGE('',*,*,#6986,.T.);
#7217 = ORIENTED_EDGE('',*,*,#6911,.T.);
#7218 = ORIENTED_EDGE('',*,*,#7219,.F.);
#7219 = EDGE_CURVE('',#7220,#6912,#7222,.T.);
#7220 = VERTEX_POINT('',#7221);
#7221 = CARTESIAN_POINT('',(-10.12,-48.9651467883,67.));
#7222 = SURFACE_CURVE('',#7223,(#7228,#7239),.PCURVE_S1.);
#7223 = CIRCLE('',#7224,50.);
#7224 = AXIS2_PLACEMENT_3D('',#7225,#7226,#7227);
#7225 = CARTESIAN_POINT('',(0.,0.,67.));
#7226 = DIRECTION('',(0.,0.,-1.));
#7227 = DIRECTION('',(0.2024,0.979302935766,0.));
#7228 = PCURVE('',#3348,#7229);
#7229 = DEFINITIONAL_REPRESENTATION('',(#7230),#7238);
#7230 = ( BOUNDED_CURVE() B_SPLINE_CURVE(2,(#7231,#7232,#7233,#7234,
#7235,#7236,#7237),.UNSPECIFIED.,.T.,.F.) B_SPLINE_CURVE_WITH_KNOTS((1,2
    ,2,2,2,1),(-2.094395102393,0.,2.094395102393,4.188790204786,
6.28318530718,8.377580409573),.UNSPECIFIED.) CURVE() 
GEOMETRIC_REPRESENTATION_ITEM() RATIONAL_B_SPLINE_CURVE((1.,0.5,1.,0.5,
1.,0.5,1.)) REPRESENTATION_ITEM('') );
#7231 = CARTESIAN_POINT('',(10.12,48.965146788302));
#7232 = CARTESIAN_POINT('',(94.930122037408,31.436792615705));
#7233 = CARTESIAN_POINT('',(37.345061018704,-33.24675048045));
#7234 = CARTESIAN_POINT('',(-20.24,-97.9302935766));
#7235 = CARTESIAN_POINT('',(-47.4650610187,-15.71839630785));
#7236 = CARTESIAN_POINT('',(-74.6901220374,66.493500960899));
#7237 = CARTESIAN_POINT('',(10.12,48.965146788302));
#7238 = ( GEOMETRIC_REPRESENTATION_CONTEXT(2) 
PARAMETRIC_REPRESENTATION_CONTEXT() REPRESENTATION_CONTEXT('2D SPACE',''
  ) );
#7239 = PCURVE('',#4597,#7240);
#7240 = DEFINITIONAL_REPRESENTATION('',(#7241),#7245);
#7241 = LINE('',#7242,#7243);
#7242 = CARTESIAN_POINT('',(-7.65017360831,0.));
#7243 = VECTOR('',#7244,1.);
#7244 = DIRECTION('',(1.,-0.));
#7245 = ( GEOMETRIC_REPRESENTATION_CONTEXT(2) 
PARAMETRIC_REPRESENTATION_CONTEXT() REPRESENTATION_CONTEXT('2D SPACE',''
  ) );
#7246 = ORIENTED_EDGE('',*,*,#7247,.T.);
#7247 = EDGE_CURVE('',#7220,#3285,#7248,.T.);
#7248 = SURFACE_CURVE('',#7249,(#7252,#7258),.PCURVE_S1.);
#7249 = B_SPLINE_CURVE_WITH_KNOTS('',1,(#7250,#7251),.UNSPECIFIED.,.F.,
  .F.,(2,2),(0.,1.),.PIECEWISE_BEZIER_KNOTS.);
#7250 = CARTESIAN_POINT('',(-10.12,-49.4,67.));
#7251 = CARTESIAN_POINT('',(-10.12,-36.4,67.));
#7252 = PCURVE('',#3348,#7253);
#7253 = DEFINITIONAL_REPRESENTATION('',(#7254),#7257);
#7254 = B_SPLINE_CURVE_WITH_KNOTS('',1,(#7255,#7256),.UNSPECIFIED.,.F.,
  .F.,(2,2),(0.,1.),.PIECEWISE_BEZIER_KNOTS.);
#7255 = CARTESIAN_POINT('',(-10.12,-49.4));
#7256 = CARTESIAN_POINT('',(-10.12,-36.4));
#7257 = ( GEOMETRIC_REPRESENTATION_CONTEXT(2) 
PARAMETRIC_REPRESENTATION_CONTEXT() REPRESENTATION_CONTEXT('2D SPACE',''
  ) );
#7258 = PCURVE('',#3314,#7259);
#7259 = DEFINITIONAL_REPRESENTATION('',(#7260),#7263);
#7260 = B_SPLINE_CURVE_WITH_KNOTS('',1,(#7261,#7262),.UNSPECIFIED.,.F.,
  .F.,(2,2),(0.,1.),.PIECEWISE_BEZIER_KNOTS.);
#7261 = CARTESIAN_POINT('',(13.,0.88));
#7262 = CARTESIAN_POINT('',(0.,0.88));
#7263 = ( GEOMETRIC_REPRESENTATION_CONTEXT(2) 
PARAMETRIC_REPRESENTATION_CONTEXT() REPRESENTATION_CONTEXT('2D SPACE',''
  ) );
#7264 = ADVANCED_FACE('',(#7265),#3314,.T.);
#7265 = FACE_BOUND('',#7266,.T.);
#7266 = EDGE_LOOP('',(#7267,#7289,#7312,#7334,#7357,#7384,#7385));
#7267 = ORIENTED_EDGE('',*,*,#7268,.F.);
#7268 = EDGE_CURVE('',#7269,#3197,#7271,.T.);
#7269 = VERTEX_POINT('',#7270);
#7270 = CARTESIAN_POINT('',(-11.,-32.,45.));
#7271 = SURFACE_CURVE('',#7272,(#7275,#7282),.PCURVE_S1.);
#7272 = B_SPLINE_CURVE_WITH_KNOTS('',1,(#7273,#7274),.UNSPECIFIED.,.F.,
  .F.,(2,2),(0.,1.),.PIECEWISE_BEZIER_KNOTS.);
#7273 = CARTESIAN_POINT('',(-11.,-32.,45.));
#7274 = CARTESIAN_POINT('',(-10.,-37.,70.));
#7275 = PCURVE('',#3314,#7276);
#7276 = DEFINITIONAL_REPRESENTATION('',(#7277),#7281);
#7277 = LINE('',#7278,#7279);
#7278 = CARTESIAN_POINT('',(0.,0.));
#7279 = VECTOR('',#7280,1.);
#7280 = DIRECTION('',(0.,1.));
#7281 = ( GEOMETRIC_REPRESENTATION_CONTEXT(2) 
PARAMETRIC_REPRESENTATION_CONTEXT() REPRESENTATION_CONTEXT('2D SPACE',''
  ) );
#7282 = PCURVE('',#3252,#7283);
#7283 = DEFINITIONAL_REPRESENTATION('',(#7284),#7288);
#7284 = LINE('',#7285,#7286);
#7285 = CARTESIAN_POINT('',(22.,0.));
#7286 = VECTOR('',#7287,1.);
#7287 = DIRECTION('',(0.,1.));
#7288 = ( GEOMETRIC_REPRESENTATION_CONTEXT(2) 
PARAMETRIC_REPRESENTATION_CONTEXT() REPRESENTATION_CONTEXT('2D SPACE',''
  ) );
#7289 = ORIENTED_EDGE('',*,*,#7290,.T.);
#7290 = EDGE_CURVE('',#7269,#7291,#7293,.T.);
#7291 = VERTEX_POINT('',#7292);
#7292 = CARTESIAN_POINT('',(-11.,-45.,45.));
#7293 = SURFACE_CURVE('',#7294,(#7298,#7305),.PCURVE_S1.);
#7294 = LINE('',#7295,#7296);
#7295 = CARTESIAN_POINT('',(-11.,-32.,45.));
#7296 = VECTOR('',#7297,1.);
#7297 = DIRECTION('',(-2.22044604925E-16,-1.,0.));
#7298 = PCURVE('',#3314,#7299);
#7299 = DEFINITIONAL_REPRESENTATION('',(#7300),#7304);
#7300 = LINE('',#7301,#7302);
#7301 = CARTESIAN_POINT('',(0.,0.));
#7302 = VECTOR('',#7303,1.);
#7303 = DIRECTION('',(1.,0.));
#7304 = ( GEOMETRIC_REPRESENTATION_CONTEXT(2) 
PARAMETRIC_REPRESENTATION_CONTEXT() REPRESENTATION_CONTEXT('2D SPACE',''
  ) );
#7305 = PCURVE('',#7103,#7306);
#7306 = DEFINITIONAL_REPRESENTATION('',(#7307),#7311);
#7307 = LINE('',#7308,#7309);
#7308 = CARTESIAN_POINT('',(0.,0.));
#7309 = VECTOR('',#7310,1.);
#7310 = DIRECTION('',(0.508729312127,0.860926528214));
#7311 = ( GEOMETRIC_REPRESENTATION_CONTEXT(2) 
PARAMETRIC_REPRESENTATION_CONTEXT() REPRESENTATION_CONTEXT('2D SPACE',''
  ) );
#7312 = ORIENTED_EDGE('',*,*,#7313,.T.);
#7313 = EDGE_CURVE('',#7291,#7314,#7316,.T.);
#7314 = VERTEX_POINT('',#7315);
#7315 = CARTESIAN_POINT('',(-10.,-50.,70.));
#7316 = SURFACE_CURVE('',#7317,(#7320,#7327),.PCURVE_S1.);
#7317 = B_SPLINE_CURVE_WITH_KNOTS('',1,(#7318,#7319),.UNSPECIFIED.,.F.,
  .F.,(2,2),(0.,1.),.PIECEWISE_BEZIER_KNOTS.);
#7318 = CARTESIAN_POINT('',(-11.,-45.,45.));
#7319 = CARTESIAN_POINT('',(-10.,-50.,70.));
#7320 = PCURVE('',#3314,#7321);
#7321 = DEFINITIONAL_REPRESENTATION('',(#7322),#7326);
#7322 = LINE('',#7323,#7324);
#7323 = CARTESIAN_POINT('',(13.,0.));
#7324 = VECTOR('',#7325,1.);
#7325 = DIRECTION('',(0.,1.));
#7326 = ( GEOMETRIC_REPRESENTATION_CONTEXT(2) 
PARAMETRIC_REPRESENTATION_CONTEXT() REPRESENTATION_CONTEXT('2D SPACE',''
  ) );
#7327 = PCURVE('',#7075,#7328);
#7328 = DEFINITIONAL_REPRESENTATION('',(#7329),#7333);
#7329 = LINE('',#7330,#7331);
#7330 = CARTESIAN_POINT('',(0.,0.));
#7331 = VECTOR('',#7332,1.);
#7332 = DIRECTION('',(0.,1.));
#7333 = ( GEOMETRIC_REPRESENTATION_CONTEXT(2) 
PARAMETRIC_REPRESENTATION_CONTEXT() REPRESENTATION_CONTEXT('2D SPACE',''
  ) );
#7334 = ORIENTED_EDGE('',*,*,#7335,.F.);
#7335 = EDGE_CURVE('',#7336,#7314,#7338,.T.);
#7336 = VERTEX_POINT('',#7337);
#7337 = CARTESIAN_POINT('',(-10.,-48.98979485566,70.));
#7338 = SURFACE_CURVE('',#7339,(#7343,#7350),.PCURVE_S1.);
#7339 = LINE('',#7340,#7341);
#7340 = CARTESIAN_POINT('',(-10.,-37.,70.));
#7341 = VECTOR('',#7342,1.);
#7342 = DIRECTION('',(-2.22044604925E-16,-1.,0.));
#7343 = PCURVE('',#3314,#7344);
#7344 = DEFINITIONAL_REPRESENTATION('',(#7345),#7349);
#7345 = LINE('',#7346,#7347);
#7346 = CARTESIAN_POINT('',(0.,1.));
#7347 = VECTOR('',#7348,1.);
#7348 = DIRECTION('',(1.,0.));
#7349 = ( GEOMETRIC_REPRESENTATION_CONTEXT(2) 
PARAMETRIC_REPRESENTATION_CONTEXT() REPRESENTATION_CONTEXT('2D SPACE',''
  ) );
#7350 = PCURVE('',#4623,#7351);
#7351 = DEFINITIONAL_REPRESENTATION('',(#7352),#7356);
#7352 = LINE('',#7353,#7354);
#7353 = CARTESIAN_POINT('',(0.,0.));
#7354 = VECTOR('',#7355,1.);
#7355 = DIRECTION('',(1.,0.));
#7356 = ( GEOMETRIC_REPRESENTATION_CONTEXT(2) 
PARAMETRIC_REPRESENTATION_CONTEXT() REPRESENTATION_CONTEXT('2D SPACE',''
  ) );
#7357 = ORIENTED_EDGE('',*,*,#7358,.F.);
#7358 = EDGE_CURVE('',#7220,#7336,#7359,.T.);
#7359 = SURFACE_CURVE('',#7360,(#7366,#7375),.PCURVE_S1.);
#7360 = B_SPLINE_CURVE_WITH_KNOTS('',4,(#7361,#7362,#7363,#7364,#7365),
  .UNSPECIFIED.,.F.,.F.,(5,5),(0.,1.),.PIECEWISE_BEZIER_KNOTS.);
#7361 = CARTESIAN_POINT('',(-10.120000048,-48.96514677838,66.9999988));
#7362 = CARTESIAN_POINT('',(-10.08999989813,-48.97134713798,
    67.750002546648));
#7363 = CARTESIAN_POINT('',(-10.05999984017,-48.97752192426,
    68.500003995596));
#7364 = CARTESIAN_POINT('',(-10.02999987415,-48.98367115699,
    69.250003146246));
#7365 = CARTESIAN_POINT('',(-10.,-48.98979485566,70.));
#7366 = PCURVE('',#3314,#7367);
#7367 = DEFINITIONAL_REPRESENTATION('',(#7368),#7374);
#7368 = B_SPLINE_CURVE_WITH_KNOTS('',4,(#7369,#7370,#7371,#7372,#7373),
  .UNSPECIFIED.,.F.,.F.,(5,5),(0.,1.),.PIECEWISE_BEZIER_KNOTS.);
#7369 = CARTESIAN_POINT('',(12.565147016329,0.879999952));
#7370 = CARTESIAN_POINT('',(12.421346626603,0.910000101866));
#7371 = CARTESIAN_POINT('',(12.277521127717,0.940000159824));
#7372 = CARTESIAN_POINT('',(12.133670527746,0.97000012585));
#7373 = CARTESIAN_POINT('',(11.989794855664,1.));
#7374 = ( GEOMETRIC_REPRESENTATION_CONTEXT(2) 
PARAMETRIC_REPRESENTATION_CONTEXT() REPRESENTATION_CONTEXT('2D SPACE',''
  ) );
#7375 = PCURVE('',#4597,#7376);
#7376 = DEFINITIONAL_REPRESENTATION('',(#7377),#7383);
#7377 = B_SPLINE_CURVE_WITH_KNOTS('',4,(#7378,#7379,#7380,#7381,#7382),
  .UNSPECIFIED.,.F.,.F.,(5,5),(0.,1.),.PIECEWISE_BEZIER_KNOTS.);
#7378 = CARTESIAN_POINT('',(-4.50858095374,1.199999999812E-06));
#7379 = CARTESIAN_POINT('',(-4.509193637493,-0.750002546648));
#7380 = CARTESIAN_POINT('',(-4.509806215924,-1.500003995596));
#7381 = CARTESIAN_POINT('',(-4.510418689728,-2.250003146246));
#7382 = CARTESIAN_POINT('',(-4.511031059594,-3.));
#7383 = ( GEOMETRIC_REPRESENTATION_CONTEXT(2) 
PARAMETRIC_REPRESENTATION_CONTEXT() REPRESENTATION_CONTEXT('2D SPACE',''
  ) );
#7384 = ORIENTED_EDGE('',*,*,#7247,.T.);
#7385 = ORIENTED_EDGE('',*,*,#3284,.T.);
#7386 = ADVANCED_FACE('',(#7387),#3252,.T.);
#7387 = FACE_BOUND('',#7388,.T.);
#7388 = EDGE_LOOP('',(#7389,#7390,#7411));
#7389 = ORIENTED_EDGE('',*,*,#3196,.T.);
#7390 = ORIENTED_EDGE('',*,*,#7391,.T.);
#7391 = EDGE_CURVE('',#704,#7269,#7392,.T.);
#7392 = SURFACE_CURVE('',#7393,(#7397,#7404),.PCURVE_S1.);
#7393 = LINE('',#7394,#7395);
#7394 = CARTESIAN_POINT('',(11.,-32.,45.));
#7395 = VECTOR('',#7396,1.);
#7396 = DIRECTION('',(-1.,2.22044604925E-16,0.));
#7397 = PCURVE('',#3252,#7398);
#7398 = DEFINITIONAL_REPRESENTATION('',(#7399),#7403);
#7399 = LINE('',#7400,#7401);
#7400 = CARTESIAN_POINT('',(0.,0.));
#7401 = VECTOR('',#7402,1.);
#7402 = DIRECTION('',(1.,0.));
#7403 = ( GEOMETRIC_REPRESENTATION_CONTEXT(2) 
PARAMETRIC_REPRESENTATION_CONTEXT() REPRESENTATION_CONTEXT('2D SPACE',''
  ) );
#7404 = PCURVE('',#7103,#7405);
#7405 = DEFINITIONAL_REPRESENTATION('',(#7406),#7410);
#7406 = LINE('',#7407,#7408);
#7407 = CARTESIAN_POINT('',(18.940383620715,-11.19204486678));
#7408 = VECTOR('',#7409,1.);
#7409 = DIRECTION('',(-0.860926528214,0.508729312127));
#7410 = ( GEOMETRIC_REPRESENTATION_CONTEXT(2) 
PARAMETRIC_REPRESENTATION_CONTEXT() REPRESENTATION_CONTEXT('2D SPACE',''
  ) );
#7411 = ORIENTED_EDGE('',*,*,#7268,.T.);
#7412 = ADVANCED_FACE('',(#7413),#3480,.T.);
#7413 = FACE_BOUND('',#7414,.F.);
#7414 = EDGE_LOOP('',(#7415,#7416,#7446,#7447,#7448,#7449));
#7415 = ORIENTED_EDGE('',*,*,#4685,.F.);
#7416 = ORIENTED_EDGE('',*,*,#7417,.F.);
#7417 = EDGE_CURVE('',#3433,#4686,#7418,.T.);
#7418 = SURFACE_CURVE('',#7419,(#7426,#7436),.PCURVE_S1.);
#7419 = B_SPLINE_CURVE_WITH_KNOTS('',5,(#7420,#7421,#7422,#7423,#7424,
    #7425),.UNSPECIFIED.,.F.,.F.,(6,6),(0.,1.),
  .PIECEWISE_BEZIER_KNOTS.);
#7420 = CARTESIAN_POINT('',(10.,48.989794855664,70.));
#7421 = CARTESIAN_POINT('',(10.,48.989794855664,71.022477024807));
#7422 = CARTESIAN_POINT('',(10.,48.989794855664,71.969893062895));
#7423 = CARTESIAN_POINT('',(10.,48.989794855664,73.047570834809));
#7424 = CARTESIAN_POINT('',(10.,48.989794855664,74.178010327576));
#7425 = CARTESIAN_POINT('',(10.,48.989794855664,75.0000006));
#7426 = PCURVE('',#3480,#7427);
#7427 = DEFINITIONAL_REPRESENTATION('',(#7428),#7435);
#7428 = B_SPLINE_CURVE_WITH_KNOTS('',5,(#7429,#7430,#7431,#7432,#7433,
    #7434),.UNSPECIFIED.,.F.,.F.,(6,6),(0.,0.999999854013),
  .PIECEWISE_BEZIER_KNOTS.);
#7429 = CARTESIAN_POINT('',(-7.652623713184,-3.));
#7430 = CARTESIAN_POINT('',(-7.652623713184,-4.022476875539));
#7431 = CARTESIAN_POINT('',(-7.652623713184,-4.969892786274));
#7432 = CARTESIAN_POINT('',(-7.652623713184,-6.047570362828));
#7433 = CARTESIAN_POINT('',(-7.652623713184,-7.178009667458));
#7434 = CARTESIAN_POINT('',(-7.652623713184,-8.));
#7435 = ( GEOMETRIC_REPRESENTATION_CONTEXT(2) 
PARAMETRIC_REPRESENTATION_CONTEXT() REPRESENTATION_CONTEXT('2D SPACE',''
  ) );
#7436 = PCURVE('',#3448,#7437);
#7437 = DEFINITIONAL_REPRESENTATION('',(#7438),#7445);
#7438 = B_SPLINE_CURVE_WITH_KNOTS('',5,(#7439,#7440,#7441,#7442,#7443,
    #7444),.UNSPECIFIED.,.F.,.F.,(6,6),(0.,1.),
  .PIECEWISE_BEZIER_KNOTS.);
#7439 = CARTESIAN_POINT('',(11.989794855664,0.));
#7440 = CARTESIAN_POINT('',(11.759737525082,2.556192562018E-02));
#7441 = CARTESIAN_POINT('',(11.546568916512,4.924732657237E-02));
#7442 = CARTESIAN_POINT('',(11.304091417831,7.618927087024E-02));
#7443 = CARTESIAN_POINT('',(11.049742531959,0.104450258189));
#7444 = CARTESIAN_POINT('',(10.864794720664,0.125000015));
#7445 = ( GEOMETRIC_REPRESENTATION_CONTEXT(2) 
PARAMETRIC_REPRESENTATION_CONTEXT() REPRESENTATION_CONTEXT('2D SPACE',''
  ) );
#7446 = ORIENTED_EDGE('',*,*,#3460,.F.);
#7447 = ORIENTED_EDGE('',*,*,#7028,.T.);
#7448 = ORIENTED_EDGE('',*,*,#7137,.F.);
#7449 = ORIENTED_EDGE('',*,*,#7450,.T.);
#7450 = EDGE_CURVE('',#7138,#4661,#7451,.T.);
#7451 = SURFACE_CURVE('',#7452,(#7459,#7469),.PCURVE_S1.);
#7452 = B_SPLINE_CURVE_WITH_KNOTS('',5,(#7453,#7454,#7455,#7456,#7457,
    #7458),.UNSPECIFIED.,.F.,.F.,(6,6),(0.,1.),
  .PIECEWISE_BEZIER_KNOTS.);
#7453 = CARTESIAN_POINT('',(10.,-48.98979485566,70.));
#7454 = CARTESIAN_POINT('',(10.,-48.98979485566,71.022477024807));
#7455 = CARTESIAN_POINT('',(10.,-48.98979485566,71.969893062895));
#7456 = CARTESIAN_POINT('',(10.,-48.98979485566,73.047570834809));
#7457 = CARTESIAN_POINT('',(10.,-48.98979485566,74.178010327576));
#7458 = CARTESIAN_POINT('',(10.,-48.98979485566,75.0000006));
#7459 = PCURVE('',#3480,#7460);
#7460 = DEFINITIONAL_REPRESENTATION('',(#7461),#7468);
#7461 = B_SPLINE_CURVE_WITH_KNOTS('',5,(#7462,#7463,#7464,#7465,#7466,
    #7467),.UNSPECIFIED.,.F.,.F.,(6,6),(0.,1.),
  .PIECEWISE_BEZIER_KNOTS.);
#7462 = CARTESIAN_POINT('',(-4.913746901175,-3.));
#7463 = CARTESIAN_POINT('',(-4.913746901175,-4.022477024807));
#7464 = CARTESIAN_POINT('',(-4.913746901175,-4.969893062895));
#7465 = CARTESIAN_POINT('',(-4.913746901175,-6.047570834809));
#7466 = CARTESIAN_POINT('',(-4.913746901175,-7.178010327576));
#7467 = CARTESIAN_POINT('',(-4.913746901175,-8.0000006));
#7468 = ( GEOMETRIC_REPRESENTATION_CONTEXT(2) 
PARAMETRIC_REPRESENTATION_CONTEXT() REPRESENTATION_CONTEXT('2D SPACE',''
  ) );
#7469 = PCURVE('',#4674,#7470);
#7470 = DEFINITIONAL_REPRESENTATION('',(#7471),#7478);
#7471 = B_SPLINE_CURVE_WITH_KNOTS('',5,(#7472,#7473,#7474,#7475,#7476,
    #7477),.UNSPECIFIED.,.F.,.F.,(6,6),(0.,1.),
  .PIECEWISE_BEZIER_KNOTS.);
#7472 = CARTESIAN_POINT('',(1.010205144336,0.));
#7473 = CARTESIAN_POINT('',(1.240262474918,2.556192562018E-02));
#7474 = CARTESIAN_POINT('',(1.453431083488,4.924732657238E-02));
#7475 = CARTESIAN_POINT('',(1.695908582169,7.618927087023E-02));
#7476 = CARTESIAN_POINT('',(1.950257468041,0.104450258189));
#7477 = CARTESIAN_POINT('',(2.135205279336,0.125000015));
#7478 = ( GEOMETRIC_REPRESENTATION_CONTEXT(2) 
PARAMETRIC_REPRESENTATION_CONTEXT() REPRESENTATION_CONTEXT('2D SPACE',''
  ) );
#7479 = ADVANCED_FACE('',(#7480,#7513),#3448,.T.);
#7480 = FACE_BOUND('',#7481,.T.);
#7481 = EDGE_LOOP('',(#7482,#7483,#7484,#7485,#7511,#7512));
#7482 = ORIENTED_EDGE('',*,*,#7417,.F.);
#7483 = ORIENTED_EDGE('',*,*,#3432,.T.);
#7484 = ORIENTED_EDGE('',*,*,#3516,.T.);
#7485 = ORIENTED_EDGE('',*,*,#7486,.F.);
#7486 = EDGE_CURVE('',#4740,#3517,#7487,.T.);
#7487 = SURFACE_CURVE('',#7488,(#7492,#7499),.PCURVE_S1.);
#7488 = LINE('',#7489,#7490);
#7489 = CARTESIAN_POINT('',(10.,46.,110.));
#7490 = VECTOR('',#7491,1.);
#7491 = DIRECTION('',(1.110223024625E-16,1.,0.));
#7492 = PCURVE('',#3448,#7493);
#7493 = DEFINITIONAL_REPRESENTATION('',(#7494),#7498);
#7494 = LINE('',#7495,#7496);
#7495 = CARTESIAN_POINT('',(0.,1.));
#7496 = VECTOR('',#7497,1.);
#7497 = DIRECTION('',(1.,0.));
#7498 = ( GEOMETRIC_REPRESENTATION_CONTEXT(2) 
PARAMETRIC_REPRESENTATION_CONTEXT() REPRESENTATION_CONTEXT('2D SPACE',''
  ) );
#7499 = PCURVE('',#7500,#7505);
#7500 = B_SPLINE_SURFACE_WITH_KNOTS('',1,1,(
    (#7501,#7502)
    ,(#7503,#7504
    )),.UNSPECIFIED.,.F.,.F.,.F.,(2,2),(2,2),(0.,13.),(0.,1.),
  .PIECEWISE_BEZIER_KNOTS.);
#7501 = CARTESIAN_POINT('',(10.,46.,110.));
#7502 = CARTESIAN_POINT('',(11.,47.,150.));
#7503 = CARTESIAN_POINT('',(10.,59.,110.));
#7504 = CARTESIAN_POINT('',(11.,60.,150.));
#7505 = DEFINITIONAL_REPRESENTATION('',(#7506),#7510);
#7506 = LINE('',#7507,#7508);
#7507 = CARTESIAN_POINT('',(0.,0.));
#7508 = VECTOR('',#7509,1.);
#7509 = DIRECTION('',(1.,0.));
#7510 = ( GEOMETRIC_REPRESENTATION_CONTEXT(2) 
PARAMETRIC_REPRESENTATION_CONTEXT() REPRESENTATION_CONTEXT('2D SPACE',''
  ) );
#7511 = ORIENTED_EDGE('',*,*,#4739,.F.);
#7512 = ORIENTED_EDGE('',*,*,#4713,.F.);
#7513 = FACE_BOUND('',#7514,.T.);
#7514 = EDGE_LOOP('',(#7515));
#7515 = ORIENTED_EDGE('',*,*,#4921,.F.);
#7516 = ADVANCED_FACE('',(#7517),#3634,.T.);
#7517 = FACE_BOUND('',#7518,.T.);
#7518 = EDGE_LOOP('',(#7519,#7520,#7521,#7548));
#7519 = ORIENTED_EDGE('',*,*,#3620,.T.);
#7520 = ORIENTED_EDGE('',*,*,#4788,.T.);
#7521 = ORIENTED_EDGE('',*,*,#7522,.F.);
#7522 = EDGE_CURVE('',#7523,#4789,#7525,.T.);
#7523 = VERTEX_POINT('',#7524);
#7524 = CARTESIAN_POINT('',(11.,60.,150.));
#7525 = SURFACE_CURVE('',#7526,(#7530,#7537),.PCURVE_S1.);
#7526 = LINE('',#7527,#7528);
#7527 = CARTESIAN_POINT('',(11.,60.,150.));
#7528 = VECTOR('',#7529,1.);
#7529 = DIRECTION('',(-1.,1.110223024625E-16,0.));
#7530 = PCURVE('',#3634,#7531);
#7531 = DEFINITIONAL_REPRESENTATION('',(#7532),#7536);
#7532 = LINE('',#7533,#7534);
#7533 = CARTESIAN_POINT('',(0.,1.));
#7534 = VECTOR('',#7535,1.);
#7535 = DIRECTION('',(1.,0.));
#7536 = ( GEOMETRIC_REPRESENTATION_CONTEXT(2) 
PARAMETRIC_REPRESENTATION_CONTEXT() REPRESENTATION_CONTEXT('2D SPACE',''
  ) );
#7537 = PCURVE('',#7538,#7543);
#7538 = B_SPLINE_SURFACE_WITH_KNOTS('',1,1,(
    (#7539,#7540)
    ,(#7541,#7542
    )),.UNSPECIFIED.,.F.,.F.,.F.,(2,2),(2,2),(0.,24.),(0.,1.),
  .PIECEWISE_BEZIER_KNOTS.);
#7539 = CARTESIAN_POINT('',(11.,60.,150.));
#7540 = CARTESIAN_POINT('',(12.,60.,230.));
#7541 = CARTESIAN_POINT('',(-11.,60.,150.));
#7542 = CARTESIAN_POINT('',(-12.,60.,230.));
#7543 = DEFINITIONAL_REPRESENTATION('',(#7544),#7547);
#7544 = B_SPLINE_CURVE_WITH_KNOTS('',1,(#7545,#7546),.UNSPECIFIED.,.F.,
  .F.,(2,2),(0.,22.),.PIECEWISE_BEZIER_KNOTS.);
#7545 = CARTESIAN_POINT('',(0.,0.));
#7546 = CARTESIAN_POINT('',(24.,0.));
#7547 = ( GEOMETRIC_REPRESENTATION_CONTEXT(2) 
PARAMETRIC_REPRESENTATION_CONTEXT() REPRESENTATION_CONTEXT('2D SPACE',''
  ) );
#7548 = ORIENTED_EDGE('',*,*,#7549,.F.);
#7549 = EDGE_CURVE('',#3517,#7523,#7550,.T.);
#7550 = SURFACE_CURVE('',#7551,(#7554,#7561),.PCURVE_S1.);
#7551 = B_SPLINE_CURVE_WITH_KNOTS('',1,(#7552,#7553),.UNSPECIFIED.,.F.,
  .F.,(2,2),(0.,1.),.PIECEWISE_BEZIER_KNOTS.);
#7552 = CARTESIAN_POINT('',(10.,59.,110.));
#7553 = CARTESIAN_POINT('',(11.,60.,150.));
#7554 = PCURVE('',#3634,#7555);
#7555 = DEFINITIONAL_REPRESENTATION('',(#7556),#7560);
#7556 = LINE('',#7557,#7558);
#7557 = CARTESIAN_POINT('',(0.,0.));
#7558 = VECTOR('',#7559,1.);
#7559 = DIRECTION('',(0.,1.));
#7560 = ( GEOMETRIC_REPRESENTATION_CONTEXT(2) 
PARAMETRIC_REPRESENTATION_CONTEXT() REPRESENTATION_CONTEXT('2D SPACE',''
  ) );
#7561 = PCURVE('',#7500,#7562);
#7562 = DEFINITIONAL_REPRESENTATION('',(#7563),#7567);
#7563 = LINE('',#7564,#7565);
#7564 = CARTESIAN_POINT('',(13.,0.));
#7565 = VECTOR('',#7566,1.);
#7566 = DIRECTION('',(0.,1.));
#7567 = ( GEOMETRIC_REPRESENTATION_CONTEXT(2) 
PARAMETRIC_REPRESENTATION_CONTEXT() REPRESENTATION_CONTEXT('2D SPACE',''
  ) );
#7568 = ADVANCED_FACE('',(#7569),#3581,.T.);
#7569 = FACE_BOUND('',#7570,.T.);
#7570 = EDGE_LOOP('',(#7571,#7572,#7598,#7599));
#7571 = ORIENTED_EDGE('',*,*,#3648,.F.);
#7572 = ORIENTED_EDGE('',*,*,#7573,.T.);
#7573 = EDGE_CURVE('',#3649,#4432,#7574,.T.);
#7574 = SURFACE_CURVE('',#7575,(#7579,#7586),.PCURVE_S1.);
#7575 = LINE('',#7576,#7577);
#7576 = CARTESIAN_POINT('',(3.,54.028725387671,69.747548883982));
#7577 = VECTOR('',#7578,1.);
#7578 = DIRECTION('',(-1.,1.110223024625E-16,0.));
#7579 = PCURVE('',#3581,#7580);
#7580 = DEFINITIONAL_REPRESENTATION('',(#7581),#7585);
#7581 = LINE('',#7582,#7583);
#7582 = CARTESIAN_POINT('',(8.,-1.724782477648E-17));
#7583 = VECTOR('',#7584,1.);
#7584 = DIRECTION('',(0.,1.));
#7585 = ( GEOMETRIC_REPRESENTATION_CONTEXT(2) 
PARAMETRIC_REPRESENTATION_CONTEXT() REPRESENTATION_CONTEXT('2D SPACE',''
  ) );
#7586 = PCURVE('',#7587,#7592);
#7587 = CYLINDRICAL_SURFACE('',#7588,12.);
#7588 = AXIS2_PLACEMENT_3D('',#7589,#7590,#7591);
#7589 = CARTESIAN_POINT('',(3.,51.675331766012,57.980580775691));
#7590 = DIRECTION('',(-1.,1.110223024625E-16,0.));
#7591 = DIRECTION('',(1.088663243655E-16,0.980580675691,-0.196116135138)
  );
#7592 = DEFINITIONAL_REPRESENTATION('',(#7593),#7597);
#7593 = LINE('',#7594,#7595);
#7594 = CARTESIAN_POINT('',(-1.570796326795,0.));
#7595 = VECTOR('',#7596,1.);
#7596 = DIRECTION('',(-0.,1.));
#7597 = ( GEOMETRIC_REPRESENTATION_CONTEXT(2) 
PARAMETRIC_REPRESENTATION_CONTEXT() REPRESENTATION_CONTEXT('2D SPACE',''
  ) );
#7598 = ORIENTED_EDGE('',*,*,#4431,.T.);
#7599 = ORIENTED_EDGE('',*,*,#3566,.T.);
#7600 = ADVANCED_FACE('',(#7601),#3688,.T.);
#7601 = FACE_BOUND('',#7602,.T.);
#7602 = EDGE_LOOP('',(#7603,#7627,#7649,#7650));
#7603 = ORIENTED_EDGE('',*,*,#7604,.F.);
#7604 = EDGE_CURVE('',#7605,#3882,#7607,.T.);
#7605 = VERTEX_POINT('',#7606);
#7606 = CARTESIAN_POINT('',(0.6,63.442299874303,55.627187154033));
#7607 = SURFACE_CURVE('',#7608,(#7613,#7620),.PCURVE_S1.);
#7608 = CIRCLE('',#7609,2.4);
#7609 = AXIS2_PLACEMENT_3D('',#7610,#7611,#7612);
#7610 = CARTESIAN_POINT('',(0.6,61.088906252645,56.097865878364));
#7611 = DIRECTION('',(-2.177326487309E-17,-0.196116135138,
    -0.980580675691));
#7612 = DIRECTION('',(1.088663243655E-16,0.980580675691,-0.196116135138)
  );
#7613 = PCURVE('',#3688,#7614);
#7614 = DEFINITIONAL_REPRESENTATION('',(#7615),#7619);
#7615 = LINE('',#7616,#7617);
#7616 = CARTESIAN_POINT('',(0.,0.));
#7617 = VECTOR('',#7618,1.);
#7618 = DIRECTION('',(0.,1.));
#7619 = ( GEOMETRIC_REPRESENTATION_CONTEXT(2) 
PARAMETRIC_REPRESENTATION_CONTEXT() REPRESENTATION_CONTEXT('2D SPACE',''
  ) );
#7620 = PCURVE('',#3925,#7621);
#7621 = DEFINITIONAL_REPRESENTATION('',(#7622),#7626);
#7622 = LINE('',#7623,#7624);
#7623 = CARTESIAN_POINT('',(-0.,1.));
#7624 = VECTOR('',#7625,1.);
#7625 = DIRECTION('',(-1.,0.));
#7626 = ( GEOMETRIC_REPRESENTATION_CONTEXT(2) 
PARAMETRIC_REPRESENTATION_CONTEXT() REPRESENTATION_CONTEXT('2D SPACE',''
  ) );
#7627 = ORIENTED_EDGE('',*,*,#7628,.T.);
#7628 = EDGE_CURVE('',#7605,#3649,#7629,.T.);
#7629 = SURFACE_CURVE('',#7630,(#7635,#7642),.PCURVE_S1.);
#7630 = CIRCLE('',#7631,12.);
#7631 = AXIS2_PLACEMENT_3D('',#7632,#7633,#7634);
#7632 = CARTESIAN_POINT('',(0.6,51.675331766012,57.980580775691));
#7633 = DIRECTION('',(1.,-1.110223024625E-16,0.));
#7634 = DIRECTION('',(1.088663243655E-16,0.980580675691,-0.196116135138)
  );
#7635 = PCURVE('',#3688,#7636);
#7636 = DEFINITIONAL_REPRESENTATION('',(#7637),#7641);
#7637 = LINE('',#7638,#7639);
#7638 = CARTESIAN_POINT('',(0.,0.));
#7639 = VECTOR('',#7640,1.);
#7640 = DIRECTION('',(1.,0.));
#7641 = ( GEOMETRIC_REPRESENTATION_CONTEXT(2) 
PARAMETRIC_REPRESENTATION_CONTEXT() REPRESENTATION_CONTEXT('2D SPACE',''
  ) );
#7642 = PCURVE('',#7587,#7643);
#7643 = DEFINITIONAL_REPRESENTATION('',(#7644),#7648);
#7644 = LINE('',#7645,#7646);
#7645 = CARTESIAN_POINT('',(-0.,2.4));
#7646 = VECTOR('',#7647,1.);
#7647 = DIRECTION('',(-1.,0.));
#7648 = ( GEOMETRIC_REPRESENTATION_CONTEXT(2) 
PARAMETRIC_REPRESENTATION_CONTEXT() REPRESENTATION_CONTEXT('2D SPACE',''
  ) );
#7649 = ORIENTED_EDGE('',*,*,#3671,.T.);
#7650 = ORIENTED_EDGE('',*,*,#3881,.F.);
#7651 = ADVANCED_FACE('',(#7652),#3956,.T.);
#7652 = FACE_BOUND('',#7653,.T.);
#7653 = EDGE_LOOP('',(#7654,#7655,#7679,#7701));
#7654 = ORIENTED_EDGE('',*,*,#4027,.F.);
#7655 = ORIENTED_EDGE('',*,*,#7656,.T.);
#7656 = EDGE_CURVE('',#4003,#7657,#7659,.T.);
#7657 = VERTEX_POINT('',#7658);
#7658 = CARTESIAN_POINT('',(0.6,63.246183739165,54.646606478342));
#7659 = SURFACE_CURVE('',#7660,(#7665,#7672),.PCURVE_S1.);
#7660 = CIRCLE('',#7661,12.);
#7661 = AXIS2_PLACEMENT_3D('',#7662,#7663,#7664);
#7662 = CARTESIAN_POINT('',(0.6,51.479215630874,57.0000001));
#7663 = DIRECTION('',(1.,-1.110223024625E-16,0.));
#7664 = DIRECTION('',(-2.177326487309E-17,-0.196116135138,
    -0.980580675691));
#7665 = PCURVE('',#3956,#7666);
#7666 = DEFINITIONAL_REPRESENTATION('',(#7667),#7671);
#7667 = LINE('',#7668,#7669);
#7668 = CARTESIAN_POINT('',(0.,0.));
#7669 = VECTOR('',#7670,1.);
#7670 = DIRECTION('',(1.,0.));
#7671 = ( GEOMETRIC_REPRESENTATION_CONTEXT(2) 
PARAMETRIC_REPRESENTATION_CONTEXT() REPRESENTATION_CONTEXT('2D SPACE',''
  ) );
#7672 = PCURVE('',#4069,#7673);
#7673 = DEFINITIONAL_REPRESENTATION('',(#7674),#7678);
#7674 = LINE('',#7675,#7676);
#7675 = CARTESIAN_POINT('',(1.570796326795,2.4));
#7676 = VECTOR('',#7677,1.);
#7677 = DIRECTION('',(-1.,-0.));
#7678 = ( GEOMETRIC_REPRESENTATION_CONTEXT(2) 
PARAMETRIC_REPRESENTATION_CONTEXT() REPRESENTATION_CONTEXT('2D SPACE',''
  ) );
#7679 = ORIENTED_EDGE('',*,*,#7680,.T.);
#7680 = EDGE_CURVE('',#7657,#3910,#7681,.T.);
#7681 = SURFACE_CURVE('',#7682,(#7687,#7694),.PCURVE_S1.);
#7682 = CIRCLE('',#7683,2.4);
#7683 = AXIS2_PLACEMENT_3D('',#7684,#7685,#7686);
#7684 = CARTESIAN_POINT('',(0.6,60.892790117507,55.117285202673));
#7685 = DIRECTION('',(-2.177326487309E-17,-0.196116135138,
    -0.980580675691));
#7686 = DIRECTION('',(1.088663243655E-16,0.980580675691,-0.196116135138)
  );
#7687 = PCURVE('',#3956,#7688);
#7688 = DEFINITIONAL_REPRESENTATION('',(#7689),#7693);
#7689 = LINE('',#7690,#7691);
#7690 = CARTESIAN_POINT('',(1.570796326795,0.));
#7691 = VECTOR('',#7692,1.);
#7692 = DIRECTION('',(0.,1.));
#7693 = ( GEOMETRIC_REPRESENTATION_CONTEXT(2) 
PARAMETRIC_REPRESENTATION_CONTEXT() REPRESENTATION_CONTEXT('2D SPACE',''
  ) );
#7694 = PCURVE('',#3925,#7695);
#7695 = DEFINITIONAL_REPRESENTATION('',(#7696),#7700);
#7696 = LINE('',#7697,#7698);
#7697 = CARTESIAN_POINT('',(-0.,0.));
#7698 = VECTOR('',#7699,1.);
#7699 = DIRECTION('',(-1.,0.));
#7700 = ( GEOMETRIC_REPRESENTATION_CONTEXT(2) 
PARAMETRIC_REPRESENTATION_CONTEXT() REPRESENTATION_CONTEXT('2D SPACE',''
  ) );
#7701 = ORIENTED_EDGE('',*,*,#3937,.F.);
#7702 = ADVANCED_FACE('',(#7703),#3925,.T.);
#7703 = FACE_BOUND('',#7704,.F.);
#7704 = EDGE_LOOP('',(#7705,#7706,#7707,#7708));
#7705 = ORIENTED_EDGE('',*,*,#7680,.T.);
#7706 = ORIENTED_EDGE('',*,*,#3909,.T.);
#7707 = ORIENTED_EDGE('',*,*,#7604,.F.);
#7708 = ORIENTED_EDGE('',*,*,#7709,.F.);
#7709 = EDGE_CURVE('',#7657,#7605,#7710,.T.);
#7710 = SURFACE_CURVE('',#7711,(#7715,#7722),.PCURVE_S1.);
#7711 = LINE('',#7712,#7713);
#7712 = CARTESIAN_POINT('',(0.6,63.246183739165,54.646606478342));
#7713 = VECTOR('',#7714,1.);
#7714 = DIRECTION('',(2.177326487309E-17,0.196116135138,0.980580675691)
  );
#7715 = PCURVE('',#3925,#7716);
#7716 = DEFINITIONAL_REPRESENTATION('',(#7717),#7721);
#7717 = LINE('',#7718,#7719);
#7718 = CARTESIAN_POINT('',(-0.,0.));
#7719 = VECTOR('',#7720,1.);
#7720 = DIRECTION('',(-0.,1.));
#7721 = ( GEOMETRIC_REPRESENTATION_CONTEXT(2) 
PARAMETRIC_REPRESENTATION_CONTEXT() REPRESENTATION_CONTEXT('2D SPACE',''
  ) );
#7722 = PCURVE('',#7723,#7728);
#7723 = PLANE('',#7724);
#7724 = AXIS2_PLACEMENT_3D('',#7725,#7726,#7727);
#7725 = CARTESIAN_POINT('',(3.,60.892790117507,42.879638370051));
#7726 = DIRECTION('',(1.088663243655E-16,0.980580675691,-0.196116135138)
  );
#7727 = DIRECTION('',(2.177326487309E-17,0.196116135138,0.980580675691)
  );
#7728 = DEFINITIONAL_REPRESENTATION('',(#7729),#7733);
#7729 = LINE('',#7730,#7731);
#7730 = CARTESIAN_POINT('',(12.,-2.4));
#7731 = VECTOR('',#7732,1.);
#7732 = DIRECTION('',(1.,0.));
#7733 = ( GEOMETRIC_REPRESENTATION_CONTEXT(2) 
PARAMETRIC_REPRESENTATION_CONTEXT() REPRESENTATION_CONTEXT('2D SPACE',''
  ) );
#7734 = ADVANCED_FACE('',(#7735),#3987,.F.);
#7735 = FACE_BOUND('',#7736,.F.);
#7736 = EDGE_LOOP('',(#7737,#7738,#7759,#7760));
#7737 = ORIENTED_EDGE('',*,*,#4317,.F.);
#7738 = ORIENTED_EDGE('',*,*,#7739,.F.);
#7739 = EDGE_CURVE('',#3971,#4318,#7740,.T.);
#7740 = SEAM_CURVE('',#7741,(#7745,#7752),.PCURVE_S1.);
#7741 = LINE('',#7742,#7743);
#7742 = CARTESIAN_POINT('',(30.,50.538435049825,57.098058167569));
#7743 = VECTOR('',#7744,1.);
#7744 = DIRECTION('',(-1.,6.123233995737E-17,0.));
#7745 = PCURVE('',#3987,#7746);
#7746 = DEFINITIONAL_REPRESENTATION('',(#7747),#7751);
#7747 = LINE('',#7748,#7749);
#7748 = CARTESIAN_POINT('',(6.28318530718,-0.));
#7749 = VECTOR('',#7750,1.);
#7750 = DIRECTION('',(0.,1.));
#7751 = ( GEOMETRIC_REPRESENTATION_CONTEXT(2) 
PARAMETRIC_REPRESENTATION_CONTEXT() REPRESENTATION_CONTEXT('2D SPACE',''
  ) );
#7752 = PCURVE('',#3987,#7753);
#7753 = DEFINITIONAL_REPRESENTATION('',(#7754),#7758);
#7754 = LINE('',#7755,#7756);
#7755 = CARTESIAN_POINT('',(0.,-0.));
#7756 = VECTOR('',#7757,1.);
#7757 = DIRECTION('',(0.,1.));
#7758 = ( GEOMETRIC_REPRESENTATION_CONTEXT(2) 
PARAMETRIC_REPRESENTATION_CONTEXT() REPRESENTATION_CONTEXT('2D SPACE',''
  ) );
#7759 = ORIENTED_EDGE('',*,*,#3970,.T.);
#7760 = ORIENTED_EDGE('',*,*,#7739,.T.);
#7761 = ADVANCED_FACE('',(#7762),#4069,.T.);
#7762 = FACE_BOUND('',#7763,.T.);
#7763 = EDGE_LOOP('',(#7764,#7787,#7788,#7789));
#7764 = ORIENTED_EDGE('',*,*,#7765,.F.);
#7765 = EDGE_CURVE('',#7657,#7766,#7768,.T.);
#7766 = VERTEX_POINT('',#7767);
#7767 = CARTESIAN_POINT('',(-0.6,63.246183739165,54.646606478342));
#7768 = SURFACE_CURVE('',#7769,(#7773,#7780),.PCURVE_S1.);
#7769 = LINE('',#7770,#7771);
#7770 = CARTESIAN_POINT('',(3.,63.246183739165,54.646606478342));
#7771 = VECTOR('',#7772,1.);
#7772 = DIRECTION('',(-1.,1.110223024625E-16,0.));
#7773 = PCURVE('',#4069,#7774);
#7774 = DEFINITIONAL_REPRESENTATION('',(#7775),#7779);
#7775 = LINE('',#7776,#7777);
#7776 = CARTESIAN_POINT('',(0.,0.));
#7777 = VECTOR('',#7778,1.);
#7778 = DIRECTION('',(0.,1.));
#7779 = ( GEOMETRIC_REPRESENTATION_CONTEXT(2) 
PARAMETRIC_REPRESENTATION_CONTEXT() REPRESENTATION_CONTEXT('2D SPACE',''
  ) );
#7780 = PCURVE('',#7723,#7781);
#7781 = DEFINITIONAL_REPRESENTATION('',(#7782),#7786);
#7782 = LINE('',#7783,#7784);
#7783 = CARTESIAN_POINT('',(12.,1.82810031373E-16));
#7784 = VECTOR('',#7785,1.);
#7785 = DIRECTION('',(0.,-1.));
#7786 = ( GEOMETRIC_REPRESENTATION_CONTEXT(2) 
PARAMETRIC_REPRESENTATION_CONTEXT() REPRESENTATION_CONTEXT('2D SPACE',''
  ) );
#7787 = ORIENTED_EDGE('',*,*,#7656,.F.);
#7788 = ORIENTED_EDGE('',*,*,#4053,.T.);
#7789 = ORIENTED_EDGE('',*,*,#7790,.T.);
#7790 = EDGE_CURVE('',#4054,#7766,#7791,.T.);
#7791 = SURFACE_CURVE('',#7792,(#7797,#7804),.PCURVE_S1.);
#7792 = CIRCLE('',#7793,12.);
#7793 = AXIS2_PLACEMENT_3D('',#7794,#7795,#7796);
#7794 = CARTESIAN_POINT('',(-0.6,51.479215630874,57.0000001));
#7795 = DIRECTION('',(1.,-1.110223024625E-16,0.));
#7796 = DIRECTION('',(-2.177326487309E-17,-0.196116135138,
    -0.980580675691));
#7797 = PCURVE('',#4069,#7798);
#7798 = DEFINITIONAL_REPRESENTATION('',(#7799),#7803);
#7799 = LINE('',#7800,#7801);
#7800 = CARTESIAN_POINT('',(1.570796326795,3.6));
#7801 = VECTOR('',#7802,1.);
#7802 = DIRECTION('',(-1.,-0.));
#7803 = ( GEOMETRIC_REPRESENTATION_CONTEXT(2) 
PARAMETRIC_REPRESENTATION_CONTEXT() REPRESENTATION_CONTEXT('2D SPACE',''
  ) );
#7804 = PCURVE('',#4146,#7805);
#7805 = DEFINITIONAL_REPRESENTATION('',(#7806),#7810);
#7806 = LINE('',#7807,#7808);
#7807 = CARTESIAN_POINT('',(-0.,0.));
#7808 = VECTOR('',#7809,1.);
#7809 = DIRECTION('',(-1.,0.));
#7810 = ( GEOMETRIC_REPRESENTATION_CONTEXT(2) 
PARAMETRIC_REPRESENTATION_CONTEXT() REPRESENTATION_CONTEXT('2D SPACE',''
  ) );
#7811 = ADVANCED_FACE('',(#7812),#4146,.T.);
#7812 = FACE_BOUND('',#7813,.F.);
#7813 = EDGE_LOOP('',(#7814,#7815,#7816,#7838));
#7814 = ORIENTED_EDGE('',*,*,#4131,.F.);
#7815 = ORIENTED_EDGE('',*,*,#7790,.T.);
#7816 = ORIENTED_EDGE('',*,*,#7817,.T.);
#7817 = EDGE_CURVE('',#7766,#4262,#7818,.T.);
#7818 = SURFACE_CURVE('',#7819,(#7824,#7831),.PCURVE_S1.);
#7819 = CIRCLE('',#7820,2.4);
#7820 = AXIS2_PLACEMENT_3D('',#7821,#7822,#7823);
#7821 = CARTESIAN_POINT('',(-0.6,60.892790117507,55.117285202673));
#7822 = DIRECTION('',(2.177326487309E-17,0.196116135138,0.980580675691)
  );
#7823 = DIRECTION('',(1.088663243655E-16,0.980580675691,-0.196116135138)
  );
#7824 = PCURVE('',#4146,#7825);
#7825 = DEFINITIONAL_REPRESENTATION('',(#7826),#7830);
#7826 = LINE('',#7827,#7828);
#7827 = CARTESIAN_POINT('',(-1.570796326795,0.));
#7828 = VECTOR('',#7829,1.);
#7829 = DIRECTION('',(-0.,1.));
#7830 = ( GEOMETRIC_REPRESENTATION_CONTEXT(2) 
PARAMETRIC_REPRESENTATION_CONTEXT() REPRESENTATION_CONTEXT('2D SPACE',''
  ) );
#7831 = PCURVE('',#4277,#7832);
#7832 = DEFINITIONAL_REPRESENTATION('',(#7833),#7837);
#7833 = LINE('',#7834,#7835);
#7834 = CARTESIAN_POINT('',(0.,0.));
#7835 = VECTOR('',#7836,1.);
#7836 = DIRECTION('',(1.,0.));
#7837 = ( GEOMETRIC_REPRESENTATION_CONTEXT(2) 
PARAMETRIC_REPRESENTATION_CONTEXT() REPRESENTATION_CONTEXT('2D SPACE',''
  ) );
#7838 = ORIENTED_EDGE('',*,*,#4289,.F.);
#7839 = ADVANCED_FACE('',(#7840),#4277,.T.);
#7840 = FACE_BOUND('',#7841,.T.);
#7841 = EDGE_LOOP('',(#7842,#7843,#7844,#7868));
#7842 = ORIENTED_EDGE('',*,*,#7817,.T.);
#7843 = ORIENTED_EDGE('',*,*,#4261,.T.);
#7844 = ORIENTED_EDGE('',*,*,#7845,.F.);
#7845 = EDGE_CURVE('',#7846,#4229,#7848,.T.);
#7846 = VERTEX_POINT('',#7847);
#7847 = CARTESIAN_POINT('',(-0.6,63.442299874303,55.627187154033));
#7848 = SURFACE_CURVE('',#7849,(#7854,#7861),.PCURVE_S1.);
#7849 = CIRCLE('',#7850,2.4);
#7850 = AXIS2_PLACEMENT_3D('',#7851,#7852,#7853);
#7851 = CARTESIAN_POINT('',(-0.6,61.088906252645,56.097865878364));
#7852 = DIRECTION('',(2.177326487309E-17,0.196116135138,0.980580675691)
  );
#7853 = DIRECTION('',(1.088663243655E-16,0.980580675691,-0.196116135138)
  );
#7854 = PCURVE('',#4277,#7855);
#7855 = DEFINITIONAL_REPRESENTATION('',(#7856),#7860);
#7856 = LINE('',#7857,#7858);
#7857 = CARTESIAN_POINT('',(0.,1.));
#7858 = VECTOR('',#7859,1.);
#7859 = DIRECTION('',(1.,0.));
#7860 = ( GEOMETRIC_REPRESENTATION_CONTEXT(2) 
PARAMETRIC_REPRESENTATION_CONTEXT() REPRESENTATION_CONTEXT('2D SPACE',''
  ) );
#7861 = PCURVE('',#4249,#7862);
#7862 = DEFINITIONAL_REPRESENTATION('',(#7863),#7867);
#7863 = LINE('',#7864,#7865);
#7864 = CARTESIAN_POINT('',(-0.,0.));
#7865 = VECTOR('',#7866,1.);
#7866 = DIRECTION('',(-0.,1.));
#7867 = ( GEOMETRIC_REPRESENTATION_CONTEXT(2) 
PARAMETRIC_REPRESENTATION_CONTEXT() REPRESENTATION_CONTEXT('2D SPACE',''
  ) );
#7868 = ORIENTED_EDGE('',*,*,#7869,.F.);
#7869 = EDGE_CURVE('',#7766,#7846,#7870,.T.);
#7870 = SURFACE_CURVE('',#7871,(#7875,#7882),.PCURVE_S1.);
#7871 = LINE('',#7872,#7873);
#7872 = CARTESIAN_POINT('',(-0.6,63.246183739165,54.646606478342));
#7873 = VECTOR('',#7874,1.);
#7874 = DIRECTION('',(2.177326487309E-17,0.196116135138,0.980580675691)
  );
#7875 = PCURVE('',#4277,#7876);
#7876 = DEFINITIONAL_REPRESENTATION('',(#7877),#7881);
#7877 = LINE('',#7878,#7879);
#7878 = CARTESIAN_POINT('',(0.,0.));
#7879 = VECTOR('',#7880,1.);
#7880 = DIRECTION('',(0.,1.));
#7881 = ( GEOMETRIC_REPRESENTATION_CONTEXT(2) 
PARAMETRIC_REPRESENTATION_CONTEXT() REPRESENTATION_CONTEXT('2D SPACE',''
  ) );
#7882 = PCURVE('',#7723,#7883);
#7883 = DEFINITIONAL_REPRESENTATION('',(#7884),#7888);
#7884 = LINE('',#7885,#7886);
#7885 = CARTESIAN_POINT('',(12.,-3.6));
#7886 = VECTOR('',#7887,1.);
#7887 = DIRECTION('',(1.,0.));
#7888 = ( GEOMETRIC_REPRESENTATION_CONTEXT(2) 
PARAMETRIC_REPRESENTATION_CONTEXT() REPRESENTATION_CONTEXT('2D SPACE',''
  ) );
#7889 = ADVANCED_FACE('',(#7890),#4249,.T.);
#7890 = FACE_BOUND('',#7891,.F.);
#7891 = EDGE_LOOP('',(#7892,#7893,#7915,#7916));
#7892 = ORIENTED_EDGE('',*,*,#7845,.F.);
#7893 = ORIENTED_EDGE('',*,*,#7894,.T.);
#7894 = EDGE_CURVE('',#7846,#4432,#7895,.T.);
#7895 = SURFACE_CURVE('',#7896,(#7901,#7908),.PCURVE_S1.);
#7896 = CIRCLE('',#7897,12.);
#7897 = AXIS2_PLACEMENT_3D('',#7898,#7899,#7900);
#7898 = CARTESIAN_POINT('',(-0.6,51.675331766012,57.980580775691));
#7899 = DIRECTION('',(1.,-1.110223024625E-16,0.));
#7900 = DIRECTION('',(1.088663243655E-16,0.980580675691,-0.196116135138)
  );
#7901 = PCURVE('',#4249,#7902);
#7902 = DEFINITIONAL_REPRESENTATION('',(#7903),#7907);
#7903 = LINE('',#7904,#7905);
#7904 = CARTESIAN_POINT('',(-0.,0.));
#7905 = VECTOR('',#7906,1.);
#7906 = DIRECTION('',(-1.,0.));
#7907 = ( GEOMETRIC_REPRESENTATION_CONTEXT(2) 
PARAMETRIC_REPRESENTATION_CONTEXT() REPRESENTATION_CONTEXT('2D SPACE',''
  ) );
#7908 = PCURVE('',#7587,#7909);
#7909 = DEFINITIONAL_REPRESENTATION('',(#7910),#7914);
#7910 = LINE('',#7911,#7912);
#7911 = CARTESIAN_POINT('',(-0.,3.6));
#7912 = VECTOR('',#7913,1.);
#7913 = DIRECTION('',(-1.,0.));
#7914 = ( GEOMETRIC_REPRESENTATION_CONTEXT(2) 
PARAMETRIC_REPRESENTATION_CONTEXT() REPRESENTATION_CONTEXT('2D SPACE',''
  ) );
#7915 = ORIENTED_EDGE('',*,*,#4454,.T.);
#7916 = ORIENTED_EDGE('',*,*,#4228,.F.);
#7917 = ADVANCED_FACE('',(#7918,#7996),#4674,.T.);
#7918 = FACE_BOUND('',#7919,.T.);
#7919 = EDGE_LOOP('',(#7920,#7946,#7947,#7948,#7949,#7970));
#7920 = ORIENTED_EDGE('',*,*,#7921,.F.);
#7921 = EDGE_CURVE('',#7061,#7922,#7924,.T.);
#7922 = VERTEX_POINT('',#7923);
#7923 = CARTESIAN_POINT('',(10.,-59.,110.));
#7924 = SURFACE_CURVE('',#7925,(#7928,#7935),.PCURVE_S1.);
#7925 = B_SPLINE_CURVE_WITH_KNOTS('',1,(#7926,#7927),.UNSPECIFIED.,.F.,
  .F.,(2,2),(0.,1.),.PIECEWISE_BEZIER_KNOTS.);
#7926 = CARTESIAN_POINT('',(10.,-50.,70.));
#7927 = CARTESIAN_POINT('',(10.,-59.,110.));
#7928 = PCURVE('',#4674,#7929);
#7929 = DEFINITIONAL_REPRESENTATION('',(#7930),#7934);
#7930 = LINE('',#7931,#7932);
#7931 = CARTESIAN_POINT('',(0.,0.));
#7932 = VECTOR('',#7933,1.);
#7933 = DIRECTION('',(0.,1.));
#7934 = ( GEOMETRIC_REPRESENTATION_CONTEXT(2) 
PARAMETRIC_REPRESENTATION_CONTEXT() REPRESENTATION_CONTEXT('2D SPACE',''
  ) );
#7935 = PCURVE('',#7936,#7941);
#7936 = PLANE('',#7937);
#7937 = AXIS2_PLACEMENT_3D('',#7938,#7939,#7940);
#7938 = CARTESIAN_POINT('',(-10.,-59.,110.));
#7939 = DIRECTION('',(-2.166288828537E-16,-0.975609756098,
    -0.219512195122));
#7940 = DIRECTION('',(1.,-2.22044604925E-16,0.));
#7941 = DEFINITIONAL_REPRESENTATION('',(#7942),#7945);
#7942 = B_SPLINE_CURVE_WITH_KNOTS('',1,(#7943,#7944),.UNSPECIFIED.,.F.,
  .F.,(2,2),(0.,1.),.PIECEWISE_BEZIER_KNOTS.);
#7943 = CARTESIAN_POINT('',(20.,-41.));
#7944 = CARTESIAN_POINT('',(20.,0.));
#7945 = ( GEOMETRIC_REPRESENTATION_CONTEXT(2) 
PARAMETRIC_REPRESENTATION_CONTEXT() REPRESENTATION_CONTEXT('2D SPACE',''
  ) );
#7946 = ORIENTED_EDGE('',*,*,#7166,.T.);
#7947 = ORIENTED_EDGE('',*,*,#7450,.T.);
#7948 = ORIENTED_EDGE('',*,*,#4660,.F.);
#7949 = ORIENTED_EDGE('',*,*,#7950,.T.);
#7950 = EDGE_CURVE('',#4635,#7951,#7953,.T.);
#7951 = VERTEX_POINT('',#7952);
#7952 = CARTESIAN_POINT('',(10.,-46.,110.));
#7953 = SURFACE_CURVE('',#7954,(#7957,#7964),.PCURVE_S1.);
#7954 = B_SPLINE_CURVE_WITH_KNOTS('',1,(#7955,#7956),.UNSPECIFIED.,.F.,
  .F.,(2,2),(0.,1.),.PIECEWISE_BEZIER_KNOTS.);
#7955 = CARTESIAN_POINT('',(10.,-37.,70.));
#7956 = CARTESIAN_POINT('',(10.,-46.,110.));
#7957 = PCURVE('',#4674,#7958);
#7958 = DEFINITIONAL_REPRESENTATION('',(#7959),#7963);
#7959 = LINE('',#7960,#7961);
#7960 = CARTESIAN_POINT('',(13.,0.));
#7961 = VECTOR('',#7962,1.);
#7962 = DIRECTION('',(0.,1.));
#7963 = ( GEOMETRIC_REPRESENTATION_CONTEXT(2) 
PARAMETRIC_REPRESENTATION_CONTEXT() REPRESENTATION_CONTEXT('2D SPACE',''
  ) );
#7964 = PCURVE('',#4649,#7965);
#7965 = DEFINITIONAL_REPRESENTATION('',(#7966),#7969);
#7966 = B_SPLINE_CURVE_WITH_KNOTS('',1,(#7967,#7968),.UNSPECIFIED.,.F.,
  .F.,(2,2),(0.,1.),.PIECEWISE_BEZIER_KNOTS.);
#7967 = CARTESIAN_POINT('',(0.,-41.));
#7968 = CARTESIAN_POINT('',(0.,0.));
#7969 = ( GEOMETRIC_REPRESENTATION_CONTEXT(2) 
PARAMETRIC_REPRESENTATION_CONTEXT() REPRESENTATION_CONTEXT('2D SPACE',''
  ) );
#7970 = ORIENTED_EDGE('',*,*,#7971,.F.);
#7971 = EDGE_CURVE('',#7922,#7951,#7972,.T.);
#7972 = SURFACE_CURVE('',#7973,(#7977,#7984),.PCURVE_S1.);
#7973 = LINE('',#7974,#7975);
#7974 = CARTESIAN_POINT('',(10.,-59.,110.));
#7975 = VECTOR('',#7976,1.);
#7976 = DIRECTION('',(2.22044604925E-16,1.,0.));
#7977 = PCURVE('',#4674,#7978);
#7978 = DEFINITIONAL_REPRESENTATION('',(#7979),#7983);
#7979 = LINE('',#7980,#7981);
#7980 = CARTESIAN_POINT('',(0.,1.));
#7981 = VECTOR('',#7982,1.);
#7982 = DIRECTION('',(1.,0.));
#7983 = ( GEOMETRIC_REPRESENTATION_CONTEXT(2) 
PARAMETRIC_REPRESENTATION_CONTEXT() REPRESENTATION_CONTEXT('2D SPACE',''
  ) );
#7984 = PCURVE('',#7985,#7990);
#7985 = B_SPLINE_SURFACE_WITH_KNOTS('',1,1,(
    (#7986,#7987)
    ,(#7988,#7989
    )),.UNSPECIFIED.,.F.,.F.,.F.,(2,2),(2,2),(0.,13.),(0.,1.),
  .PIECEWISE_BEZIER_KNOTS.);
#7986 = CARTESIAN_POINT('',(10.,-59.,110.));
#7987 = CARTESIAN_POINT('',(11.,-60.,150.));
#7988 = CARTESIAN_POINT('',(10.,-46.,110.));
#7989 = CARTESIAN_POINT('',(11.,-47.,150.));
#7990 = DEFINITIONAL_REPRESENTATION('',(#7991),#7995);
#7991 = LINE('',#7992,#7993);
#7992 = CARTESIAN_POINT('',(0.,0.));
#7993 = VECTOR('',#7994,1.);
#7994 = DIRECTION('',(1.,0.));
#7995 = ( GEOMETRIC_REPRESENTATION_CONTEXT(2) 
PARAMETRIC_REPRESENTATION_CONTEXT() REPRESENTATION_CONTEXT('2D SPACE',''
  ) );
#7996 = FACE_BOUND('',#7997,.T.);
#7997 = EDGE_LOOP('',(#7998));
#7998 = ORIENTED_EDGE('',*,*,#7999,.T.);
#7999 = EDGE_CURVE('',#8000,#8000,#8002,.T.);
#8000 = VERTEX_POINT('',#8001);
#8001 = CARTESIAN_POINT('',(10.,-47.55,90.5));
#8002 = SURFACE_CURVE('',#8003,(#8119,#8280),.PCURVE_S1.);
#8003 = B_SPLINE_CURVE_WITH_KNOTS('',7,(#8004,#8005,#8006,#8007,#8008,
    #8009,#8010,#8011,#8012,#8013,#8014,#8015,#8016,#8017,#8018,#8019,
    #8020,#8021,#8022,#8023,#8024,#8025,#8026,#8027,#8028,#8029,#8030,
    #8031,#8032,#8033,#8034,#8035,#8036,#8037,#8038,#8039,#8040,#8041,
    #8042,#8043,#8044,#8045,#8046,#8047,#8048,#8049,#8050,#8051,#8052,
    #8053,#8054,#8055,#8056,#8057,#8058,#8059,#8060,#8061,#8062,#8063,
    #8064,#8065,#8066,#8067,#8068,#8069,#8070,#8071,#8072,#8073,#8074,
    #8075,#8076,#8077,#8078,#8079,#8080,#8081,#8082,#8083,#8084,#8085,
    #8086,#8087,#8088,#8089,#8090,#8091,#8092,#8093,#8094,#8095,#8096,
    #8097,#8098,#8099,#8100,#8101,#8102,#8103,#8104,#8105,#8106,#8107,
    #8108,#8109,#8110,#8111,#8112,#8113,#8114,#8115,#8116,#8117,#8118),
  .UNSPECIFIED.,.T.,.F.,(8,6,6,6,6,6,6,6,6,6,6,6,6,6,6,5,6,6,6,8),(0.,
    0.113004743807,0.164208454036,0.224046982013,0.305920742779,
    0.368322236897,0.421916199111,0.4643147507,0.496711379355,
    0.581361740355,0.698885380006,0.741270815347,0.794829972917,
    0.856042889865,0.939091870707,1.,1.055205423379,1.096282262901,
    1.214569180352,1.265594609945),.UNSPECIFIED.);
#8004 = CARTESIAN_POINT('',(10.,-47.55,90.5));
#8005 = CARTESIAN_POINT('',(10.,-47.37413408354,90.5));
#8006 = CARTESIAN_POINT('',(10.,-47.19686778326,90.485566843386));
#8007 = CARTESIAN_POINT('',(10.,-47.01876935542,90.456284669498));
#8008 = CARTESIAN_POINT('',(10.,-46.84064852288,90.411496982322));
#8009 = CARTESIAN_POINT('',(10.,-46.6635764221,90.350398096687));
#8010 = CARTESIAN_POINT('',(10.,-46.4888833427,90.27211371593));
#8011 = CARTESIAN_POINT('',(10.,-46.24087293385,90.131685822445));
#8012 = CARTESIAN_POINT('',(10.,-46.16439340469,90.084146095526));
#8013 = CARTESIAN_POINT('',(10.,-46.08893475702,90.032759488729));
#8014 = CARTESIAN_POINT('',(10.,-46.01469855338,89.977435443207));
#8015 = CARTESIAN_POINT('',(10.,-45.94192042563,89.918095538309));
#8016 = CARTESIAN_POINT('',(10.,-45.87086803915,89.854680613156));
#8017 = CARTESIAN_POINT('',(10.,-45.72116926449,89.708248362935));
#8018 = CARTESIAN_POINT('',(10.,-45.64326257574,89.623728903826));
#8019 = CARTESIAN_POINT('',(10.,-45.56861298073,89.533564602341));
#8020 = CARTESIAN_POINT('',(10.,-45.49779373724,89.437810825698));
#8021 = CARTESIAN_POINT('',(10.,-45.43144031132,89.33664121959));
#8022 = CARTESIAN_POINT('',(10.,-45.37021252187,89.230394535104));
#8023 = CARTESIAN_POINT('',(10.,-45.23883027008,88.9681013348));
#8024 = CARTESIAN_POINT('',(10.,-45.17351439006,88.807771503156));
#8025 = CARTESIAN_POINT('',(10.,-45.12080660878,88.640699189148));
#8026 = CARTESIAN_POINT('',(10.,-45.0819333299,88.469181393513));
#8027 = CARTESIAN_POINT('',(10.,-45.05745632887,88.295686873275));
#8028 = CARTESIAN_POINT('',(10.,-45.04726553084,88.122808566542));
#8029 = CARTESIAN_POINT('',(10.,-45.05285461081,87.824009710566));
#8030 = CARTESIAN_POINT('',(10.,-45.06303851854,87.696490211912));
#8031 = CARTESIAN_POINT('',(10.,-45.08062917134,87.571580021764));
#8032 = CARTESIAN_POINT('',(10.,-45.10511159698,87.449943056552));
#8033 = CARTESIAN_POINT('',(10.,-45.13591527779,87.332055807472));
#8034 = CARTESIAN_POINT('',(10.,-45.1724800521,87.218239186268));
#8035 = CARTESIAN_POINT('',(10.,-45.25019557283,87.014584922595));
#8036 = CARTESIAN_POINT('',(10.,-45.28997062198,86.923630900646));
#8037 = CARTESIAN_POINT('',(10.,-45.33329268354,86.835919800343));
#8038 = CARTESIAN_POINT('',(10.,-45.37986087656,86.751512507992));
#8039 = CARTESIAN_POINT('',(10.,-45.42939954888,86.670435650277));
#8040 = CARTESIAN_POINT('',(10.,-45.48166364178,86.592687991483));
#8041 = CARTESIAN_POINT('',(10.,-45.57978121536,86.459355917201));
#8042 = CARTESIAN_POINT('',(10.,-45.6246900046,86.402538652165));
#8043 = CARTESIAN_POINT('',(10.,-45.67106470495,86.347785852799));
#8044 = CARTESIAN_POINT('',(10.,-45.71880795355,86.295086122484));
#8045 = CARTESIAN_POINT('',(10.,-45.76783079211,86.244426185482));
#8046 = CARTESIAN_POINT('',(10.,-45.81805271706,86.195791221607));
#8047 = CARTESIAN_POINT('',(10.,-45.90863738341,86.113538373507));
#8048 = CARTESIAN_POINT('',(10.,-45.94853037817,86.079085096726));
#8049 = CARTESIAN_POINT('',(10.,-45.98904822467,86.045798601554));
#8050 = CARTESIAN_POINT('',(10.,-46.03016033018,86.013672507766));
#8051 = CARTESIAN_POINT('',(10.,-46.07183799849,85.982700823905));
#8052 = CARTESIAN_POINT('',(10.,-46.11405442987,85.952877947284));
#8053 = CARTESIAN_POINT('',(10.,-46.26843629494,85.849261493501));
#8054 = CARTESIAN_POINT('',(10.,-46.38358279765,85.782141001397));
#8055 = CARTESIAN_POINT('',(10.,-46.50179533788,85.722729978832));
#8056 = CARTESIAN_POINT('',(10.,-46.62269187232,85.670975703851));
#8057 = CARTESIAN_POINT('',(10.,-46.7459276507,85.626860168941));
#8058 = CARTESIAN_POINT('',(10.,-46.87119219039,85.590398286467));
#8059 = CARTESIAN_POINT('',(10.,-47.17456078345,85.521747275776));
#8060 = CARTESIAN_POINT('',(10.,-47.35419392225,85.49673844004));
#8061 = CARTESIAN_POINT('',(10.,-47.53643982046,85.486755370783));
#8062 = CARTESIAN_POINT('',(10.,-47.7205433532,85.492182642361));
#8063 = CARTESIAN_POINT('',(10.,-47.90563725475,85.513575070141));
#8064 = CARTESIAN_POINT('',(10.,-48.09073713104,85.551620547641));
#8065 = CARTESIAN_POINT('',(10.,-48.34108536927,85.627450484186));
#8066 = CARTESIAN_POINT('',(10.,-48.40728561085,85.649846401873));
#8067 = CARTESIAN_POINT('',(10.,-48.47327078657,85.674584065513));
#8068 = CARTESIAN_POINT('',(10.,-48.53897460726,85.701711306765));
#8069 = CARTESIAN_POINT('',(10.,-48.6043225001,85.731278185889));
#8070 = CARTESIAN_POINT('',(10.,-48.66923151055,85.763336669544));
#8071 = CARTESIAN_POINT('',(10.,-48.81496052106,85.841666219174));
#8072 = CARTESIAN_POINT('',(10.,-48.89545652029,85.889452120255));
#8073 = CARTESIAN_POINT('',(10.,-48.97491946793,85.941407912545));
#8074 = CARTESIAN_POINT('',(10.,-49.05312909332,85.997639549923));
#8075 = CARTESIAN_POINT('',(10.,-49.12982567759,86.05824100652));
#8076 = CARTESIAN_POINT('',(10.,-49.20471214204,86.123286243796));
#8077 = CARTESIAN_POINT('',(10.,-49.36059545957,86.272292855718));
#8078 = CARTESIAN_POINT('',(10.,-49.4409352398,86.357627735754));
#8079 = CARTESIAN_POINT('',(10.,-49.51795904102,86.448875970281));
#8080 = CARTESIAN_POINT('',(10.,-49.5910619171,86.545993451326));
#8081 = CARTESIAN_POINT('',(10.,-49.6595682571,86.648811256214));
#8082 = CARTESIAN_POINT('',(10.,-49.72277251345,86.756983994909));
#8083 = CARTESIAN_POINT('',(10.,-49.85764848476,87.023135959945));
#8084 = CARTESIAN_POINT('',(10.,-49.92448900733,87.185493166036));
#8085 = CARTESIAN_POINT('',(10.,-49.9783931786,87.354867848072));
#8086 = CARTESIAN_POINT('',(10.,-50.01806571071,87.528870769199));
#8087 = CARTESIAN_POINT('',(10.,-50.0429122913,87.704927385188));
#8088 = CARTESIAN_POINT('',(10.,-50.05304865671,87.88033042995));
#8089 = CARTESIAN_POINT('',(10.,-50.04681711904,88.17835660345));
#8090 = CARTESIAN_POINT('',(10.,-50.03679015776,88.302791752957));
#8091 = CARTESIAN_POINT('',(10.,-50.01971065464,88.424740157981));
#8092 = CARTESIAN_POINT('',(10.,-49.996056349,88.543582839165));
#8093 = CARTESIAN_POINT('',(10.,-49.96635627122,88.65887194073));
#8094 = CARTESIAN_POINT('',(10.,-49.89920477382,88.871301089387));
#8095 = CARTESIAN_POINT('',(10.,-49.8137360672,89.069040708125));
#8096 = CARTESIAN_POINT('',(10.,-49.76931297304,89.159617057975));
#8097 = CARTESIAN_POINT('',(10.,-49.72143272639,89.246687606125));
#8098 = CARTESIAN_POINT('',(10.,-49.67039767949,89.330222583757));
#8099 = CARTESIAN_POINT('',(10.,-49.61647566793,89.41022375498));
#8100 = CARTESIAN_POINT('',(10.,-49.5177926334,89.543633421001));
#8101 = CARTESIAN_POINT('',(10.,-49.47422202179,89.598603574359));
#8102 = CARTESIAN_POINT('',(10.,-49.42927768657,89.651635844153));
#8103 = CARTESIAN_POINT('',(10.,-49.38304806296,89.702740625622));
#8104 = CARTESIAN_POINT('',(10.,-49.33561416794,89.751929979706));
#8105 = CARTESIAN_POINT('',(10.,-49.28704955574,89.799217346077));
#8106 = CARTESIAN_POINT('',(10.,-49.09450531372,89.975353103434));
#8107 = CARTESIAN_POINT('',(10.,-48.94283857543,90.09036720817));
#8108 = CARTESIAN_POINT('',(10.,-48.7839091117,90.190126260418));
#8109 = CARTESIAN_POINT('',(10.,-48.61893061797,90.274834797187));
#8110 = CARTESIAN_POINT('',(10.,-48.4489484545,90.344627388371));
#8111 = CARTESIAN_POINT('',(10.,-48.27482730947,90.399531257802));
#8112 = CARTESIAN_POINT('',(10.,-48.02063236012,90.456556342397));
#8113 = CARTESIAN_POINT('',(10.,-47.94339627595,90.470935271752));
#8114 = CARTESIAN_POINT('',(10.,-47.86559360478,90.482493143873));
#8115 = CARTESIAN_POINT('',(10.,-47.78728796513,90.491209190949));
#8116 = CARTESIAN_POINT('',(10.,-47.70854362339,90.497056129933));
#8117 = CARTESIAN_POINT('',(10.,-47.62942563739,90.5));
#8118 = CARTESIAN_POINT('',(10.,-47.55,90.5));
#8119 = PCURVE('',#4674,#8120);
#8120 = DEFINITIONAL_REPRESENTATION('',(#8121),#8279);
#8121 = B_SPLINE_CURVE_WITH_KNOTS('',3,(#8122,#8123,#8124,#8125,#8126,
    #8127,#8128,#8129,#8130,#8131,#8132,#8133,#8134,#8135,#8136,#8137,
    #8138,#8139,#8140,#8141,#8142,#8143,#8144,#8145,#8146,#8147,#8148,
    #8149,#8150,#8151,#8152,#8153,#8154,#8155,#8156,#8157,#8158,#8159,
    #8160,#8161,#8162,#8163,#8164,#8165,#8166,#8167,#8168,#8169,#8170,
    #8171,#8172,#8173,#8174,#8175,#8176,#8177,#8178,#8179,#8180,#8181,
    #8182,#8183,#8184,#8185,#8186,#8187,#8188,#8189,#8190,#8191,#8192,
    #8193,#8194,#8195,#8196,#8197,#8198,#8199,#8200,#8201,#8202,#8203,
    #8204,#8205,#8206,#8207,#8208,#8209,#8210,#8211,#8212,#8213,#8214,
    #8215,#8216,#8217,#8218,#8219,#8220,#8221,#8222,#8223,#8224,#8225,
    #8226,#8227,#8228,#8229,#8230,#8231,#8232,#8233,#8234,#8235,#8236,
    #8237,#8238,#8239,#8240,#8241,#8242,#8243,#8244,#8245,#8246,#8247,
    #8248,#8249,#8250,#8251,#8252,#8253,#8254,#8255,#8256,#8257,#8258,
    #8259,#8260,#8261,#8262,#8263,#8264,#8265,#8266,#8267,#8268,#8269,
    #8270,#8271,#8272,#8273,#8274,#8275,#8276,#8277,#8278),
  .UNSPECIFIED.,.F.,.F.,(4,1,1,1,1,1,1,1,1,1,1,1,1,1,1,1,1,1,1,1,1,1,1,1
    ,1,1,1,1,1,1,1,1,1,1,1,1,1,1,1,1,1,1,1,1,1,1,1,1,1,1,1,1,1,1,1,1,1,1
    ,1,1,1,1,1,1,1,1,1,1,1,1,1,1,1,1,1,1,1,1,1,1,1,1,1,1,1,1,1,1,1,1,1,1
    ,1,1,1,1,1,1,1,1,1,1,1,1,1,1,1,1,1,1,1,1,1,1,1,1,1,1,1,1,1,1,1,1,1,1
    ,1,1,1,1,1,1,1,1,1,1,1,1,1,1,1,1,1,1,1,1,1,1,1,1,1,1,1,1,4),(0.,
    8.218146817826E-03,1.643629363565E-02,2.465444045348E-02,
    3.28725872713E-02,4.109073408913E-02,4.930888090696E-02,
    5.752702772478E-02,6.574517454261E-02,7.396332136044E-02,
    8.218146817826E-02,9.039961499609E-02,9.861776181391E-02,
    0.106835908632,0.11505405545,0.123272202267,0.131490349085,
    0.139708495903,0.147926642721,0.156144789539,0.164362936357,
    0.172581083174,0.180799229992,0.18901737681,0.197235523628,
    0.205453670446,0.213671817263,0.221889964081,0.230108110899,
    0.238326257717,0.246544404535,0.254762551353,0.26298069817,
    0.271198844988,0.279416991806,0.287635138624,0.295853285442,
    0.30407143226,0.312289579077,0.320507725895,0.328725872713,
    0.336944019531,0.345162166349,0.353380313167,0.361598459984,
    0.369816606802,0.37803475362,0.386252900438,0.394471047256,
    0.402689194073,0.410907340891,0.419125487709,0.427343634527,
    0.435561781345,0.443779928163,0.45199807498,0.460216221798,
    0.468434368616,0.476652515434,0.484870662252,0.49308880907,
    0.501306955887,0.509525102705,0.517743249523,0.525961396341,
    0.534179543159,0.542397689977,0.550615836794,0.558833983612,
    0.56705213043,0.575270277248,0.583488424066,0.591706570883,
    0.599924717701,0.608142864519,0.616361011337,0.624579158155,
    0.632797304973,0.64101545179,0.649233598608,0.657451745426,
    0.665669892244,0.673888039062,0.68210618588,0.690324332697,
    0.698542479515,0.706760626333,0.714978773151,0.723196919969,
    0.731415066787,0.739633213604,0.747851360422,0.75606950724,
    0.764287654058,0.772505800876,0.780723947693,0.788942094511,
    0.797160241329,0.805378388147,0.813596534965,0.821814681783,
    0.8300328286,0.838250975418,0.846469122236,0.854687269054,
    0.862905415872,0.87112356269,0.879341709507,0.887559856325,
    0.895778003143,0.903996149961,0.912214296779,0.920432443597,
    0.928650590414,0.936868737232,0.94508688405,0.953305030868,
    0.961523177686,0.969741324503,0.977959471321,0.986177618139,
    0.994395764957,1.002613911775,1.010832058593,1.01905020541,
    1.027268352228,1.035486499046,1.043704645864,1.051922792682,
    1.0601409395,1.068359086317,1.076577233135,1.084795379953,
    1.093013526771,1.101231673589,1.109449820407,1.117667967224,
    1.125886114042,1.13410426086,1.142322407678,1.150540554496,
    1.158758701313,1.166976848131,1.175194994949,1.183413141767,
    1.191631288585,1.199849435403,1.20806758222,1.216285729038,
    1.224503875856,1.232722022674,1.240940169492,1.24915831631,
    1.257376463127,1.265594609945),.QUASI_UNIFORM_KNOTS.);
#8122 = CARTESIAN_POINT('',(7.0625,0.5125));
#8123 = CARTESIAN_POINT('',(7.092341955464,0.512499989365));
#8124 = CARTESIAN_POINT('',(7.151891298003,0.512473292025));
#8125 = CARTESIAN_POINT('',(7.240747065955,0.512352168532));
#8126 = CARTESIAN_POINT('',(7.32907276339,0.512148965807));
#8127 = CARTESIAN_POINT('',(7.416797059565,0.511862515739));
#8128 = CARTESIAN_POINT('',(7.503842412855,0.511491554037));
#8129 = CARTESIAN_POINT('',(7.590124200238,0.511034712621));
#8130 = CARTESIAN_POINT('',(7.67555094379,0.510490530681));
#8131 = CARTESIAN_POINT('',(7.760024220659,0.509857457966));
#8132 = CARTESIAN_POINT('',(7.843438602287,0.509133857252));
#8133 = CARTESIAN_POINT('',(7.925681607646,0.508318002156));
#8134 = CARTESIAN_POINT('',(8.006633340068,0.507408076321));
#8135 = CARTESIAN_POINT('',(8.086167098859,0.506402151235));
#8136 = CARTESIAN_POINT('',(8.164146085772,0.505298225275));
#8137 = CARTESIAN_POINT('',(8.240434389175,0.504094013871));
#8138 = CARTESIAN_POINT('',(8.314848813962,0.50278773757));
#8139 = CARTESIAN_POINT('',(8.387207226399,0.501377484541));
#8140 = CARTESIAN_POINT('',(8.457316104242,0.499861347096));
#8141 = CARTESIAN_POINT('',(8.524962774216,0.498237628824));
#8142 = CARTESIAN_POINT('',(8.589918758295,0.496504848405));
#8143 = CARTESIAN_POINT('',(8.651940009716,0.494661803918));
#8144 = CARTESIAN_POINT('',(8.710768481471,0.492707598501));
#8145 = CARTESIAN_POINT('',(8.766122598321,0.490642103678));
#8146 = CARTESIAN_POINT('',(8.817706142373,0.488465977392));
#8147 = CARTESIAN_POINT('',(8.865212978483,0.486180749174));
#8148 = CARTESIAN_POINT('',(8.908331608156,0.483788977246));
#8149 = CARTESIAN_POINT('',(8.946752280909,0.481294292671));
#8150 = CARTESIAN_POINT('',(8.980169126822,0.478701918892));
#8151 = CARTESIAN_POINT('',(9.008304726364,0.476017498168));
#8152 = CARTESIAN_POINT('',(9.030901610762,0.473247393579));
#8153 = CARTESIAN_POINT('',(9.04770355511,0.470404123206));
#8154 = CARTESIAN_POINT('',(9.058537042565,0.46749936034));
#8155 = CARTESIAN_POINT('',(9.063289192537,0.46454553406));
#8156 = CARTESIAN_POINT('',(9.061911759724,0.461555353117));
#8157 = CARTESIAN_POINT('',(9.054419061743,0.458541887137));
#8158 = CARTESIAN_POINT('',(9.040888486576,0.455518517857));
#8159 = CARTESIAN_POINT('',(9.021461117196,0.452498875524));
#8160 = CARTESIAN_POINT('',(8.996343672738,0.449496987263));
#8161 = CARTESIAN_POINT('',(8.96580943133,0.44652661502));
#8162 = CARTESIAN_POINT('',(8.930108380502,0.443594934688));
#8163 = CARTESIAN_POINT('',(8.889541848788,0.440711585677));
#8164 = CARTESIAN_POINT('',(8.844415474449,0.437884051519));
#8165 = CARTESIAN_POINT('',(8.795041182244,0.435118867945));
#8166 = CARTESIAN_POINT('',(8.741728485963,0.432421407407));
#8167 = CARTESIAN_POINT('',(8.684779526758,0.429796030514));
#8168 = CARTESIAN_POINT('',(8.624484808494,0.427246153698));
#8169 = CARTESIAN_POINT('',(8.561117341967,0.424774245337));
#8170 = CARTESIAN_POINT('',(8.494927086598,0.422381874114));
#8171 = CARTESIAN_POINT('',(8.42615061487,0.420070225343));
#8172 = CARTESIAN_POINT('',(8.355008915027,0.417840074028));
#8173 = CARTESIAN_POINT('',(8.281706878525,0.415691834803));
#8174 = CARTESIAN_POINT('',(8.206432515872,0.41362559411));
#8175 = CARTESIAN_POINT('',(8.12935557417,0.411641136573));
#8176 = CARTESIAN_POINT('',(8.05063900996,0.409738264257));
#8177 = CARTESIAN_POINT('',(7.970428107478,0.40791652482));
#8178 = CARTESIAN_POINT('',(7.888858994157,0.406175445731));
#8179 = CARTESIAN_POINT('',(7.806057144624,0.404514497462));
#8180 = CARTESIAN_POINT('',(7.722137100351,0.402933097015));
#8181 = CARTESIAN_POINT('',(7.637207179257,0.401430702998));
#8182 = CARTESIAN_POINT('',(7.551367068552,0.400006766656));
#8183 = CARTESIAN_POINT('',(7.464710390847,0.398660776125));
#8184 = CARTESIAN_POINT('',(7.377324324381,0.39739225294));
#8185 = CARTESIAN_POINT('',(7.289295325633,0.396200822962));
#8186 = CARTESIAN_POINT('',(7.200697172638,0.395086052958));
#8187 = CARTESIAN_POINT('',(7.111602900789,0.394047623004));
#8188 = CARTESIAN_POINT('',(7.022082762478,0.393085286535));
#8189 = CARTESIAN_POINT('',(6.932204886173,0.39219887432));
#8190 = CARTESIAN_POINT('',(6.842035153867,0.391388288863));
#8191 = CARTESIAN_POINT('',(6.751637442688,0.390653504562));
#8192 = CARTESIAN_POINT('',(6.661073128607,0.38999456579));
#8193 = CARTESIAN_POINT('',(6.57040311465,0.389411598897));
#8194 = CARTESIAN_POINT('',(6.479680436098,0.388904782004));
#8195 = CARTESIAN_POINT('',(6.388982209395,0.388474502661));
#8196 = CARTESIAN_POINT('',(6.298363690932,0.388121094935));
#8197 = CARTESIAN_POINT('',(6.207879508994,0.38784499956));
#8198 = CARTESIAN_POINT('',(6.117588132108,0.387646770927));
#8199 = CARTESIAN_POINT('',(6.027550713121,0.387527066874));
#8200 = CARTESIAN_POINT('',(5.937831442562,0.387486644805));
#8201 = CARTESIAN_POINT('',(5.848497504517,0.387526358081));
#8202 = CARTESIAN_POINT('',(5.759619147681,0.387647154585));
#8203 = CARTESIAN_POINT('',(5.671269746863,0.38785007714));
#8204 = CARTESIAN_POINT('',(5.583525860308,0.388136266387));
#8205 = CARTESIAN_POINT('',(5.496467405262,0.388506965278));
#8206 = CARTESIAN_POINT('',(5.410177475844,0.388963529129));
#8207 = CARTESIAN_POINT('',(5.324743603712,0.389507427579));
#8208 = CARTESIAN_POINT('',(5.240253754617,0.390140290315));
#8209 = CARTESIAN_POINT('',(5.156812107189,0.390863804053));
#8210 = CARTESIAN_POINT('',(5.074540944536,0.391679634059));
#8211 = CARTESIAN_POINT('',(4.993556501952,0.392589645344));
#8212 = CARTESIAN_POINT('',(4.913989972398,0.393595731283));
#8213 = CARTESIAN_POINT('',(4.835981269508,0.394699861707));
#8214 = CARTESIAN_POINT('',(4.759683173579,0.395904027765));
#8215 = CARTESIAN_POINT('',(4.685262512125,0.397210200532));
#8216 = CARTESIAN_POINT('',(4.61289598727,0.398620393521));
#8217 = CARTESIAN_POINT('',(4.542779765477,0.400136466674));
#8218 = CARTESIAN_POINT('',(4.475126003848,0.401760123026));
#8219 = CARTESIAN_POINT('',(4.41016296348,0.403492847819));
#8220 = CARTESIAN_POINT('',(4.348133019569,0.405335897111));
#8221 = CARTESIAN_POINT('',(4.289295817026,0.407290133903));
#8222 = CARTESIAN_POINT('',(4.233933883339,0.409355652988));
#8223 = CARTESIAN_POINT('',(4.182343057933,0.411531803288));
#8224 = CARTESIAN_POINT('',(4.134829357196,0.41381706199));
#8225 = CARTESIAN_POINT('',(4.091704177006,0.416208871106));
#8226 = CARTESIAN_POINT('',(4.053276696083,0.418703653356));
#8227 = CARTESIAN_POINT('',(4.019854245832,0.421296054935));
#8228 = CARTESIAN_POINT('',(3.991708720676,0.423981008013));
#8229 = CARTESIAN_POINT('',(3.96910555358,0.426751543329));
#8230 = CARTESIAN_POINT('',(3.952299372674,0.429595207907));
#8231 = CARTESIAN_POINT('',(3.941463495357,0.432500340175));
#8232 = CARTESIAN_POINT('',(3.936710518215,0.435454530393));
#8233 = CARTESIAN_POINT('',(3.938088633882,0.438445081593));
#8234 = CARTESIAN_POINT('',(3.945583528128,0.441458931211));
#8235 = CARTESIAN_POINT('',(3.959117945147,0.444482707761));
#8236 = CARTESIAN_POINT('',(3.978550715861,0.447502765009));
#8237 = CARTESIAN_POINT('',(4.003675981998,0.450505149424));
#8238 = CARTESIAN_POINT('',(4.034217890116,0.453475835382));
#8239 = CARTESIAN_POINT('',(4.069927499363,0.456407815248));
#8240 = CARTESIAN_POINT('',(4.110503585471,0.459291453386));
#8241 = CARTESIAN_POINT('',(4.155640173308,0.462119250912));
#8242 = CARTESIAN_POINT('',(4.205025157141,0.464884668787));
#8243 = CARTESIAN_POINT('',(4.258348843081,0.467582332411));
#8244 = CARTESIAN_POINT('',(4.315309050665,0.47020788555));
#8245 = CARTESIAN_POINT('',(4.37561487452,0.472757897679));
#8246 = CARTESIAN_POINT('',(4.438994270861,0.475229947814));
#8247 = CARTESIAN_POINT('',(4.50519697783,0.477622453227));
#8248 = CARTESIAN_POINT('',(4.573986129021,0.479934216954));
#8249 = CARTESIAN_POINT('',(4.645140599486,0.482164461428));
#8250 = CARTESIAN_POINT('',(4.718455443563,0.4843127725));
#8251 = CARTESIAN_POINT('',(4.793742477373,0.486379061393));
#8252 = CARTESIAN_POINT('',(4.870832444315,0.488363557557));
#8253 = CARTESIAN_POINT('',(4.949562167182,0.490266453101));
#8254 = CARTESIAN_POINT('',(5.029786167384,0.492088196565));
#8255 = CARTESIAN_POINT('',(5.111368307386,0.49382926098));
#8256 = CARTESIAN_POINT('',(5.194183346615,0.495490182336));
#8257 = CARTESIAN_POINT('',(5.278115952877,0.49707152407));
#8258 = CARTESIAN_POINT('',(5.363044123823,0.498573599245));
#8259 = CARTESIAN_POINT('',(5.44887906921,0.49999718215));
#8260 = CARTESIAN_POINT('',(5.535530595525,0.501342840296));
#8261 = CARTESIAN_POINT('',(5.622913599241,0.502611081775));
#8262 = CARTESIAN_POINT('',(5.710946120355,0.503802329619));
#8263 = CARTESIAN_POINT('',(5.799549692564,0.50491693912));
#8264 = CARTESIAN_POINT('',(5.888649108204,0.505955200453));
#8265 = CARTESIAN_POINT('',(5.978172370058,0.506917342275));
#8266 = CARTESIAN_POINT('',(6.068050604411,0.507803532249));
#8267 = CARTESIAN_POINT('',(6.158218046678,0.508613876072));
#8268 = CARTESIAN_POINT('',(6.248611860846,0.509348413756));
#8269 = CARTESIAN_POINT('',(6.339172617408,0.510007117562));
#8270 = CARTESIAN_POINT('',(6.429842350749,0.510589876275));
#8271 = CARTESIAN_POINT('',(6.520571668416,0.511096523711));
#8272 = CARTESIAN_POINT('',(6.611290682606,0.511526683731));
#8273 = CARTESIAN_POINT('',(6.701935641123,0.511879952866));
#8274 = CARTESIAN_POINT('',(6.792447665521,0.51215586673));
#8275 = CARTESIAN_POINT('',(6.882765027693,0.512353858257));
#8276 = CARTESIAN_POINT('',(6.972825314605,0.512473278697));
#8277 = CARTESIAN_POINT('',(7.032651236572,0.512499992056));
#8278 = CARTESIAN_POINT('',(7.0625,0.5125));
#8279 = ( GEOMETRIC_REPRESENTATION_CONTEXT(2) 
PARAMETRIC_REPRESENTATION_CONTEXT() REPRESENTATION_CONTEXT('2D SPACE',''
  ) );
#8280 = PCURVE('',#8281,#8286);
#8281 = CYLINDRICAL_SURFACE('',#8282,2.5);
#8282 = AXIS2_PLACEMENT_3D('',#8283,#8284,#8285);
#8283 = CARTESIAN_POINT('',(-90.,-47.55,88.));
#8284 = DIRECTION('',(1.,0.,0.));
#8285 = DIRECTION('',(-0.,0.,1.));
#8286 = DEFINITIONAL_REPRESENTATION('',(#8287),#8445);
#8287 = B_SPLINE_CURVE_WITH_KNOTS('',3,(#8288,#8289,#8290,#8291,#8292,
    #8293,#8294,#8295,#8296,#8297,#8298,#8299,#8300,#8301,#8302,#8303,
    #8304,#8305,#8306,#8307,#8308,#8309,#8310,#8311,#8312,#8313,#8314,
    #8315,#8316,#8317,#8318,#8319,#8320,#8321,#8322,#8323,#8324,#8325,
    #8326,#8327,#8328,#8329,#8330,#8331,#8332,#8333,#8334,#8335,#8336,
    #8337,#8338,#8339,#8340,#8341,#8342,#8343,#8344,#8345,#8346,#8347,
    #8348,#8349,#8350,#8351,#8352,#8353,#8354,#8355,#8356,#8357,#8358,
    #8359,#8360,#8361,#8362,#8363,#8364,#8365,#8366,#8367,#8368,#8369,
    #8370,#8371,#8372,#8373,#8374,#8375,#8376,#8377,#8378,#8379,#8380,
    #8381,#8382,#8383,#8384,#8385,#8386,#8387,#8388,#8389,#8390,#8391,
    #8392,#8393,#8394,#8395,#8396,#8397,#8398,#8399,#8400,#8401,#8402,
    #8403,#8404,#8405,#8406,#8407,#8408,#8409,#8410,#8411,#8412,#8413,
    #8414,#8415,#8416,#8417,#8418,#8419,#8420,#8421,#8422,#8423,#8424,
    #8425,#8426,#8427,#8428,#8429,#8430,#8431,#8432,#8433,#8434,#8435,
    #8436,#8437,#8438,#8439,#8440,#8441,#8442,#8443,#8444),
  .UNSPECIFIED.,.F.,.F.,(4,1,1,1,1,1,1,1,1,1,1,1,1,1,1,1,1,1,1,1,1,1,1,1
    ,1,1,1,1,1,1,1,1,1,1,1,1,1,1,1,1,1,1,1,1,1,1,1,1,1,1,1,1,1,1,1,1,1,1
    ,1,1,1,1,1,1,1,1,1,1,1,1,1,1,1,1,1,1,1,1,1,1,1,1,1,1,1,1,1,1,1,1,1,1
    ,1,1,1,1,1,1,1,1,1,1,1,1,1,1,1,1,1,1,1,1,1,1,1,1,1,1,1,1,1,1,1,1,1,1
    ,1,1,1,1,1,1,1,1,1,1,1,1,1,1,1,1,1,1,1,1,1,1,1,1,1,1,1,1,4),(0.,
    8.218146817826E-03,1.643629363565E-02,2.465444045348E-02,
    3.28725872713E-02,4.109073408913E-02,4.930888090696E-02,
    5.752702772478E-02,6.574517454261E-02,7.396332136044E-02,
    8.218146817826E-02,9.039961499609E-02,9.861776181391E-02,
    0.106835908632,0.11505405545,0.123272202267,0.131490349085,
    0.139708495903,0.147926642721,0.156144789539,0.164362936357,
    0.172581083174,0.180799229992,0.18901737681,0.197235523628,
    0.205453670446,0.213671817263,0.221889964081,0.230108110899,
    0.238326257717,0.246544404535,0.254762551353,0.26298069817,
    0.271198844988,0.279416991806,0.287635138624,0.295853285442,
    0.30407143226,0.312289579077,0.320507725895,0.328725872713,
    0.336944019531,0.345162166349,0.353380313167,0.361598459984,
    0.369816606802,0.37803475362,0.386252900438,0.394471047256,
    0.402689194073,0.410907340891,0.419125487709,0.427343634527,
    0.435561781345,0.443779928163,0.45199807498,0.460216221798,
    0.468434368616,0.476652515434,0.484870662252,0.49308880907,
    0.501306955887,0.509525102705,0.517743249523,0.525961396341,
    0.534179543159,0.542397689977,0.550615836794,0.558833983612,
    0.56705213043,0.575270277248,0.583488424066,0.591706570883,
    0.599924717701,0.608142864519,0.616361011337,0.624579158155,
    0.632797304973,0.64101545179,0.649233598608,0.657451745426,
    0.665669892244,0.673888039062,0.68210618588,0.690324332697,
    0.698542479515,0.706760626333,0.714978773151,0.723196919969,
    0.731415066787,0.739633213604,0.747851360422,0.75606950724,
    0.764287654058,0.772505800876,0.780723947693,0.788942094511,
    0.797160241329,0.805378388147,0.813596534965,0.821814681783,
    0.8300328286,0.838250975418,0.846469122236,0.854687269054,
    0.862905415872,0.87112356269,0.879341709507,0.887559856325,
    0.895778003143,0.903996149961,0.912214296779,0.920432443597,
    0.928650590414,0.936868737232,0.94508688405,0.953305030868,
    0.961523177686,0.969741324503,0.977959471321,0.986177618139,
    0.994395764957,1.002613911775,1.010832058593,1.01905020541,
    1.027268352228,1.035486499046,1.043704645864,1.051922792682,
    1.0601409395,1.068359086317,1.076577233135,1.084795379953,
    1.093013526771,1.101231673589,1.109449820407,1.117667967224,
    1.125886114042,1.13410426086,1.142322407678,1.150540554496,
    1.158758701313,1.166976848131,1.175194994949,1.183413141767,
    1.191631288585,1.199849435403,1.20806758222,1.216285729038,
    1.224503875856,1.232722022674,1.240940169492,1.24915831631,
    1.257376463127,1.265594609945),.QUASI_UNIFORM_KNOTS.);
#8288 = CARTESIAN_POINT('',(6.28318530718,100.));
#8289 = CARTESIAN_POINT('',(6.271248377842,100.));
#8290 = CARTESIAN_POINT('',(6.247332718507,100.));
#8291 = CARTESIAN_POINT('',(6.211307995009,100.));
#8292 = CARTESIAN_POINT('',(6.175105865879,100.));
#8293 = CARTESIAN_POINT('',(6.138701345154,100.));
#8294 = CARTESIAN_POINT('',(6.102069915153,100.));
#8295 = CARTESIAN_POINT('',(6.065187410215,100.));
#8296 = CARTESIAN_POINT('',(6.028029736605,100.));
#8297 = CARTESIAN_POINT('',(5.99057262368,100.));
#8298 = CARTESIAN_POINT('',(5.952791357792,100.));
#8299 = CARTESIAN_POINT('',(5.914660454364,100.));
#8300 = CARTESIAN_POINT('',(5.876153440958,100.));
#8301 = CARTESIAN_POINT('',(5.837242041204,100.));
#8302 = CARTESIAN_POINT('',(5.79789735561,100.));
#8303 = CARTESIAN_POINT('',(5.758083286963,100.));
#8304 = CARTESIAN_POINT('',(5.717781473711,100.));
#8305 = CARTESIAN_POINT('',(5.676966994193,100.));
#8306 = CARTESIAN_POINT('',(5.635613767334,100.));
#8307 = CARTESIAN_POINT('',(5.593699102829,100.));
#8308 = CARTESIAN_POINT('',(5.551202207233,100.));
#8309 = CARTESIAN_POINT('',(5.508104495264,100.));
#8310 = CARTESIAN_POINT('',(5.464389020767,100.));
#8311 = CARTESIAN_POINT('',(5.420049167876,100.));
#8312 = CARTESIAN_POINT('',(5.375086188059,100.));
#8313 = CARTESIAN_POINT('',(5.329509107076,100.));
#8314 = CARTESIAN_POINT('',(5.283335984264,100.));
#8315 = CARTESIAN_POINT('',(5.236593178712,100.));
#8316 = CARTESIAN_POINT('',(5.189323399074,100.));
#8317 = CARTESIAN_POINT('',(5.141563244976,100.));
#8318 = CARTESIAN_POINT('',(5.093350353555,100.));
#8319 = CARTESIAN_POINT('',(5.044814930178,100.));
#8320 = CARTESIAN_POINT('',(4.996056504037,100.));
#8321 = CARTESIAN_POINT('',(4.947175918715,100.));
#8322 = CARTESIAN_POINT('',(4.898269573032,100.));
#8323 = CARTESIAN_POINT('',(4.849433607626,100.));
#8324 = CARTESIAN_POINT('',(4.800765617273,100.));
#8325 = CARTESIAN_POINT('',(4.752366189655,100.));
#8326 = CARTESIAN_POINT('',(4.704343809188,100.));
#8327 = CARTESIAN_POINT('',(4.656806984259,100.));
#8328 = CARTESIAN_POINT('',(4.609765322453,100.));
#8329 = CARTESIAN_POINT('',(4.563275312959,100.));
#8330 = CARTESIAN_POINT('',(4.517367189696,100.));
#8331 = CARTESIAN_POINT('',(4.472064570681,100.));
#8332 = CARTESIAN_POINT('',(4.427380966722,100.));
#8333 = CARTESIAN_POINT('',(4.38332184836,100.));
#8334 = CARTESIAN_POINT('',(4.339885195071,100.));
#8335 = CARTESIAN_POINT('',(4.2970606184,100.));
#8336 = CARTESIAN_POINT('',(4.254828966804,100.));
#8337 = CARTESIAN_POINT('',(4.21317030918,100.));
#8338 = CARTESIAN_POINT('',(4.17206276764,100.));
#8339 = CARTESIAN_POINT('',(4.131482602572,100.));
#8340 = CARTESIAN_POINT('',(4.09140398527,100.));
#8341 = CARTESIAN_POINT('',(4.05179852577,100.));
#8342 = CARTESIAN_POINT('',(4.012640958691,100.));
#8343 = CARTESIAN_POINT('',(3.973903188364,100.));
#8344 = CARTESIAN_POINT('',(3.935558387409,100.));
#8345 = CARTESIAN_POINT('',(3.897579824479,100.));
#8346 = CARTESIAN_POINT('',(3.859940425782,100.));
#8347 = CARTESIAN_POINT('',(3.822614566752,100.));
#8348 = CARTESIAN_POINT('',(3.785576606526,100.));
#8349 = CARTESIAN_POINT('',(3.748801679197,100.));
#8350 = CARTESIAN_POINT('',(3.71226522997,100.));
#8351 = CARTESIAN_POINT('',(3.675945038312,100.));
#8352 = CARTESIAN_POINT('',(3.639815999579,100.));
#8353 = CARTESIAN_POINT('',(3.603854835261,100.));
#8354 = CARTESIAN_POINT('',(3.568038926078,100.));
#8355 = CARTESIAN_POINT('',(3.532346318752,100.));
#8356 = CARTESIAN_POINT('',(3.496755426573,100.));
#8357 = CARTESIAN_POINT('',(3.461244896269,100.));
#8358 = CARTESIAN_POINT('',(3.425793196902,100.));
#8359 = CARTESIAN_POINT('',(3.390379199961,100.));
#8360 = CARTESIAN_POINT('',(3.354979082338,100.));
#8361 = CARTESIAN_POINT('',(3.319578574731,100.));
#8362 = CARTESIAN_POINT('',(3.284154848731,100.));
#8363 = CARTESIAN_POINT('',(3.248684583051,100.));
#8364 = CARTESIAN_POINT('',(3.213145479221,100.));
#8365 = CARTESIAN_POINT('',(3.177515593603,100.));
#8366 = CARTESIAN_POINT('',(3.141773261127,100.));
#8367 = CARTESIAN_POINT('',(3.105896863548,100.));
#8368 = CARTESIAN_POINT('',(3.069864636379,100.));
#8369 = CARTESIAN_POINT('',(3.033654460124,100.));
#8370 = CARTESIAN_POINT('',(2.997243628827,100.));
#8371 = CARTESIAN_POINT('',(2.960608642877,100.));
#8372 = CARTESIAN_POINT('',(2.923724805545,100.));
#8373 = CARTESIAN_POINT('',(2.886566414777,100.));
#8374 = CARTESIAN_POINT('',(2.849104558158,100.));
#8375 = CARTESIAN_POINT('',(2.811313639309,100.));
#8376 = CARTESIAN_POINT('',(2.773172382138,100.));
#8377 = CARTESIAN_POINT('',(2.73465246005,100.));
#8378 = CARTESIAN_POINT('',(2.695727542512,100.));
#8379 = CARTESIAN_POINT('',(2.656370114842,100.));
#8380 = CARTESIAN_POINT('',(2.616553114667,100.));
#8381 = CARTESIAN_POINT('',(2.576250345761,100.));
#8382 = CARTESIAN_POINT('',(2.535433874461,100.));
#8383 = CARTESIAN_POINT('',(2.49407906014,100.));
#8384 = CARTESIAN_POINT('',(2.452162958672,100.));
#8385 = CARTESIAN_POINT('',(2.409664656978,100.));
#8386 = CARTESIAN_POINT('',(2.366564345355,100.));
#8387 = CARTESIAN_POINT('',(2.322845993875,100.));
#8388 = CARTESIAN_POINT('',(2.278503709778,100.));
#8389 = CARTESIAN_POINT('',(2.2335385359,100.));
#8390 = CARTESIAN_POINT('',(2.187959359376,100.));
#8391 = CARTESIAN_POINT('',(2.141784204542,100.));
#8392 = CARTESIAN_POINT('',(2.095038463218,100.));
#8393 = CARTESIAN_POINT('',(2.047767173407,100.));
#8394 = CARTESIAN_POINT('',(1.999996789945,100.));
#8395 = CARTESIAN_POINT('',(1.951775972113,100.));
#8396 = CARTESIAN_POINT('',(1.903233556194,100.));
#8397 = CARTESIAN_POINT('',(1.854468810844,100.));
#8398 = CARTESIAN_POINT('',(1.805582181703,100.));
#8399 = CARTESIAN_POINT('',(1.756669826525,100.));
#8400 = CARTESIAN_POINT('',(1.70782772764,100.));
#8401 = CARTESIAN_POINT('',(1.659153275387,100.));
#8402 = CARTESIAN_POINT('',(1.610747272151,100.));
#8403 = CARTESIAN_POINT('',(1.562716981221,100.));
#8404 = CARTESIAN_POINT('',(1.51517508271,100.));
#8405 = CARTESIAN_POINT('',(1.468128461308,100.));
#8406 = CARTESIAN_POINT('',(1.421633516987,100.));
#8407 = CARTESIAN_POINT('',(1.375720707892,100.));
#8408 = CARTESIAN_POINT('',(1.330413689846,100.));
#8409 = CARTESIAN_POINT('',(1.285725998856,100.));
#8410 = CARTESIAN_POINT('',(1.241663026831,100.));
#8411 = CARTESIAN_POINT('',(1.198222983293,100.));
#8412 = CARTESIAN_POINT('',(1.155394677123,100.));
#8413 = CARTESIAN_POINT('',(1.113159179729,100.));
#8414 = CARTESIAN_POINT('',(1.071496746561,100.));
#8415 = CARTESIAN_POINT('',(1.030385542315,100.));
#8416 = CARTESIAN_POINT('',(0.98980181861,100.));
#8417 = CARTESIAN_POINT('',(0.949719798835,100.));
#8418 = CARTESIAN_POINT('',(0.910110813611,100.));
#8419 = CARTESIAN_POINT('',(0.870949701123,100.));
#8420 = CARTESIAN_POINT('',(0.832208442115,100.));
#8421 = CARTESIAN_POINT('',(0.793860195476,100.));
#8422 = CARTESIAN_POINT('',(0.755878097146,100.));
#8423 = CARTESIAN_POINT('',(0.718235453447,100.));
#8424 = CARTESIAN_POINT('',(0.680912535677,100.));
#8425 = CARTESIAN_POINT('',(0.643878676732,100.));
#8426 = CARTESIAN_POINT('',(0.607107561541,100.));
#8427 = CARTESIAN_POINT('',(0.570573789532,100.));
#8428 = CARTESIAN_POINT('',(0.534253369184,100.));
#8429 = CARTESIAN_POINT('',(0.498123210874,100.));
#8430 = CARTESIAN_POINT('',(0.462160930237,100.));
#8431 = CARTESIAN_POINT('',(0.426344599162,100.));
#8432 = CARTESIAN_POINT('',(0.390652538338,100.));
#8433 = CARTESIAN_POINT('',(0.355063096573,100.));
#8434 = CARTESIAN_POINT('',(0.319554504264,100.));
#8435 = CARTESIAN_POINT('',(0.284104473114,100.));
#8436 = CARTESIAN_POINT('',(0.248690738434,100.));
#8437 = CARTESIAN_POINT('',(0.213288064138,100.));
#8438 = CARTESIAN_POINT('',(0.177879353746,100.));
#8439 = CARTESIAN_POINT('',(0.142445052744,100.));
#8440 = CARTESIAN_POINT('',(0.1069634581,100.));
#8441 = CARTESIAN_POINT('',(7.141348324356E-02,100.));
#8442 = CARTESIAN_POINT('',(3.577373354092E-02,100.));
#8443 = CARTESIAN_POINT('',(1.193941390988E-02,100.));
#8444 = CARTESIAN_POINT('',(1.7763568394E-15,100.));
#8445 = ( GEOMETRIC_REPRESENTATION_CONTEXT(2) 
PARAMETRIC_REPRESENTATION_CONTEXT() REPRESENTATION_CONTEXT('2D SPACE',''
  ) );
#8446 = ADVANCED_FACE('',(#8447),#4649,.T.);
#8447 = FACE_BOUND('',#8448,.T.);
#8448 = EDGE_LOOP('',(#8449,#8450,#8451,#8472));
#8449 = ORIENTED_EDGE('',*,*,#7950,.F.);
#8450 = ORIENTED_EDGE('',*,*,#4634,.T.);
#8451 = ORIENTED_EDGE('',*,*,#8452,.T.);
#8452 = EDGE_CURVE('',#4610,#8453,#8455,.T.);
#8453 = VERTEX_POINT('',#8454);
#8454 = CARTESIAN_POINT('',(-10.,-46.,110.));
#8455 = SURFACE_CURVE('',#8456,(#8459,#8465),.PCURVE_S1.);
#8456 = B_SPLINE_CURVE_WITH_KNOTS('',1,(#8457,#8458),.UNSPECIFIED.,.F.,
  .F.,(2,2),(0.,1.),.PIECEWISE_BEZIER_KNOTS.);
#8457 = CARTESIAN_POINT('',(-10.,-37.,70.));
#8458 = CARTESIAN_POINT('',(-10.,-46.,110.));
#8459 = PCURVE('',#4649,#8460);
#8460 = DEFINITIONAL_REPRESENTATION('',(#8461),#8464);
#8461 = B_SPLINE_CURVE_WITH_KNOTS('',1,(#8462,#8463),.UNSPECIFIED.,.F.,
  .F.,(2,2),(0.,1.),.PIECEWISE_BEZIER_KNOTS.);
#8462 = CARTESIAN_POINT('',(20.,-41.));
#8463 = CARTESIAN_POINT('',(20.,0.));
#8464 = ( GEOMETRIC_REPRESENTATION_CONTEXT(2) 
PARAMETRIC_REPRESENTATION_CONTEXT() REPRESENTATION_CONTEXT('2D SPACE',''
  ) );
#8465 = PCURVE('',#4623,#8466);
#8466 = DEFINITIONAL_REPRESENTATION('',(#8467),#8471);
#8467 = LINE('',#8468,#8469);
#8468 = CARTESIAN_POINT('',(0.,0.));
#8469 = VECTOR('',#8470,1.);
#8470 = DIRECTION('',(0.,1.));
#8471 = ( GEOMETRIC_REPRESENTATION_CONTEXT(2) 
PARAMETRIC_REPRESENTATION_CONTEXT() REPRESENTATION_CONTEXT('2D SPACE',''
  ) );
#8472 = ORIENTED_EDGE('',*,*,#8473,.F.);
#8473 = EDGE_CURVE('',#7951,#8453,#8474,.T.);
#8474 = SURFACE_CURVE('',#8475,(#8479,#8486),.PCURVE_S1.);
#8475 = LINE('',#8476,#8477);
#8476 = CARTESIAN_POINT('',(10.,-46.,110.));
#8477 = VECTOR('',#8478,1.);
#8478 = DIRECTION('',(-1.,2.22044604925E-16,0.));
#8479 = PCURVE('',#4649,#8480);
#8480 = DEFINITIONAL_REPRESENTATION('',(#8481),#8485);
#8481 = LINE('',#8482,#8483);
#8482 = CARTESIAN_POINT('',(3.552713678801E-15,1.73164588951E-31));
#8483 = VECTOR('',#8484,1.);
#8484 = DIRECTION('',(1.,0.));
#8485 = ( GEOMETRIC_REPRESENTATION_CONTEXT(2) 
PARAMETRIC_REPRESENTATION_CONTEXT() REPRESENTATION_CONTEXT('2D SPACE',''
  ) );
#8486 = PCURVE('',#8487,#8492);
#8487 = B_SPLINE_SURFACE_WITH_KNOTS('',1,1,(
    (#8488,#8489)
    ,(#8490,#8491
    )),.UNSPECIFIED.,.F.,.F.,.F.,(2,2),(2,2),(0.,22.),(0.,1.),
  .PIECEWISE_BEZIER_KNOTS.);
#8488 = CARTESIAN_POINT('',(10.,-46.,110.));
#8489 = CARTESIAN_POINT('',(11.,-47.,150.));
#8490 = CARTESIAN_POINT('',(-10.,-46.,110.));
#8491 = CARTESIAN_POINT('',(-11.,-47.,150.));
#8492 = DEFINITIONAL_REPRESENTATION('',(#8493),#8496);
#8493 = B_SPLINE_CURVE_WITH_KNOTS('',1,(#8494,#8495),.UNSPECIFIED.,.F.,
  .F.,(2,2),(0.,20.),.PIECEWISE_BEZIER_KNOTS.);
#8494 = CARTESIAN_POINT('',(0.,0.));
#8495 = CARTESIAN_POINT('',(22.,0.));
#8496 = ( GEOMETRIC_REPRESENTATION_CONTEXT(2) 
PARAMETRIC_REPRESENTATION_CONTEXT() REPRESENTATION_CONTEXT('2D SPACE',''
  ) );
#8497 = ADVANCED_FACE('',(#8498,#8580),#4623,.T.);
#8498 = FACE_BOUND('',#8499,.T.);
#8499 = EDGE_LOOP('',(#8500,#8530,#8531,#8552,#8578,#8579));
#8500 = ORIENTED_EDGE('',*,*,#8501,.F.);
#8501 = EDGE_CURVE('',#7336,#4577,#8502,.T.);
#8502 = SURFACE_CURVE('',#8503,(#8510,#8520),.PCURVE_S1.);
#8503 = B_SPLINE_CURVE_WITH_KNOTS('',5,(#8504,#8505,#8506,#8507,#8508,
    #8509),.UNSPECIFIED.,.F.,.F.,(6,6),(0.,1.),
  .PIECEWISE_BEZIER_KNOTS.);
#8504 = CARTESIAN_POINT('',(-10.,-48.98979485566,70.));
#8505 = CARTESIAN_POINT('',(-10.,-48.98979485566,71.022477024807));
#8506 = CARTESIAN_POINT('',(-10.,-48.98979485566,71.969893062895));
#8507 = CARTESIAN_POINT('',(-10.,-48.98979485566,73.047570834809));
#8508 = CARTESIAN_POINT('',(-10.,-48.98979485566,74.178010327576));
#8509 = CARTESIAN_POINT('',(-10.,-48.98979485566,75.0000006));
#8510 = PCURVE('',#4623,#8511);
#8511 = DEFINITIONAL_REPRESENTATION('',(#8512),#8519);
#8512 = B_SPLINE_CURVE_WITH_KNOTS('',5,(#8513,#8514,#8515,#8516,#8517,
    #8518),.UNSPECIFIED.,.F.,.F.,(6,6),(0.,1.),
  .PIECEWISE_BEZIER_KNOTS.);
#8513 = CARTESIAN_POINT('',(11.989794855664,0.));
#8514 = CARTESIAN_POINT('',(11.759737525082,2.556192562018E-02));
#8515 = CARTESIAN_POINT('',(11.546568916512,4.924732657238E-02));
#8516 = CARTESIAN_POINT('',(11.304091417831,7.618927087024E-02));
#8517 = CARTESIAN_POINT('',(11.049742531959,0.104450258189));
#8518 = CARTESIAN_POINT('',(10.864794720664,0.125000015));
#8519 = ( GEOMETRIC_REPRESENTATION_CONTEXT(2) 
PARAMETRIC_REPRESENTATION_CONTEXT() REPRESENTATION_CONTEXT('2D SPACE',''
  ) );
#8520 = PCURVE('',#4597,#8521);
#8521 = DEFINITIONAL_REPRESENTATION('',(#8522),#8529);
#8522 = B_SPLINE_CURVE_WITH_KNOTS('',5,(#8523,#8524,#8525,#8526,#8527,
    #8528),.UNSPECIFIED.,.F.,.F.,(6,6),(0.,1.),
  .PIECEWISE_BEZIER_KNOTS.);
#8523 = CARTESIAN_POINT('',(-4.511031059594,-3.));
#8524 = CARTESIAN_POINT('',(-4.511031059594,-4.022477024807));
#8525 = CARTESIAN_POINT('',(-4.511031059594,-4.969893062895));
#8526 = CARTESIAN_POINT('',(-4.511031059594,-6.047570834809));
#8527 = CARTESIAN_POINT('',(-4.511031059594,-7.178010327576));
#8528 = CARTESIAN_POINT('',(-4.511031059594,-8.0000006));
#8529 = ( GEOMETRIC_REPRESENTATION_CONTEXT(2) 
PARAMETRIC_REPRESENTATION_CONTEXT() REPRESENTATION_CONTEXT('2D SPACE',''
  ) );
#8530 = ORIENTED_EDGE('',*,*,#7335,.T.);
#8531 = ORIENTED_EDGE('',*,*,#8532,.T.);
#8532 = EDGE_CURVE('',#7314,#8533,#8535,.T.);
#8533 = VERTEX_POINT('',#8534);
#8534 = CARTESIAN_POINT('',(-10.,-59.,110.));
#8535 = SURFACE_CURVE('',#8536,(#8539,#8546),.PCURVE_S1.);
#8536 = B_SPLINE_CURVE_WITH_KNOTS('',1,(#8537,#8538),.UNSPECIFIED.,.F.,
  .F.,(2,2),(0.,1.),.PIECEWISE_BEZIER_KNOTS.);
#8537 = CARTESIAN_POINT('',(-10.,-50.,70.));
#8538 = CARTESIAN_POINT('',(-10.,-59.,110.));
#8539 = PCURVE('',#4623,#8540);
#8540 = DEFINITIONAL_REPRESENTATION('',(#8541),#8545);
#8541 = LINE('',#8542,#8543);
#8542 = CARTESIAN_POINT('',(13.,0.));
#8543 = VECTOR('',#8544,1.);
#8544 = DIRECTION('',(0.,1.));
#8545 = ( GEOMETRIC_REPRESENTATION_CONTEXT(2) 
PARAMETRIC_REPRESENTATION_CONTEXT() REPRESENTATION_CONTEXT('2D SPACE',''
  ) );
#8546 = PCURVE('',#7936,#8547);
#8547 = DEFINITIONAL_REPRESENTATION('',(#8548),#8551);
#8548 = B_SPLINE_CURVE_WITH_KNOTS('',1,(#8549,#8550),.UNSPECIFIED.,.F.,
  .F.,(2,2),(0.,1.),.PIECEWISE_BEZIER_KNOTS.);
#8549 = CARTESIAN_POINT('',(0.,-41.));
#8550 = CARTESIAN_POINT('',(0.,0.));
#8551 = ( GEOMETRIC_REPRESENTATION_CONTEXT(2) 
PARAMETRIC_REPRESENTATION_CONTEXT() REPRESENTATION_CONTEXT('2D SPACE',''
  ) );
#8552 = ORIENTED_EDGE('',*,*,#8553,.F.);
#8553 = EDGE_CURVE('',#8453,#8533,#8554,.T.);
#8554 = SURFACE_CURVE('',#8555,(#8559,#8566),.PCURVE_S1.);
#8555 = LINE('',#8556,#8557);
#8556 = CARTESIAN_POINT('',(-10.,-46.,110.));
#8557 = VECTOR('',#8558,1.);
#8558 = DIRECTION('',(-2.22044604925E-16,-1.,0.));
#8559 = PCURVE('',#4623,#8560);
#8560 = DEFINITIONAL_REPRESENTATION('',(#8561),#8565);
#8561 = LINE('',#8562,#8563);
#8562 = CARTESIAN_POINT('',(0.,1.));
#8563 = VECTOR('',#8564,1.);
#8564 = DIRECTION('',(1.,0.));
#8565 = ( GEOMETRIC_REPRESENTATION_CONTEXT(2) 
PARAMETRIC_REPRESENTATION_CONTEXT() REPRESENTATION_CONTEXT('2D SPACE',''
  ) );
#8566 = PCURVE('',#8567,#8572);
#8567 = B_SPLINE_SURFACE_WITH_KNOTS('',1,1,(
    (#8568,#8569)
    ,(#8570,#8571
    )),.UNSPECIFIED.,.F.,.F.,.F.,(2,2),(2,2),(0.,13.),(0.,1.),
  .PIECEWISE_BEZIER_KNOTS.);
#8568 = CARTESIAN_POINT('',(-10.,-46.,110.));
#8569 = CARTESIAN_POINT('',(-11.,-47.,150.));
#8570 = CARTESIAN_POINT('',(-10.,-59.,110.));
#8571 = CARTESIAN_POINT('',(-11.,-60.,150.));
#8572 = DEFINITIONAL_REPRESENTATION('',(#8573),#8577);
#8573 = LINE('',#8574,#8575);
#8574 = CARTESIAN_POINT('',(0.,0.));
#8575 = VECTOR('',#8576,1.);
#8576 = DIRECTION('',(1.,0.));
#8577 = ( GEOMETRIC_REPRESENTATION_CONTEXT(2) 
PARAMETRIC_REPRESENTATION_CONTEXT() REPRESENTATION_CONTEXT('2D SPACE',''
  ) );
#8578 = ORIENTED_EDGE('',*,*,#8452,.F.);
#8579 = ORIENTED_EDGE('',*,*,#4609,.F.);
#8580 = FACE_BOUND('',#8581,.T.);
#8581 = EDGE_LOOP('',(#8582));
#8582 = ORIENTED_EDGE('',*,*,#8583,.T.);
#8583 = EDGE_CURVE('',#8584,#8584,#8586,.T.);
#8584 = VERTEX_POINT('',#8585);
#8585 = CARTESIAN_POINT('',(-10.,-47.55,90.5));
#8586 = SURFACE_CURVE('',#8587,(#8716,#8899),.PCURVE_S1.);
#8587 = B_SPLINE_CURVE_WITH_KNOTS('',8,(#8588,#8589,#8590,#8591,#8592,
    #8593,#8594,#8595,#8596,#8597,#8598,#8599,#8600,#8601,#8602,#8603,
    #8604,#8605,#8606,#8607,#8608,#8609,#8610,#8611,#8612,#8613,#8614,
    #8615,#8616,#8617,#8618,#8619,#8620,#8621,#8622,#8623,#8624,#8625,
    #8626,#8627,#8628,#8629,#8630,#8631,#8632,#8633,#8634,#8635,#8636,
    #8637,#8638,#8639,#8640,#8641,#8642,#8643,#8644,#8645,#8646,#8647,
    #8648,#8649,#8650,#8651,#8652,#8653,#8654,#8655,#8656,#8657,#8658,
    #8659,#8660,#8661,#8662,#8663,#8664,#8665,#8666,#8667,#8668,#8669,
    #8670,#8671,#8672,#8673,#8674,#8675,#8676,#8677,#8678,#8679,#8680,
    #8681,#8682,#8683,#8684,#8685,#8686,#8687,#8688,#8689,#8690,#8691,
    #8692,#8693,#8694,#8695,#8696,#8697,#8698,#8699,#8700,#8701,#8702,
    #8703,#8704,#8705,#8706,#8707,#8708,#8709,#8710,#8711,#8712,#8713,
    #8714,#8715),.UNSPECIFIED.,.T.,.F.,(9,7,7,7,7,7,7,7,7,7,7,7,7,7,7,7,
    7,7,9),(0.,4.961695159179E-02,0.164911681837,0.204940912531,
    0.257015444131,0.318105485882,0.384954853938,0.46022158638,
    0.512176808621,0.55216969592,0.583757905036,0.666703779202,
    0.780798019926,0.822099856622,0.874253589533,0.935585931343,1.,
    1.079339883,1.234054266929),.UNSPECIFIED.);
#8588 = CARTESIAN_POINT('',(-10.,-47.55,90.5));
#8589 = CARTESIAN_POINT('',(-10.,-47.6193267114,90.5));
#8590 = CARTESIAN_POINT('',(-10.,-47.68842382492,90.497802931145));
#8591 = CARTESIAN_POINT('',(-10.,-47.75725039106,90.493434106856));
#8592 = CARTESIAN_POINT('',(-10.,-47.82576592629,90.486915453852));
#8593 = CARTESIAN_POINT('',(-10.,-47.8939303599,90.478265572251));
#8594 = CARTESIAN_POINT('',(-10.,-47.96170398085,90.467499795686));
#8595 = CARTESIAN_POINT('',(-10.,-48.02904738461,90.454630251405));
#8596 = CARTESIAN_POINT('',(-10.,-48.25131637347,90.404893358732));
#8597 = CARTESIAN_POINT('',(-10.,-48.40411449845,90.358823772252));
#8598 = CARTESIAN_POINT('',(-10.,-48.5538961991,90.301567417435));
#8599 = CARTESIAN_POINT('',(-10.,-48.70014555407,90.233133101682));
#8600 = CARTESIAN_POINT('',(-10.,-48.842254981,90.153463986241));
#8601 = CARTESIAN_POINT('',(-10.,-48.97952985762,90.062458830626));
#8602 = CARTESIAN_POINT('',(-10.,-49.11117824118,89.959957316439));
#8603 = CARTESIAN_POINT('',(-10.,-49.27970178168,89.805987958661));
#8604 = CARTESIAN_POINT('',(-10.,-49.32233555109,89.76489325576));
#8605 = CARTESIAN_POINT('',(-10.,-49.36413094253,89.722374909672));
#8606 = CARTESIAN_POINT('',(-10.,-49.40504301878,89.678424389659));
#8607 = CARTESIAN_POINT('',(-10.,-49.44502311576,89.633033811068));
#8608 = CARTESIAN_POINT('',(-10.,-49.48401885871,89.586196041997));
#8609 = CARTESIAN_POINT('',(-10.,-49.52197417837,89.537904809954));
#8610 = CARTESIAN_POINT('',(-10.,-49.60677465565,89.423434403545));
#8611 = CARTESIAN_POINT('',(-10.,-49.65285438114,89.356250128209));
#8612 = CARTESIAN_POINT('',(-10.,-49.69693976836,89.286587610041));
#8613 = CARTESIAN_POINT('',(-10.,-49.73888444289,89.214442866633));
#8614 = CARTESIAN_POINT('',(-10.,-49.77852631131,89.139824620755));
#8615 = CARTESIAN_POINT('',(-10.,-49.81568948115,89.062756615471));
#8616 = CARTESIAN_POINT('',(-10.,-49.85018618097,88.983279929258));
#8617 = CARTESIAN_POINT('',(-10.,-49.91892762114,88.805464594569));
#8618 = CARTESIAN_POINT('',(-10.,-49.95209475524,88.706243320621));
#8619 = CARTESIAN_POINT('',(-10.,-49.98099378057,88.60390590432));
#8620 = CARTESIAN_POINT('',(-10.,-50.005276091,88.498634024535));
#8621 = CARTESIAN_POINT('',(-10.,-50.02458286215,88.390684938644));
#8622 = CARTESIAN_POINT('',(-10.,-50.03856566085,88.280402416322));
#8623 = CARTESIAN_POINT('',(-10.,-50.04691557822,88.168230272409));
#8624 = CARTESIAN_POINT('',(-10.,-50.05212049974,87.93052622928));
#8625 = CARTESIAN_POINT('',(-10.,-50.04782063475,87.804611251843));
#8626 = CARTESIAN_POINT('',(-10.,-50.03617089798,87.677905956348));
#8627 = CARTESIAN_POINT('',(-10.,-50.01702025566,87.551337594246));
#8628 = CARTESIAN_POINT('',(-10.,-49.99038792743,87.425834333531));
#8629 = CARTESIAN_POINT('',(-10.,-49.95646695415,87.302318466764));
#8630 = CARTESIAN_POINT('',(-10.,-49.91564043985,87.181696772228));
#8631 = CARTESIAN_POINT('',(-10.,-49.81544610701,86.933286228805));
#8632 = CARTESIAN_POINT('',(-10.,-49.75434564009,86.806395096372));
#8633 = CARTESIAN_POINT('',(-10.,-49.68595696717,86.685222246807));
#8634 = CARTESIAN_POINT('',(-10.,-49.61115572984,86.570443167626));
#8635 = CARTESIAN_POINT('',(-10.,-49.53083165888,86.462471347809));
#8636 = CARTESIAN_POINT('',(-10.,-49.44583118548,86.361520244761));
#8637 = CARTESIAN_POINT('',(-10.,-49.35692523253,86.267643569202));
#8638 = CARTESIAN_POINT('',(-10.,-49.20115882425,86.120820320896));
#8639 = CARTESIAN_POINT('',(-10.,-49.1359869249,86.064190861492));
#8640 = CARTESIAN_POINT('',(-10.,-49.06945732322,86.010861242075));
#8641 = CARTESIAN_POINT('',(-10.,-49.00175472785,85.9607876793));
#8642 = CARTESIAN_POINT('',(-10.,-48.93304592779,85.913916185322));
#8643 = CARTESIAN_POINT('',(-10.,-48.86347908315,85.870185398133));
#8644 = CARTESIAN_POINT('',(-10.,-48.79318301583,85.829529411902));
#8645 = CARTESIAN_POINT('',(-10.,-48.66767802788,85.762900182759));
#8646 = CARTESIAN_POINT('',(-10.,-48.61272511097,85.735703250236));
#8647 = CARTESIAN_POINT('',(-10.,-48.55745901666,85.710259520673));
#8648 = CARTESIAN_POINT('',(-10.,-48.50192731488,85.686539425413));
#8649 = CARTESIAN_POINT('',(-10.,-48.44617390965,85.664514216074));
#8650 = CARTESIAN_POINT('',(-10.,-48.3902390703,85.644156064423));
#8651 = CARTESIAN_POINT('',(-10.,-48.33415946278,85.625438162237));
#8652 = CARTESIAN_POINT('',(-10.,-48.23358573984,85.594825821185));
#8653 = CARTESIAN_POINT('',(-10.,-48.18913426329,85.582324266179));
#8654 = CARTESIAN_POINT('',(-10.,-48.14463033137,85.570817604303));
#8655 = CARTESIAN_POINT('',(-10.,-48.10008974687,85.56029386566));
#8656 = CARTESIAN_POINT('',(-10.,-48.05552753522,85.550741662308));
#8657 = CARTESIAN_POINT('',(-10.,-48.01095794447,85.542150188257));
#8658 = CARTESIAN_POINT('',(-10.,-47.96639444534,85.534509219474));
#8659 = CARTESIAN_POINT('',(-10.,-47.80488202841,85.510215646855));
#8660 = CARTESIAN_POINT('',(-10.,-47.68805607563,85.499111256619));
#8661 = CARTESIAN_POINT('',(-10.,-47.57158886017,85.49431735119));
#8662 = CARTESIAN_POINT('',(-10.,-47.45568765705,85.495690783419));
#8663 = CARTESIAN_POINT('',(-10.,-47.34055009307,85.503115366821));
#8664 = CARTESIAN_POINT('',(-10.,-47.22636467306,85.516498301551));
#8665 = CARTESIAN_POINT('',(-10.,-47.11331176823,85.535771510534));
#8666 = CARTESIAN_POINT('',(-10.,-46.84785452703,85.595459878456));
#8667 = CARTESIAN_POINT('',(-10.,-46.69669001191,85.641079470806));
#8668 = CARTESIAN_POINT('',(-10.,-46.54848004469,85.697650847989));
#8669 = CARTESIAN_POINT('',(-10.,-46.40372477728,85.765164873677));
#8670 = CARTESIAN_POINT('',(-10.,-46.26301156323,85.84367543147));
#8671 = CARTESIAN_POINT('',(-10.,-46.12701078549,85.933279693386));
#8672 = CARTESIAN_POINT('',(-10.,-45.99648558522,86.0341320289));
#8673 = CARTESIAN_POINT('',(-10.,-45.82738480741,86.187192278334));
#8674 = CARTESIAN_POINT('',(-10.,-45.78328226789,86.229377270839));
#8675 = CARTESIAN_POINT('',(-10.,-45.74006628539,86.273076229454));
#8676 = CARTESIAN_POINT('',(-10.,-45.69778584755,86.318298551486));
#8677 = CARTESIAN_POINT('',(-10.,-45.65649414671,86.365052924933));
#8678 = CARTESIAN_POINT('',(-10.,-45.61624856265,86.41334720578));
#8679 = CARTESIAN_POINT('',(-10.,-45.57711064531,86.463188295292));
#8680 = CARTESIAN_POINT('',(-10.,-45.49120651336,86.57947923898));
#8681 = CARTESIAN_POINT('',(-10.,-45.44514171436,86.646847110161));
#8682 = CARTESIAN_POINT('',(-10.,-45.4010812634,86.716699925604));
#8683 = CARTESIAN_POINT('',(-10.,-45.35917250613,86.789041445145));
#8684 = CARTESIAN_POINT('',(-10.,-45.31957861249,86.863862543173));
#8685 = CARTESIAN_POINT('',(-10.,-45.28247661802,86.941138858109));
#8686 = CARTESIAN_POINT('',(-10.,-45.24805546519,87.020828441882));
#8687 = CARTESIAN_POINT('',(-10.,-45.17942160527,87.199348882335));
#8688 = CARTESIAN_POINT('',(-10.,-45.1463115482,87.299079904555));
#8689 = CARTESIAN_POINT('',(-10.,-45.11751473952,87.40194473708));
#8690 = CARTESIAN_POINT('',(-10.,-45.09338426253,87.507757053958));
#8691 = CARTESIAN_POINT('',(-10.,-45.07428306591,87.616253469592));
#8692 = CARTESIAN_POINT('',(-10.,-45.06056281116,87.727082426596));
#8693 = CARTESIAN_POINT('',(-10.,-45.05253391958,87.839790444164));
#8694 = CARTESIAN_POINT('',(-10.,-45.04821384347,88.073549862572));
#8695 = CARTESIAN_POINT('',(-10.,-45.05253051649,88.194834169555));
#8696 = CARTESIAN_POINT('',(-10.,-45.06366424431,88.316840284024));
#8697 = CARTESIAN_POINT('',(-10.,-45.08175017437,88.438742436929));
#8698 = CARTESIAN_POINT('',(-10.,-45.10677706409,88.559710932568));
#8699 = CARTESIAN_POINT('',(-10.,-45.1385829336,88.678917920332));
#8700 = CARTESIAN_POINT('',(-10.,-45.17684050191,88.795545459706));
#8701 = CARTESIAN_POINT('',(-10.,-45.27546431282,89.048288308765));
#8702 = CARTESIAN_POINT('',(-10.,-45.33893947308,89.182759781896));
#8703 = CARTESIAN_POINT('',(-10.,-45.41060397559,89.31094158335));
#8704 = CARTESIAN_POINT('',(-10.,-45.48943368385,89.43202991675));
#8705 = CARTESIAN_POINT('',(-10.,-45.57438506085,89.545541575575));
#8706 = CARTESIAN_POINT('',(-10.,-45.66446806202,89.65123547266));
#8707 = CARTESIAN_POINT('',(-10.,-45.7587851156,89.749063105894));
#8708 = CARTESIAN_POINT('',(-10.,-46.04728262854,90.014706336673));
#8709 = CARTESIAN_POINT('',(-10.,-46.25067972876,90.160232082583));
#8710 = CARTESIAN_POINT('',(-10.,-46.46236329743,90.277835908659));
#8711 = CARTESIAN_POINT('',(-10.,-46.67890739575,90.369002484752));
#8712 = CARTESIAN_POINT('',(-10.,-46.89757150079,90.435453293872));
#8713 = CARTESIAN_POINT('',(-10.,-47.11638368136,90.478681662169));
#8714 = CARTESIAN_POINT('',(-10.,-47.33405408319,90.5));
#8715 = CARTESIAN_POINT('',(-10.,-47.55,90.5));
#8716 = PCURVE('',#4623,#8717);
#8717 = DEFINITIONAL_REPRESENTATION('',(#8718),#8898);
#8718 = B_SPLINE_CURVE_WITH_KNOTS('',3,(#8719,#8720,#8721,#8722,#8723,
    #8724,#8725,#8726,#8727,#8728,#8729,#8730,#8731,#8732,#8733,#8734,
    #8735,#8736,#8737,#8738,#8739,#8740,#8741,#8742,#8743,#8744,#8745,
    #8746,#8747,#8748,#8749,#8750,#8751,#8752,#8753,#8754,#8755,#8756,
    #8757,#8758,#8759,#8760,#8761,#8762,#8763,#8764,#8765,#8766,#8767,
    #8768,#8769,#8770,#8771,#8772,#8773,#8774,#8775,#8776,#8777,#8778,
    #8779,#8780,#8781,#8782,#8783,#8784,#8785,#8786,#8787,#8788,#8789,
    #8790,#8791,#8792,#8793,#8794,#8795,#8796,#8797,#8798,#8799,#8800,
    #8801,#8802,#8803,#8804,#8805,#8806,#8807,#8808,#8809,#8810,#8811,
    #8812,#8813,#8814,#8815,#8816,#8817,#8818,#8819,#8820,#8821,#8822,
    #8823,#8824,#8825,#8826,#8827,#8828,#8829,#8830,#8831,#8832,#8833,
    #8834,#8835,#8836,#8837,#8838,#8839,#8840,#8841,#8842,#8843,#8844,
    #8845,#8846,#8847,#8848,#8849,#8850,#8851,#8852,#8853,#8854,#8855,
    #8856,#8857,#8858,#8859,#8860,#8861,#8862,#8863,#8864,#8865,#8866,
    #8867,#8868,#8869,#8870,#8871,#8872,#8873,#8874,#8875,#8876,#8877,
    #8878,#8879,#8880,#8881,#8882,#8883,#8884,#8885,#8886,#8887,#8888,
    #8889,#8890,#8891,#8892,#8893,#8894,#8895,#8896,#8897),
  .UNSPECIFIED.,.F.,.F.,(4,1,1,1,1,1,1,1,1,1,1,1,1,1,1,1,1,1,1,1,1,1,1,1
    ,1,1,1,1,1,1,1,1,1,1,1,1,1,1,1,1,1,1,1,1,1,1,1,1,1,1,1,1,1,1,1,1,1,1
    ,1,1,1,1,1,1,1,1,1,1,1,1,1,1,1,1,1,1,1,1,1,1,1,1,1,1,1,1,1,1,1,1,1,1
    ,1,1,1,1,1,1,1,1,1,1,1,1,1,1,1,1,1,1,1,1,1,1,1,1,1,1,1,1,1,1,1,1,1,1
    ,1,1,1,1,1,1,1,1,1,1,1,1,1,1,1,1,1,1,1,1,1,1,1,1,1,1,1,1,1,1,1,1,1,1
    ,1,1,1,1,1,1,1,1,1,1,1,1,1,1,1,1,4),(0.,7.011671971187E-03,
    1.402334394237E-02,2.103501591356E-02,2.804668788475E-02,
    3.505835985593E-02,4.207003182712E-02,4.908170379831E-02,
    5.60933757695E-02,6.310504774068E-02,7.011671971187E-02,
    7.712839168306E-02,8.414006365424E-02,9.115173562543E-02,
    9.816340759662E-02,0.105175079568,0.112186751539,0.11919842351,
    0.126210095481,0.133221767453,0.140233439424,0.147245111395,
    0.154256783366,0.161268455337,0.168280127308,0.17529179928,
    0.182303471251,0.189315143222,0.196326815193,0.203338487164,
    0.210350159136,0.217361831107,0.224373503078,0.231385175049,
    0.23839684702,0.245408518992,0.252420190963,0.259431862934,
    0.266443534905,0.273455206876,0.280466878847,0.287478550819,
    0.29449022279,0.301501894761,0.308513566732,0.315525238703,
    0.322536910675,0.329548582646,0.336560254617,0.343571926588,
    0.350583598559,0.357595270531,0.364606942502,0.371618614473,
    0.378630286444,0.385641958415,0.392653630386,0.399665302358,
    0.406676974329,0.4136886463,0.420700318271,0.427711990242,
    0.434723662214,0.441735334185,0.448747006156,0.455758678127,
    0.462770350098,0.46978202207,0.476793694041,0.483805366012,
    0.490817037983,0.497828709954,0.504840381925,0.511852053897,
    0.518863725868,0.525875397839,0.53288706981,0.539898741781,
    0.546910413753,0.553922085724,0.560933757695,0.567945429666,
    0.574957101637,0.581968773609,0.58898044558,0.595992117551,
    0.603003789522,0.610015461493,0.617027133464,0.624038805436,
    0.631050477407,0.638062149378,0.645073821349,0.65208549332,
    0.659097165292,0.666108837263,0.673120509234,0.680132181205,
    0.687143853176,0.694155525148,0.701167197119,0.70817886909,
    0.715190541061,0.722202213032,0.729213885003,0.736225556975,
    0.743237228946,0.750248900917,0.757260572888,0.764272244859,
    0.771283916831,0.778295588802,0.785307260773,0.792318932744,
    0.799330604715,0.806342276687,0.813353948658,0.820365620629,
    0.8273772926,0.834388964571,0.841400636542,0.848412308514,
    0.855423980485,0.862435652456,0.869447324427,0.876458996398,
    0.88347066837,0.890482340341,0.897494012312,0.904505684283,
    0.911517356254,0.918529028225,0.925540700197,0.932552372168,
    0.939564044139,0.94657571611,0.953587388081,0.960599060053,
    0.967610732024,0.974622403995,0.981634075966,0.988645747937,
    0.995657419909,1.00266909188,1.009680763851,1.016692435822,
    1.023704107793,1.030715779764,1.037727451736,1.044739123707,
    1.051750795678,1.058762467649,1.06577413962,1.072785811592,
    1.079797483563,1.086809155534,1.093820827505,1.100832499476,
    1.107844171448,1.114855843419,1.12186751539,1.128879187361,
    1.135890859332,1.142902531303,1.149914203275,1.156925875246,
    1.163937547217,1.170949219188,1.177960891159,1.184972563131,
    1.191984235102,1.198995907073,1.206007579044,1.213019251015,
    1.220030922987,1.227042594958,1.234054266929),
  .QUASI_UNIFORM_KNOTS.);
#8719 = CARTESIAN_POINT('',(5.9375,0.5125));
#8720 = CARTESIAN_POINT('',(5.963625339415,0.51249999533));
#8721 = CARTESIAN_POINT('',(6.015974457248,0.512479528287));
#8722 = CARTESIAN_POINT('',(6.09475049653,0.512387964864));
#8723 = CARTESIAN_POINT('',(6.173735651122,0.512236070619));
#8724 = CARTESIAN_POINT('',(6.252887698409,0.512024301323));
#8725 = CARTESIAN_POINT('',(6.33216524355,0.511753062483));
#8726 = CARTESIAN_POINT('',(6.41152703796,0.511422706808));
#8727 = CARTESIAN_POINT('',(6.490934750732,0.511033521764));
#8728 = CARTESIAN_POINT('',(6.570342412959,0.510585785291));
#8729 = CARTESIAN_POINT('',(6.649704830679,0.510079738686));
#8730 = CARTESIAN_POINT('',(6.72898885064,0.509515496934));
#8731 = CARTESIAN_POINT('',(6.808155979732,0.508893144681));
#8732 = CARTESIAN_POINT('',(6.887166958967,0.508212715942));
#8733 = CARTESIAN_POINT('',(6.965980518921,0.507474203924));
#8734 = CARTESIAN_POINT('',(7.044553692558,0.506677562007));
#8735 = CARTESIAN_POINT('',(7.122841707465,0.505822706215));
#8736 = CARTESIAN_POINT('',(7.200797986044,0.504909516344));
#8737 = CARTESIAN_POINT('',(7.27837410989,0.503937836418));
#8738 = CARTESIAN_POINT('',(7.355519787469,0.50290747418));
#8739 = CARTESIAN_POINT('',(7.432182804901,0.501818199762));
#8740 = CARTESIAN_POINT('',(7.508308994042,0.500669742801));
#8741 = CARTESIAN_POINT('',(7.583842093791,0.499461790437));
#8742 = CARTESIAN_POINT('',(7.658723959265,0.498193976768));
#8743 = CARTESIAN_POINT('',(7.732893416849,0.496865898615));
#8744 = CARTESIAN_POINT('',(7.806290110946,0.495477027236));
#8745 = CARTESIAN_POINT('',(7.878829052663,0.494027207445));
#8746 = CARTESIAN_POINT('',(7.950434464324,0.492516038018));
#8747 = CARTESIAN_POINT('',(8.021023293811,0.490943160656));
#8748 = CARTESIAN_POINT('',(8.090506573858,0.489308243338));
#8749 = CARTESIAN_POINT('',(8.158789472428,0.487610977963));
#8750 = CARTESIAN_POINT('',(8.225769680018,0.485851124143));
#8751 = CARTESIAN_POINT('',(8.291335901733,0.484028560945));
#8752 = CARTESIAN_POINT('',(8.355372713465,0.482143158523));
#8753 = CARTESIAN_POINT('',(8.417752851165,0.480194999801));
#8754 = CARTESIAN_POINT('',(8.478339577201,0.478184348836));
#8755 = CARTESIAN_POINT('',(8.5369866207,0.476111679211));
#8756 = CARTESIAN_POINT('',(8.593538546469,0.473977695399));
#8757 = CARTESIAN_POINT('',(8.647831835628,0.471783322184));
#8758 = CARTESIAN_POINT('',(8.699692408951,0.469529843033));
#8759 = CARTESIAN_POINT('',(8.748932141426,0.467219150945));
#8760 = CARTESIAN_POINT('',(8.795354807519,0.464853648107));
#8761 = CARTESIAN_POINT('',(8.838757300933,0.462436306449));
#8762 = CARTESIAN_POINT('',(8.878932282215,0.459970695227));
#8763 = CARTESIAN_POINT('',(8.915670813719,0.457461028599));
#8764 = CARTESIAN_POINT('',(8.948765812693,0.454912184148));
#8765 = CARTESIAN_POINT('',(8.978014439874,0.452329835616));
#8766 = CARTESIAN_POINT('',(9.003226123282,0.449720175799));
#8767 = CARTESIAN_POINT('',(9.024227623415,0.447089385985));
#8768 = CARTESIAN_POINT('',(9.040845288518,0.444446942075));
#8769 = CARTESIAN_POINT('',(9.052948362095,0.441801678387));
#8770 = CARTESIAN_POINT('',(9.060439763628,0.439162598865));
#8771 = CARTESIAN_POINT('',(9.06325900984,0.436538644324));
#8772 = CARTESIAN_POINT('',(9.061382258659,0.433938725876));
#8773 = CARTESIAN_POINT('',(9.054823866316,0.431371726146));
#8774 = CARTESIAN_POINT('',(9.043636913659,0.42884635166));
#8775 = CARTESIAN_POINT('',(9.027918486935,0.4263716013));
#8776 = CARTESIAN_POINT('',(9.007798818227,0.423954867239));
#8777 = CARTESIAN_POINT('',(8.983427915631,0.42160196817));
#8778 = CARTESIAN_POINT('',(8.954981263719,0.419318451706));
#8779 = CARTESIAN_POINT('',(8.922647776514,0.417108721221));
#8780 = CARTESIAN_POINT('',(8.88662708417,0.414976392563));
#8781 = CARTESIAN_POINT('',(8.847125099855,0.412924306859));
#8782 = CARTESIAN_POINT('',(8.804350746628,0.410954624086));
#8783 = CARTESIAN_POINT('',(8.758512833126,0.40906888225));
#8784 = CARTESIAN_POINT('',(8.709817697282,0.407268067902));
#8785 = CARTESIAN_POINT('',(8.658465606837,0.405552639949));
#8786 = CARTESIAN_POINT('',(8.60465279668,0.40392270299));
#8787 = CARTESIAN_POINT('',(8.548548843307,0.40237748947));
#8788 = CARTESIAN_POINT('',(8.490317884783,0.400916180662));
#8789 = CARTESIAN_POINT('',(8.430117235888,0.399537848447));
#8790 = CARTESIAN_POINT('',(8.368094859703,0.398241422057));
#8791 = CARTESIAN_POINT('',(8.304389466698,0.397025722967));
#8792 = CARTESIAN_POINT('',(8.239130217012,0.395889486289));
#8793 = CARTESIAN_POINT('',(8.172435382489,0.394831368034));
#8794 = CARTESIAN_POINT('',(8.104415566474,0.393850022392));
#8795 = CARTESIAN_POINT('',(8.035176366601,0.392944139771));
#8796 = CARTESIAN_POINT('',(7.964813216142,0.392112380623));
#8797 = CARTESIAN_POINT('',(7.893416483531,0.391353455401));
#8798 = CARTESIAN_POINT('',(7.821070289226,0.390666108164));
#8799 = CARTESIAN_POINT('',(7.747852228373,0.390049119327));
#8800 = CARTESIAN_POINT('',(7.673836043809,0.389501330362));
#8801 = CARTESIAN_POINT('',(7.599090525498,0.389021635218));
#8802 = CARTESIAN_POINT('',(7.523680489074,0.388608984195));
#8803 = CARTESIAN_POINT('',(7.44766682404,0.388262386394));
#8804 = CARTESIAN_POINT('',(7.371107872087,0.387980915387));
#8805 = CARTESIAN_POINT('',(7.294060915261,0.387763705945));
#8806 = CARTESIAN_POINT('',(7.216575098703,0.38760993727));
#8807 = CARTESIAN_POINT('',(7.138699668374,0.387518861515));
#8808 = CARTESIAN_POINT('',(7.060482083673,0.387489791676));
#8809 = CARTESIAN_POINT('',(6.981968576418,0.387522100515));
#8810 = CARTESIAN_POINT('',(6.903204053653,0.38761521764));
#8811 = CARTESIAN_POINT('',(6.824232150429,0.387768628338));
#8812 = CARTESIAN_POINT('',(6.745095310489,0.387981872682));
#8813 = CARTESIAN_POINT('',(6.66583457701,0.38825454717));
#8814 = CARTESIAN_POINT('',(6.586490486841,0.388586301412));
#8815 = CARTESIAN_POINT('',(6.507099812334,0.388976857493));
#8816 = CARTESIAN_POINT('',(6.427707780939,0.389425949013));
#8817 = CARTESIAN_POINT('',(6.348362202672,0.389933322476));
#8818 = CARTESIAN_POINT('',(6.269095685694,0.390498867464));
#8819 = CARTESIAN_POINT('',(6.189946973496,0.391122499281));
#8820 = CARTESIAN_POINT('',(6.110955342888,0.391804184868));
#8821 = CARTESIAN_POINT('',(6.032162124049,0.392543931548));
#8822 = CARTESIAN_POINT('',(5.95361031403,0.393341786519));
#8823 = CARTESIAN_POINT('',(5.875344704495,0.39419783434));
#8824 = CARTESIAN_POINT('',(5.797411876582,0.395112195911));
#8825 = CARTESIAN_POINT('',(5.719860237903,0.396085028087));
#8826 = CARTESIAN_POINT('',(5.642740056119,0.397116524256));
#8827 = CARTESIAN_POINT('',(5.566103503725,0.398206915831));
#8828 = CARTESIAN_POINT('',(5.490004708408,0.399356474887));
#8829 = CARTESIAN_POINT('',(5.414499824297,0.400565517511));
#8830 = CARTESIAN_POINT('',(5.33964707583,0.40183440972));
#8831 = CARTESIAN_POINT('',(5.265506959406,0.403163569362));
#8832 = CARTESIAN_POINT('',(5.19214191779,0.404553488895));
#8833 = CARTESIAN_POINT('',(5.119636962243,0.406004319982));
#8834 = CARTESIAN_POINT('',(5.048066509971,0.407516490769));
#8835 = CARTESIAN_POINT('',(4.977514140272,0.40909035008));
#8836 = CARTESIAN_POINT('',(4.908068792045,0.410726231096));
#8837 = CARTESIAN_POINT('',(4.839825413767,0.41242444));
#8838 = CARTESIAN_POINT('',(4.772886224998,0.414185220276));
#8839 = CARTESIAN_POINT('',(4.707362841443,0.416008685176));
#8840 = CARTESIAN_POINT('',(4.643370708857,0.417894964061));
#8841 = CARTESIAN_POINT('',(4.581037185916,0.419843971425));
#8842 = CARTESIAN_POINT('',(4.520499112641,0.421855439826));
#8843 = CARTESIAN_POINT('',(4.461902887649,0.423928890669));
#8844 = CARTESIAN_POINT('',(4.405404058654,0.42606361407));
#8845 = CARTESIAN_POINT('',(4.351166351155,0.428258674546));
#8846 = CARTESIAN_POINT('',(4.29936359408,0.430512795443));
#8847 = CARTESIAN_POINT('',(4.250184074177,0.4328240739));
#8848 = CARTESIAN_POINT('',(4.203824129273,0.435190096329));
#8849 = CARTESIAN_POINT('',(4.160486910858,0.437607879191));
#8850 = CARTESIAN_POINT('',(4.120379748785,0.440073840389));
#8851 = CARTESIAN_POINT('',(4.083711467841,0.442583755996));
#8852 = CARTESIAN_POINT('',(4.050689078537,0.445132727204));
#8853 = CARTESIAN_POINT('',(4.021514803008,0.447715103211));
#8854 = CARTESIAN_POINT('',(3.996380170093,0.450324552356));
#8855 = CARTESIAN_POINT('',(3.975457605641,0.452954852547));
#8856 = CARTESIAN_POINT('',(3.958918679832,0.455596670117));
#8857 = CARTESIAN_POINT('',(3.946893589881,0.458241183695));
#8858 = CARTESIAN_POINT('',(3.939478840846,0.460879413448));
#8859 = CARTESIAN_POINT('',(3.936734526594,0.463502416616));
#8860 = CARTESIAN_POINT('',(3.938684034992,0.466101265108));
#8861 = CARTESIAN_POINT('',(3.945312296398,0.468667040085));
#8862 = CARTESIAN_POINT('',(3.956565275032,0.471190988083));
#8863 = CARTESIAN_POINT('',(3.972343785858,0.473664025522));
#8864 = CARTESIAN_POINT('',(3.992520749255,0.47607926369));
#8865 = CARTESIAN_POINT('',(4.016942856694,0.478430464265));
#8866 = CARTESIAN_POINT('',(4.045435602948,0.48071227115));
#8867 = CARTESIAN_POINT('',(4.077810173505,0.482920287677));
#8868 = CARTESIAN_POINT('',(4.113867424008,0.48505093653));
#8869 = CARTESIAN_POINT('',(4.153401841723,0.487101390948));
#8870 = CARTESIAN_POINT('',(4.196204943802,0.489069501159));
#8871 = CARTESIAN_POINT('',(4.242067936289,0.490953722311));
#8872 = CARTESIAN_POINT('',(4.290785416245,0.492753085481));
#8873 = CARTESIAN_POINT('',(4.342153696529,0.494467029755));
#8874 = CARTESIAN_POINT('',(4.395988185669,0.49609577245));
#8875 = CARTESIAN_POINT('',(4.452068434722,0.49763866422));
#8876 = CARTESIAN_POINT('',(4.510222989036,0.499096694391));
#8877 = CARTESIAN_POINT('',(4.570316865618,0.500471557235));
#8878 = CARTESIAN_POINT('',(4.632214219893,0.501764664608));
#8879 = CARTESIAN_POINT('',(4.695787840812,0.502977431925));
#8880 = CARTESIAN_POINT('',(4.760916200605,0.504111217801));
#8881 = CARTESIAN_POINT('',(4.827483926607,0.505167352043));
#8882 = CARTESIAN_POINT('',(4.895381429913,0.506147136178));
#8883 = CARTESIAN_POINT('',(4.964504821527,0.507051848129));
#8884 = CARTESIAN_POINT('',(5.034755802208,0.507882743077));
#8885 = CARTESIAN_POINT('',(5.10604160062,0.508641053083));
#8886 = CARTESIAN_POINT('',(5.178274931694,0.50932798517));
#8887 = CARTESIAN_POINT('',(5.251373975952,0.509944718238));
#8888 = CARTESIAN_POINT('',(5.325262374332,0.510492398961));
#8889 = CARTESIAN_POINT('',(5.399869235549,0.51097213681));
#8890 = CARTESIAN_POINT('',(5.475129155688,0.511384998233));
#8891 = CARTESIAN_POINT('',(5.550982243025,0.511732000125));
#8892 = CARTESIAN_POINT('',(5.62737417173,0.512014102142));
#8893 = CARTESIAN_POINT('',(5.704256178583,0.512232199343));
#8894 = CARTESIAN_POINT('',(5.781585330739,0.512387109099));
#8895 = CARTESIAN_POINT('',(5.859323852973,0.512479574183));
#8896 = CARTESIAN_POINT('',(5.911402653501,0.512499990929));
#8897 = CARTESIAN_POINT('',(5.9375,0.5125));
#8898 = ( GEOMETRIC_REPRESENTATION_CONTEXT(2) 
PARAMETRIC_REPRESENTATION_CONTEXT() REPRESENTATION_CONTEXT('2D SPACE',''
  ) );
#8899 = PCURVE('',#8281,#8900);
#8900 = DEFINITIONAL_REPRESENTATION('',(#8901),#9081);
#8901 = B_SPLINE_CURVE_WITH_KNOTS('',3,(#8902,#8903,#8904,#8905,#8906,
    #8907,#8908,#8909,#8910,#8911,#8912,#8913,#8914,#8915,#8916,#8917,
    #8918,#8919,#8920,#8921,#8922,#8923,#8924,#8925,#8926,#8927,#8928,
    #8929,#8930,#8931,#8932,#8933,#8934,#8935,#8936,#8937,#8938,#8939,
    #8940,#8941,#8942,#8943,#8944,#8945,#8946,#8947,#8948,#8949,#8950,
    #8951,#8952,#8953,#8954,#8955,#8956,#8957,#8958,#8959,#8960,#8961,
    #8962,#8963,#8964,#8965,#8966,#8967,#8968,#8969,#8970,#8971,#8972,
    #8973,#8974,#8975,#8976,#8977,#8978,#8979,#8980,#8981,#8982,#8983,
    #8984,#8985,#8986,#8987,#8988,#8989,#8990,#8991,#8992,#8993,#8994,
    #8995,#8996,#8997,#8998,#8999,#9000,#9001,#9002,#9003,#9004,#9005,
    #9006,#9007,#9008,#9009,#9010,#9011,#9012,#9013,#9014,#9015,#9016,
    #9017,#9018,#9019,#9020,#9021,#9022,#9023,#9024,#9025,#9026,#9027,
    #9028,#9029,#9030,#9031,#9032,#9033,#9034,#9035,#9036,#9037,#9038,
    #9039,#9040,#9041,#9042,#9043,#9044,#9045,#9046,#9047,#9048,#9049,
    #9050,#9051,#9052,#9053,#9054,#9055,#9056,#9057,#9058,#9059,#9060,
    #9061,#9062,#9063,#9064,#9065,#9066,#9067,#9068,#9069,#9070,#9071,
    #9072,#9073,#9074,#9075,#9076,#9077,#9078,#9079,#9080),
  .UNSPECIFIED.,.F.,.F.,(4,1,1,1,1,1,1,1,1,1,1,1,1,1,1,1,1,1,1,1,1,1,1,1
    ,1,1,1,1,1,1,1,1,1,1,1,1,1,1,1,1,1,1,1,1,1,1,1,1,1,1,1,1,1,1,1,1,1,1
    ,1,1,1,1,1,1,1,1,1,1,1,1,1,1,1,1,1,1,1,1,1,1,1,1,1,1,1,1,1,1,1,1,1,1
    ,1,1,1,1,1,1,1,1,1,1,1,1,1,1,1,1,1,1,1,1,1,1,1,1,1,1,1,1,1,1,1,1,1,1
    ,1,1,1,1,1,1,1,1,1,1,1,1,1,1,1,1,1,1,1,1,1,1,1,1,1,1,1,1,1,1,1,1,1,1
    ,1,1,1,1,1,1,1,1,1,1,1,1,1,1,1,1,4),(0.,7.011671971187E-03,
    1.402334394237E-02,2.103501591356E-02,2.804668788475E-02,
    3.505835985593E-02,4.207003182712E-02,4.908170379831E-02,
    5.60933757695E-02,6.310504774068E-02,7.011671971187E-02,
    7.712839168306E-02,8.414006365424E-02,9.115173562543E-02,
    9.816340759662E-02,0.105175079568,0.112186751539,0.11919842351,
    0.126210095481,0.133221767453,0.140233439424,0.147245111395,
    0.154256783366,0.161268455337,0.168280127308,0.17529179928,
    0.182303471251,0.189315143222,0.196326815193,0.203338487164,
    0.210350159136,0.217361831107,0.224373503078,0.231385175049,
    0.23839684702,0.245408518992,0.252420190963,0.259431862934,
    0.266443534905,0.273455206876,0.280466878847,0.287478550819,
    0.29449022279,0.301501894761,0.308513566732,0.315525238703,
    0.322536910675,0.329548582646,0.336560254617,0.343571926588,
    0.350583598559,0.357595270531,0.364606942502,0.371618614473,
    0.378630286444,0.385641958415,0.392653630386,0.399665302358,
    0.406676974329,0.4136886463,0.420700318271,0.427711990242,
    0.434723662214,0.441735334185,0.448747006156,0.455758678127,
    0.462770350098,0.46978202207,0.476793694041,0.483805366012,
    0.490817037983,0.497828709954,0.504840381925,0.511852053897,
    0.518863725868,0.525875397839,0.53288706981,0.539898741781,
    0.546910413753,0.553922085724,0.560933757695,0.567945429666,
    0.574957101637,0.581968773609,0.58898044558,0.595992117551,
    0.603003789522,0.610015461493,0.617027133464,0.624038805436,
    0.631050477407,0.638062149378,0.645073821349,0.65208549332,
    0.659097165292,0.666108837263,0.673120509234,0.680132181205,
    0.687143853176,0.694155525148,0.701167197119,0.70817886909,
    0.715190541061,0.722202213032,0.729213885003,0.736225556975,
    0.743237228946,0.750248900917,0.757260572888,0.764272244859,
    0.771283916831,0.778295588802,0.785307260773,0.792318932744,
    0.799330604715,0.806342276687,0.813353948658,0.820365620629,
    0.8273772926,0.834388964571,0.841400636542,0.848412308514,
    0.855423980485,0.862435652456,0.869447324427,0.876458996398,
    0.88347066837,0.890482340341,0.897494012312,0.904505684283,
    0.911517356254,0.918529028225,0.925540700197,0.932552372168,
    0.939564044139,0.94657571611,0.953587388081,0.960599060053,
    0.967610732024,0.974622403995,0.981634075966,0.988645747937,
    0.995657419909,1.00266909188,1.009680763851,1.016692435822,
    1.023704107793,1.030715779764,1.037727451736,1.044739123707,
    1.051750795678,1.058762467649,1.06577413962,1.072785811592,
    1.079797483563,1.086809155534,1.093820827505,1.100832499476,
    1.107844171448,1.114855843419,1.12186751539,1.128879187361,
    1.135890859332,1.142902531303,1.149914203275,1.156925875246,
    1.163937547217,1.170949219188,1.177960891159,1.184972563131,
    1.191984235102,1.198995907073,1.206007579044,1.213019251015,
    1.220030922987,1.227042594958,1.234054266929),
  .QUASI_UNIFORM_KNOTS.);
#8902 = CARTESIAN_POINT('',(2.84217094304E-15,80.));
#8903 = CARTESIAN_POINT('',(1.045008044298E-02,80.));
#8904 = CARTESIAN_POINT('',(3.131611850218E-02,80.));
#8905 = CARTESIAN_POINT('',(6.252747821574E-02,80.));
#8906 = CARTESIAN_POINT('',(9.366592819583E-02,80.));
#8907 = CARTESIAN_POINT('',(0.124745848206,80.));
#8908 = CARTESIAN_POINT('',(0.155781556886,80.));
#8909 = CARTESIAN_POINT('',(0.186787075724,80.));
#8910 = CARTESIAN_POINT('',(0.217777342589,80.));
#8911 = CARTESIAN_POINT('',(0.248764194505,80.));
#8912 = CARTESIAN_POINT('',(0.279759748579,80.));
#8913 = CARTESIAN_POINT('',(0.310780903583,80.));
#8914 = CARTESIAN_POINT('',(0.341842678026,80.));
#8915 = CARTESIAN_POINT('',(0.372960108878,80.));
#8916 = CARTESIAN_POINT('',(0.404147877452,80.));
#8917 = CARTESIAN_POINT('',(0.435420541325,80.));
#8918 = CARTESIAN_POINT('',(0.46679260247,80.));
#8919 = CARTESIAN_POINT('',(0.498278619925,80.));
#8920 = CARTESIAN_POINT('',(0.529893313307,80.));
#8921 = CARTESIAN_POINT('',(0.561651675332,80.));
#8922 = CARTESIAN_POINT('',(0.593569087829,80.));
#8923 = CARTESIAN_POINT('',(0.625661460179,80.));
#8924 = CARTESIAN_POINT('',(0.657945336401,80.));
#8925 = CARTESIAN_POINT('',(0.690438184728,80.));
#8926 = CARTESIAN_POINT('',(0.723158086653,80.));
#8927 = CARTESIAN_POINT('',(0.756125762891,80.));
#8928 = CARTESIAN_POINT('',(0.789353188166,80.));
#8929 = CARTESIAN_POINT('',(0.822858795246,80.));
#8930 = CARTESIAN_POINT('',(0.856660441065,80.));
#8931 = CARTESIAN_POINT('',(0.89077614265,80.));
#8932 = CARTESIAN_POINT('',(0.925224321366,80.));
#8933 = CARTESIAN_POINT('',(0.960023174095,80.));
#8934 = CARTESIAN_POINT('',(0.995189986625,80.));
#8935 = CARTESIAN_POINT('',(1.030743901768,80.));
#8936 = CARTESIAN_POINT('',(1.066701945984,80.));
#8937 = CARTESIAN_POINT('',(1.103080148145,80.));
#8938 = CARTESIAN_POINT('',(1.139893421031,80.));
#8939 = CARTESIAN_POINT('',(1.177155596535,80.));
#8940 = CARTESIAN_POINT('',(1.214879979111,80.));
#8941 = CARTESIAN_POINT('',(1.253077345012,80.));
#8942 = CARTESIAN_POINT('',(1.291752221937,80.));
#8943 = CARTESIAN_POINT('',(1.330905190766,80.));
#8944 = CARTESIAN_POINT('',(1.370532209966,80.));
#8945 = CARTESIAN_POINT('',(1.410624474095,80.));
#8946 = CARTESIAN_POINT('',(1.45116783397,80.));
#8947 = CARTESIAN_POINT('',(1.492142556194,80.));
#8948 = CARTESIAN_POINT('',(1.533521096586,80.));
#8949 = CARTESIAN_POINT('',(1.575272249083,80.));
#8950 = CARTESIAN_POINT('',(1.617369164249,80.));
#8951 = CARTESIAN_POINT('',(1.659735764413,80.));
#8952 = CARTESIAN_POINT('',(1.702308483992,80.));
#8953 = CARTESIAN_POINT('',(1.745022002196,80.));
#8954 = CARTESIAN_POINT('',(1.787811658305,80.));
#8955 = CARTESIAN_POINT('',(1.830611569609,80.));
#8956 = CARTESIAN_POINT('',(1.873353137146,80.));
#8957 = CARTESIAN_POINT('',(1.915966037855,80.));
#8958 = CARTESIAN_POINT('',(1.958368488378,80.));
#8959 = CARTESIAN_POINT('',(2.000498118102,80.));
#8960 = CARTESIAN_POINT('',(2.042312116433,80.));
#8961 = CARTESIAN_POINT('',(2.083764419207,80.));
#8962 = CARTESIAN_POINT('',(2.124820970275,80.));
#8963 = CARTESIAN_POINT('',(2.165453935446,80.));
#8964 = CARTESIAN_POINT('',(2.205641935831,80.));
#8965 = CARTESIAN_POINT('',(2.245368962065,80.));
#8966 = CARTESIAN_POINT('',(2.284623963076,80.));
#8967 = CARTESIAN_POINT('',(2.323400220517,80.));
#8968 = CARTESIAN_POINT('',(2.361695866883,80.));
#8969 = CARTESIAN_POINT('',(2.399510854768,80.));
#8970 = CARTESIAN_POINT('',(2.436860613068,80.));
#8971 = CARTESIAN_POINT('',(2.473758908546,80.));
#8972 = CARTESIAN_POINT('',(2.510219291373,80.));
#8973 = CARTESIAN_POINT('',(2.546256530886,80.));
#8974 = CARTESIAN_POINT('',(2.581886379688,80.));
#8975 = CARTESIAN_POINT('',(2.617125646741,80.));
#8976 = CARTESIAN_POINT('',(2.651992803933,80.));
#8977 = CARTESIAN_POINT('',(2.686506255147,80.));
#8978 = CARTESIAN_POINT('',(2.720683228135,80.));
#8979 = CARTESIAN_POINT('',(2.754542531796,80.));
#8980 = CARTESIAN_POINT('',(2.788102124056,80.));
#8981 = CARTESIAN_POINT('',(2.82137991945,80.));
#8982 = CARTESIAN_POINT('',(2.854394070131,80.));
#8983 = CARTESIAN_POINT('',(2.887161934683,80.));
#8984 = CARTESIAN_POINT('',(2.919700754845,80.));
#8985 = CARTESIAN_POINT('',(2.952027422397,80.));
#8986 = CARTESIAN_POINT('',(2.984158607137,80.));
#8987 = CARTESIAN_POINT('',(3.016110339867,80.));
#8988 = CARTESIAN_POINT('',(3.047897591569,80.));
#8989 = CARTESIAN_POINT('',(3.079537315635,80.));
#8990 = CARTESIAN_POINT('',(3.111045162071,80.));
#8991 = CARTESIAN_POINT('',(3.142436426533,80.));
#8992 = CARTESIAN_POINT('',(3.173725958665,80.));
#8993 = CARTESIAN_POINT('',(3.204928334731,80.));
#8994 = CARTESIAN_POINT('',(3.236057957444,80.));
#8995 = CARTESIAN_POINT('',(3.267129139574,80.));
#8996 = CARTESIAN_POINT('',(3.298156295852,80.));
#8997 = CARTESIAN_POINT('',(3.329153702569,80.));
#8998 = CARTESIAN_POINT('',(3.360136876952,80.));
#8999 = CARTESIAN_POINT('',(3.391117922669,80.));
#9000 = CARTESIAN_POINT('',(3.42210791982,80.));
#9001 = CARTESIAN_POINT('',(3.453123966262,80.));
#9002 = CARTESIAN_POINT('',(3.48418097202,80.));
#9003 = CARTESIAN_POINT('',(3.51529395862,80.));
#9004 = CARTESIAN_POINT('',(3.546477577252,80.));
#9005 = CARTESIAN_POINT('',(3.577746369274,80.));
#9006 = CARTESIAN_POINT('',(3.609114826539,80.));
#9007 = CARTESIAN_POINT('',(3.640597506122,80.));
#9008 = CARTESIAN_POINT('',(3.672209133604,80.));
#9009 = CARTESIAN_POINT('',(3.703964715491,80.));
#9010 = CARTESIAN_POINT('',(3.735879657856,80.));
#9011 = CARTESIAN_POINT('',(3.767969897338,80.));
#9012 = CARTESIAN_POINT('',(3.80025203932,80.));
#9013 = CARTESIAN_POINT('',(3.832743535563,80.));
#9014 = CARTESIAN_POINT('',(3.865462795841,80.));
#9015 = CARTESIAN_POINT('',(3.898429642229,80.));
#9016 = CARTESIAN_POINT('',(3.931656029535,80.));
#9017 = CARTESIAN_POINT('',(3.965161027506,80.));
#9018 = CARTESIAN_POINT('',(3.998962279286,80.));
#9019 = CARTESIAN_POINT('',(4.033077841282,80.));
#9020 = CARTESIAN_POINT('',(4.0675261088,80.));
#9021 = CARTESIAN_POINT('',(4.102325358552,80.));
#9022 = CARTESIAN_POINT('',(4.137492745664,80.));
#9023 = CARTESIAN_POINT('',(4.173047433125,80.));
#9024 = CARTESIAN_POINT('',(4.209006430086,80.));
#9025 = CARTESIAN_POINT('',(4.245385739542,80.));
#9026 = CARTESIAN_POINT('',(4.282200225555,80.));
#9027 = CARTESIAN_POINT('',(4.319463670809,80.));
#9028 = CARTESIAN_POINT('',(4.357189246783,80.));
#9029 = CARTESIAN_POINT('',(4.395387901981,80.));
#9030 = CARTESIAN_POINT('',(4.434064050133,80.));
#9031 = CARTESIAN_POINT('',(4.473218142371,80.));
#9032 = CARTESIAN_POINT('',(4.512846009253,80.));
#9033 = CARTESIAN_POINT('',(4.552938699697,80.));
#9034 = CARTESIAN_POINT('',(4.593481967299,80.));
#9035 = CARTESIAN_POINT('',(4.634455794619,80.));
#9036 = CARTESIAN_POINT('',(4.675833053045,80.));
#9037 = CARTESIAN_POINT('',(4.717580351995,80.));
#9038 = CARTESIAN_POINT('',(4.759670208704,80.));
#9039 = CARTESIAN_POINT('',(4.802028803999,80.));
#9040 = CARTESIAN_POINT('',(4.844592743382,80.));
#9041 = CARTESIAN_POINT('',(4.887297042273,80.));
#9042 = CARTESIAN_POINT('',(4.930076942923,80.));
#9043 = CARTESIAN_POINT('',(4.972866199887,80.));
#9044 = CARTESIAN_POINT('',(5.01559549062,80.));
#9045 = CARTESIAN_POINT('',(5.058193546237,80.));
#9046 = CARTESIAN_POINT('',(5.100576830973,80.));
#9047 = CARTESIAN_POINT('',(5.142691486216,80.));
#9048 = CARTESIAN_POINT('',(5.184487299027,80.));
#9049 = CARTESIAN_POINT('',(5.225921323514,80.));
#9050 = CARTESIAN_POINT('',(5.266959502042,80.));
#9051 = CARTESIAN_POINT('',(5.307574582254,80.));
#9052 = CARTESIAN_POINT('',(5.347745374838,80.));
#9053 = CARTESIAN_POINT('',(5.387456016178,80.));
#9054 = CARTESIAN_POINT('',(5.426695248401,80.));
#9055 = CARTESIAN_POINT('',(5.465456756536,80.));
#9056 = CARTESIAN_POINT('',(5.503736193062,80.));
#9057 = CARTESIAN_POINT('',(5.541541183995,80.));
#9058 = CARTESIAN_POINT('',(5.578853003907,80.));
#9059 = CARTESIAN_POINT('',(5.615685322878,80.));
#9060 = CARTESIAN_POINT('',(5.652068215278,80.));
#9061 = CARTESIAN_POINT('',(5.688024264998,80.));
#9062 = CARTESIAN_POINT('',(5.723575540043,80.));
#9063 = CARTESIAN_POINT('',(5.758742202758,80.));
#9064 = CARTESIAN_POINT('',(5.793543284961,80.));
#9065 = CARTESIAN_POINT('',(5.827996821383,80.));
#9066 = CARTESIAN_POINT('',(5.862120106182,80.));
#9067 = CARTESIAN_POINT('',(5.895929878391,80.));
#9068 = CARTESIAN_POINT('',(5.929442497252,80.));
#9069 = CARTESIAN_POINT('',(5.962674098397,80.));
#9070 = CARTESIAN_POINT('',(5.995640739103,80.));
#9071 = CARTESIAN_POINT('',(6.028358535092,80.));
#9072 = CARTESIAN_POINT('',(6.060843791833,80.));
#9073 = CARTESIAN_POINT('',(6.093113133,80.));
#9074 = CARTESIAN_POINT('',(6.125183626856,80.));
#9075 = CARTESIAN_POINT('',(6.157072917797,80.));
#9076 = CARTESIAN_POINT('',(6.188799346482,80.));
#9077 = CARTESIAN_POINT('',(6.220382132131,80.));
#9078 = CARTESIAN_POINT('',(6.251841356436,80.));
#9079 = CARTESIAN_POINT('',(6.272746278076,80.));
#9080 = CARTESIAN_POINT('',(6.28318530718,80.));
#9081 = ( GEOMETRIC_REPRESENTATION_CONTEXT(2) 
PARAMETRIC_REPRESENTATION_CONTEXT() REPRESENTATION_CONTEXT('2D SPACE',''
  ) );
#9082 = ADVANCED_FACE('',(#9083),#4597,.T.);
#9083 = FACE_BOUND('',#9084,.F.);
#9084 = EDGE_LOOP('',(#9085,#9086,#9087,#9088,#9089,#9090));
#9085 = ORIENTED_EDGE('',*,*,#4576,.F.);
#9086 = ORIENTED_EDGE('',*,*,#8501,.F.);
#9087 = ORIENTED_EDGE('',*,*,#7358,.F.);
#9088 = ORIENTED_EDGE('',*,*,#7219,.T.);
#9089 = ORIENTED_EDGE('',*,*,#6931,.T.);
#9090 = ORIENTED_EDGE('',*,*,#9091,.T.);
#9091 = EDGE_CURVE('',#6932,#4552,#9092,.T.);
#9092 = SURFACE_CURVE('',#9093,(#9126,#9162),.PCURVE_S1.);
#9093 = B_SPLINE_CURVE_WITH_KNOTS('',6,(#9094,#9095,#9096,#9097,#9098,
    #9099,#9100,#9101,#9102,#9103,#9104,#9105,#9106,#9107,#9108,#9109,
    #9110,#9111,#9112,#9113,#9114,#9115,#9116,#9117,#9118,#9119,#9120,
    #9121,#9122,#9123,#9124,#9125),.UNSPECIFIED.,.F.,.F.,(7,5,5,5,5,5,7)
  ,(0.,0.496034680318,0.745674492074,0.870511759647,0.932934960314,
    0.964147338713,1.),.UNSPECIFIED.);
#9094 = CARTESIAN_POINT('',(-48.08648458766,-13.7,68.));
#9095 = CARTESIAN_POINT('',(-48.08421963839,-13.70794988672,
    68.582991693281));
#9096 = CARTESIAN_POINT('',(-48.08195311943,-13.71589929786,
    69.16594851021));
#9097 = CARTESIAN_POINT('',(-48.07968503622,-13.72384821431,
    69.748869049552));
#9098 = CARTESIAN_POINT('',(-48.07741539467,-13.73179661557,
    70.331751808595));
#9099 = CARTESIAN_POINT('',(-48.07514420109,-13.73974447977,
    70.91459518315));
#9100 = CARTESIAN_POINT('',(-48.0717276589,-13.75169143029,
    71.790704888062));
#9101 = CARTESIAN_POINT('',(-48.0705834642,-13.755690935,72.084001900297
    ));
#9102 = CARTESIAN_POINT('',(-48.06943887897,-13.75969029481,
    72.377288286177));
#9103 = CARTESIAN_POINT('',(-48.06829390411,-13.76368950663,
    72.670563819903));
#9104 = CARTESIAN_POINT('',(-48.06714854053,-13.76768856729,
    72.963828267954));
#9105 = CARTESIAN_POINT('',(-48.06542983386,-13.77368720469,
    73.403728344519));
#9106 = CARTESIAN_POINT('',(-48.06485678155,-13.77568689728,
    73.550372467401));
#9107 = CARTESIAN_POINT('',(-48.0642836324,-13.77768655083,
    73.697013727535));
#9108 = CARTESIAN_POINT('',(-48.06371038652,-13.77968616492,
    73.843652094201));
#9109 = CARTESIAN_POINT('',(-48.06313704404,-13.78168573912,
    73.99028753615));
#9110 = CARTESIAN_POINT('',(-48.06227686464,-13.78468511311,
    74.210241628541));
#9111 = CARTESIAN_POINT('',(-48.06199010007,-13.78568494313,
    74.283562496243));
#9112 = CARTESIAN_POINT('',(-48.06170331139,-13.78668476301,
    74.356882620738));
#9113 = CARTESIAN_POINT('',(-48.06141649862,-13.7876845727,
    74.430201998019));
#9114 = CARTESIAN_POINT('',(-48.06112966178,-13.78868437214,
    74.503520624043));
#9115 = CARTESIAN_POINT('',(-48.06069936686,-13.79018406832,
    74.613498343938));
#9116 = CARTESIAN_POINT('',(-48.0605559261,-13.79068397529,
    74.650158188424));
#9117 = CARTESIAN_POINT('',(-48.06041247861,-13.7911838822,
    74.686818028187));
#9118 = CARTESIAN_POINT('',(-48.06026902438,-13.79168378904,
    74.723477863223));
#9119 = CARTESIAN_POINT('',(-48.06012556341,-13.79218369582,
    74.76013769353));
#9120 = CARTESIAN_POINT('',(-48.05981729895,-13.79325782939,
    74.838907488816));
#9121 = CARTESIAN_POINT('',(-48.05971176525,-13.79362552426,
    74.86587177917));
#9122 = CARTESIAN_POINT('',(-48.05957934277,-13.79408692765,
    74.899708028151));
#9123 = CARTESIAN_POINT('',(-48.05939366646,-13.79473381837,
    74.947146681128));
#9124 = CARTESIAN_POINT('',(-48.05920982318,-13.7953742674,
    74.994112942672));
#9125 = CARTESIAN_POINT('',(-48.05918677456,-13.79545456181,75.0000012)
  );
#9126 = PCURVE('',#4597,#9127);
#9127 = DEFINITIONAL_REPRESENTATION('',(#9128),#9161);
#9128 = B_SPLINE_CURVE_WITH_KNOTS('',6,(#9129,#9130,#9131,#9132,#9133,
    #9134,#9135,#9136,#9137,#9138,#9139,#9140,#9141,#9142,#9143,#9144,
    #9145,#9146,#9147,#9148,#9149,#9150,#9151,#9152,#9153,#9154,#9155,
    #9156,#9157,#9158,#9159,#9160),.UNSPECIFIED.,.F.,.F.,(7,5,5,5,5,5,7)
  ,(0.,0.496034680318,0.745674492074,0.870511759647,0.932934960314,
    0.964147338713,1.),.UNSPECIFIED.);
#9129 = CARTESIAN_POINT('',(-3.419142408527,-1.));
#9130 = CARTESIAN_POINT('',(-3.419307733292,-1.582991693281));
#9131 = CARTESIAN_POINT('',(-3.41947305751,-2.16594851021));
#9132 = CARTESIAN_POINT('',(-3.419638380793,-2.748869049552));
#9133 = CARTESIAN_POINT('',(-3.419803702723,-3.331751808595));
#9134 = CARTESIAN_POINT('',(-3.419969022853,-3.91459518315));
#9135 = CARTESIAN_POINT('',(-3.420217540367,-4.790704888062));
#9136 = CARTESIAN_POINT('',(-3.420300739452,-5.084001900297));
#9137 = CARTESIAN_POINT('',(-3.420383937899,-5.377288286177));
#9138 = CARTESIAN_POINT('',(-3.420467135645,-5.670563819903));
#9139 = CARTESIAN_POINT('',(-3.420550332625,-5.963828267954));
#9140 = CARTESIAN_POINT('',(-3.42067513263,-6.403728344519));
#9141 = CARTESIAN_POINT('',(-3.420716736281,-6.550372467401));
#9142 = CARTESIAN_POINT('',(-3.420758339715,-6.697013727535));
#9143 = CARTESIAN_POINT('',(-3.420799942923,-6.843652094201));
#9144 = CARTESIAN_POINT('',(-3.420841545897,-6.99028753615));
#9145 = CARTESIAN_POINT('',(-3.420903951515,-7.210241628541));
#9146 = CARTESIAN_POINT('',(-3.420924754341,-7.283562496243));
#9147 = CARTESIAN_POINT('',(-3.420945557106,-7.356882620738));
#9148 = CARTESIAN_POINT('',(-3.420966359807,-7.430201998019));
#9149 = CARTESIAN_POINT('',(-3.420987162445,-7.503520624043));
#9150 = CARTESIAN_POINT('',(-3.421018366562,-7.613498343938));
#9151 = CARTESIAN_POINT('',(-3.421028768143,-7.650158188424));
#9152 = CARTESIAN_POINT('',(-3.421039169761,-7.686818028187));
#9153 = CARTESIAN_POINT('',(-3.421049571414,-7.723477863223));
#9154 = CARTESIAN_POINT('',(-3.421059973103,-7.76013769353));
#9155 = CARTESIAN_POINT('',(-3.421082322956,-7.838907488816));
#9156 = CARTESIAN_POINT('',(-3.421089973757,-7.86587177917));
#9157 = CARTESIAN_POINT('',(-3.421099574357,-7.899708028151));
#9158 = CARTESIAN_POINT('',(-3.42111303457,-7.947146681128));
#9159 = CARTESIAN_POINT('',(-3.421126360834,-7.994112942672));
#9160 = CARTESIAN_POINT('',(-3.421128031574,-8.0000012));
#9161 = ( GEOMETRIC_REPRESENTATION_CONTEXT(2) 
PARAMETRIC_REPRESENTATION_CONTEXT() REPRESENTATION_CONTEXT('2D SPACE',''
  ) );
#9162 = PCURVE('',#4565,#9163);
#9163 = DEFINITIONAL_REPRESENTATION('',(#9164),#9197);
#9164 = B_SPLINE_CURVE_WITH_KNOTS('',6,(#9165,#9166,#9167,#9168,#9169,
    #9170,#9171,#9172,#9173,#9174,#9175,#9176,#9177,#9178,#9179,#9180,
    #9181,#9182,#9183,#9184,#9185,#9186,#9187,#9188,#9189,#9190,#9191,
    #9192,#9193,#9194,#9195,#9196),.UNSPECIFIED.,.F.,.F.,(7,5,5,5,5,5,7)
  ,(0.,0.496034680318,0.745674492074,0.870511759647,0.932934960314,
    0.964147338713,1.),.UNSPECIFIED.);
#9165 = CARTESIAN_POINT('',(9.913515412332,0.));
#9166 = CARTESIAN_POINT('',(9.969515355641,2.649962242187E-02));
#9167 = CARTESIAN_POINT('',(10.026242164755,5.299765955499E-02));
#9168 = CARTESIAN_POINT('',(10.083713314675,7.949404770689E-02));
#9169 = CARTESIAN_POINT('',(10.141947082623,0.105988718572));
#9170 = CARTESIAN_POINT('',(10.200962548044,0.132481599234));
#9171 = CARTESIAN_POINT('',(10.290883769468,0.172304767639));
#9172 = CARTESIAN_POINT('',(10.321190975264,0.185636450013));
#9173 = CARTESIAN_POINT('',(10.351703747862,0.198967649372));
#9174 = CARTESIAN_POINT('',(10.38242468313,0.21229835545));
#9175 = CARTESIAN_POINT('',(10.413356434947,0.225628557634));
#9176 = CARTESIAN_POINT('',(10.46007652138,0.24562401566));
#9177 = CARTESIAN_POINT('',(10.475704724657,0.252289657609));
#9178 = CARTESIAN_POINT('',(10.491386664286,0.258955169433));
#9179 = CARTESIAN_POINT('',(10.507122683379,0.265620549736));
#9180 = CARTESIAN_POINT('',(10.522913128909,0.272285797098));
#9181 = CARTESIAN_POINT('',(10.546681542757,0.282283710388));
#9182 = CARTESIAN_POINT('',(10.554618430137,0.285616477102));
#9183 = CARTESIAN_POINT('',(10.562569057708,0.288949210034));
#9184 = CARTESIAN_POINT('',(10.570533469587,0.292281909001));
#9185 = CARTESIAN_POINT('',(10.578511710138,0.29561457382));
#9186 = CARTESIAN_POINT('',(10.590499980508,0.300613561088));
#9187 = CARTESIAN_POINT('',(10.594499625607,0.302279917656));
#9188 = CARTESIAN_POINT('',(10.59850276497,0.303946274009));
#9189 = CARTESIAN_POINT('',(10.60250940431,0.305612630147));
#9190 = CARTESIAN_POINT('',(10.606519549359,0.30727898607));
#9191 = CARTESIAN_POINT('',(10.615143564788,0.31085943131));
#9192 = CARTESIAN_POINT('',(10.618100428175,0.312085080871));
#9193 = CARTESIAN_POINT('',(10.621807963145,0.313623092189));
#9194 = CARTESIAN_POINT('',(10.62701444302,0.315779394597));
#9195 = CARTESIAN_POINT('',(10.632178578683,0.317914224667));
#9196 = CARTESIAN_POINT('',(10.6328258609,0.318181872727));
#9197 = ( GEOMETRIC_REPRESENTATION_CONTEXT(2) 
PARAMETRIC_REPRESENTATION_CONTEXT() REPRESENTATION_CONTEXT('2D SPACE',''
  ) );
#9198 = ADVANCED_FACE('',(#9199),#4565,.T.);
#9199 = FACE_BOUND('',#9200,.T.);
#9200 = EDGE_LOOP('',(#9201,#9222,#9223,#9224,#9225,#9247));
#9201 = ORIENTED_EDGE('',*,*,#9202,.F.);
#9202 = EDGE_CURVE('',#5534,#9203,#9205,.T.);
#9203 = VERTEX_POINT('',#9204);
#9204 = CARTESIAN_POINT('',(-58.,-14.,90.));
#9205 = SURFACE_CURVE('',#9206,(#9209,#9216),.PCURVE_S1.);
#9206 = B_SPLINE_CURVE_WITH_KNOTS('',1,(#9207,#9208),.UNSPECIFIED.,.F.,
  .F.,(2,2),(0.,1.),.PIECEWISE_BEZIER_KNOTS.);
#9207 = CARTESIAN_POINT('',(-58.,-13.7,68.));
#9208 = CARTESIAN_POINT('',(-58.,-14.,90.));
#9209 = PCURVE('',#4565,#9210);
#9210 = DEFINITIONAL_REPRESENTATION('',(#9211),#9215);
#9211 = LINE('',#9212,#9213);
#9212 = CARTESIAN_POINT('',(0.,0.));
#9213 = VECTOR('',#9214,1.);
#9214 = DIRECTION('',(0.,1.));
#9215 = ( GEOMETRIC_REPRESENTATION_CONTEXT(2) 
PARAMETRIC_REPRESENTATION_CONTEXT() REPRESENTATION_CONTEXT('2D SPACE',''
  ) );
#9216 = PCURVE('',#5464,#9217);
#9217 = DEFINITIONAL_REPRESENTATION('',(#9218),#9221);
#9218 = B_SPLINE_CURVE_WITH_KNOTS('',1,(#9219,#9220),.UNSPECIFIED.,.F.,
  .F.,(2,2),(0.,1.),.PIECEWISE_BEZIER_KNOTS.);
#9219 = CARTESIAN_POINT('',(13.7,-11.));
#9220 = CARTESIAN_POINT('',(14.,11.));
#9221 = ( GEOMETRIC_REPRESENTATION_CONTEXT(2) 
PARAMETRIC_REPRESENTATION_CONTEXT() REPRESENTATION_CONTEXT('2D SPACE',''
  ) );
#9222 = ORIENTED_EDGE('',*,*,#6960,.T.);
#9223 = ORIENTED_EDGE('',*,*,#9091,.T.);
#9224 = ORIENTED_EDGE('',*,*,#4551,.F.);
#9225 = ORIENTED_EDGE('',*,*,#9226,.T.);
#9226 = EDGE_CURVE('',#4527,#9227,#9229,.T.);
#9227 = VERTEX_POINT('',#9228);
#9228 = CARTESIAN_POINT('',(-44.,-14.,90.));
#9229 = SURFACE_CURVE('',#9230,(#9233,#9240),.PCURVE_S1.);
#9230 = B_SPLINE_CURVE_WITH_KNOTS('',1,(#9231,#9232),.UNSPECIFIED.,.F.,
  .F.,(2,2),(0.,1.),.PIECEWISE_BEZIER_KNOTS.);
#9231 = CARTESIAN_POINT('',(-40.4,-13.7,68.));
#9232 = CARTESIAN_POINT('',(-44.,-14.,90.));
#9233 = PCURVE('',#4565,#9234);
#9234 = DEFINITIONAL_REPRESENTATION('',(#9235),#9239);
#9235 = LINE('',#9236,#9237);
#9236 = CARTESIAN_POINT('',(17.6,0.));
#9237 = VECTOR('',#9238,1.);
#9238 = DIRECTION('',(0.,1.));
#9239 = ( GEOMETRIC_REPRESENTATION_CONTEXT(2) 
PARAMETRIC_REPRESENTATION_CONTEXT() REPRESENTATION_CONTEXT('2D SPACE',''
  ) );
#9240 = PCURVE('',#4540,#9241);
#9241 = DEFINITIONAL_REPRESENTATION('',(#9242),#9246);
#9242 = LINE('',#9243,#9244);
#9243 = CARTESIAN_POINT('',(0.,0.));
#9244 = VECTOR('',#9245,1.);
#9245 = DIRECTION('',(0.,1.));
#9246 = ( GEOMETRIC_REPRESENTATION_CONTEXT(2) 
PARAMETRIC_REPRESENTATION_CONTEXT() REPRESENTATION_CONTEXT('2D SPACE',''
  ) );
#9247 = ORIENTED_EDGE('',*,*,#9248,.F.);
#9248 = EDGE_CURVE('',#9203,#9227,#9249,.T.);
#9249 = SURFACE_CURVE('',#9250,(#9254,#9260),.PCURVE_S1.);
#9250 = LINE('',#9251,#9252);
#9251 = CARTESIAN_POINT('',(-58.,-14.,90.));
#9252 = VECTOR('',#9253,1.);
#9253 = DIRECTION('',(1.,-1.224646799147E-16,0.));
#9254 = PCURVE('',#4565,#9255);
#9255 = DEFINITIONAL_REPRESENTATION('',(#9256),#9259);
#9256 = B_SPLINE_CURVE_WITH_KNOTS('',1,(#9257,#9258),.UNSPECIFIED.,.F.,
  .F.,(2,2),(0.,14.),.PIECEWISE_BEZIER_KNOTS.);
#9257 = CARTESIAN_POINT('',(0.,1.));
#9258 = CARTESIAN_POINT('',(17.6,1.));
#9259 = ( GEOMETRIC_REPRESENTATION_CONTEXT(2) 
PARAMETRIC_REPRESENTATION_CONTEXT() REPRESENTATION_CONTEXT('2D SPACE',''
  ) );
#9260 = PCURVE('',#9261,#9266);
#9261 = PLANE('',#9262);
#9262 = AXIS2_PLACEMENT_3D('',#9263,#9264,#9265);
#9263 = CARTESIAN_POINT('',(-58.,-14.,230.));
#9264 = DIRECTION('',(-1.224646799147E-16,-1.,0.));
#9265 = DIRECTION('',(1.,-1.224646799147E-16,0.));
#9266 = DEFINITIONAL_REPRESENTATION('',(#9267),#9271);
#9267 = LINE('',#9268,#9269);
#9268 = CARTESIAN_POINT('',(0.,-140.));
#9269 = VECTOR('',#9270,1.);
#9270 = DIRECTION('',(1.,0.));
#9271 = ( GEOMETRIC_REPRESENTATION_CONTEXT(2) 
PARAMETRIC_REPRESENTATION_CONTEXT() REPRESENTATION_CONTEXT('2D SPACE',''
  ) );
#9272 = ADVANCED_FACE('',(#9273),#4540,.T.);
#9273 = FACE_BOUND('',#9274,.T.);
#9274 = EDGE_LOOP('',(#9275,#9276,#9277,#9278));
#9275 = ORIENTED_EDGE('',*,*,#9226,.F.);
#9276 = ORIENTED_EDGE('',*,*,#4526,.F.);
#9277 = ORIENTED_EDGE('',*,*,#5502,.T.);
#9278 = ORIENTED_EDGE('',*,*,#9279,.F.);
#9279 = EDGE_CURVE('',#9227,#5476,#9280,.T.);
#9280 = SURFACE_CURVE('',#9281,(#9285,#9292),.PCURVE_S1.);
#9281 = LINE('',#9282,#9283);
#9282 = CARTESIAN_POINT('',(-44.,-14.,90.));
#9283 = VECTOR('',#9284,1.);
#9284 = DIRECTION('',(1.224646799147E-16,1.,0.));
#9285 = PCURVE('',#4540,#9286);
#9286 = DEFINITIONAL_REPRESENTATION('',(#9287),#9291);
#9287 = LINE('',#9288,#9289);
#9288 = CARTESIAN_POINT('',(0.,1.));
#9289 = VECTOR('',#9290,1.);
#9290 = DIRECTION('',(1.,0.));
#9291 = ( GEOMETRIC_REPRESENTATION_CONTEXT(2) 
PARAMETRIC_REPRESENTATION_CONTEXT() REPRESENTATION_CONTEXT('2D SPACE',''
  ) );
#9292 = PCURVE('',#9293,#9298);
#9293 = PLANE('',#9294);
#9294 = AXIS2_PLACEMENT_3D('',#9295,#9296,#9297);
#9295 = CARTESIAN_POINT('',(-44.,-14.,230.));
#9296 = DIRECTION('',(1.,-1.224646799147E-16,0.));
#9297 = DIRECTION('',(1.224646799147E-16,1.,0.));
#9298 = DEFINITIONAL_REPRESENTATION('',(#9299),#9303);
#9299 = LINE('',#9300,#9301);
#9300 = CARTESIAN_POINT('',(1.7763568394E-15,-140.));
#9301 = VECTOR('',#9302,1.);
#9302 = DIRECTION('',(1.,0.));
#9303 = ( GEOMETRIC_REPRESENTATION_CONTEXT(2) 
PARAMETRIC_REPRESENTATION_CONTEXT() REPRESENTATION_CONTEXT('2D SPACE',''
  ) );
#9304 = ADVANCED_FACE('',(#9305),#4774,.T.);
#9305 = FACE_BOUND('',#9306,.T.);
#9306 = EDGE_LOOP('',(#9307,#9308,#9309,#9331));
#9307 = ORIENTED_EDGE('',*,*,#4811,.F.);
#9308 = ORIENTED_EDGE('',*,*,#4760,.T.);
#9309 = ORIENTED_EDGE('',*,*,#9310,.T.);
#9310 = EDGE_CURVE('',#4740,#9311,#9313,.T.);
#9311 = VERTEX_POINT('',#9312);
#9312 = CARTESIAN_POINT('',(10.45,46.45,128.));
#9313 = SURFACE_CURVE('',#9314,(#9317,#9324),.PCURVE_S1.);
#9314 = B_SPLINE_CURVE_WITH_KNOTS('',1,(#9315,#9316),.UNSPECIFIED.,.F.,
  .F.,(2,2),(0.,1.),.PIECEWISE_BEZIER_KNOTS.);
#9315 = CARTESIAN_POINT('',(10.,46.,110.));
#9316 = CARTESIAN_POINT('',(11.,47.,150.));
#9317 = PCURVE('',#4774,#9318);
#9318 = DEFINITIONAL_REPRESENTATION('',(#9319),#9323);
#9319 = LINE('',#9320,#9321);
#9320 = CARTESIAN_POINT('',(22.,0.));
#9321 = VECTOR('',#9322,1.);
#9322 = DIRECTION('',(0.,1.));
#9323 = ( GEOMETRIC_REPRESENTATION_CONTEXT(2) 
PARAMETRIC_REPRESENTATION_CONTEXT() REPRESENTATION_CONTEXT('2D SPACE',''
  ) );
#9324 = PCURVE('',#7500,#9325);
#9325 = DEFINITIONAL_REPRESENTATION('',(#9326),#9330);
#9326 = LINE('',#9327,#9328);
#9327 = CARTESIAN_POINT('',(0.,0.));
#9328 = VECTOR('',#9329,1.);
#9329 = DIRECTION('',(0.,1.));
#9330 = ( GEOMETRIC_REPRESENTATION_CONTEXT(2) 
PARAMETRIC_REPRESENTATION_CONTEXT() REPRESENTATION_CONTEXT('2D SPACE',''
  ) );
#9331 = ORIENTED_EDGE('',*,*,#9332,.T.);
#9332 = EDGE_CURVE('',#9311,#4812,#9333,.T.);
#9333 = SURFACE_CURVE('',#9334,(#9337,#9343),.PCURVE_S1.);
#9334 = B_SPLINE_CURVE_WITH_KNOTS('',1,(#9335,#9336),.UNSPECIFIED.,.F.,
  .F.,(2,2),(0.,1.),.PIECEWISE_BEZIER_KNOTS.);
#9335 = CARTESIAN_POINT('',(10.45,46.45,128.));
#9336 = CARTESIAN_POINT('',(-10.45,46.45,128.));
#9337 = PCURVE('',#4774,#9338);
#9338 = DEFINITIONAL_REPRESENTATION('',(#9339),#9342);
#9339 = B_SPLINE_CURVE_WITH_KNOTS('',1,(#9340,#9341),.UNSPECIFIED.,.F.,
  .F.,(2,2),(0.,1.),.PIECEWISE_BEZIER_KNOTS.);
#9340 = CARTESIAN_POINT('',(22.,0.45));
#9341 = CARTESIAN_POINT('',(0.,0.45));
#9342 = ( GEOMETRIC_REPRESENTATION_CONTEXT(2) 
PARAMETRIC_REPRESENTATION_CONTEXT() REPRESENTATION_CONTEXT('2D SPACE',''
  ) );
#9343 = PCURVE('',#4847,#9344);
#9344 = DEFINITIONAL_REPRESENTATION('',(#9345),#9348);
#9345 = B_SPLINE_CURVE_WITH_KNOTS('',1,(#9346,#9347),.UNSPECIFIED.,.F.,
  .F.,(2,2),(0.,1.),.PIECEWISE_BEZIER_KNOTS.);
#9346 = CARTESIAN_POINT('',(10.45,46.45));
#9347 = CARTESIAN_POINT('',(-10.45,46.45));
#9348 = ( GEOMETRIC_REPRESENTATION_CONTEXT(2) 
PARAMETRIC_REPRESENTATION_CONTEXT() REPRESENTATION_CONTEXT('2D SPACE',''
  ) );
#9349 = ADVANCED_FACE('',(#9350),#4906,.T.);
#9350 = FACE_BOUND('',#9351,.T.);
#9351 = EDGE_LOOP('',(#9352,#9373,#9374,#9402,#9428));
#9352 = ORIENTED_EDGE('',*,*,#9353,.F.);
#9353 = EDGE_CURVE('',#4789,#9354,#9356,.T.);
#9354 = VERTEX_POINT('',#9355);
#9355 = CARTESIAN_POINT('',(-11.1,60.,158.));
#9356 = SURFACE_CURVE('',#9357,(#9360,#9366),.PCURVE_S1.);
#9357 = B_SPLINE_CURVE_WITH_KNOTS('',1,(#9358,#9359),.UNSPECIFIED.,.F.,
  .F.,(2,2),(0.,1.),.PIECEWISE_BEZIER_KNOTS.);
#9358 = CARTESIAN_POINT('',(-11.,60.,150.));
#9359 = CARTESIAN_POINT('',(-12.,60.,230.));
#9360 = PCURVE('',#4906,#9361);
#9361 = DEFINITIONAL_REPRESENTATION('',(#9362),#9365);
#9362 = B_SPLINE_CURVE_WITH_KNOTS('',1,(#9363,#9364),.UNSPECIFIED.,.F.,
  .F.,(2,2),(0.,1.),.PIECEWISE_BEZIER_KNOTS.);
#9363 = CARTESIAN_POINT('',(0.,-80.00624975587));
#9364 = CARTESIAN_POINT('',(0.,0.));
#9365 = ( GEOMETRIC_REPRESENTATION_CONTEXT(2) 
PARAMETRIC_REPRESENTATION_CONTEXT() REPRESENTATION_CONTEXT('2D SPACE',''
  ) );
#9366 = PCURVE('',#7538,#9367);
#9367 = DEFINITIONAL_REPRESENTATION('',(#9368),#9372);
#9368 = LINE('',#9369,#9370);
#9369 = CARTESIAN_POINT('',(24.,0.));
#9370 = VECTOR('',#9371,1.);
#9371 = DIRECTION('',(0.,1.));
#9372 = ( GEOMETRIC_REPRESENTATION_CONTEXT(2) 
PARAMETRIC_REPRESENTATION_CONTEXT() REPRESENTATION_CONTEXT('2D SPACE',''
  ) );
#9373 = ORIENTED_EDGE('',*,*,#4892,.T.);
#9374 = ORIENTED_EDGE('',*,*,#9375,.T.);
#9375 = EDGE_CURVE('',#4859,#9376,#9378,.T.);
#9376 = VERTEX_POINT('',#9377);
#9377 = CARTESIAN_POINT('',(-11.,47.,150.));
#9378 = SURFACE_CURVE('',#9379,(#9383,#9390),.PCURVE_S1.);
#9379 = LINE('',#9380,#9381);
#9380 = CARTESIAN_POINT('',(-11.,60.,150.));
#9381 = VECTOR('',#9382,1.);
#9382 = DIRECTION('',(-1.110223024625E-16,-1.,0.));
#9383 = PCURVE('',#4906,#9384);
#9384 = DEFINITIONAL_REPRESENTATION('',(#9385),#9389);
#9385 = LINE('',#9386,#9387);
#9386 = CARTESIAN_POINT('',(-1.110223024625E-16,-80.00624975587));
#9387 = VECTOR('',#9388,1.);
#9388 = DIRECTION('',(1.,0.));
#9389 = ( GEOMETRIC_REPRESENTATION_CONTEXT(2) 
PARAMETRIC_REPRESENTATION_CONTEXT() REPRESENTATION_CONTEXT('2D SPACE',''
  ) );
#9390 = PCURVE('',#9391,#9396);
#9391 = PLANE('',#9392);
#9392 = AXIS2_PLACEMENT_3D('',#9393,#9394,#9395);
#9393 = CARTESIAN_POINT('',(-1.716003303579E-15,-3.658962549716E-16,150.
    ));
#9394 = DIRECTION('',(0.,0.,1.));
#9395 = DIRECTION('',(1.,0.,-0.));
#9396 = DEFINITIONAL_REPRESENTATION('',(#9397),#9401);
#9397 = LINE('',#9398,#9399);
#9398 = CARTESIAN_POINT('',(-11.,60.));
#9399 = VECTOR('',#9400,1.);
#9400 = DIRECTION('',(-1.110223024625E-16,-1.));
#9401 = ( GEOMETRIC_REPRESENTATION_CONTEXT(2) 
PARAMETRIC_REPRESENTATION_CONTEXT() REPRESENTATION_CONTEXT('2D SPACE',''
  ) );
#9402 = ORIENTED_EDGE('',*,*,#9403,.T.);
#9403 = EDGE_CURVE('',#9376,#9404,#9406,.T.);
#9404 = VERTEX_POINT('',#9405);
#9405 = CARTESIAN_POINT('',(-11.1,47.,158.));
#9406 = SURFACE_CURVE('',#9407,(#9410,#9416),.PCURVE_S1.);
#9407 = B_SPLINE_CURVE_WITH_KNOTS('',1,(#9408,#9409),.UNSPECIFIED.,.F.,
  .F.,(2,2),(0.,1.),.PIECEWISE_BEZIER_KNOTS.);
#9408 = CARTESIAN_POINT('',(-11.,47.,150.));
#9409 = CARTESIAN_POINT('',(-12.,47.,230.));
#9410 = PCURVE('',#4906,#9411);
#9411 = DEFINITIONAL_REPRESENTATION('',(#9412),#9415);
#9412 = B_SPLINE_CURVE_WITH_KNOTS('',1,(#9413,#9414),.UNSPECIFIED.,.F.,
  .F.,(2,2),(0.,1.),.PIECEWISE_BEZIER_KNOTS.);
#9413 = CARTESIAN_POINT('',(13.,-80.00624975587));
#9414 = CARTESIAN_POINT('',(13.,0.));
#9415 = ( GEOMETRIC_REPRESENTATION_CONTEXT(2) 
PARAMETRIC_REPRESENTATION_CONTEXT() REPRESENTATION_CONTEXT('2D SPACE',''
  ) );
#9416 = PCURVE('',#9417,#9422);
#9417 = B_SPLINE_SURFACE_WITH_KNOTS('',1,1,(
    (#9418,#9419)
    ,(#9420,#9421
    )),.UNSPECIFIED.,.F.,.F.,.F.,(2,2),(2,2),(0.,24.),(0.,1.),
  .PIECEWISE_BEZIER_KNOTS.);
#9418 = CARTESIAN_POINT('',(-11.,47.,150.));
#9419 = CARTESIAN_POINT('',(-12.,47.,230.));
#9420 = CARTESIAN_POINT('',(11.,47.,150.));
#9421 = CARTESIAN_POINT('',(12.,47.,230.));
#9422 = DEFINITIONAL_REPRESENTATION('',(#9423),#9427);
#9423 = LINE('',#9424,#9425);
#9424 = CARTESIAN_POINT('',(0.,0.));
#9425 = VECTOR('',#9426,1.);
#9426 = DIRECTION('',(0.,1.));
#9427 = ( GEOMETRIC_REPRESENTATION_CONTEXT(2) 
PARAMETRIC_REPRESENTATION_CONTEXT() REPRESENTATION_CONTEXT('2D SPACE',''
  ) );
#9428 = ORIENTED_EDGE('',*,*,#9429,.T.);
#9429 = EDGE_CURVE('',#9404,#9354,#9430,.T.);
#9430 = SURFACE_CURVE('',#9431,(#9435,#9441),.PCURVE_S1.);
#9431 = LINE('',#9432,#9433);
#9432 = CARTESIAN_POINT('',(-11.1,-95.,158.));
#9433 = VECTOR('',#9434,1.);
#9434 = DIRECTION('',(1.110223024625E-16,1.,-0.));
#9435 = PCURVE('',#4906,#9436);
#9436 = DEFINITIONAL_REPRESENTATION('',(#9437),#9440);
#9437 = B_SPLINE_CURVE_WITH_KNOTS('',1,(#9438,#9439),.UNSPECIFIED.,.F.,
  .F.,(2,2),(142.,155.),.PIECEWISE_BEZIER_KNOTS.);
#9438 = CARTESIAN_POINT('',(13.,-72.00562478029));
#9439 = CARTESIAN_POINT('',(0.,-72.00562478029));
#9440 = ( GEOMETRIC_REPRESENTATION_CONTEXT(2) 
PARAMETRIC_REPRESENTATION_CONTEXT() REPRESENTATION_CONTEXT('2D SPACE',''
  ) );
#9441 = PCURVE('',#9442,#9447);
#9442 = PLANE('',#9443);
#9443 = AXIS2_PLACEMENT_3D('',#9444,#9445,#9446);
#9444 = CARTESIAN_POINT('',(-250.,-250.,158.));
#9445 = DIRECTION('',(0.,0.,1.));
#9446 = DIRECTION('',(1.,0.,0.));
#9447 = DEFINITIONAL_REPRESENTATION('',(#9448),#9451);
#9448 = B_SPLINE_CURVE_WITH_KNOTS('',1,(#9449,#9450),.UNSPECIFIED.,.F.,
  .F.,(2,2),(142.,155.),.PIECEWISE_BEZIER_KNOTS.);
#9449 = CARTESIAN_POINT('',(238.9,297.));
#9450 = CARTESIAN_POINT('',(238.9,310.));
#9451 = ( GEOMETRIC_REPRESENTATION_CONTEXT(2) 
PARAMETRIC_REPRESENTATION_CONTEXT() REPRESENTATION_CONTEXT('2D SPACE',''
  ) );
#9452 = ADVANCED_FACE('',(#9453),#4878,.T.);
#9453 = FACE_BOUND('',#9454,.F.);
#9454 = EDGE_LOOP('',(#9455,#9483,#9504,#9526));
#9455 = ORIENTED_EDGE('',*,*,#9456,.F.);
#9456 = EDGE_CURVE('',#9457,#4859,#9459,.T.);
#9457 = VERTEX_POINT('',#9458);
#9458 = CARTESIAN_POINT('',(-49.04079934095,14.,150.));
#9459 = SURFACE_CURVE('',#9460,(#9465,#9472),.PCURVE_S1.);
#9460 = CIRCLE('',#9461,51.);
#9461 = AXIS2_PLACEMENT_3D('',#9462,#9463,#9464);
#9462 = CARTESIAN_POINT('',(0.,0.,150.));
#9463 = DIRECTION('',(0.,0.,-1.));
#9464 = DIRECTION('',(0.21568627451,0.976462713568,0.));
#9465 = PCURVE('',#4878,#9466);
#9466 = DEFINITIONAL_REPRESENTATION('',(#9467),#9471);
#9467 = LINE('',#9468,#9469);
#9468 = CARTESIAN_POINT('',(-7.636587041707,-22.));
#9469 = VECTOR('',#9470,1.);
#9470 = DIRECTION('',(1.,-0.));
#9471 = ( GEOMETRIC_REPRESENTATION_CONTEXT(2) 
PARAMETRIC_REPRESENTATION_CONTEXT() REPRESENTATION_CONTEXT('2D SPACE',''
  ) );
#9472 = PCURVE('',#9391,#9473);
#9473 = DEFINITIONAL_REPRESENTATION('',(#9474),#9482);
#9474 = ( BOUNDED_CURVE() B_SPLINE_CURVE(2,(#9475,#9476,#9477,#9478,
#9479,#9480,#9481),.UNSPECIFIED.,.T.,.F.) B_SPLINE_CURVE_WITH_KNOTS((1,2
    ,2,2,2,1),(-2.094395102393,0.,2.094395102393,4.188790204786,
6.28318530718,8.377580409573),.UNSPECIFIED.) CURVE() 
GEOMETRIC_REPRESENTATION_ITEM() RATIONAL_B_SPLINE_CURVE((1.,0.5,1.,0.5,
1.,0.5,1.)) REPRESENTATION_ITEM('') );
#9475 = CARTESIAN_POINT('',(11.000000000001,49.799598391955));
#9476 = CARTESIAN_POINT('',(97.255434611392,30.747039508695));
#9477 = CARTESIAN_POINT('',(37.627717305695,-34.4260786376));
#9478 = CARTESIAN_POINT('',(-22.,-99.5991967839));
#9479 = CARTESIAN_POINT('',(-48.62771730569,-15.37351975434));
#9480 = CARTESIAN_POINT('',(-75.25543461139,68.852157275214));
#9481 = CARTESIAN_POINT('',(11.000000000001,49.799598391955));
#9482 = ( GEOMETRIC_REPRESENTATION_CONTEXT(2) 
PARAMETRIC_REPRESENTATION_CONTEXT() REPRESENTATION_CONTEXT('2D SPACE',''
  ) );
#9483 = ORIENTED_EDGE('',*,*,#9484,.T.);
#9484 = EDGE_CURVE('',#9457,#9485,#9487,.T.);
#9485 = VERTEX_POINT('',#9486);
#9486 = CARTESIAN_POINT('',(-49.04079934095,14.,128.));
#9487 = SURFACE_CURVE('',#9488,(#9492,#9498),.PCURVE_S1.);
#9488 = LINE('',#9489,#9490);
#9489 = CARTESIAN_POINT('',(-49.04079934095,14.,128.));
#9490 = VECTOR('',#9491,1.);
#9491 = DIRECTION('',(-0.,-0.,-1.));
#9492 = PCURVE('',#4878,#9493);
#9493 = DEFINITIONAL_REPRESENTATION('',(#9494),#9497);
#9494 = B_SPLINE_CURVE_WITH_KNOTS('',1,(#9495,#9496),.UNSPECIFIED.,.F.,
  .F.,(2,2),(-22.0000006,6.000000070117E-07),.PIECEWISE_BEZIER_KNOTS.);
#9495 = CARTESIAN_POINT('',(-2.863512767939,-22.0000006));
#9496 = CARTESIAN_POINT('',(-2.863512767939,6.000000070117E-07));
#9497 = ( GEOMETRIC_REPRESENTATION_CONTEXT(2) 
PARAMETRIC_REPRESENTATION_CONTEXT() REPRESENTATION_CONTEXT('2D SPACE',''
  ) );
#9498 = PCURVE('',#5490,#9499);
#9499 = DEFINITIONAL_REPRESENTATION('',(#9500),#9503);
#9500 = B_SPLINE_CURVE_WITH_KNOTS('',1,(#9501,#9502),.UNSPECIFIED.,.F.,
  .F.,(2,2),(-22.0000006,6.000000070117E-07),.PIECEWISE_BEZIER_KNOTS.);
#9501 = CARTESIAN_POINT('',(5.040799340957,-79.9999994));
#9502 = CARTESIAN_POINT('',(5.040799340957,-102.0000006));
#9503 = ( GEOMETRIC_REPRESENTATION_CONTEXT(2) 
PARAMETRIC_REPRESENTATION_CONTEXT() REPRESENTATION_CONTEXT('2D SPACE',''
  ) );
#9504 = ORIENTED_EDGE('',*,*,#9505,.F.);
#9505 = EDGE_CURVE('',#4834,#9485,#9506,.T.);
#9506 = SURFACE_CURVE('',#9507,(#9512,#9519),.PCURVE_S1.);
#9507 = CIRCLE('',#9508,51.);
#9508 = AXIS2_PLACEMENT_3D('',#9509,#9510,#9511);
#9509 = CARTESIAN_POINT('',(0.,0.,128.));
#9510 = DIRECTION('',(0.,0.,1.));
#9511 = DIRECTION('',(-0.204901960784,0.978782502125,0.));
#9512 = PCURVE('',#4878,#9513);
#9513 = DEFINITIONAL_REPRESENTATION('',(#9514),#9518);
#9514 = LINE('',#9515,#9516);
#9515 = CARTESIAN_POINT('',(-1.777159868551,0.));
#9516 = VECTOR('',#9517,1.);
#9517 = DIRECTION('',(-1.,0.));
#9518 = ( GEOMETRIC_REPRESENTATION_CONTEXT(2) 
PARAMETRIC_REPRESENTATION_CONTEXT() REPRESENTATION_CONTEXT('2D SPACE',''
  ) );
#9519 = PCURVE('',#4847,#9520);
#9520 = DEFINITIONAL_REPRESENTATION('',(#9521),#9525);
#9521 = CIRCLE('',#9522,51.);
#9522 = AXIS2_PLACEMENT_2D('',#9523,#9524);
#9523 = CARTESIAN_POINT('',(1.716003303579E-15,3.658962549716E-16));
#9524 = DIRECTION('',(-0.204901960784,0.978782502125));
#9525 = ( GEOMETRIC_REPRESENTATION_CONTEXT(2) 
PARAMETRIC_REPRESENTATION_CONTEXT() REPRESENTATION_CONTEXT('2D SPACE',''
  ) );
#9526 = ORIENTED_EDGE('',*,*,#4858,.T.);
#9527 = ADVANCED_FACE('',(#9528,#9732),#4847,.F.);
#9528 = FACE_BOUND('',#9529,.F.);
#9529 = EDGE_LOOP('',(#9530,#9531,#9532,#9533,#9554,#9575,#9596,#9625,
    #9645,#9665,#9685,#9714));
#9530 = ORIENTED_EDGE('',*,*,#9332,.T.);
#9531 = ORIENTED_EDGE('',*,*,#4833,.T.);
#9532 = ORIENTED_EDGE('',*,*,#9505,.T.);
#9533 = ORIENTED_EDGE('',*,*,#9534,.F.);
#9534 = EDGE_CURVE('',#9535,#9485,#9537,.T.);
#9535 = VERTEX_POINT('',#9536);
#9536 = CARTESIAN_POINT('',(-44.,14.,128.));
#9537 = SURFACE_CURVE('',#9538,(#9542,#9548),.PCURVE_S1.);
#9538 = LINE('',#9539,#9540);
#9539 = CARTESIAN_POINT('',(-22.,14.,128.));
#9540 = VECTOR('',#9541,1.);
#9541 = DIRECTION('',(-1.,1.224646799147E-16,0.));
#9542 = PCURVE('',#4847,#9543);
#9543 = DEFINITIONAL_REPRESENTATION('',(#9544),#9547);
#9544 = B_SPLINE_CURVE_WITH_KNOTS('',1,(#9545,#9546),.UNSPECIFIED.,.F.,
  .F.,(2,2),(22.,29.),.PIECEWISE_BEZIER_KNOTS.);
#9545 = CARTESIAN_POINT('',(-44.,14.));
#9546 = CARTESIAN_POINT('',(-51.,14.));
#9547 = ( GEOMETRIC_REPRESENTATION_CONTEXT(2) 
PARAMETRIC_REPRESENTATION_CONTEXT() REPRESENTATION_CONTEXT('2D SPACE',''
  ) );
#9548 = PCURVE('',#5490,#9549);
#9549 = DEFINITIONAL_REPRESENTATION('',(#9550),#9553);
#9550 = B_SPLINE_CURVE_WITH_KNOTS('',1,(#9551,#9552),.UNSPECIFIED.,.F.,
  .F.,(2,2),(22.,29.),.PIECEWISE_BEZIER_KNOTS.);
#9551 = CARTESIAN_POINT('',(0.,-102.));
#9552 = CARTESIAN_POINT('',(7.,-102.));
#9553 = ( GEOMETRIC_REPRESENTATION_CONTEXT(2) 
PARAMETRIC_REPRESENTATION_CONTEXT() REPRESENTATION_CONTEXT('2D SPACE',''
  ) );
#9554 = ORIENTED_EDGE('',*,*,#9555,.F.);
#9555 = EDGE_CURVE('',#9556,#9535,#9558,.T.);
#9556 = VERTEX_POINT('',#9557);
#9557 = CARTESIAN_POINT('',(-44.,-14.,128.));
#9558 = SURFACE_CURVE('',#9559,(#9563,#9569),.PCURVE_S1.);
#9559 = LINE('',#9560,#9561);
#9560 = CARTESIAN_POINT('',(-44.,-7.,128.));
#9561 = VECTOR('',#9562,1.);
#9562 = DIRECTION('',(1.224646799147E-16,1.,-0.));
#9563 = PCURVE('',#4847,#9564);
#9564 = DEFINITIONAL_REPRESENTATION('',(#9565),#9568);
#9565 = B_SPLINE_CURVE_WITH_KNOTS('',1,(#9566,#9567),.UNSPECIFIED.,.F.,
  .F.,(2,2),(-7.,21.),.PIECEWISE_BEZIER_KNOTS.);
#9566 = CARTESIAN_POINT('',(-44.,-14.));
#9567 = CARTESIAN_POINT('',(-44.,14.));
#9568 = ( GEOMETRIC_REPRESENTATION_CONTEXT(2) 
PARAMETRIC_REPRESENTATION_CONTEXT() REPRESENTATION_CONTEXT('2D SPACE',''
  ) );
#9569 = PCURVE('',#9293,#9570);
#9570 = DEFINITIONAL_REPRESENTATION('',(#9571),#9574);
#9571 = B_SPLINE_CURVE_WITH_KNOTS('',1,(#9572,#9573),.UNSPECIFIED.,.F.,
  .F.,(2,2),(-7.,21.),.PIECEWISE_BEZIER_KNOTS.);
#9572 = CARTESIAN_POINT('',(0.,-102.));
#9573 = CARTESIAN_POINT('',(28.,-102.));
#9574 = ( GEOMETRIC_REPRESENTATION_CONTEXT(2) 
PARAMETRIC_REPRESENTATION_CONTEXT() REPRESENTATION_CONTEXT('2D SPACE',''
  ) );
#9575 = ORIENTED_EDGE('',*,*,#9576,.F.);
#9576 = EDGE_CURVE('',#9577,#9556,#9579,.T.);
#9577 = VERTEX_POINT('',#9578);
#9578 = CARTESIAN_POINT('',(-49.04079934095,-14.,128.));
#9579 = SURFACE_CURVE('',#9580,(#9584,#9590),.PCURVE_S1.);
#9580 = LINE('',#9581,#9582);
#9581 = CARTESIAN_POINT('',(-29.,-14.,128.));
#9582 = VECTOR('',#9583,1.);
#9583 = DIRECTION('',(1.,-1.224646799147E-16,0.));
#9584 = PCURVE('',#4847,#9585);
#9585 = DEFINITIONAL_REPRESENTATION('',(#9586),#9589);
#9586 = B_SPLINE_CURVE_WITH_KNOTS('',1,(#9587,#9588),.UNSPECIFIED.,.F.,
  .F.,(2,2),(-22.,-15.),.PIECEWISE_BEZIER_KNOTS.);
#9587 = CARTESIAN_POINT('',(-51.,-14.));
#9588 = CARTESIAN_POINT('',(-44.,-14.));
#9589 = ( GEOMETRIC_REPRESENTATION_CONTEXT(2) 
PARAMETRIC_REPRESENTATION_CONTEXT() REPRESENTATION_CONTEXT('2D SPACE',''
  ) );
#9590 = PCURVE('',#9261,#9591);
#9591 = DEFINITIONAL_REPRESENTATION('',(#9592),#9595);
#9592 = B_SPLINE_CURVE_WITH_KNOTS('',1,(#9593,#9594),.UNSPECIFIED.,.F.,
  .F.,(2,2),(-22.,-15.),.PIECEWISE_BEZIER_KNOTS.);
#9593 = CARTESIAN_POINT('',(7.,-102.));
#9594 = CARTESIAN_POINT('',(14.,-102.));
#9595 = ( GEOMETRIC_REPRESENTATION_CONTEXT(2) 
PARAMETRIC_REPRESENTATION_CONTEXT() REPRESENTATION_CONTEXT('2D SPACE',''
  ) );
#9596 = ORIENTED_EDGE('',*,*,#9597,.T.);
#9597 = EDGE_CURVE('',#9577,#9598,#9600,.T.);
#9598 = VERTEX_POINT('',#9599);
#9599 = CARTESIAN_POINT('',(-10.45,-49.91790760839,128.));
#9600 = SURFACE_CURVE('',#9601,(#9606,#9613),.PCURVE_S1.);
#9601 = CIRCLE('',#9602,51.);
#9602 = AXIS2_PLACEMENT_3D('',#9603,#9604,#9605);
#9603 = CARTESIAN_POINT('',(0.,0.,128.));
#9604 = DIRECTION('',(0.,0.,1.));
#9605 = DIRECTION('',(-0.204901960784,0.978782502125,0.));
#9606 = PCURVE('',#4847,#9607);
#9607 = DEFINITIONAL_REPRESENTATION('',(#9608),#9612);
#9608 = CIRCLE('',#9609,51.);
#9609 = AXIS2_PLACEMENT_2D('',#9610,#9611);
#9610 = CARTESIAN_POINT('',(1.716003303579E-15,3.658962549716E-16));
#9611 = DIRECTION('',(-0.204901960784,0.978782502125));
#9612 = ( GEOMETRIC_REPRESENTATION_CONTEXT(2) 
PARAMETRIC_REPRESENTATION_CONTEXT() REPRESENTATION_CONTEXT('2D SPACE',''
  ) );
#9613 = PCURVE('',#9614,#9619);
#9614 = CYLINDRICAL_SURFACE('',#9615,51.);
#9615 = AXIS2_PLACEMENT_3D('',#9616,#9617,#9618);
#9616 = CARTESIAN_POINT('',(0.,0.,128.));
#9617 = DIRECTION('',(-0.,-0.,-1.));
#9618 = DIRECTION('',(1.,0.,0.));
#9619 = DEFINITIONAL_REPRESENTATION('',(#9620),#9624);
#9620 = LINE('',#9621,#9622);
#9621 = CARTESIAN_POINT('',(-1.777159868551,0.));
#9622 = VECTOR('',#9623,1.);
#9623 = DIRECTION('',(-1.,0.));
#9624 = ( GEOMETRIC_REPRESENTATION_CONTEXT(2) 
PARAMETRIC_REPRESENTATION_CONTEXT() REPRESENTATION_CONTEXT('2D SPACE',''
  ) );
#9625 = ORIENTED_EDGE('',*,*,#9626,.T.);
#9626 = EDGE_CURVE('',#9598,#9627,#9629,.T.);
#9627 = VERTEX_POINT('',#9628);
#9628 = CARTESIAN_POINT('',(-10.45,-46.45,128.));
#9629 = SURFACE_CURVE('',#9630,(#9633,#9639),.PCURVE_S1.);
#9630 = B_SPLINE_CURVE_WITH_KNOTS('',1,(#9631,#9632),.UNSPECIFIED.,.F.,
  .F.,(2,2),(0.,1.),.PIECEWISE_BEZIER_KNOTS.);
#9631 = CARTESIAN_POINT('',(-10.45,-51.,128.));
#9632 = CARTESIAN_POINT('',(-10.45,-46.45,128.));
#9633 = PCURVE('',#4847,#9634);
#9634 = DEFINITIONAL_REPRESENTATION('',(#9635),#9638);
#9635 = B_SPLINE_CURVE_WITH_KNOTS('',1,(#9636,#9637),.UNSPECIFIED.,.F.,
  .F.,(2,2),(0.,1.),.PIECEWISE_BEZIER_KNOTS.);
#9636 = CARTESIAN_POINT('',(-10.45,-51.));
#9637 = CARTESIAN_POINT('',(-10.45,-46.45));
#9638 = ( GEOMETRIC_REPRESENTATION_CONTEXT(2) 
PARAMETRIC_REPRESENTATION_CONTEXT() REPRESENTATION_CONTEXT('2D SPACE',''
  ) );
#9639 = PCURVE('',#8567,#9640);
#9640 = DEFINITIONAL_REPRESENTATION('',(#9641),#9644);
#9641 = B_SPLINE_CURVE_WITH_KNOTS('',1,(#9642,#9643),.UNSPECIFIED.,.F.,
  .F.,(2,2),(0.,1.),.PIECEWISE_BEZIER_KNOTS.);
#9642 = CARTESIAN_POINT('',(4.55,0.45));
#9643 = CARTESIAN_POINT('',(0.,0.45));
#9644 = ( GEOMETRIC_REPRESENTATION_CONTEXT(2) 
PARAMETRIC_REPRESENTATION_CONTEXT() REPRESENTATION_CONTEXT('2D SPACE',''
  ) );
#9645 = ORIENTED_EDGE('',*,*,#9646,.T.);
#9646 = EDGE_CURVE('',#9627,#9647,#9649,.T.);
#9647 = VERTEX_POINT('',#9648);
#9648 = CARTESIAN_POINT('',(10.45,-46.45,128.));
#9649 = SURFACE_CURVE('',#9650,(#9653,#9659),.PCURVE_S1.);
#9650 = B_SPLINE_CURVE_WITH_KNOTS('',1,(#9651,#9652),.UNSPECIFIED.,.F.,
  .F.,(2,2),(0.,1.),.PIECEWISE_BEZIER_KNOTS.);
#9651 = CARTESIAN_POINT('',(-10.45,-46.45,128.));
#9652 = CARTESIAN_POINT('',(10.45,-46.45,128.));
#9653 = PCURVE('',#4847,#9654);
#9654 = DEFINITIONAL_REPRESENTATION('',(#9655),#9658);
#9655 = B_SPLINE_CURVE_WITH_KNOTS('',1,(#9656,#9657),.UNSPECIFIED.,.F.,
  .F.,(2,2),(0.,1.),.PIECEWISE_BEZIER_KNOTS.);
#9656 = CARTESIAN_POINT('',(-10.45,-46.45));
#9657 = CARTESIAN_POINT('',(10.45,-46.45));
#9658 = ( GEOMETRIC_REPRESENTATION_CONTEXT(2) 
PARAMETRIC_REPRESENTATION_CONTEXT() REPRESENTATION_CONTEXT('2D SPACE',''
  ) );
#9659 = PCURVE('',#8487,#9660);
#9660 = DEFINITIONAL_REPRESENTATION('',(#9661),#9664);
#9661 = B_SPLINE_CURVE_WITH_KNOTS('',1,(#9662,#9663),.UNSPECIFIED.,.F.,
  .F.,(2,2),(0.,1.),.PIECEWISE_BEZIER_KNOTS.);
#9662 = CARTESIAN_POINT('',(22.,0.45));
#9663 = CARTESIAN_POINT('',(0.,0.45));
#9664 = ( GEOMETRIC_REPRESENTATION_CONTEXT(2) 
PARAMETRIC_REPRESENTATION_CONTEXT() REPRESENTATION_CONTEXT('2D SPACE',''
  ) );
#9665 = ORIENTED_EDGE('',*,*,#9666,.T.);
#9666 = EDGE_CURVE('',#9647,#9667,#9669,.T.);
#9667 = VERTEX_POINT('',#9668);
#9668 = CARTESIAN_POINT('',(10.45,-49.91790760839,128.));
#9669 = SURFACE_CURVE('',#9670,(#9673,#9679),.PCURVE_S1.);
#9670 = B_SPLINE_CURVE_WITH_KNOTS('',1,(#9671,#9672),.UNSPECIFIED.,.F.,
  .F.,(2,2),(0.,1.),.PIECEWISE_BEZIER_KNOTS.);
#9671 = CARTESIAN_POINT('',(10.45,-46.45,128.));
#9672 = CARTESIAN_POINT('',(10.45,-51.,128.));
#9673 = PCURVE('',#4847,#9674);
#9674 = DEFINITIONAL_REPRESENTATION('',(#9675),#9678);
#9675 = B_SPLINE_CURVE_WITH_KNOTS('',1,(#9676,#9677),.UNSPECIFIED.,.F.,
  .F.,(2,2),(0.,1.),.PIECEWISE_BEZIER_KNOTS.);
#9676 = CARTESIAN_POINT('',(10.45,-46.45));
#9677 = CARTESIAN_POINT('',(10.45,-51.));
#9678 = ( GEOMETRIC_REPRESENTATION_CONTEXT(2) 
PARAMETRIC_REPRESENTATION_CONTEXT() REPRESENTATION_CONTEXT('2D SPACE',''
  ) );
#9679 = PCURVE('',#7985,#9680);
#9680 = DEFINITIONAL_REPRESENTATION('',(#9681),#9684);
#9681 = B_SPLINE_CURVE_WITH_KNOTS('',1,(#9682,#9683),.UNSPECIFIED.,.F.,
  .F.,(2,2),(0.,1.),.PIECEWISE_BEZIER_KNOTS.);
#9682 = CARTESIAN_POINT('',(13.,0.45));
#9683 = CARTESIAN_POINT('',(8.45,0.45));
#9684 = ( GEOMETRIC_REPRESENTATION_CONTEXT(2) 
PARAMETRIC_REPRESENTATION_CONTEXT() REPRESENTATION_CONTEXT('2D SPACE',''
  ) );
#9685 = ORIENTED_EDGE('',*,*,#9686,.T.);
#9686 = EDGE_CURVE('',#9667,#9687,#9689,.T.);
#9687 = VERTEX_POINT('',#9688);
#9688 = CARTESIAN_POINT('',(10.45,49.917907608392,128.));
#9689 = SURFACE_CURVE('',#9690,(#9695,#9702),.PCURVE_S1.);
#9690 = CIRCLE('',#9691,51.);
#9691 = AXIS2_PLACEMENT_3D('',#9692,#9693,#9694);
#9692 = CARTESIAN_POINT('',(0.,0.,128.));
#9693 = DIRECTION('',(0.,0.,1.));
#9694 = DIRECTION('',(-0.204901960784,0.978782502125,0.));
#9695 = PCURVE('',#4847,#9696);
#9696 = DEFINITIONAL_REPRESENTATION('',(#9697),#9701);
#9697 = CIRCLE('',#9698,51.);
#9698 = AXIS2_PLACEMENT_2D('',#9699,#9700);
#9699 = CARTESIAN_POINT('',(1.716003303579E-15,3.658962549716E-16));
#9700 = DIRECTION('',(-0.204901960784,0.978782502125));
#9701 = ( GEOMETRIC_REPRESENTATION_CONTEXT(2) 
PARAMETRIC_REPRESENTATION_CONTEXT() REPRESENTATION_CONTEXT('2D SPACE',''
  ) );
#9702 = PCURVE('',#9703,#9708);
#9703 = CYLINDRICAL_SURFACE('',#9704,51.);
#9704 = AXIS2_PLACEMENT_3D('',#9705,#9706,#9707);
#9705 = CARTESIAN_POINT('',(0.,0.,128.));
#9706 = DIRECTION('',(-0.,-0.,-1.));
#9707 = DIRECTION('',(1.,0.,0.));
#9708 = DEFINITIONAL_REPRESENTATION('',(#9709),#9713);
#9709 = LINE('',#9710,#9711);
#9710 = CARTESIAN_POINT('',(-1.777159868551,0.));
#9711 = VECTOR('',#9712,1.);
#9712 = DIRECTION('',(-1.,0.));
#9713 = ( GEOMETRIC_REPRESENTATION_CONTEXT(2) 
PARAMETRIC_REPRESENTATION_CONTEXT() REPRESENTATION_CONTEXT('2D SPACE',''
  ) );
#9714 = ORIENTED_EDGE('',*,*,#9715,.T.);
#9715 = EDGE_CURVE('',#9687,#9311,#9716,.T.);
#9716 = SURFACE_CURVE('',#9717,(#9720,#9726),.PCURVE_S1.);
#9717 = B_SPLINE_CURVE_WITH_KNOTS('',1,(#9718,#9719),.UNSPECIFIED.,.F.,
  .F.,(2,2),(0.,1.),.PIECEWISE_BEZIER_KNOTS.);
#9718 = CARTESIAN_POINT('',(10.45,51.,128.));
#9719 = CARTESIAN_POINT('',(10.45,46.45,128.));
#9720 = PCURVE('',#4847,#9721);
#9721 = DEFINITIONAL_REPRESENTATION('',(#9722),#9725);
#9722 = B_SPLINE_CURVE_WITH_KNOTS('',1,(#9723,#9724),.UNSPECIFIED.,.F.,
  .F.,(2,2),(0.,1.),.PIECEWISE_BEZIER_KNOTS.);
#9723 = CARTESIAN_POINT('',(10.45,51.));
#9724 = CARTESIAN_POINT('',(10.45,46.45));
#9725 = ( GEOMETRIC_REPRESENTATION_CONTEXT(2) 
PARAMETRIC_REPRESENTATION_CONTEXT() REPRESENTATION_CONTEXT('2D SPACE',''
  ) );
#9726 = PCURVE('',#7500,#9727);
#9727 = DEFINITIONAL_REPRESENTATION('',(#9728),#9731);
#9728 = B_SPLINE_CURVE_WITH_KNOTS('',1,(#9729,#9730),.UNSPECIFIED.,.F.,
  .F.,(2,2),(0.,1.),.PIECEWISE_BEZIER_KNOTS.);
#9729 = CARTESIAN_POINT('',(4.55,0.45));
#9730 = CARTESIAN_POINT('',(0.,0.45));
#9731 = ( GEOMETRIC_REPRESENTATION_CONTEXT(2) 
PARAMETRIC_REPRESENTATION_CONTEXT() REPRESENTATION_CONTEXT('2D SPACE',''
  ) );
#9732 = FACE_BOUND('',#9733,.F.);
#9733 = EDGE_LOOP('',(#9734));
#9734 = ORIENTED_EDGE('',*,*,#9735,.T.);
#9735 = EDGE_CURVE('',#9736,#9736,#9738,.T.);
#9736 = VERTEX_POINT('',#9737);
#9737 = CARTESIAN_POINT('',(43.5,0.,128.));
#9738 = SURFACE_CURVE('',#9739,(#9744,#9755),.PCURVE_S1.);
#9739 = CIRCLE('',#9740,43.5);
#9740 = AXIS2_PLACEMENT_3D('',#9741,#9742,#9743);
#9741 = CARTESIAN_POINT('',(0.,0.,128.));
#9742 = DIRECTION('',(0.,0.,-1.));
#9743 = DIRECTION('',(1.,0.,0.));
#9744 = PCURVE('',#4847,#9745);
#9745 = DEFINITIONAL_REPRESENTATION('',(#9746),#9754);
#9746 = ( BOUNDED_CURVE() B_SPLINE_CURVE(2,(#9747,#9748,#9749,#9750,
#9751,#9752,#9753),.UNSPECIFIED.,.T.,.F.) B_SPLINE_CURVE_WITH_KNOTS((1,2
    ,2,2,2,1),(-2.094395102393,0.,2.094395102393,4.188790204786,
6.28318530718,8.377580409573),.UNSPECIFIED.) CURVE() 
GEOMETRIC_REPRESENTATION_ITEM() RATIONAL_B_SPLINE_CURVE((1.,0.5,1.,0.5,
1.,0.5,1.)) REPRESENTATION_ITEM('') );
#9747 = CARTESIAN_POINT('',(43.5,3.658962549716E-16));
#9748 = CARTESIAN_POINT('',(43.5,-75.34421012924));
#9749 = CARTESIAN_POINT('',(-21.75,-37.67210506462));
#9750 = CARTESIAN_POINT('',(-87.,-1.028853089761E-14));
#9751 = CARTESIAN_POINT('',(-21.75,37.672105064623));
#9752 = CARTESIAN_POINT('',(43.5,75.344210129246));
#9753 = CARTESIAN_POINT('',(43.5,3.658962549716E-16));
#9754 = ( GEOMETRIC_REPRESENTATION_CONTEXT(2) 
PARAMETRIC_REPRESENTATION_CONTEXT() REPRESENTATION_CONTEXT('2D SPACE',''
  ) );
#9755 = PCURVE('',#9756,#9761);
#9756 = CYLINDRICAL_SURFACE('',#9757,43.5);
#9757 = AXIS2_PLACEMENT_3D('',#9758,#9759,#9760);
#9758 = CARTESIAN_POINT('',(0.,0.,127.));
#9759 = DIRECTION('',(-0.,-0.,-1.));
#9760 = DIRECTION('',(1.,0.,0.));
#9761 = DEFINITIONAL_REPRESENTATION('',(#9762),#9766);
#9762 = LINE('',#9763,#9764);
#9763 = CARTESIAN_POINT('',(-6.28318530718,-1.));
#9764 = VECTOR('',#9765,1.);
#9765 = DIRECTION('',(1.,-0.));
#9766 = ( GEOMETRIC_REPRESENTATION_CONTEXT(2) 
PARAMETRIC_REPRESENTATION_CONTEXT() REPRESENTATION_CONTEXT('2D SPACE',''
  ) );
#9767 = ADVANCED_FACE('',(#9768),#5490,.T.);
#9768 = FACE_BOUND('',#9769,.T.);
#9769 = EDGE_LOOP('',(#9770,#9788,#9789,#9809,#9835,#9860,#9879,#9880));
#9770 = ORIENTED_EDGE('',*,*,#9771,.F.);
#9771 = EDGE_CURVE('',#5476,#9535,#9772,.T.);
#9772 = SURFACE_CURVE('',#9773,(#9776,#9782),.PCURVE_S1.);
#9773 = B_SPLINE_CURVE_WITH_KNOTS('',1,(#9774,#9775),.UNSPECIFIED.,.F.,
  .F.,(2,2),(0.,1.),.PIECEWISE_BEZIER_KNOTS.);
#9774 = CARTESIAN_POINT('',(-44.,14.,90.));
#9775 = CARTESIAN_POINT('',(-44.,14.,230.));
#9776 = PCURVE('',#5490,#9777);
#9777 = DEFINITIONAL_REPRESENTATION('',(#9778),#9781);
#9778 = B_SPLINE_CURVE_WITH_KNOTS('',1,(#9779,#9780),.UNSPECIFIED.,.F.,
  .F.,(2,2),(0.,1.),.PIECEWISE_BEZIER_KNOTS.);
#9779 = CARTESIAN_POINT('',(0.,-140.));
#9780 = CARTESIAN_POINT('',(0.,0.));
#9781 = ( GEOMETRIC_REPRESENTATION_CONTEXT(2) 
PARAMETRIC_REPRESENTATION_CONTEXT() REPRESENTATION_CONTEXT('2D SPACE',''
  ) );
#9782 = PCURVE('',#9293,#9783);
#9783 = DEFINITIONAL_REPRESENTATION('',(#9784),#9787);
#9784 = B_SPLINE_CURVE_WITH_KNOTS('',1,(#9785,#9786),.UNSPECIFIED.,.F.,
  .F.,(2,2),(0.,1.),.PIECEWISE_BEZIER_KNOTS.);
#9785 = CARTESIAN_POINT('',(28.,-140.));
#9786 = CARTESIAN_POINT('',(28.,0.));
#9787 = ( GEOMETRIC_REPRESENTATION_CONTEXT(2) 
PARAMETRIC_REPRESENTATION_CONTEXT() REPRESENTATION_CONTEXT('2D SPACE',''
  ) );
#9788 = ORIENTED_EDGE('',*,*,#5475,.T.);
#9789 = ORIENTED_EDGE('',*,*,#9790,.T.);
#9790 = EDGE_CURVE('',#5450,#9791,#9793,.T.);
#9791 = VERTEX_POINT('',#9792);
#9792 = CARTESIAN_POINT('',(-58.,14.,158.));
#9793 = SURFACE_CURVE('',#9794,(#9797,#9803),.PCURVE_S1.);
#9794 = B_SPLINE_CURVE_WITH_KNOTS('',1,(#9795,#9796),.UNSPECIFIED.,.F.,
  .F.,(2,2),(0.,1.),.PIECEWISE_BEZIER_KNOTS.);
#9795 = CARTESIAN_POINT('',(-58.,14.,90.));
#9796 = CARTESIAN_POINT('',(-58.,14.,230.));
#9797 = PCURVE('',#5490,#9798);
#9798 = DEFINITIONAL_REPRESENTATION('',(#9799),#9802);
#9799 = B_SPLINE_CURVE_WITH_KNOTS('',1,(#9800,#9801),.UNSPECIFIED.,.F.,
  .F.,(2,2),(0.,1.),.PIECEWISE_BEZIER_KNOTS.);
#9800 = CARTESIAN_POINT('',(14.,-140.));
#9801 = CARTESIAN_POINT('',(14.,0.));
#9802 = ( GEOMETRIC_REPRESENTATION_CONTEXT(2) 
PARAMETRIC_REPRESENTATION_CONTEXT() REPRESENTATION_CONTEXT('2D SPACE',''
  ) );
#9803 = PCURVE('',#5464,#9804);
#9804 = DEFINITIONAL_REPRESENTATION('',(#9805),#9808);
#9805 = B_SPLINE_CURVE_WITH_KNOTS('',1,(#9806,#9807),.UNSPECIFIED.,.F.,
  .F.,(2,2),(0.,1.),.PIECEWISE_BEZIER_KNOTS.);
#9806 = CARTESIAN_POINT('',(-14.,11.));
#9807 = CARTESIAN_POINT('',(-14.,151.));
#9808 = ( GEOMETRIC_REPRESENTATION_CONTEXT(2) 
PARAMETRIC_REPRESENTATION_CONTEXT() REPRESENTATION_CONTEXT('2D SPACE',''
  ) );
#9809 = ORIENTED_EDGE('',*,*,#9810,.T.);
#9810 = EDGE_CURVE('',#9791,#9811,#9813,.T.);
#9811 = VERTEX_POINT('',#9812);
#9812 = CARTESIAN_POINT('',(-44.,14.,158.));
#9813 = SURFACE_CURVE('',#9814,(#9818,#9824),.PCURVE_S1.);
#9814 = LINE('',#9815,#9816);
#9815 = CARTESIAN_POINT('',(-147.,14.,158.));
#9816 = VECTOR('',#9817,1.);
#9817 = DIRECTION('',(1.,-1.224646799147E-16,0.));
#9818 = PCURVE('',#5490,#9819);
#9819 = DEFINITIONAL_REPRESENTATION('',(#9820),#9823);
#9820 = B_SPLINE_CURVE_WITH_KNOTS('',1,(#9821,#9822),.UNSPECIFIED.,.F.,
  .F.,(2,2),(89.,103.),.PIECEWISE_BEZIER_KNOTS.);
#9821 = CARTESIAN_POINT('',(14.,-72.));
#9822 = CARTESIAN_POINT('',(0.,-72.));
#9823 = ( GEOMETRIC_REPRESENTATION_CONTEXT(2) 
PARAMETRIC_REPRESENTATION_CONTEXT() REPRESENTATION_CONTEXT('2D SPACE',''
  ) );
#9824 = PCURVE('',#9825,#9830);
#9825 = PLANE('',#9826);
#9826 = AXIS2_PLACEMENT_3D('',#9827,#9828,#9829);
#9827 = CARTESIAN_POINT('',(-250.,-250.,158.));
#9828 = DIRECTION('',(0.,0.,1.));
#9829 = DIRECTION('',(1.,0.,0.));
#9830 = DEFINITIONAL_REPRESENTATION('',(#9831),#9834);
#9831 = B_SPLINE_CURVE_WITH_KNOTS('',1,(#9832,#9833),.UNSPECIFIED.,.F.,
  .F.,(2,2),(89.,103.),.PIECEWISE_BEZIER_KNOTS.);
#9832 = CARTESIAN_POINT('',(192.,264.));
#9833 = CARTESIAN_POINT('',(206.,264.));
#9834 = ( GEOMETRIC_REPRESENTATION_CONTEXT(2) 
PARAMETRIC_REPRESENTATION_CONTEXT() REPRESENTATION_CONTEXT('2D SPACE',''
  ) );
#9835 = ORIENTED_EDGE('',*,*,#9836,.F.);
#9836 = EDGE_CURVE('',#9837,#9811,#9839,.T.);
#9837 = VERTEX_POINT('',#9838);
#9838 = CARTESIAN_POINT('',(-44.,14.,150.));
#9839 = SURFACE_CURVE('',#9840,(#9843,#9849),.PCURVE_S1.);
#9840 = B_SPLINE_CURVE_WITH_KNOTS('',1,(#9841,#9842),.UNSPECIFIED.,.F.,
  .F.,(2,2),(0.,1.),.PIECEWISE_BEZIER_KNOTS.);
#9841 = CARTESIAN_POINT('',(-44.,14.,90.));
#9842 = CARTESIAN_POINT('',(-44.,14.,230.));
#9843 = PCURVE('',#5490,#9844);
#9844 = DEFINITIONAL_REPRESENTATION('',(#9845),#9848);
#9845 = B_SPLINE_CURVE_WITH_KNOTS('',1,(#9846,#9847),.UNSPECIFIED.,.F.,
  .F.,(2,2),(0.,1.),.PIECEWISE_BEZIER_KNOTS.);
#9846 = CARTESIAN_POINT('',(0.,-140.));
#9847 = CARTESIAN_POINT('',(0.,0.));
#9848 = ( GEOMETRIC_REPRESENTATION_CONTEXT(2) 
PARAMETRIC_REPRESENTATION_CONTEXT() REPRESENTATION_CONTEXT('2D SPACE',''
  ) );
#9849 = PCURVE('',#9850,#9855);
#9850 = PLANE('',#9851);
#9851 = AXIS2_PLACEMENT_3D('',#9852,#9853,#9854);
#9852 = CARTESIAN_POINT('',(-44.,-14.,230.));
#9853 = DIRECTION('',(1.,-1.224646799147E-16,0.));
#9854 = DIRECTION('',(1.224646799147E-16,1.,0.));
#9855 = DEFINITIONAL_REPRESENTATION('',(#9856),#9859);
#9856 = B_SPLINE_CURVE_WITH_KNOTS('',1,(#9857,#9858),.UNSPECIFIED.,.F.,
  .F.,(2,2),(0.,1.),.PIECEWISE_BEZIER_KNOTS.);
#9857 = CARTESIAN_POINT('',(28.,-140.));
#9858 = CARTESIAN_POINT('',(28.,0.));
#9859 = ( GEOMETRIC_REPRESENTATION_CONTEXT(2) 
PARAMETRIC_REPRESENTATION_CONTEXT() REPRESENTATION_CONTEXT('2D SPACE',''
  ) );
#9860 = ORIENTED_EDGE('',*,*,#9861,.T.);
#9861 = EDGE_CURVE('',#9837,#9457,#9862,.T.);
#9862 = SURFACE_CURVE('',#9863,(#9867,#9873),.PCURVE_S1.);
#9863 = LINE('',#9864,#9865);
#9864 = CARTESIAN_POINT('',(-22.,14.,150.));
#9865 = VECTOR('',#9866,1.);
#9866 = DIRECTION('',(-1.,1.224646799147E-16,0.));
#9867 = PCURVE('',#5490,#9868);
#9868 = DEFINITIONAL_REPRESENTATION('',(#9869),#9872);
#9869 = B_SPLINE_CURVE_WITH_KNOTS('',1,(#9870,#9871),.UNSPECIFIED.,.F.,
  .F.,(2,2),(22.,29.),.PIECEWISE_BEZIER_KNOTS.);
#9870 = CARTESIAN_POINT('',(0.,-80.));
#9871 = CARTESIAN_POINT('',(7.,-80.));
#9872 = ( GEOMETRIC_REPRESENTATION_CONTEXT(2) 
PARAMETRIC_REPRESENTATION_CONTEXT() REPRESENTATION_CONTEXT('2D SPACE',''
  ) );
#9873 = PCURVE('',#9391,#9874);
#9874 = DEFINITIONAL_REPRESENTATION('',(#9875),#9878);
#9875 = B_SPLINE_CURVE_WITH_KNOTS('',1,(#9876,#9877),.UNSPECIFIED.,.F.,
  .F.,(2,2),(22.,29.),.PIECEWISE_BEZIER_KNOTS.);
#9876 = CARTESIAN_POINT('',(-44.,14.));
#9877 = CARTESIAN_POINT('',(-51.,14.));
#9878 = ( GEOMETRIC_REPRESENTATION_CONTEXT(2) 
PARAMETRIC_REPRESENTATION_CONTEXT() REPRESENTATION_CONTEXT('2D SPACE',''
  ) );
#9879 = ORIENTED_EDGE('',*,*,#9484,.T.);
#9880 = ORIENTED_EDGE('',*,*,#9534,.F.);
#9881 = ADVANCED_FACE('',(#9882),#5464,.T.);
#9882 = FACE_BOUND('',#9883,.T.);
#9883 = EDGE_LOOP('',(#9884,#9885,#9886,#9887,#9907,#9928,#9954,#9979,
    #10005,#10024));
#9884 = ORIENTED_EDGE('',*,*,#5449,.F.);
#9885 = ORIENTED_EDGE('',*,*,#5555,.T.);
#9886 = ORIENTED_EDGE('',*,*,#9202,.T.);
#9887 = ORIENTED_EDGE('',*,*,#9888,.T.);
#9888 = EDGE_CURVE('',#9203,#9889,#9891,.T.);
#9889 = VERTEX_POINT('',#9890);
#9890 = CARTESIAN_POINT('',(-58.,-14.,158.));
#9891 = SURFACE_CURVE('',#9892,(#9895,#9901),.PCURVE_S1.);
#9892 = B_SPLINE_CURVE_WITH_KNOTS('',1,(#9893,#9894),.UNSPECIFIED.,.F.,
  .F.,(2,2),(0.,1.),.PIECEWISE_BEZIER_KNOTS.);
#9893 = CARTESIAN_POINT('',(-58.,-14.,90.));
#9894 = CARTESIAN_POINT('',(-58.,-14.,230.));
#9895 = PCURVE('',#5464,#9896);
#9896 = DEFINITIONAL_REPRESENTATION('',(#9897),#9900);
#9897 = B_SPLINE_CURVE_WITH_KNOTS('',1,(#9898,#9899),.UNSPECIFIED.,.F.,
  .F.,(2,2),(0.,1.),.PIECEWISE_BEZIER_KNOTS.);
#9898 = CARTESIAN_POINT('',(14.,11.));
#9899 = CARTESIAN_POINT('',(14.,151.));
#9900 = ( GEOMETRIC_REPRESENTATION_CONTEXT(2) 
PARAMETRIC_REPRESENTATION_CONTEXT() REPRESENTATION_CONTEXT('2D SPACE',''
  ) );
#9901 = PCURVE('',#9261,#9902);
#9902 = DEFINITIONAL_REPRESENTATION('',(#9903),#9906);
#9903 = B_SPLINE_CURVE_WITH_KNOTS('',1,(#9904,#9905),.UNSPECIFIED.,.F.,
  .F.,(2,2),(0.,1.),.PIECEWISE_BEZIER_KNOTS.);
#9904 = CARTESIAN_POINT('',(0.,-140.));
#9905 = CARTESIAN_POINT('',(0.,0.));
#9906 = ( GEOMETRIC_REPRESENTATION_CONTEXT(2) 
PARAMETRIC_REPRESENTATION_CONTEXT() REPRESENTATION_CONTEXT('2D SPACE',''
  ) );
#9907 = ORIENTED_EDGE('',*,*,#9908,.T.);
#9908 = EDGE_CURVE('',#9889,#9909,#9911,.T.);
#9909 = VERTEX_POINT('',#9910);
#9910 = CARTESIAN_POINT('',(-58.,-8.5,158.));
#9911 = SURFACE_CURVE('',#9912,(#9916,#9922),.PCURVE_S1.);
#9912 = LINE('',#9913,#9914);
#9913 = CARTESIAN_POINT('',(-58.,-125.,158.));
#9914 = VECTOR('',#9915,1.);
#9915 = DIRECTION('',(-1.483893486498E-17,1.,0.));
#9916 = PCURVE('',#5464,#9917);
#9917 = DEFINITIONAL_REPRESENTATION('',(#9918),#9921);
#9918 = B_SPLINE_CURVE_WITH_KNOTS('',1,(#9919,#9920),.UNSPECIFIED.,.F.,
  .F.,(2,2),(111.,139.),.PIECEWISE_BEZIER_KNOTS.);
#9919 = CARTESIAN_POINT('',(14.,79.));
#9920 = CARTESIAN_POINT('',(-14.,79.));
#9921 = ( GEOMETRIC_REPRESENTATION_CONTEXT(2) 
PARAMETRIC_REPRESENTATION_CONTEXT() REPRESENTATION_CONTEXT('2D SPACE',''
  ) );
#9922 = PCURVE('',#9825,#9923);
#9923 = DEFINITIONAL_REPRESENTATION('',(#9924),#9927);
#9924 = B_SPLINE_CURVE_WITH_KNOTS('',1,(#9925,#9926),.UNSPECIFIED.,.F.,
  .F.,(2,2),(111.,139.),.PIECEWISE_BEZIER_KNOTS.);
#9925 = CARTESIAN_POINT('',(192.,236.));
#9926 = CARTESIAN_POINT('',(192.,264.));
#9927 = ( GEOMETRIC_REPRESENTATION_CONTEXT(2) 
PARAMETRIC_REPRESENTATION_CONTEXT() REPRESENTATION_CONTEXT('2D SPACE',''
  ) );
#9928 = ORIENTED_EDGE('',*,*,#9929,.T.);
#9929 = EDGE_CURVE('',#9909,#9930,#9932,.T.);
#9930 = VERTEX_POINT('',#9931);
#9931 = CARTESIAN_POINT('',(-58.,-8.5,72.));
#9932 = SURFACE_CURVE('',#9933,(#9937,#9943),.PCURVE_S1.);
#9933 = LINE('',#9934,#9935);
#9934 = CARTESIAN_POINT('',(-58.,-8.5,152.5));
#9935 = VECTOR('',#9936,1.);
#9936 = DIRECTION('',(2.160446152871E-34,1.080223076436E-34,-1.));
#9937 = PCURVE('',#5464,#9938);
#9938 = DEFINITIONAL_REPRESENTATION('',(#9939),#9942);
#9939 = B_SPLINE_CURVE_WITH_KNOTS('',1,(#9940,#9941),.UNSPECIFIED.,.F.,
  .F.,(2,2),(-73.5,80.5),.PIECEWISE_BEZIER_KNOTS.);
#9940 = CARTESIAN_POINT('',(8.5,147.));
#9941 = CARTESIAN_POINT('',(8.5,-7.));
#9942 = ( GEOMETRIC_REPRESENTATION_CONTEXT(2) 
PARAMETRIC_REPRESENTATION_CONTEXT() REPRESENTATION_CONTEXT('2D SPACE',''
  ) );
#9943 = PCURVE('',#9944,#9949);
#9944 = PLANE('',#9945);
#9945 = AXIS2_PLACEMENT_3D('',#9946,#9947,#9948);
#9946 = CARTESIAN_POINT('',(-67.,-13.,226.));
#9947 = DIRECTION('',(-0.4472135955,0.894427191,0.));
#9948 = DIRECTION('',(0.,0.,-1.));
#9949 = DEFINITIONAL_REPRESENTATION('',(#9950),#9953);
#9950 = B_SPLINE_CURVE_WITH_KNOTS('',1,(#9951,#9952),.UNSPECIFIED.,.F.,
  .F.,(2,2),(-73.5,80.5),.PIECEWISE_BEZIER_KNOTS.);
#9951 = CARTESIAN_POINT('',(0.,-10.06230589874));
#9952 = CARTESIAN_POINT('',(154.,-10.06230589874));
#9953 = ( GEOMETRIC_REPRESENTATION_CONTEXT(2) 
PARAMETRIC_REPRESENTATION_CONTEXT() REPRESENTATION_CONTEXT('2D SPACE',''
  ) );
#9954 = ORIENTED_EDGE('',*,*,#9955,.F.);
#9955 = EDGE_CURVE('',#9956,#9930,#9958,.T.);
#9956 = VERTEX_POINT('',#9957);
#9957 = CARTESIAN_POINT('',(-58.,8.5,72.));
#9958 = SURFACE_CURVE('',#9959,(#9962,#9968),.PCURVE_S1.);
#9959 = B_SPLINE_CURVE_WITH_KNOTS('',1,(#9960,#9961),.UNSPECIFIED.,.F.,
  .F.,(2,2),(0.,1.),.PIECEWISE_BEZIER_KNOTS.);
#9960 = CARTESIAN_POINT('',(-58.,8.5,72.));
#9961 = CARTESIAN_POINT('',(-58.,-8.5,72.));
#9962 = PCURVE('',#5464,#9963);
#9963 = DEFINITIONAL_REPRESENTATION('',(#9964),#9967);
#9964 = B_SPLINE_CURVE_WITH_KNOTS('',1,(#9965,#9966),.UNSPECIFIED.,.F.,
  .F.,(2,2),(0.,1.),.PIECEWISE_BEZIER_KNOTS.);
#9965 = CARTESIAN_POINT('',(-8.5,-7.));
#9966 = CARTESIAN_POINT('',(8.5,-7.));
#9967 = ( GEOMETRIC_REPRESENTATION_CONTEXT(2) 
PARAMETRIC_REPRESENTATION_CONTEXT() REPRESENTATION_CONTEXT('2D SPACE',''
  ) );
#9968 = PCURVE('',#9969,#9974);
#9969 = B_SPLINE_SURFACE_WITH_KNOTS('',1,1,(
    (#9970,#9971)
    ,(#9972,#9973
    )),.UNSPECIFIED.,.F.,.F.,.F.,(2,2),(2,2),(0.,26.),(0.,1.),
  .PIECEWISE_BEZIER_KNOTS.);
#9970 = CARTESIAN_POINT('',(-57.,-8.,72.));
#9971 = CARTESIAN_POINT('',(-67.,-13.,72.));
#9972 = CARTESIAN_POINT('',(-57.,8.,72.));
#9973 = CARTESIAN_POINT('',(-67.,13.,72.));
#9974 = DEFINITIONAL_REPRESENTATION('',(#9975),#9978);
#9975 = B_SPLINE_CURVE_WITH_KNOTS('',1,(#9976,#9977),.UNSPECIFIED.,.F.,
  .F.,(2,2),(0.,1.),.PIECEWISE_BEZIER_KNOTS.);
#9976 = CARTESIAN_POINT('',(26.,0.1));
#9977 = CARTESIAN_POINT('',(0.,1.E-01));
#9978 = ( GEOMETRIC_REPRESENTATION_CONTEXT(2) 
PARAMETRIC_REPRESENTATION_CONTEXT() REPRESENTATION_CONTEXT('2D SPACE',''
  ) );
#9979 = ORIENTED_EDGE('',*,*,#9980,.T.);
#9980 = EDGE_CURVE('',#9956,#9981,#9983,.T.);
#9981 = VERTEX_POINT('',#9982);
#9982 = CARTESIAN_POINT('',(-58.,8.5,158.));
#9983 = SURFACE_CURVE('',#9984,(#9988,#9994),.PCURVE_S1.);
#9984 = LINE('',#9985,#9986);
#9985 = CARTESIAN_POINT('',(-58.,8.5,75.5));
#9986 = VECTOR('',#9987,1.);
#9987 = DIRECTION('',(-2.160446152871E-34,1.080223076436E-34,1.));
#9988 = PCURVE('',#5464,#9989);
#9989 = DEFINITIONAL_REPRESENTATION('',(#9990),#9993);
#9990 = B_SPLINE_CURVE_WITH_KNOTS('',1,(#9991,#9992),.UNSPECIFIED.,.F.,
  .F.,(2,2),(-3.5,150.5),.PIECEWISE_BEZIER_KNOTS.);
#9991 = CARTESIAN_POINT('',(-8.5,-7.));
#9992 = CARTESIAN_POINT('',(-8.5,147.));
#9993 = ( GEOMETRIC_REPRESENTATION_CONTEXT(2) 
PARAMETRIC_REPRESENTATION_CONTEXT() REPRESENTATION_CONTEXT('2D SPACE',''
  ) );
#9994 = PCURVE('',#9995,#10000);
#9995 = PLANE('',#9996);
#9996 = AXIS2_PLACEMENT_3D('',#9997,#9998,#9999);
#9997 = CARTESIAN_POINT('',(-67.,13.,72.));
#9998 = DIRECTION('',(-0.4472135955,-0.894427191,0.));
#9999 = DIRECTION('',(0.,0.,1.));
#10000 = DEFINITIONAL_REPRESENTATION('',(#10001),#10004);
#10001 = B_SPLINE_CURVE_WITH_KNOTS('',1,(#10002,#10003),.UNSPECIFIED.,
  .F.,.F.,(2,2),(-3.5,150.5),.PIECEWISE_BEZIER_KNOTS.);
#10002 = CARTESIAN_POINT('',(0.,-10.06230589874));
#10003 = CARTESIAN_POINT('',(154.,-10.06230589874));
#10004 = ( GEOMETRIC_REPRESENTATION_CONTEXT(2) 
PARAMETRIC_REPRESENTATION_CONTEXT() REPRESENTATION_CONTEXT('2D SPACE',''
  ) );
#10005 = ORIENTED_EDGE('',*,*,#10006,.T.);
#10006 = EDGE_CURVE('',#9981,#9791,#10007,.T.);
#10007 = SURFACE_CURVE('',#10008,(#10012,#10018),.PCURVE_S1.);
#10008 = LINE('',#10009,#10010);
#10009 = CARTESIAN_POINT('',(-58.,-125.,158.));
#10010 = VECTOR('',#10011,1.);
#10011 = DIRECTION('',(-1.483893486498E-17,1.,0.));
#10012 = PCURVE('',#5464,#10013);
#10013 = DEFINITIONAL_REPRESENTATION('',(#10014),#10017);
#10014 = B_SPLINE_CURVE_WITH_KNOTS('',1,(#10015,#10016),.UNSPECIFIED.,
  .F.,.F.,(2,2),(111.,139.),.PIECEWISE_BEZIER_KNOTS.);
#10015 = CARTESIAN_POINT('',(14.,79.));
#10016 = CARTESIAN_POINT('',(-14.,79.));
#10017 = ( GEOMETRIC_REPRESENTATION_CONTEXT(2) 
PARAMETRIC_REPRESENTATION_CONTEXT() REPRESENTATION_CONTEXT('2D SPACE',''
  ) );
#10018 = PCURVE('',#9825,#10019);
#10019 = DEFINITIONAL_REPRESENTATION('',(#10020),#10023);
#10020 = B_SPLINE_CURVE_WITH_KNOTS('',1,(#10021,#10022),.UNSPECIFIED.,
  .F.,.F.,(2,2),(111.,139.),.PIECEWISE_BEZIER_KNOTS.);
#10021 = CARTESIAN_POINT('',(192.,236.));
#10022 = CARTESIAN_POINT('',(192.,264.));
#10023 = ( GEOMETRIC_REPRESENTATION_CONTEXT(2) 
PARAMETRIC_REPRESENTATION_CONTEXT() REPRESENTATION_CONTEXT('2D SPACE',''
  ) );
#10024 = ORIENTED_EDGE('',*,*,#9790,.F.);
#10025 = ADVANCED_FACE('',(#10026),#5651,.T.);
#10026 = FACE_BOUND('',#10027,.T.);
#10027 = EDGE_LOOP('',(#10028,#10051,#10052,#10075));
#10028 = ORIENTED_EDGE('',*,*,#10029,.F.);
#10029 = EDGE_CURVE('',#5582,#10030,#10032,.T.);
#10030 = VERTEX_POINT('',#10031);
#10031 = CARTESIAN_POINT('',(-54.90923278063,-1.,45.416274124704));
#10032 = SURFACE_CURVE('',#10033,(#10037,#10044),.PCURVE_S1.);
#10033 = LINE('',#10034,#10035);
#10034 = CARTESIAN_POINT('',(-46.88101000863,-1.,48.208699436705));
#10035 = VECTOR('',#10036,1.);
#10036 = DIRECTION('',(-0.944496796706,1.156674978891E-16,
    -0.328520624941));
#10037 = PCURVE('',#5651,#10038);
#10038 = DEFINITIONAL_REPRESENTATION('',(#10039),#10043);
#10039 = LINE('',#10040,#10041);
#10040 = CARTESIAN_POINT('',(0.,0.));
#10041 = VECTOR('',#10042,1.);
#10042 = DIRECTION('',(0.,1.));
#10043 = ( GEOMETRIC_REPRESENTATION_CONTEXT(2) 
PARAMETRIC_REPRESENTATION_CONTEXT() REPRESENTATION_CONTEXT('2D SPACE',''
  ) );
#10044 = PCURVE('',#5704,#10045);
#10045 = DEFINITIONAL_REPRESENTATION('',(#10046),#10050);
#10046 = LINE('',#10047,#10048);
#10047 = CARTESIAN_POINT('',(-5.783374894456E-16,5.));
#10048 = VECTOR('',#10049,1.);
#10049 = DIRECTION('',(1.,0.));
#10050 = ( GEOMETRIC_REPRESENTATION_CONTEXT(2) 
PARAMETRIC_REPRESENTATION_CONTEXT() REPRESENTATION_CONTEXT('2D SPACE',''
  ) );
#10051 = ORIENTED_EDGE('',*,*,#5579,.F.);
#10052 = ORIENTED_EDGE('',*,*,#10053,.T.);
#10053 = EDGE_CURVE('',#5580,#10054,#10056,.T.);
#10054 = VERTEX_POINT('',#10055);
#10055 = CARTESIAN_POINT('',(-55.89479465545,-4.,48.249764514822));
#10056 = SURFACE_CURVE('',#10057,(#10061,#10068),.PCURVE_S1.);
#10057 = LINE('',#10058,#10059);
#10058 = CARTESIAN_POINT('',(-47.86657188345,-4.,51.042189826823));
#10059 = VECTOR('',#10060,1.);
#10060 = DIRECTION('',(-0.944496796706,1.156674978891E-16,
    -0.328520624941));
#10061 = PCURVE('',#5651,#10062);
#10062 = DEFINITIONAL_REPRESENTATION('',(#10063),#10067);
#10063 = LINE('',#10064,#10065);
#10064 = CARTESIAN_POINT('',(1.570796326795,0.));
#10065 = VECTOR('',#10066,1.);
#10066 = DIRECTION('',(0.,1.));
#10067 = ( GEOMETRIC_REPRESENTATION_CONTEXT(2) 
PARAMETRIC_REPRESENTATION_CONTEXT() REPRESENTATION_CONTEXT('2D SPACE',''
  ) );
#10068 = PCURVE('',#6154,#10069);
#10069 = DEFINITIONAL_REPRESENTATION('',(#10070),#10074);
#10070 = LINE('',#10071,#10072);
#10071 = CARTESIAN_POINT('',(3.,-2.553512956638E-15));
#10072 = VECTOR('',#10073,1.);
#10073 = DIRECTION('',(0.,1.));
#10074 = ( GEOMETRIC_REPRESENTATION_CONTEXT(2) 
PARAMETRIC_REPRESENTATION_CONTEXT() REPRESENTATION_CONTEXT('2D SPACE',''
  ) );
#10075 = ORIENTED_EDGE('',*,*,#10076,.F.);
#10076 = EDGE_CURVE('',#10030,#10054,#10077,.T.);
#10077 = SURFACE_CURVE('',#10078,(#10083,#10090),.PCURVE_S1.);
#10078 = CIRCLE('',#10079,3.);
#10079 = AXIS2_PLACEMENT_3D('',#10080,#10081,#10082);
#10080 = CARTESIAN_POINT('',(-55.89479465545,-1.,48.249764514822));
#10081 = DIRECTION('',(-0.944496796706,1.156674978891E-16,
    -0.328520624941));
#10082 = DIRECTION('',(0.328520624941,-4.023217317882E-17,
    -0.944496796706));
#10083 = PCURVE('',#5651,#10084);
#10084 = DEFINITIONAL_REPRESENTATION('',(#10085),#10089);
#10085 = LINE('',#10086,#10087);
#10086 = CARTESIAN_POINT('',(0.,8.5));
#10087 = VECTOR('',#10088,1.);
#10088 = DIRECTION('',(1.,0.));
#10089 = ( GEOMETRIC_REPRESENTATION_CONTEXT(2) 
PARAMETRIC_REPRESENTATION_CONTEXT() REPRESENTATION_CONTEXT('2D SPACE',''
  ) );
#10090 = PCURVE('',#10091,#10096);
#10091 = TOROIDAL_SURFACE('',#10092,4.5,3.);
#10092 = AXIS2_PLACEMENT_3D('',#10093,#10094,#10095);
#10093 = CARTESIAN_POINT('',(-57.37313746769,-1.,52.5000001));
#10094 = DIRECTION('',(-1.224646799147E-16,-1.,0.));
#10095 = DIRECTION('',(0.328520624941,-4.023217317882E-17,
    -0.944496796706));
#10096 = DEFINITIONAL_REPRESENTATION('',(#10097),#10101);
#10097 = LINE('',#10098,#10099);
#10098 = CARTESIAN_POINT('',(2.22044604925E-16,-0.));
#10099 = VECTOR('',#10100,1.);
#10100 = DIRECTION('',(-0.,1.));
#10101 = ( GEOMETRIC_REPRESENTATION_CONTEXT(2) 
PARAMETRIC_REPRESENTATION_CONTEXT() REPRESENTATION_CONTEXT('2D SPACE',''
  ) );
#10102 = ADVANCED_FACE('',(#10103,#10217),#6154,.T.);
#10103 = FACE_BOUND('',#10104,.T.);
#10104 = EDGE_LOOP('',(#10105,#10106,#10107,#10130,#10163,#10191));
#10105 = ORIENTED_EDGE('',*,*,#10053,.F.);
#10106 = ORIENTED_EDGE('',*,*,#6130,.T.);
#10107 = ORIENTED_EDGE('',*,*,#10108,.F.);
#10108 = EDGE_CURVE('',#10109,#6022,#10111,.T.);
#10109 = VERTEX_POINT('',#10110);
#10110 = CARTESIAN_POINT('',(-59.18000090487,-4.,57.694732481884));
#10111 = SURFACE_CURVE('',#10112,(#10116,#10123),.PCURVE_S1.);
#10112 = LINE('',#10113,#10114);
#10113 = CARTESIAN_POINT('',(-59.18000090487,-4.,57.694732481884));
#10114 = VECTOR('',#10115,1.);
#10115 = DIRECTION('',(0.944496796706,-1.156674978891E-16,0.328520624941
    ));
#10116 = PCURVE('',#6154,#10117);
#10117 = DEFINITIONAL_REPRESENTATION('',(#10118),#10122);
#10118 = LINE('',#10119,#10120);
#10119 = CARTESIAN_POINT('',(13.,8.5));
#10120 = VECTOR('',#10121,1.);
#10121 = DIRECTION('',(0.,-1.));
#10122 = ( GEOMETRIC_REPRESENTATION_CONTEXT(2) 
PARAMETRIC_REPRESENTATION_CONTEXT() REPRESENTATION_CONTEXT('2D SPACE',''
  ) );
#10123 = PCURVE('',#6091,#10124);
#10124 = DEFINITIONAL_REPRESENTATION('',(#10125),#10129);
#10125 = LINE('',#10126,#10127);
#10126 = CARTESIAN_POINT('',(1.570796326795,0.));
#10127 = VECTOR('',#10128,1.);
#10128 = DIRECTION('',(0.,1.));
#10129 = ( GEOMETRIC_REPRESENTATION_CONTEXT(2) 
PARAMETRIC_REPRESENTATION_CONTEXT() REPRESENTATION_CONTEXT('2D SPACE',''
  ) );
#10130 = ORIENTED_EDGE('',*,*,#10131,.F.);
#10131 = EDGE_CURVE('',#10132,#10109,#10134,.T.);
#10132 = VERTEX_POINT('',#10133);
#10133 = CARTESIAN_POINT('',(-61.95189367781,-4.,51.96615408447));
#10134 = SURFACE_CURVE('',#10135,(#10140,#10151),.PCURVE_S1.);
#10135 = CIRCLE('',#10136,4.5);
#10136 = AXIS2_PLACEMENT_3D('',#10137,#10138,#10139);
#10137 = CARTESIAN_POINT('',(-57.70165809263,-4.,53.444496896706));
#10138 = DIRECTION('',(1.224646799147E-16,1.,0.));
#10139 = DIRECTION('',(-0.944496796706,1.156674978891E-16,
    -0.328520624941));
#10140 = PCURVE('',#6154,#10141);
#10141 = DEFINITIONAL_REPRESENTATION('',(#10142),#10150);
#10142 = ( BOUNDED_CURVE() B_SPLINE_CURVE(2,(#10143,#10144,#10145,#10146
    ,#10147,#10148,#10149),.UNSPECIFIED.,.T.,.F.) 
B_SPLINE_CURVE_WITH_KNOTS((1,2,2,2,2,1),(-2.094395102393,0.,
    2.094395102393,4.188790204786,6.28318530718,8.377580409573),
.UNSPECIFIED.) CURVE() GEOMETRIC_REPRESENTATION_ITEM() 
RATIONAL_B_SPLINE_CURVE((1.,0.5,1.,0.5,1.,0.5,1.)) REPRESENTATION_ITEM(
  '') );
#10143 = CARTESIAN_POINT('',(8.5,13.));
#10144 = CARTESIAN_POINT('',(16.29422863406,13.));
#10145 = CARTESIAN_POINT('',(12.39711431703,6.25));
#10146 = CARTESIAN_POINT('',(8.5,-0.5));
#10147 = CARTESIAN_POINT('',(4.60288568297,6.25));
#10148 = CARTESIAN_POINT('',(0.70577136594,13.));
#10149 = CARTESIAN_POINT('',(8.5,13.));
#10150 = ( GEOMETRIC_REPRESENTATION_CONTEXT(2) 
PARAMETRIC_REPRESENTATION_CONTEXT() REPRESENTATION_CONTEXT('2D SPACE',''
  ) );
#10151 = PCURVE('',#10152,#10157);
#10152 = TOROIDAL_SURFACE('',#10153,4.5,3.);
#10153 = AXIS2_PLACEMENT_3D('',#10154,#10155,#10156);
#10154 = CARTESIAN_POINT('',(-57.70165809263,-1.,53.444496896706));
#10155 = DIRECTION('',(-1.224646799147E-16,-1.,0.));
#10156 = DIRECTION('',(-0.944496796706,1.156674978891E-16,
    -0.328520624941));
#10157 = DEFINITIONAL_REPRESENTATION('',(#10158),#10162);
#10158 = LINE('',#10159,#10160);
#10159 = CARTESIAN_POINT('',(-0.,1.570796326795));
#10160 = VECTOR('',#10161,1.);
#10161 = DIRECTION('',(-1.,0.));
#10162 = ( GEOMETRIC_REPRESENTATION_CONTEXT(2) 
PARAMETRIC_REPRESENTATION_CONTEXT() REPRESENTATION_CONTEXT('2D SPACE',''
  ) );
#10163 = ORIENTED_EDGE('',*,*,#10164,.F.);
#10164 = EDGE_CURVE('',#10165,#10132,#10167,.T.);
#10165 = VERTEX_POINT('',#10166);
#10166 = CARTESIAN_POINT('',(-61.62337305287,-4.,51.021657287764));
#10167 = SURFACE_CURVE('',#10168,(#10172,#10179),.PCURVE_S1.);
#10168 = LINE('',#10169,#10170);
#10169 = CARTESIAN_POINT('',(-61.62337305287,-4.,51.021657287764));
#10170 = VECTOR('',#10171,1.);
#10171 = DIRECTION('',(-0.328520624941,4.023217317882E-17,0.944496796706
    ));
#10172 = PCURVE('',#6154,#10173);
#10173 = DEFINITIONAL_REPRESENTATION('',(#10174),#10178);
#10174 = LINE('',#10175,#10176);
#10175 = CARTESIAN_POINT('',(7.5,13.));
#10176 = VECTOR('',#10177,1.);
#10177 = DIRECTION('',(1.,0.));
#10178 = ( GEOMETRIC_REPRESENTATION_CONTEXT(2) 
PARAMETRIC_REPRESENTATION_CONTEXT() REPRESENTATION_CONTEXT('2D SPACE',''
  ) );
#10179 = PCURVE('',#10180,#10185);
#10180 = CYLINDRICAL_SURFACE('',#10181,3.);
#10181 = AXIS2_PLACEMENT_3D('',#10182,#10183,#10184);
#10182 = CARTESIAN_POINT('',(-61.62337305287,-1.,51.021657287764));
#10183 = DIRECTION('',(-0.328520624941,4.023217317882E-17,0.944496796706
    ));
#10184 = DIRECTION('',(-0.944496796706,1.156674978891E-16,
    -0.328520624941));
#10185 = DEFINITIONAL_REPRESENTATION('',(#10186),#10190);
#10186 = LINE('',#10187,#10188);
#10187 = CARTESIAN_POINT('',(1.570796326795,0.));
#10188 = VECTOR('',#10189,1.);
#10189 = DIRECTION('',(0.,1.));
#10190 = ( GEOMETRIC_REPRESENTATION_CONTEXT(2) 
PARAMETRIC_REPRESENTATION_CONTEXT() REPRESENTATION_CONTEXT('2D SPACE',''
  ) );
#10191 = ORIENTED_EDGE('',*,*,#10192,.F.);
#10192 = EDGE_CURVE('',#10054,#10165,#10193,.T.);
#10193 = SURFACE_CURVE('',#10194,(#10199,#10210),.PCURVE_S1.);
#10194 = CIRCLE('',#10195,4.5);
#10195 = AXIS2_PLACEMENT_3D('',#10196,#10197,#10198);
#10196 = CARTESIAN_POINT('',(-57.37313746769,-4.,52.5000001));
#10197 = DIRECTION('',(1.224646799147E-16,1.,0.));
#10198 = DIRECTION('',(0.328520624941,-4.023217317882E-17,
    -0.944496796706));
#10199 = PCURVE('',#6154,#10200);
#10200 = DEFINITIONAL_REPRESENTATION('',(#10201),#10209);
#10201 = ( BOUNDED_CURVE() B_SPLINE_CURVE(2,(#10202,#10203,#10204,#10205
    ,#10206,#10207,#10208),.UNSPECIFIED.,.T.,.F.) 
B_SPLINE_CURVE_WITH_KNOTS((1,2,2,2,2,1),(-2.094395102393,0.,
    2.094395102393,4.188790204786,6.28318530718,8.377580409573),
.UNSPECIFIED.) CURVE() GEOMETRIC_REPRESENTATION_ITEM() 
RATIONAL_B_SPLINE_CURVE((1.,0.5,1.,0.5,1.,0.5,1.)) REPRESENTATION_ITEM(
  '') );
#10202 = CARTESIAN_POINT('',(3.,8.5));
#10203 = CARTESIAN_POINT('',(3.,16.29422863406));
#10204 = CARTESIAN_POINT('',(9.75,12.39711431703));
#10205 = CARTESIAN_POINT('',(16.5,8.5));
#10206 = CARTESIAN_POINT('',(9.75,4.60288568297));
#10207 = CARTESIAN_POINT('',(3.,0.70577136594));
#10208 = CARTESIAN_POINT('',(3.,8.5));
#10209 = ( GEOMETRIC_REPRESENTATION_CONTEXT(2) 
PARAMETRIC_REPRESENTATION_CONTEXT() REPRESENTATION_CONTEXT('2D SPACE',''
  ) );
#10210 = PCURVE('',#10091,#10211);
#10211 = DEFINITIONAL_REPRESENTATION('',(#10212),#10216);
#10212 = LINE('',#10213,#10214);
#10213 = CARTESIAN_POINT('',(-0.,1.570796326795));
#10214 = VECTOR('',#10215,1.);
#10215 = DIRECTION('',(-1.,0.));
#10216 = ( GEOMETRIC_REPRESENTATION_CONTEXT(2) 
PARAMETRIC_REPRESENTATION_CONTEXT() REPRESENTATION_CONTEXT('2D SPACE',''
  ) );
#10217 = FACE_BOUND('',#10218,.T.);
#10218 = EDGE_LOOP('',(#10219));
#10219 = ORIENTED_EDGE('',*,*,#10220,.F.);
#10220 = EDGE_CURVE('',#10221,#10221,#10223,.T.);
#10221 = VERTEX_POINT('',#10222);
#10222 = CARTESIAN_POINT('',(-60.53739778016,-4.,52.972248498353));
#10223 = SURFACE_CURVE('',#10224,(#10229,#10236),.PCURVE_S1.);
#10224 = CIRCLE('',#10225,3.);
#10225 = AXIS2_PLACEMENT_3D('',#10226,#10227,#10228);
#10226 = CARTESIAN_POINT('',(-57.53739778016,-4.,52.972248498353));
#10227 = DIRECTION('',(-1.224646799147E-16,-1.,0.));
#10228 = DIRECTION('',(-1.,1.224646799147E-16,0.));
#10229 = PCURVE('',#6154,#10230);
#10230 = DEFINITIONAL_REPRESENTATION('',(#10231),#10235);
#10231 = CIRCLE('',#10232,3.);
#10232 = AXIS2_PLACEMENT_2D('',#10233,#10234);
#10233 = CARTESIAN_POINT('',(8.,8.5));
#10234 = DIRECTION('',(0.328520624941,0.944496796706));
#10235 = ( GEOMETRIC_REPRESENTATION_CONTEXT(2) 
PARAMETRIC_REPRESENTATION_CONTEXT() REPRESENTATION_CONTEXT('2D SPACE',''
  ) );
#10236 = PCURVE('',#10237,#10242);
#10237 = CYLINDRICAL_SURFACE('',#10238,3.);
#10238 = AXIS2_PLACEMENT_3D('',#10239,#10240,#10241);
#10239 = CARTESIAN_POINT('',(-57.53739778016,30.,52.972248498353));
#10240 = DIRECTION('',(-1.224646799147E-16,-1.,0.));
#10241 = DIRECTION('',(-1.,1.224646799147E-16,0.));
#10242 = DEFINITIONAL_REPRESENTATION('',(#10243),#10247);
#10243 = LINE('',#10244,#10245);
#10244 = CARTESIAN_POINT('',(0.,34.));
#10245 = VECTOR('',#10246,1.);
#10246 = DIRECTION('',(1.,0.));
#10247 = ( GEOMETRIC_REPRESENTATION_CONTEXT(2) 
PARAMETRIC_REPRESENTATION_CONTEXT() REPRESENTATION_CONTEXT('2D SPACE',''
  ) );
#10248 = ADVANCED_FACE('',(#10249),#6091,.T.);
#10249 = FACE_BOUND('',#10250,.T.);
#10250 = EDGE_LOOP('',(#10251,#10274,#10296,#10297));
#10251 = ORIENTED_EDGE('',*,*,#10252,.F.);
#10252 = EDGE_CURVE('',#10253,#5997,#10255,.T.);
#10253 = VERTEX_POINT('',#10254);
#10254 = CARTESIAN_POINT('',(-60.16556277969,-1.,60.528222872002));
#10255 = SURFACE_CURVE('',#10256,(#10260,#10267),.PCURVE_S1.);
#10256 = LINE('',#10257,#10258);
#10257 = CARTESIAN_POINT('',(-60.16556277969,-1.,60.528222872002));
#10258 = VECTOR('',#10259,1.);
#10259 = DIRECTION('',(0.944496796706,-1.156674978891E-16,0.328520624941
    ));
#10260 = PCURVE('',#6091,#10261);
#10261 = DEFINITIONAL_REPRESENTATION('',(#10262),#10266);
#10262 = LINE('',#10263,#10264);
#10263 = CARTESIAN_POINT('',(0.,0.));
#10264 = VECTOR('',#10265,1.);
#10265 = DIRECTION('',(0.,1.));
#10266 = ( GEOMETRIC_REPRESENTATION_CONTEXT(2) 
PARAMETRIC_REPRESENTATION_CONTEXT() REPRESENTATION_CONTEXT('2D SPACE',''
  ) );
#10267 = PCURVE('',#6010,#10268);
#10268 = DEFINITIONAL_REPRESENTATION('',(#10269),#10273);
#10269 = LINE('',#10270,#10271);
#10270 = CARTESIAN_POINT('',(8.5,5.));
#10271 = VECTOR('',#10272,1.);
#10272 = DIRECTION('',(-1.,0.));
#10273 = ( GEOMETRIC_REPRESENTATION_CONTEXT(2) 
PARAMETRIC_REPRESENTATION_CONTEXT() REPRESENTATION_CONTEXT('2D SPACE',''
  ) );
#10274 = ORIENTED_EDGE('',*,*,#10275,.T.);
#10275 = EDGE_CURVE('',#10253,#10109,#10276,.T.);
#10276 = SURFACE_CURVE('',#10277,(#10282,#10289),.PCURVE_S1.);
#10277 = CIRCLE('',#10278,3.);
#10278 = AXIS2_PLACEMENT_3D('',#10279,#10280,#10281);
#10279 = CARTESIAN_POINT('',(-59.18000090487,-1.,57.694732481884));
#10280 = DIRECTION('',(0.944496796706,-1.156674978891E-16,0.328520624941
    ));
#10281 = DIRECTION('',(-0.328520624941,4.023217317882E-17,0.944496796706
    ));
#10282 = PCURVE('',#6091,#10283);
#10283 = DEFINITIONAL_REPRESENTATION('',(#10284),#10288);
#10284 = LINE('',#10285,#10286);
#10285 = CARTESIAN_POINT('',(0.,0.));
#10286 = VECTOR('',#10287,1.);
#10287 = DIRECTION('',(1.,0.));
#10288 = ( GEOMETRIC_REPRESENTATION_CONTEXT(2) 
PARAMETRIC_REPRESENTATION_CONTEXT() REPRESENTATION_CONTEXT('2D SPACE',''
  ) );
#10289 = PCURVE('',#10152,#10290);
#10290 = DEFINITIONAL_REPRESENTATION('',(#10291),#10295);
#10291 = LINE('',#10292,#10293);
#10292 = CARTESIAN_POINT('',(-1.570796326795,0.));
#10293 = VECTOR('',#10294,1.);
#10294 = DIRECTION('',(-0.,1.));
#10295 = ( GEOMETRIC_REPRESENTATION_CONTEXT(2) 
PARAMETRIC_REPRESENTATION_CONTEXT() REPRESENTATION_CONTEXT('2D SPACE',''
  ) );
#10296 = ORIENTED_EDGE('',*,*,#10108,.T.);
#10297 = ORIENTED_EDGE('',*,*,#6021,.F.);
#10298 = ADVANCED_FACE('',(#10299),#6010,.T.);
#10299 = FACE_BOUND('',#10300,.T.);
#10300 = EDGE_LOOP('',(#10301,#10324,#10350,#10351));
#10301 = ORIENTED_EDGE('',*,*,#10302,.F.);
#10302 = EDGE_CURVE('',#10303,#5888,#10305,.T.);
#10303 = VERTEX_POINT('',#10304);
#10304 = CARTESIAN_POINT('',(-60.16556277969,1.,60.528222872002));
#10305 = SURFACE_CURVE('',#10306,(#10310,#10317),.PCURVE_S1.);
#10306 = LINE('',#10307,#10308);
#10307 = CARTESIAN_POINT('',(-60.16556277969,1.,60.528222872002));
#10308 = VECTOR('',#10309,1.);
#10309 = DIRECTION('',(0.944496796706,-1.156674978891E-16,0.328520624941
    ));
#10310 = PCURVE('',#6010,#10311);
#10311 = DEFINITIONAL_REPRESENTATION('',(#10312),#10316);
#10312 = LINE('',#10313,#10314);
#10313 = CARTESIAN_POINT('',(8.5,3.));
#10314 = VECTOR('',#10315,1.);
#10315 = DIRECTION('',(-1.,0.));
#10316 = ( GEOMETRIC_REPRESENTATION_CONTEXT(2) 
PARAMETRIC_REPRESENTATION_CONTEXT() REPRESENTATION_CONTEXT('2D SPACE',''
  ) );
#10317 = PCURVE('',#5957,#10318);
#10318 = DEFINITIONAL_REPRESENTATION('',(#10319),#10323);
#10319 = LINE('',#10320,#10321);
#10320 = CARTESIAN_POINT('',(-0.,0.));
#10321 = VECTOR('',#10322,1.);
#10322 = DIRECTION('',(-0.,1.));
#10323 = ( GEOMETRIC_REPRESENTATION_CONTEXT(2) 
PARAMETRIC_REPRESENTATION_CONTEXT() REPRESENTATION_CONTEXT('2D SPACE',''
  ) );
#10324 = ORIENTED_EDGE('',*,*,#10325,.T.);
#10325 = EDGE_CURVE('',#10303,#10253,#10326,.T.);
#10326 = SURFACE_CURVE('',#10327,(#10331,#10338),.PCURVE_S1.);
#10327 = LINE('',#10328,#10329);
#10328 = CARTESIAN_POINT('',(-60.16556277969,4.,60.528222872002));
#10329 = VECTOR('',#10330,1.);
#10330 = DIRECTION('',(-1.224646799147E-16,-1.,0.));
#10331 = PCURVE('',#6010,#10332);
#10332 = DEFINITIONAL_REPRESENTATION('',(#10333),#10337);
#10333 = LINE('',#10334,#10335);
#10334 = CARTESIAN_POINT('',(8.5,9.499531235733E-17));
#10335 = VECTOR('',#10336,1.);
#10336 = DIRECTION('',(0.,1.));
#10337 = ( GEOMETRIC_REPRESENTATION_CONTEXT(2) 
PARAMETRIC_REPRESENTATION_CONTEXT() REPRESENTATION_CONTEXT('2D SPACE',''
  ) );
#10338 = PCURVE('',#10339,#10344);
#10339 = CYLINDRICAL_SURFACE('',#10340,7.5);
#10340 = AXIS2_PLACEMENT_3D('',#10341,#10342,#10343);
#10341 = CARTESIAN_POINT('',(-57.70165809263,4.,53.444496896706));
#10342 = DIRECTION('',(-1.224646799147E-16,-1.,0.));
#10343 = DIRECTION('',(-0.944496796706,1.156674978891E-16,
    -0.328520624941));
#10344 = DEFINITIONAL_REPRESENTATION('',(#10345),#10349);
#10345 = LINE('',#10346,#10347);
#10346 = CARTESIAN_POINT('',(-1.570796326795,0.));
#10347 = VECTOR('',#10348,1.);
#10348 = DIRECTION('',(-0.,1.));
#10349 = ( GEOMETRIC_REPRESENTATION_CONTEXT(2) 
PARAMETRIC_REPRESENTATION_CONTEXT() REPRESENTATION_CONTEXT('2D SPACE',''
  ) );
#10350 = ORIENTED_EDGE('',*,*,#10252,.T.);
#10351 = ORIENTED_EDGE('',*,*,#5996,.T.);
#10352 = ADVANCED_FACE('',(#10353),#5957,.T.);
#10353 = FACE_BOUND('',#10354,.F.);
#10354 = EDGE_LOOP('',(#10355,#10356,#10385,#10406));
#10355 = ORIENTED_EDGE('',*,*,#10302,.F.);
#10356 = ORIENTED_EDGE('',*,*,#10357,.T.);
#10357 = EDGE_CURVE('',#10303,#10358,#10360,.T.);
#10358 = VERTEX_POINT('',#10359);
#10359 = CARTESIAN_POINT('',(-59.18000090487,4.,57.694732481884));
#10360 = SURFACE_CURVE('',#10361,(#10366,#10373),.PCURVE_S1.);
#10361 = CIRCLE('',#10362,3.);
#10362 = AXIS2_PLACEMENT_3D('',#10363,#10364,#10365);
#10363 = CARTESIAN_POINT('',(-59.18000090487,1.,57.694732481884));
#10364 = DIRECTION('',(-0.944496796706,1.156674978891E-16,
    -0.328520624941));
#10365 = DIRECTION('',(-0.328520624941,4.023217317882E-17,0.944496796706
    ));
#10366 = PCURVE('',#5957,#10367);
#10367 = DEFINITIONAL_REPRESENTATION('',(#10368),#10372);
#10368 = LINE('',#10369,#10370);
#10369 = CARTESIAN_POINT('',(-0.,0.));
#10370 = VECTOR('',#10371,1.);
#10371 = DIRECTION('',(-1.,0.));
#10372 = ( GEOMETRIC_REPRESENTATION_CONTEXT(2) 
PARAMETRIC_REPRESENTATION_CONTEXT() REPRESENTATION_CONTEXT('2D SPACE',''
  ) );
#10373 = PCURVE('',#10374,#10379);
#10374 = TOROIDAL_SURFACE('',#10375,4.5,3.);
#10375 = AXIS2_PLACEMENT_3D('',#10376,#10377,#10378);
#10376 = CARTESIAN_POINT('',(-57.70165809263,1.,53.444496896706));
#10377 = DIRECTION('',(1.224646799147E-16,1.,0.));
#10378 = DIRECTION('',(-0.944496796706,1.156674978891E-16,
    -0.328520624941));
#10379 = DEFINITIONAL_REPRESENTATION('',(#10380),#10384);
#10380 = LINE('',#10381,#10382);
#10381 = CARTESIAN_POINT('',(1.570796326795,0.));
#10382 = VECTOR('',#10383,1.);
#10383 = DIRECTION('',(0.,1.));
#10384 = ( GEOMETRIC_REPRESENTATION_CONTEXT(2) 
PARAMETRIC_REPRESENTATION_CONTEXT() REPRESENTATION_CONTEXT('2D SPACE',''
  ) );
#10385 = ORIENTED_EDGE('',*,*,#10386,.T.);
#10386 = EDGE_CURVE('',#10358,#5845,#10387,.T.);
#10387 = SURFACE_CURVE('',#10388,(#10392,#10399),.PCURVE_S1.);
#10388 = LINE('',#10389,#10390);
#10389 = CARTESIAN_POINT('',(-59.18000090487,4.,57.694732481884));
#10390 = VECTOR('',#10391,1.);
#10391 = DIRECTION('',(0.944496796706,-1.156674978891E-16,0.328520624941
    ));
#10392 = PCURVE('',#5957,#10393);
#10393 = DEFINITIONAL_REPRESENTATION('',(#10394),#10398);
#10394 = LINE('',#10395,#10396);
#10395 = CARTESIAN_POINT('',(-1.570796326795,0.));
#10396 = VECTOR('',#10397,1.);
#10397 = DIRECTION('',(-0.,1.));
#10398 = ( GEOMETRIC_REPRESENTATION_CONTEXT(2) 
PARAMETRIC_REPRESENTATION_CONTEXT() REPRESENTATION_CONTEXT('2D SPACE',''
  ) );
#10399 = PCURVE('',#5870,#10400);
#10400 = DEFINITIONAL_REPRESENTATION('',(#10401),#10405);
#10401 = LINE('',#10402,#10403);
#10402 = CARTESIAN_POINT('',(13.,8.5));
#10403 = VECTOR('',#10404,1.);
#10404 = DIRECTION('',(0.,-1.));
#10405 = ( GEOMETRIC_REPRESENTATION_CONTEXT(2) 
PARAMETRIC_REPRESENTATION_CONTEXT() REPRESENTATION_CONTEXT('2D SPACE',''
  ) );
#10406 = ORIENTED_EDGE('',*,*,#5887,.T.);
#10407 = ADVANCED_FACE('',(#10408,#10522),#5870,.F.);
#10408 = FACE_BOUND('',#10409,.F.);
#10409 = EDGE_LOOP('',(#10410,#10433,#10434,#10435,#10463,#10491));
#10410 = ORIENTED_EDGE('',*,*,#10411,.F.);
#10411 = EDGE_CURVE('',#5825,#10412,#10414,.T.);
#10412 = VERTEX_POINT('',#10413);
#10413 = CARTESIAN_POINT('',(-55.89479465545,4.,48.249764514822));
#10414 = SURFACE_CURVE('',#10415,(#10419,#10426),.PCURVE_S1.);
#10415 = LINE('',#10416,#10417);
#10416 = CARTESIAN_POINT('',(-47.86657188345,4.,51.042189826823));
#10417 = VECTOR('',#10418,1.);
#10418 = DIRECTION('',(-0.944496796706,1.156674978891E-16,
    -0.328520624941));
#10419 = PCURVE('',#5870,#10420);
#10420 = DEFINITIONAL_REPRESENTATION('',(#10421),#10425);
#10421 = LINE('',#10422,#10423);
#10422 = CARTESIAN_POINT('',(3.,-2.553512956638E-15));
#10423 = VECTOR('',#10424,1.);
#10424 = DIRECTION('',(0.,1.));
#10425 = ( GEOMETRIC_REPRESENTATION_CONTEXT(2) 
PARAMETRIC_REPRESENTATION_CONTEXT() REPRESENTATION_CONTEXT('2D SPACE',''
  ) );
#10426 = PCURVE('',#5785,#10427);
#10427 = DEFINITIONAL_REPRESENTATION('',(#10428),#10432);
#10428 = LINE('',#10429,#10430);
#10429 = CARTESIAN_POINT('',(-1.570796326795,0.));
#10430 = VECTOR('',#10431,1.);
#10431 = DIRECTION('',(-0.,1.));
#10432 = ( GEOMETRIC_REPRESENTATION_CONTEXT(2) 
PARAMETRIC_REPRESENTATION_CONTEXT() REPRESENTATION_CONTEXT('2D SPACE',''
  ) );
#10433 = ORIENTED_EDGE('',*,*,#5844,.T.);
#10434 = ORIENTED_EDGE('',*,*,#10386,.F.);
#10435 = ORIENTED_EDGE('',*,*,#10436,.F.);
#10436 = EDGE_CURVE('',#10437,#10358,#10439,.T.);
#10437 = VERTEX_POINT('',#10438);
#10438 = CARTESIAN_POINT('',(-61.95189367781,4.,51.96615408447));
#10439 = SURFACE_CURVE('',#10440,(#10445,#10456),.PCURVE_S1.);
#10440 = CIRCLE('',#10441,4.5);
#10441 = AXIS2_PLACEMENT_3D('',#10442,#10443,#10444);
#10442 = CARTESIAN_POINT('',(-57.70165809263,4.,53.444496896706));
#10443 = DIRECTION('',(1.224646799147E-16,1.,0.));
#10444 = DIRECTION('',(-0.944496796706,1.156674978891E-16,
    -0.328520624941));
#10445 = PCURVE('',#5870,#10446);
#10446 = DEFINITIONAL_REPRESENTATION('',(#10447),#10455);
#10447 = ( BOUNDED_CURVE() B_SPLINE_CURVE(2,(#10448,#10449,#10450,#10451
    ,#10452,#10453,#10454),.UNSPECIFIED.,.T.,.F.) 
B_SPLINE_CURVE_WITH_KNOTS((1,2,2,2,2,1),(-2.094395102393,0.,
    2.094395102393,4.188790204786,6.28318530718,8.377580409573),
.UNSPECIFIED.) CURVE() GEOMETRIC_REPRESENTATION_ITEM() 
RATIONAL_B_SPLINE_CURVE((1.,0.5,1.,0.5,1.,0.5,1.)) REPRESENTATION_ITEM(
  '') );
#10448 = CARTESIAN_POINT('',(8.5,13.));
#10449 = CARTESIAN_POINT('',(16.29422863406,13.));
#10450 = CARTESIAN_POINT('',(12.39711431703,6.25));
#10451 = CARTESIAN_POINT('',(8.5,-0.5));
#10452 = CARTESIAN_POINT('',(4.60288568297,6.25));
#10453 = CARTESIAN_POINT('',(0.70577136594,13.));
#10454 = CARTESIAN_POINT('',(8.5,13.));
#10455 = ( GEOMETRIC_REPRESENTATION_CONTEXT(2) 
PARAMETRIC_REPRESENTATION_CONTEXT() REPRESENTATION_CONTEXT('2D SPACE',''
  ) );
#10456 = PCURVE('',#10374,#10457);
#10457 = DEFINITIONAL_REPRESENTATION('',(#10458),#10462);
#10458 = LINE('',#10459,#10460);
#10459 = CARTESIAN_POINT('',(0.,1.570796326795));
#10460 = VECTOR('',#10461,1.);
#10461 = DIRECTION('',(1.,0.));
#10462 = ( GEOMETRIC_REPRESENTATION_CONTEXT(2) 
PARAMETRIC_REPRESENTATION_CONTEXT() REPRESENTATION_CONTEXT('2D SPACE',''
  ) );
#10463 = ORIENTED_EDGE('',*,*,#10464,.F.);
#10464 = EDGE_CURVE('',#10465,#10437,#10467,.T.);
#10465 = VERTEX_POINT('',#10466);
#10466 = CARTESIAN_POINT('',(-61.62337305287,4.,51.021657287764));
#10467 = SURFACE_CURVE('',#10468,(#10472,#10479),.PCURVE_S1.);
#10468 = LINE('',#10469,#10470);
#10469 = CARTESIAN_POINT('',(-61.62337305287,4.,51.021657287764));
#10470 = VECTOR('',#10471,1.);
#10471 = DIRECTION('',(-0.328520624941,4.023217317882E-17,0.944496796706
    ));
#10472 = PCURVE('',#5870,#10473);
#10473 = DEFINITIONAL_REPRESENTATION('',(#10474),#10478);
#10474 = LINE('',#10475,#10476);
#10475 = CARTESIAN_POINT('',(7.5,13.));
#10476 = VECTOR('',#10477,1.);
#10477 = DIRECTION('',(1.,0.));
#10478 = ( GEOMETRIC_REPRESENTATION_CONTEXT(2) 
PARAMETRIC_REPRESENTATION_CONTEXT() REPRESENTATION_CONTEXT('2D SPACE',''
  ) );
#10479 = PCURVE('',#10480,#10485);
#10480 = CYLINDRICAL_SURFACE('',#10481,3.);
#10481 = AXIS2_PLACEMENT_3D('',#10482,#10483,#10484);
#10482 = CARTESIAN_POINT('',(-61.62337305287,1.,51.021657287764));
#10483 = DIRECTION('',(-0.328520624941,4.023217317882E-17,0.944496796706
    ));
#10484 = DIRECTION('',(-0.944496796706,1.156674978891E-16,
    -0.328520624941));
#10485 = DEFINITIONAL_REPRESENTATION('',(#10486),#10490);
#10486 = LINE('',#10487,#10488);
#10487 = CARTESIAN_POINT('',(-1.570796326795,0.));
#10488 = VECTOR('',#10489,1.);
#10489 = DIRECTION('',(-0.,1.));
#10490 = ( GEOMETRIC_REPRESENTATION_CONTEXT(2) 
PARAMETRIC_REPRESENTATION_CONTEXT() REPRESENTATION_CONTEXT('2D SPACE',''
  ) );
#10491 = ORIENTED_EDGE('',*,*,#10492,.F.);
#10492 = EDGE_CURVE('',#10412,#10465,#10493,.T.);
#10493 = SURFACE_CURVE('',#10494,(#10499,#10510),.PCURVE_S1.);
#10494 = CIRCLE('',#10495,4.5);
#10495 = AXIS2_PLACEMENT_3D('',#10496,#10497,#10498);
#10496 = CARTESIAN_POINT('',(-57.37313746769,4.,52.5000001));
#10497 = DIRECTION('',(1.224646799147E-16,1.,0.));
#10498 = DIRECTION('',(0.328520624941,-4.023217317882E-17,
    -0.944496796706));
#10499 = PCURVE('',#5870,#10500);
#10500 = DEFINITIONAL_REPRESENTATION('',(#10501),#10509);
#10501 = ( BOUNDED_CURVE() B_SPLINE_CURVE(2,(#10502,#10503,#10504,#10505
    ,#10506,#10507,#10508),.UNSPECIFIED.,.T.,.F.) 
B_SPLINE_CURVE_WITH_KNOTS((1,2,2,2,2,1),(-2.094395102393,0.,
    2.094395102393,4.188790204786,6.28318530718,8.377580409573),
.UNSPECIFIED.) CURVE() GEOMETRIC_REPRESENTATION_ITEM() 
RATIONAL_B_SPLINE_CURVE((1.,0.5,1.,0.5,1.,0.5,1.)) REPRESENTATION_ITEM(
  '') );
#10502 = CARTESIAN_POINT('',(3.,8.5));
#10503 = CARTESIAN_POINT('',(3.,16.29422863406));
#10504 = CARTESIAN_POINT('',(9.75,12.39711431703));
#10505 = CARTESIAN_POINT('',(16.5,8.5));
#10506 = CARTESIAN_POINT('',(9.75,4.60288568297));
#10507 = CARTESIAN_POINT('',(3.,0.70577136594));
#10508 = CARTESIAN_POINT('',(3.,8.5));
#10509 = ( GEOMETRIC_REPRESENTATION_CONTEXT(2) 
PARAMETRIC_REPRESENTATION_CONTEXT() REPRESENTATION_CONTEXT('2D SPACE',''
  ) );
#10510 = PCURVE('',#10511,#10516);
#10511 = TOROIDAL_SURFACE('',#10512,4.5,3.);
#10512 = AXIS2_PLACEMENT_3D('',#10513,#10514,#10515);
#10513 = CARTESIAN_POINT('',(-57.37313746769,1.,52.5000001));
#10514 = DIRECTION('',(1.224646799147E-16,1.,0.));
#10515 = DIRECTION('',(0.328520624941,-4.023217317882E-17,
    -0.944496796706));
#10516 = DEFINITIONAL_REPRESENTATION('',(#10517),#10521);
#10517 = LINE('',#10518,#10519);
#10518 = CARTESIAN_POINT('',(0.,1.570796326795));
#10519 = VECTOR('',#10520,1.);
#10520 = DIRECTION('',(1.,0.));
#10521 = ( GEOMETRIC_REPRESENTATION_CONTEXT(2) 
PARAMETRIC_REPRESENTATION_CONTEXT() REPRESENTATION_CONTEXT('2D SPACE',''
  ) );
#10522 = FACE_BOUND('',#10523,.F.);
#10523 = EDGE_LOOP('',(#10524));
#10524 = ORIENTED_EDGE('',*,*,#10525,.F.);
#10525 = EDGE_CURVE('',#10526,#10526,#10528,.T.);
#10526 = VERTEX_POINT('',#10527);
#10527 = CARTESIAN_POINT('',(-60.53739778016,4.,52.972248498353));
#10528 = SURFACE_CURVE('',#10529,(#10534,#10541),.PCURVE_S1.);
#10529 = CIRCLE('',#10530,3.);
#10530 = AXIS2_PLACEMENT_3D('',#10531,#10532,#10533);
#10531 = CARTESIAN_POINT('',(-57.53739778016,4.,52.972248498353));
#10532 = DIRECTION('',(-1.224646799147E-16,-1.,0.));
#10533 = DIRECTION('',(-1.,1.224646799147E-16,0.));
#10534 = PCURVE('',#5870,#10535);
#10535 = DEFINITIONAL_REPRESENTATION('',(#10536),#10540);
#10536 = CIRCLE('',#10537,3.);
#10537 = AXIS2_PLACEMENT_2D('',#10538,#10539);
#10538 = CARTESIAN_POINT('',(8.,8.5));
#10539 = DIRECTION('',(0.328520624941,0.944496796706));
#10540 = ( GEOMETRIC_REPRESENTATION_CONTEXT(2) 
PARAMETRIC_REPRESENTATION_CONTEXT() REPRESENTATION_CONTEXT('2D SPACE',''
  ) );
#10541 = PCURVE('',#10237,#10542);
#10542 = DEFINITIONAL_REPRESENTATION('',(#10543),#10547);
#10543 = LINE('',#10544,#10545);
#10544 = CARTESIAN_POINT('',(0.,26.));
#10545 = VECTOR('',#10546,1.);
#10546 = DIRECTION('',(1.,0.));
#10547 = ( GEOMETRIC_REPRESENTATION_CONTEXT(2) 
PARAMETRIC_REPRESENTATION_CONTEXT() REPRESENTATION_CONTEXT('2D SPACE',''
  ) );
#10548 = ADVANCED_FACE('',(#10549),#5785,.T.);
#10549 = FACE_BOUND('',#10550,.F.);
#10550 = EDGE_LOOP('',(#10551,#10574,#10575,#10576,#10577));
#10551 = ORIENTED_EDGE('',*,*,#10552,.F.);
#10552 = EDGE_CURVE('',#5691,#10553,#10555,.T.);
#10553 = VERTEX_POINT('',#10554);
#10554 = CARTESIAN_POINT('',(-54.90923278063,1.,45.416274124704));
#10555 = SURFACE_CURVE('',#10556,(#10560,#10567),.PCURVE_S1.);
#10556 = LINE('',#10557,#10558);
#10557 = CARTESIAN_POINT('',(-46.88101000863,1.,48.208699436705));
#10558 = VECTOR('',#10559,1.);
#10559 = DIRECTION('',(-0.944496796706,1.156674978891E-16,
    -0.328520624941));
#10560 = PCURVE('',#5785,#10561);
#10561 = DEFINITIONAL_REPRESENTATION('',(#10562),#10566);
#10562 = LINE('',#10563,#10564);
#10563 = CARTESIAN_POINT('',(-0.,0.));
#10564 = VECTOR('',#10565,1.);
#10565 = DIRECTION('',(-0.,1.));
#10566 = ( GEOMETRIC_REPRESENTATION_CONTEXT(2) 
PARAMETRIC_REPRESENTATION_CONTEXT() REPRESENTATION_CONTEXT('2D SPACE',''
  ) );
#10567 = PCURVE('',#5704,#10568);
#10568 = DEFINITIONAL_REPRESENTATION('',(#10569),#10573);
#10569 = LINE('',#10570,#10571);
#10570 = CARTESIAN_POINT('',(-3.470024936673E-16,3.));
#10571 = VECTOR('',#10572,1.);
#10572 = DIRECTION('',(1.,0.));
#10573 = ( GEOMETRIC_REPRESENTATION_CONTEXT(2) 
PARAMETRIC_REPRESENTATION_CONTEXT() REPRESENTATION_CONTEXT('2D SPACE',''
  ) );
#10574 = ORIENTED_EDGE('',*,*,#5715,.T.);
#10575 = ORIENTED_EDGE('',*,*,#5824,.T.);
#10576 = ORIENTED_EDGE('',*,*,#10411,.T.);
#10577 = ORIENTED_EDGE('',*,*,#10578,.F.);
#10578 = EDGE_CURVE('',#10553,#10412,#10579,.T.);
#10579 = SURFACE_CURVE('',#10580,(#10585,#10592),.PCURVE_S1.);
#10580 = CIRCLE('',#10581,3.);
#10581 = AXIS2_PLACEMENT_3D('',#10582,#10583,#10584);
#10582 = CARTESIAN_POINT('',(-55.89479465545,1.,48.249764514822));
#10583 = DIRECTION('',(0.944496796706,-1.156674978891E-16,0.328520624941
    ));
#10584 = DIRECTION('',(0.328520624941,-4.023217317882E-17,
    -0.944496796706));
#10585 = PCURVE('',#5785,#10586);
#10586 = DEFINITIONAL_REPRESENTATION('',(#10587),#10591);
#10587 = LINE('',#10588,#10589);
#10588 = CARTESIAN_POINT('',(-0.,8.5));
#10589 = VECTOR('',#10590,1.);
#10590 = DIRECTION('',(-1.,0.));
#10591 = ( GEOMETRIC_REPRESENTATION_CONTEXT(2) 
PARAMETRIC_REPRESENTATION_CONTEXT() REPRESENTATION_CONTEXT('2D SPACE',''
  ) );
#10592 = PCURVE('',#10511,#10593);
#10593 = DEFINITIONAL_REPRESENTATION('',(#10594),#10598);
#10594 = LINE('',#10595,#10596);
#10595 = CARTESIAN_POINT('',(-2.22044604925E-16,0.));
#10596 = VECTOR('',#10597,1.);
#10597 = DIRECTION('',(0.,1.));
#10598 = ( GEOMETRIC_REPRESENTATION_CONTEXT(2) 
PARAMETRIC_REPRESENTATION_CONTEXT() REPRESENTATION_CONTEXT('2D SPACE',''
  ) );
#10599 = ADVANCED_FACE('',(#10600),#5704,.F.);
#10600 = FACE_BOUND('',#10601,.F.);
#10601 = EDGE_LOOP('',(#10602,#10603,#10629,#10630));
#10602 = ORIENTED_EDGE('',*,*,#10552,.T.);
#10603 = ORIENTED_EDGE('',*,*,#10604,.T.);
#10604 = EDGE_CURVE('',#10553,#10030,#10605,.T.);
#10605 = SURFACE_CURVE('',#10606,(#10610,#10617),.PCURVE_S1.);
#10606 = LINE('',#10607,#10608);
#10607 = CARTESIAN_POINT('',(-54.90923278063,4.,45.416274124704));
#10608 = VECTOR('',#10609,1.);
#10609 = DIRECTION('',(-1.224646799147E-16,-1.,0.));
#10610 = PCURVE('',#5704,#10611);
#10611 = DEFINITIONAL_REPRESENTATION('',(#10612),#10616);
#10612 = LINE('',#10613,#10614);
#10613 = CARTESIAN_POINT('',(8.5,-7.931831073428E-16));
#10614 = VECTOR('',#10615,1.);
#10615 = DIRECTION('',(0.,1.));
#10616 = ( GEOMETRIC_REPRESENTATION_CONTEXT(2) 
PARAMETRIC_REPRESENTATION_CONTEXT() REPRESENTATION_CONTEXT('2D SPACE',''
  ) );
#10617 = PCURVE('',#10618,#10623);
#10618 = CYLINDRICAL_SURFACE('',#10619,7.5);
#10619 = AXIS2_PLACEMENT_3D('',#10620,#10621,#10622);
#10620 = CARTESIAN_POINT('',(-57.37313746769,4.,52.5000001));
#10621 = DIRECTION('',(-1.224646799147E-16,-1.,0.));
#10622 = DIRECTION('',(-0.944496796706,1.156674978891E-16,
    -0.328520624941));
#10623 = DEFINITIONAL_REPRESENTATION('',(#10624),#10628);
#10624 = LINE('',#10625,#10626);
#10625 = CARTESIAN_POINT('',(1.570796326795,0.));
#10626 = VECTOR('',#10627,1.);
#10627 = DIRECTION('',(0.,1.));
#10628 = ( GEOMETRIC_REPRESENTATION_CONTEXT(2) 
PARAMETRIC_REPRESENTATION_CONTEXT() REPRESENTATION_CONTEXT('2D SPACE',''
  ) );
#10629 = ORIENTED_EDGE('',*,*,#10029,.F.);
#10630 = ORIENTED_EDGE('',*,*,#5690,.T.);
#10631 = ADVANCED_FACE('',(#10632),#6404,.T.);
#10632 = FACE_BOUND('',#10633,.T.);
#10633 = EDGE_LOOP('',(#10634,#10635,#10654,#10655));
#10634 = ORIENTED_EDGE('',*,*,#6390,.F.);
#10635 = ORIENTED_EDGE('',*,*,#10636,.F.);
#10636 = EDGE_CURVE('',#6722,#6363,#10637,.T.);
#10637 = SURFACE_CURVE('',#10638,(#10642,#10648),.PCURVE_S1.);
#10638 = LINE('',#10639,#10640);
#10639 = CARTESIAN_POINT('',(-47.,68.779903431687,28.284737440164));
#10640 = VECTOR('',#10641,1.);
#10641 = DIRECTION('',(-1.,0.,-0.));
#10642 = PCURVE('',#6404,#10643);
#10643 = DEFINITIONAL_REPRESENTATION('',(#10644),#10647);
#10644 = B_SPLINE_CURVE_WITH_KNOTS('',1,(#10645,#10646),.UNSPECIFIED.,
  .F.,.F.,(2,2),(-5.,0.),.PIECEWISE_BEZIER_KNOTS.);
#10645 = CARTESIAN_POINT('',(15.916624067942,-5.));
#10646 = CARTESIAN_POINT('',(15.916624067942,0.));
#10647 = ( GEOMETRIC_REPRESENTATION_CONTEXT(2) 
PARAMETRIC_REPRESENTATION_CONTEXT() REPRESENTATION_CONTEXT('2D SPACE',''
  ) );
#10648 = PCURVE('',#6378,#10649);
#10649 = DEFINITIONAL_REPRESENTATION('',(#10650),#10653);
#10650 = B_SPLINE_CURVE_WITH_KNOTS('',1,(#10651,#10652),.UNSPECIFIED.,
  .F.,.F.,(2,2),(-5.,0.),.PIECEWISE_BEZIER_KNOTS.);
#10651 = CARTESIAN_POINT('',(16.395099370361,-5.));
#10652 = CARTESIAN_POINT('',(16.395099370361,0.));
#10653 = ( GEOMETRIC_REPRESENTATION_CONTEXT(2) 
PARAMETRIC_REPRESENTATION_CONTEXT() REPRESENTATION_CONTEXT('2D SPACE',''
  ) );
#10654 = ORIENTED_EDGE('',*,*,#6744,.T.);
#10655 = ORIENTED_EDGE('',*,*,#6861,.F.);
#10656 = ADVANCED_FACE('',(#10657),#6378,.T.);
#10657 = FACE_BOUND('',#10658,.T.);
#10658 = EDGE_LOOP('',(#10659,#10660,#10681,#10682));
#10659 = ORIENTED_EDGE('',*,*,#6362,.F.);
#10660 = ORIENTED_EDGE('',*,*,#10661,.T.);
#10661 = EDGE_CURVE('',#6335,#6699,#10662,.T.);
#10662 = SURFACE_CURVE('',#10663,(#10667,#10674),.PCURVE_S1.);
#10663 = LINE('',#10664,#10665);
#10664 = CARTESIAN_POINT('',(-47.,78.873734498154,15.365222829868));
#10665 = VECTOR('',#10666,1.);
#10666 = DIRECTION('',(1.,0.,0.));
#10667 = PCURVE('',#6378,#10668);
#10668 = DEFINITIONAL_REPRESENTATION('',(#10669),#10673);
#10669 = LINE('',#10670,#10671);
#10670 = CARTESIAN_POINT('',(0.,0.));
#10671 = VECTOR('',#10672,1.);
#10672 = DIRECTION('',(0.,-1.));
#10673 = ( GEOMETRIC_REPRESENTATION_CONTEXT(2) 
PARAMETRIC_REPRESENTATION_CONTEXT() REPRESENTATION_CONTEXT('2D SPACE',''
  ) );
#10674 = PCURVE('',#6350,#10675);
#10675 = DEFINITIONAL_REPRESENTATION('',(#10676),#10680);
#10676 = LINE('',#10677,#10678);
#10677 = CARTESIAN_POINT('',(32.,0.));
#10678 = VECTOR('',#10679,1.);
#10679 = DIRECTION('',(0.,-1.));
#10680 = ( GEOMETRIC_REPRESENTATION_CONTEXT(2) 
PARAMETRIC_REPRESENTATION_CONTEXT() REPRESENTATION_CONTEXT('2D SPACE',''
  ) );
#10681 = ORIENTED_EDGE('',*,*,#6721,.T.);
#10682 = ORIENTED_EDGE('',*,*,#10636,.T.);
#10683 = ADVANCED_FACE('',(#10684),#6350,.T.);
#10684 = FACE_BOUND('',#10685,.T.);
#10685 = EDGE_LOOP('',(#10686,#10707,#10708,#10709));
#10686 = ORIENTED_EDGE('',*,*,#10687,.T.);
#10687 = EDGE_CURVE('',#6307,#6676,#10688,.T.);
#10688 = SURFACE_CURVE('',#10689,(#10693,#10700),.PCURVE_S1.);
#10689 = LINE('',#10690,#10691);
#10690 = CARTESIAN_POINT('',(-47.,104.09007861356,35.06639004029));
#10691 = VECTOR('',#10692,1.);
#10692 = DIRECTION('',(1.,0.,0.));
#10693 = PCURVE('',#6350,#10694);
#10694 = DEFINITIONAL_REPRESENTATION('',(#10695),#10699);
#10695 = LINE('',#10696,#10697);
#10696 = CARTESIAN_POINT('',(0.,0.));
#10697 = VECTOR('',#10698,1.);
#10698 = DIRECTION('',(0.,-1.));
#10699 = ( GEOMETRIC_REPRESENTATION_CONTEXT(2) 
PARAMETRIC_REPRESENTATION_CONTEXT() REPRESENTATION_CONTEXT('2D SPACE',''
  ) );
#10700 = PCURVE('',#6322,#10701);
#10701 = DEFINITIONAL_REPRESENTATION('',(#10702),#10706);
#10702 = LINE('',#10703,#10704);
#10703 = CARTESIAN_POINT('',(37.999645817459,0.));
#10704 = VECTOR('',#10705,1.);
#10705 = DIRECTION('',(0.,-1.));
#10706 = ( GEOMETRIC_REPRESENTATION_CONTEXT(2) 
PARAMETRIC_REPRESENTATION_CONTEXT() REPRESENTATION_CONTEXT('2D SPACE',''
  ) );
#10707 = ORIENTED_EDGE('',*,*,#6698,.T.);
#10708 = ORIENTED_EDGE('',*,*,#10661,.F.);
#10709 = ORIENTED_EDGE('',*,*,#6334,.F.);
#10710 = ADVANCED_FACE('',(#10711),#6322,.T.);
#10711 = FACE_BOUND('',#10712,.T.);
#10712 = EDGE_LOOP('',(#10713,#10734,#10735,#10736));
#10713 = ORIENTED_EDGE('',*,*,#10714,.T.);
#10714 = EDGE_CURVE('',#6279,#6653,#10715,.T.);
#10715 = SURFACE_CURVE('',#10716,(#10720,#10727),.PCURVE_S1.);
#10716 = LINE('',#10717,#10718);
#10717 = CARTESIAN_POINT('',(-47.,80.69516060774,65.010519577694));
#10718 = VECTOR('',#10719,1.);
#10719 = DIRECTION('',(1.,0.,0.));
#10720 = PCURVE('',#6322,#10721);
#10721 = DEFINITIONAL_REPRESENTATION('',(#10722),#10726);
#10722 = LINE('',#10723,#10724);
#10723 = CARTESIAN_POINT('',(0.,0.));
#10724 = VECTOR('',#10725,1.);
#10725 = DIRECTION('',(0.,-1.));
#10726 = ( GEOMETRIC_REPRESENTATION_CONTEXT(2) 
PARAMETRIC_REPRESENTATION_CONTEXT() REPRESENTATION_CONTEXT('2D SPACE',''
  ) );
#10727 = PCURVE('',#6294,#10728);
#10728 = DEFINITIONAL_REPRESENTATION('',(#10729),#10733);
#10729 = LINE('',#10730,#10731);
#10730 = CARTESIAN_POINT('',(32.,0.));
#10731 = VECTOR('',#10732,1.);
#10732 = DIRECTION('',(0.,-1.));
#10733 = ( GEOMETRIC_REPRESENTATION_CONTEXT(2) 
PARAMETRIC_REPRESENTATION_CONTEXT() REPRESENTATION_CONTEXT('2D SPACE',''
  ) );
#10734 = ORIENTED_EDGE('',*,*,#6675,.T.);
#10735 = ORIENTED_EDGE('',*,*,#10687,.F.);
#10736 = ORIENTED_EDGE('',*,*,#6306,.F.);
#10737 = ADVANCED_FACE('',(#10738),#6294,.T.);
#10738 = FACE_BOUND('',#10739,.T.);
#10739 = EDGE_LOOP('',(#10740,#10741,#10762,#10763));
#10740 = ORIENTED_EDGE('',*,*,#6278,.F.);
#10741 = ORIENTED_EDGE('',*,*,#10742,.T.);
#10742 = EDGE_CURVE('',#6251,#6630,#10743,.T.);
#10743 = SURFACE_CURVE('',#10744,(#10748,#10755),.PCURVE_S1.);
#10744 = LINE('',#10745,#10746);
#10745 = CARTESIAN_POINT('',(-47.,55.478816492325,45.309352367273));
#10746 = VECTOR('',#10747,1.);
#10747 = DIRECTION('',(1.,0.,0.));
#10748 = PCURVE('',#6294,#10749);
#10749 = DEFINITIONAL_REPRESENTATION('',(#10750),#10754);
#10750 = LINE('',#10751,#10752);
#10751 = CARTESIAN_POINT('',(0.,0.));
#10752 = VECTOR('',#10753,1.);
#10753 = DIRECTION('',(0.,-1.));
#10754 = ( GEOMETRIC_REPRESENTATION_CONTEXT(2) 
PARAMETRIC_REPRESENTATION_CONTEXT() REPRESENTATION_CONTEXT('2D SPACE',''
  ) );
#10755 = PCURVE('',#6266,#10756);
#10756 = DEFINITIONAL_REPRESENTATION('',(#10757),#10761);
#10757 = LINE('',#10758,#10759);
#10758 = CARTESIAN_POINT('',(37.999645817459,0.));
#10759 = VECTOR('',#10760,1.);
#10760 = DIRECTION('',(0.,-1.));
#10761 = ( GEOMETRIC_REPRESENTATION_CONTEXT(2) 
PARAMETRIC_REPRESENTATION_CONTEXT() REPRESENTATION_CONTEXT('2D SPACE',''
  ) );
#10762 = ORIENTED_EDGE('',*,*,#6652,.F.);
#10763 = ORIENTED_EDGE('',*,*,#10714,.F.);
#10764 = ADVANCED_FACE('',(#10765),#6266,.T.);
#10765 = FACE_BOUND('',#10766,.T.);
#10766 = EDGE_LOOP('',(#10767,#10768,#10787,#10788));
#10767 = ORIENTED_EDGE('',*,*,#6250,.F.);
#10768 = ORIENTED_EDGE('',*,*,#10769,.T.);
#10769 = EDGE_CURVE('',#6223,#6607,#10770,.T.);
#10770 = SURFACE_CURVE('',#10771,(#10775,#10781),.PCURVE_S1.);
#10771 = LINE('',#10772,#10773);
#10772 = CARTESIAN_POINT('',(-47.,55.677965324057,45.054453486536));
#10773 = VECTOR('',#10774,1.);
#10774 = DIRECTION('',(1.,0.,0.));
#10775 = PCURVE('',#6266,#10776);
#10776 = DEFINITIONAL_REPRESENTATION('',(#10777),#10780);
#10777 = B_SPLINE_CURVE_WITH_KNOTS('',1,(#10778,#10779),.UNSPECIFIED.,
  .F.,.F.,(2,2),(0.,5.),.PIECEWISE_BEZIER_KNOTS.);
#10778 = CARTESIAN_POINT('',(37.676174494803,0.));
#10779 = CARTESIAN_POINT('',(37.676174494803,-5.));
#10780 = ( GEOMETRIC_REPRESENTATION_CONTEXT(2) 
PARAMETRIC_REPRESENTATION_CONTEXT() REPRESENTATION_CONTEXT('2D SPACE',''
  ) );
#10781 = PCURVE('',#6238,#10782);
#10782 = DEFINITIONAL_REPRESENTATION('',(#10783),#10786);
#10783 = B_SPLINE_CURVE_WITH_KNOTS('',1,(#10784,#10785),.UNSPECIFIED.,
  .F.,.F.,(2,2),(0.,5.),.PIECEWISE_BEZIER_KNOTS.);
#10784 = CARTESIAN_POINT('',(1.686633659269,0.));
#10785 = CARTESIAN_POINT('',(1.686633659269,-5.));
#10786 = ( GEOMETRIC_REPRESENTATION_CONTEXT(2) 
PARAMETRIC_REPRESENTATION_CONTEXT() REPRESENTATION_CONTEXT('2D SPACE',''
  ) );
#10787 = ORIENTED_EDGE('',*,*,#6629,.T.);
#10788 = ORIENTED_EDGE('',*,*,#10742,.F.);
#10789 = ADVANCED_FACE('',(#10790),#6238,.T.);
#10790 = FACE_BOUND('',#10791,.T.);
#10791 = EDGE_LOOP('',(#10792,#10793,#10794,#10795));
#10792 = ORIENTED_EDGE('',*,*,#6222,.F.);
#10793 = ORIENTED_EDGE('',*,*,#6556,.T.);
#10794 = ORIENTED_EDGE('',*,*,#6606,.T.);
#10795 = ORIENTED_EDGE('',*,*,#10769,.F.);
#10796 = ADVANCED_FACE('',(#10797),#6435,.F.);
#10797 = FACE_BOUND('',#10798,.F.);
#10798 = EDGE_LOOP('',(#10799,#10800,#10821,#10822));
#10799 = ORIENTED_EDGE('',*,*,#6418,.F.);
#10800 = ORIENTED_EDGE('',*,*,#10801,.T.);
#10801 = EDGE_CURVE('',#6419,#6768,#10802,.T.);
#10802 = SURFACE_CURVE('',#10803,(#10807,#10814),.PCURVE_S1.);
#10803 = LINE('',#10804,#10805);
#10804 = CARTESIAN_POINT('',(-49.,83.835444934532,32.566427134961));
#10805 = VECTOR('',#10806,1.);
#10806 = DIRECTION('',(1.,0.,0.));
#10807 = PCURVE('',#6435,#10808);
#10808 = DEFINITIONAL_REPRESENTATION('',(#10809),#10813);
#10809 = LINE('',#10810,#10811);
#10810 = CARTESIAN_POINT('',(0.,0.));
#10811 = VECTOR('',#10812,1.);
#10812 = DIRECTION('',(0.,-1.));
#10813 = ( GEOMETRIC_REPRESENTATION_CONTEXT(2) 
PARAMETRIC_REPRESENTATION_CONTEXT() REPRESENTATION_CONTEXT('2D SPACE',''
  ) );
#10814 = PCURVE('',#6463,#10815);
#10815 = DEFINITIONAL_REPRESENTATION('',(#10816),#10820);
#10816 = LINE('',#10817,#10818);
#10817 = CARTESIAN_POINT('',(3.14159265359,0.));
#10818 = VECTOR('',#10819,1.);
#10819 = DIRECTION('',(0.,-1.));
#10820 = ( GEOMETRIC_REPRESENTATION_CONTEXT(2) 
PARAMETRIC_REPRESENTATION_CONTEXT() REPRESENTATION_CONTEXT('2D SPACE',''
  ) );
#10821 = ORIENTED_EDGE('',*,*,#6767,.T.);
#10822 = ORIENTED_EDGE('',*,*,#10823,.F.);
#10823 = EDGE_CURVE('',#6421,#6770,#10824,.T.);
#10824 = SURFACE_CURVE('',#10825,(#10829,#10836),.PCURVE_S1.);
#10825 = LINE('',#10826,#10827);
#10826 = CARTESIAN_POINT('',(-49.,74.600522804647,44.386588439062));
#10827 = VECTOR('',#10828,1.);
#10828 = DIRECTION('',(1.,0.,0.));
#10829 = PCURVE('',#6435,#10830);
#10830 = DEFINITIONAL_REPRESENTATION('',(#10831),#10835);
#10831 = LINE('',#10832,#10833);
#10832 = CARTESIAN_POINT('',(15.,0.));
#10833 = VECTOR('',#10834,1.);
#10834 = DIRECTION('',(0.,-1.));
#10835 = ( GEOMETRIC_REPRESENTATION_CONTEXT(2) 
PARAMETRIC_REPRESENTATION_CONTEXT() REPRESENTATION_CONTEXT('2D SPACE',''
  ) );
#10836 = PCURVE('',#6516,#10837);
#10837 = DEFINITIONAL_REPRESENTATION('',(#10838),#10842);
#10838 = LINE('',#10839,#10840);
#10839 = CARTESIAN_POINT('',(0.,0.));
#10840 = VECTOR('',#10841,1.);
#10841 = DIRECTION('',(0.,-1.));
#10842 = ( GEOMETRIC_REPRESENTATION_CONTEXT(2) 
PARAMETRIC_REPRESENTATION_CONTEXT() REPRESENTATION_CONTEXT('2D SPACE',''
  ) );
#10843 = ADVANCED_FACE('',(#10844),#6463,.F.);
#10844 = FACE_BOUND('',#10845,.F.);
#10845 = EDGE_LOOP('',(#10846,#10847,#10868,#10869));
#10846 = ORIENTED_EDGE('',*,*,#6446,.F.);
#10847 = ORIENTED_EDGE('',*,*,#10848,.T.);
#10848 = EDGE_CURVE('',#6447,#6791,#10849,.T.);
#10849 = SURFACE_CURVE('',#10850,(#10854,#10861),.PCURVE_S1.);
#10850 = LINE('',#10851,#10852);
#10851 = CARTESIAN_POINT('',(-49.,86.199477195353,34.413411560938));
#10852 = VECTOR('',#10853,1.);
#10853 = DIRECTION('',(1.,0.,0.));
#10854 = PCURVE('',#6463,#10855);
#10855 = DEFINITIONAL_REPRESENTATION('',(#10856),#10860);
#10856 = LINE('',#10857,#10858);
#10857 = CARTESIAN_POINT('',(0.,0.));
#10858 = VECTOR('',#10859,1.);
#10859 = DIRECTION('',(0.,-1.));
#10860 = ( GEOMETRIC_REPRESENTATION_CONTEXT(2) 
PARAMETRIC_REPRESENTATION_CONTEXT() REPRESENTATION_CONTEXT('2D SPACE',''
  ) );
#10861 = PCURVE('',#6490,#10862);
#10862 = DEFINITIONAL_REPRESENTATION('',(#10863),#10867);
#10863 = LINE('',#10864,#10865);
#10864 = CARTESIAN_POINT('',(15.,0.));
#10865 = VECTOR('',#10866,1.);
#10866 = DIRECTION('',(0.,-1.));
#10867 = ( GEOMETRIC_REPRESENTATION_CONTEXT(2) 
PARAMETRIC_REPRESENTATION_CONTEXT() REPRESENTATION_CONTEXT('2D SPACE',''
  ) );
#10868 = ORIENTED_EDGE('',*,*,#6790,.T.);
#10869 = ORIENTED_EDGE('',*,*,#10801,.F.);
#10870 = ADVANCED_FACE('',(#10871),#6516,.F.);
#10871 = FACE_BOUND('',#10872,.F.);
#10872 = EDGE_LOOP('',(#10873,#10874,#10875,#10876));
#10873 = ORIENTED_EDGE('',*,*,#6501,.F.);
#10874 = ORIENTED_EDGE('',*,*,#10823,.T.);
#10875 = ORIENTED_EDGE('',*,*,#6835,.T.);
#10876 = ORIENTED_EDGE('',*,*,#10877,.F.);
#10877 = EDGE_CURVE('',#6476,#6815,#10878,.T.);
#10878 = SURFACE_CURVE('',#10879,(#10883,#10890),.PCURVE_S1.);
#10879 = LINE('',#10880,#10881);
#10880 = CARTESIAN_POINT('',(-49.,76.964555065468,46.233572865039));
#10881 = VECTOR('',#10882,1.);
#10882 = DIRECTION('',(1.,0.,0.));
#10883 = PCURVE('',#6516,#10884);
#10884 = DEFINITIONAL_REPRESENTATION('',(#10885),#10889);
#10885 = LINE('',#10886,#10887);
#10886 = CARTESIAN_POINT('',(3.14159265359,0.));
#10887 = VECTOR('',#10888,1.);
#10888 = DIRECTION('',(0.,-1.));
#10889 = ( GEOMETRIC_REPRESENTATION_CONTEXT(2) 
PARAMETRIC_REPRESENTATION_CONTEXT() REPRESENTATION_CONTEXT('2D SPACE',''
  ) );
#10890 = PCURVE('',#6490,#10891);
#10891 = DEFINITIONAL_REPRESENTATION('',(#10892),#10896);
#10892 = LINE('',#10893,#10894);
#10893 = CARTESIAN_POINT('',(0.,0.));
#10894 = VECTOR('',#10895,1.);
#10895 = DIRECTION('',(0.,-1.));
#10896 = ( GEOMETRIC_REPRESENTATION_CONTEXT(2) 
PARAMETRIC_REPRESENTATION_CONTEXT() REPRESENTATION_CONTEXT('2D SPACE',''
  ) );
#10897 = ADVANCED_FACE('',(#10898),#6490,.F.);
#10898 = FACE_BOUND('',#10899,.F.);
#10899 = EDGE_LOOP('',(#10900,#10901,#10902,#10903));
#10900 = ORIENTED_EDGE('',*,*,#6475,.F.);
#10901 = ORIENTED_EDGE('',*,*,#10877,.T.);
#10902 = ORIENTED_EDGE('',*,*,#6814,.T.);
#10903 = ORIENTED_EDGE('',*,*,#10848,.F.);
#10904 = ADVANCED_FACE('',(#10905),#7075,.T.);
#10905 = FACE_BOUND('',#10906,.T.);
#10906 = EDGE_LOOP('',(#10907,#10908,#10929,#10930,#10952,#11013,#11068,
    #11093,#11136,#11245,#11270,#11379,#11422,#11447,#11502,#11572));
#10907 = ORIENTED_EDGE('',*,*,#7313,.F.);
#10908 = ORIENTED_EDGE('',*,*,#10909,.T.);
#10909 = EDGE_CURVE('',#7291,#7059,#10910,.T.);
#10910 = SURFACE_CURVE('',#10911,(#10915,#10922),.PCURVE_S1.);
#10911 = LINE('',#10912,#10913);
#10912 = CARTESIAN_POINT('',(-11.,-45.,45.));
#10913 = VECTOR('',#10914,1.);
#10914 = DIRECTION('',(1.,-2.22044604925E-16,0.));
#10915 = PCURVE('',#7075,#10916);
#10916 = DEFINITIONAL_REPRESENTATION('',(#10917),#10921);
#10917 = LINE('',#10918,#10919);
#10918 = CARTESIAN_POINT('',(0.,0.));
#10919 = VECTOR('',#10920,1.);
#10920 = DIRECTION('',(1.,0.));
#10921 = ( GEOMETRIC_REPRESENTATION_CONTEXT(2) 
PARAMETRIC_REPRESENTATION_CONTEXT() REPRESENTATION_CONTEXT('2D SPACE',''
  ) );
#10922 = PCURVE('',#7103,#10923);
#10923 = DEFINITIONAL_REPRESENTATION('',(#10924),#10928);
#10924 = LINE('',#10925,#10926);
#10925 = CARTESIAN_POINT('',(6.613481057646,11.192044866786));
#10926 = VECTOR('',#10927,1.);
#10927 = DIRECTION('',(0.860926528214,-0.508729312127));
#10928 = ( GEOMETRIC_REPRESENTATION_CONTEXT(2) 
PARAMETRIC_REPRESENTATION_CONTEXT() REPRESENTATION_CONTEXT('2D SPACE',''
  ) );
#10929 = ORIENTED_EDGE('',*,*,#7058,.T.);
#10930 = ORIENTED_EDGE('',*,*,#10931,.F.);
#10931 = EDGE_CURVE('',#10932,#7061,#10934,.T.);
#10932 = VERTEX_POINT('',#10933);
#10933 = CARTESIAN_POINT('',(2.119827998369,-50.,70.));
#10934 = SURFACE_CURVE('',#10935,(#10939,#10945),.PCURVE_S1.);
#10935 = LINE('',#10936,#10937);
#10936 = CARTESIAN_POINT('',(-10.,-50.,70.));
#10937 = VECTOR('',#10938,1.);
#10938 = DIRECTION('',(1.,-2.22044604925E-16,0.));
#10939 = PCURVE('',#7075,#10940);
#10940 = DEFINITIONAL_REPRESENTATION('',(#10941),#10944);
#10941 = B_SPLINE_CURVE_WITH_KNOTS('',1,(#10942,#10943),.UNSPECIFIED.,
  .F.,.F.,(2,2),(0.,20.),.PIECEWISE_BEZIER_KNOTS.);
#10942 = CARTESIAN_POINT('',(0.,1.));
#10943 = CARTESIAN_POINT('',(22.,1.));
#10944 = ( GEOMETRIC_REPRESENTATION_CONTEXT(2) 
PARAMETRIC_REPRESENTATION_CONTEXT() REPRESENTATION_CONTEXT('2D SPACE',''
  ) );
#10945 = PCURVE('',#7936,#10946);
#10946 = DEFINITIONAL_REPRESENTATION('',(#10947),#10951);
#10947 = LINE('',#10948,#10949);
#10948 = CARTESIAN_POINT('',(3.330669073875E-15,-41.));
#10949 = VECTOR('',#10950,1.);
#10950 = DIRECTION('',(1.,0.));
#10951 = ( GEOMETRIC_REPRESENTATION_CONTEXT(2) 
PARAMETRIC_REPRESENTATION_CONTEXT() REPRESENTATION_CONTEXT('2D SPACE',''
  ) );
#10952 = ORIENTED_EDGE('',*,*,#10953,.T.);
#10953 = EDGE_CURVE('',#10932,#10954,#10956,.T.);
#10954 = VERTEX_POINT('',#10955);
#10955 = CARTESIAN_POINT('',(2.42632581392,-49.94109473277,
    69.705473663891));
#10956 = SURFACE_CURVE('',#10957,(#10972,#10990),.PCURVE_S1.);
#10957 = B_SPLINE_CURVE_WITH_KNOTS('',7,(#10958,#10959,#10960,#10961,
    #10962,#10963,#10964,#10965,#10966,#10967,#10968,#10969,#10970,
    #10971),.UNSPECIFIED.,.F.,.F.,(8,6,8),(0.,0.482432062504,1.),
  .UNSPECIFIED.);
#10958 = CARTESIAN_POINT('',(2.119827998369,-50.,70.));
#10959 = CARTESIAN_POINT('',(2.218250311491,-49.98420629381,
    69.921031469082));
#10960 = CARTESIAN_POINT('',(2.313602146834,-49.96691322865,
    69.834566143278));
#10961 = CARTESIAN_POINT('',(2.405381252891,-49.94806207787,
    69.74031038939));
#10962 = CARTESIAN_POINT('',(2.492872189167,-49.9276028925,
    69.638014462518));
#10963 = CARTESIAN_POINT('',(2.575167803741,-49.90550464463,
    69.527523223168));
#10964 = CARTESIAN_POINT('',(2.65119975662,-49.88176710097,
    69.40883550489));
#10965 = CARTESIAN_POINT('',(2.793351030562,-49.82925675504,
    69.14628377523));
#10966 = CARTESIAN_POINT('',(2.858466753124,-49.80019823372,
    69.00099116864));
#10967 = CARTESIAN_POINT('',(2.913331637451,-49.76940473131,
    68.847023656569));
#10968 = CARTESIAN_POINT('',(2.956162541284,-49.73712262414,
    68.685613120715));
#10969 = CARTESIAN_POINT('',(2.985417993024,-49.7037172254,
    68.518586127019));
#10970 = CARTESIAN_POINT('',(3.,-49.66969046109,68.348452305464));
#10971 = CARTESIAN_POINT('',(3.,-49.63572396057,68.178619802876));
#10972 = PCURVE('',#7075,#10973);
#10973 = DEFINITIONAL_REPRESENTATION('',(#10974),#10989);
#10974 = B_SPLINE_CURVE_WITH_KNOTS('',7,(#10975,#10976,#10977,#10978,
    #10979,#10980,#10981,#10982,#10983,#10984,#10985,#10986,#10987,
    #10988),.UNSPECIFIED.,.F.,.F.,(8,6,8),(0.,0.482432062504,1.),
  .UNSPECIFIED.);
#10975 = CARTESIAN_POINT('',(13.331810798206,1.));
#10976 = CARTESIAN_POINT('',(13.439338783947,0.996841258763));
#10977 = CARTESIAN_POINT('',(13.54334006043,0.993382645731));
#10978 = CARTESIAN_POINT('',(13.643250585191,0.989612415576));
#10979 = CARTESIAN_POINT('',(13.738273794308,0.985520578501));
#10980 = CARTESIAN_POINT('',(13.82740679978,0.981100928927));
#10981 = CARTESIAN_POINT('',(13.909477160878,0.976353420196));
#10982 = CARTESIAN_POINT('',(14.062271873984,0.965851351009));
#10983 = CARTESIAN_POINT('',(14.13186530593,0.960039646746));
#10984 = CARTESIAN_POINT('',(14.190020995824,0.953880946263));
#10985 = CARTESIAN_POINT('',(14.234820455049,0.947424524829));
#10986 = CARTESIAN_POINT('',(14.26463383517,0.940743445081));
#10987 = CARTESIAN_POINT('',(14.27834115195,0.933938092219));
#10988 = CARTESIAN_POINT('',(14.276131674579,0.927144792115));
#10989 = ( GEOMETRIC_REPRESENTATION_CONTEXT(2) 
PARAMETRIC_REPRESENTATION_CONTEXT() REPRESENTATION_CONTEXT('2D SPACE',''
  ) );
#10990 = PCURVE('',#10991,#10996);
#10991 = CYLINDRICAL_SURFACE('',#10992,2.4);
#10992 = AXIS2_PLACEMENT_3D('',#10993,#10994,#10995);
#10993 = CARTESIAN_POINT('',(0.6,-53.55804666333,67.394155262324));
#10994 = DIRECTION('',(2.177326487309E-16,0.980580675691,0.196116135138)
  );
#10995 = DIRECTION('',(-4.354652974618E-17,-0.196116135138,
    0.980580675691));
#10996 = DEFINITIONAL_REPRESENTATION('',(#10997),#11012);
#10997 = B_SPLINE_CURVE_WITH_KNOTS('',7,(#10998,#10999,#11000,#11001,
    #11002,#11003,#11004,#11005,#11006,#11007,#11008,#11009,#11010,
    #11011),.UNSPECIFIED.,.F.,.F.,(8,6,8),(0.,0.482432062504,1.),
  .UNSPECIFIED.);
#10998 = CARTESIAN_POINT('',(0.685760360194,4.));
#10999 = CARTESIAN_POINT('',(0.73874820889,4.));
#11000 = CARTESIAN_POINT('',(0.792763148471,4.));
#11001 = CARTESIAN_POINT('',(0.847965379094,4.));
#11002 = CARTESIAN_POINT('',(0.904476507615,4.));
#11003 = CARTESIAN_POINT('',(0.962393257307,4.));
#11004 = CARTESIAN_POINT('',(1.021792727158,4.));
#11005 = CARTESIAN_POINT('',(1.148103721679,4.));
#11006 = CARTESIAN_POINT('',(1.215355455152,4.));
#11007 = CARTESIAN_POINT('',(1.284315519233,4.));
#11008 = CARTESIAN_POINT('',(1.354751235271,4.));
#11009 = CARTESIAN_POINT('',(1.426338529943,4.));
#11010 = CARTESIAN_POINT('',(1.498631389733,4.));
#11011 = CARTESIAN_POINT('',(1.570796326795,4.));
#11012 = ( GEOMETRIC_REPRESENTATION_CONTEXT(2) 
PARAMETRIC_REPRESENTATION_CONTEXT() REPRESENTATION_CONTEXT('2D SPACE',''
  ) );
#11013 = ORIENTED_EDGE('',*,*,#11014,.F.);
#11014 = EDGE_CURVE('',#11015,#10954,#11017,.T.);
#11015 = VERTEX_POINT('',#11016);
#11016 = CARTESIAN_POINT('',(7.722693830523,-49.4,67.));
#11017 = SURFACE_CURVE('',#11018,(#11031,#11047),.PCURVE_S1.);
#11018 = B_SPLINE_CURVE_WITH_KNOTS('',6,(#11019,#11020,#11021,#11022,
    #11023,#11024,#11025,#11026,#11027,#11028,#11029,#11030),
  .UNSPECIFIED.,.F.,.F.,(7,5,7),(0.,0.411597325959,1.),.UNSPECIFIED.);
#11019 = CARTESIAN_POINT('',(7.722695365739,-49.39999976,66.9999988));
#11020 = CARTESIAN_POINT('',(7.259259794933,-49.47244858089,
    67.36224290449));
#11021 = CARTESIAN_POINT('',(6.784015759392,-49.54139882116,
    67.706994105811));
#11022 = CARTESIAN_POINT('',(6.296578825168,-49.60643480981,
    68.032174049092));
#11023 = CARTESIAN_POINT('',(5.796825304315,-49.66705468438,
    68.335273421906));
#11024 = CARTESIAN_POINT('',(5.284934736439,-49.72269017888,
    68.61345089444));
#11025 = CARTESIAN_POINT('',(4.013305616277,-49.84434120129,
    69.221706006483));
#11026 = CARTESIAN_POINT('',(3.240933556777,-49.90460950455,
    69.523047522776));
#11027 = CARTESIAN_POINT('',(2.447521808352,-49.95170826617,
    69.758541330858));
#11028 = CARTESIAN_POINT('',(1.637855187144,-49.98391212647,
    69.919560632375));
#11029 = CARTESIAN_POINT('',(0.818733345141,-50.,70.));
#11030 = CARTESIAN_POINT('',(-1.06581410364E-14,-50.,70.));
#11031 = PCURVE('',#7075,#11032);
#11032 = DEFINITIONAL_REPRESENTATION('',(#11033),#11046);
#11033 = B_SPLINE_CURVE_WITH_KNOTS('',6,(#11034,#11035,#11036,#11037,
    #11038,#11039,#11040,#11041,#11042,#11043,#11044,#11045),
  .UNSPECIFIED.,.F.,.F.,(7,5,7),(0.,0.411597325959,1.),.UNSPECIFIED.);
#11034 = CARTESIAN_POINT('',(19.39423405338,0.879999952));
#11035 = CARTESIAN_POINT('',(18.902518560953,0.89448971618));
#11036 = CARTESIAN_POINT('',(18.395697671541,0.908279764232));
#11037 = CARTESIAN_POINT('',(17.87334043495,0.921286961964));
#11038 = CARTESIAN_POINT('',(17.335327179205,0.933410936876));
#11039 = CARTESIAN_POINT('',(16.781929240459,0.944538035778));
#11040 = CARTESIAN_POINT('',(15.402093995429,0.968868240259));
#11041 = CARTESIAN_POINT('',(14.559807503664,0.980921900911));
#11042 = CARTESIAN_POINT('',(13.690968645878,0.990341653234));
#11043 = CARTESIAN_POINT('',(12.801641075756,0.996782425295));
#11044 = CARTESIAN_POINT('',(11.900606679656,1.));
#11045 = CARTESIAN_POINT('',(11.,1.));
#11046 = ( GEOMETRIC_REPRESENTATION_CONTEXT(2) 
PARAMETRIC_REPRESENTATION_CONTEXT() REPRESENTATION_CONTEXT('2D SPACE',''
  ) );
#11047 = PCURVE('',#11048,#11053);
#11048 = CYLINDRICAL_SURFACE('',#11049,50.);
#11049 = AXIS2_PLACEMENT_3D('',#11050,#11051,#11052);
#11050 = CARTESIAN_POINT('',(0.,0.,67.));
#11051 = DIRECTION('',(-0.,-0.,-1.));
#11052 = DIRECTION('',(1.,0.,0.));
#11053 = DEFINITIONAL_REPRESENTATION('',(#11054),#11067);
#11054 = B_SPLINE_CURVE_WITH_KNOTS('',6,(#11055,#11056,#11057,#11058,
    #11059,#11060,#11061,#11062,#11063,#11064,#11065,#11066),
  .UNSPECIFIED.,.F.,.F.,(7,5,7),(0.,0.411597325959,1.),.UNSPECIFIED.);
#11055 = CARTESIAN_POINT('',(-4.867463684426,1.199999999812E-06));
#11056 = CARTESIAN_POINT('',(-4.858082397522,-0.36224290449));
#11057 = CARTESIAN_POINT('',(-4.848478583007,-0.706994105811));
#11058 = CARTESIAN_POINT('',(-4.838644440606,-1.032174049092));
#11059 = CARTESIAN_POINT('',(-4.828577243737,-1.335273421906));
#11060 = CARTESIAN_POINT('',(-4.818279996967,-1.61345089444));
#11061 = CARTESIAN_POINT('',(-4.792731301576,-2.221706006483));
#11062 = CARTESIAN_POINT('',(-4.77723928052,-2.523047522776));
#11063 = CARTESIAN_POINT('',(-4.761347328685,-2.758541330858));
#11064 = CARTESIAN_POINT('',(-4.745146081713,-2.919560632375));
#11065 = CARTESIAN_POINT('',(-4.728763647288,-3.));
#11066 = CARTESIAN_POINT('',(-4.712388980385,-3.));
#11067 = ( GEOMETRIC_REPRESENTATION_CONTEXT(2) 
PARAMETRIC_REPRESENTATION_CONTEXT() REPRESENTATION_CONTEXT('2D SPACE',''
  ) );
#11068 = ORIENTED_EDGE('',*,*,#11069,.T.);
#11069 = EDGE_CURVE('',#11015,#11070,#11072,.T.);
#11070 = VERTEX_POINT('',#11071);
#11071 = CARTESIAN_POINT('',(3.,-49.4,67.));
#11072 = SURFACE_CURVE('',#11073,(#11076,#11082),.PCURVE_S1.);
#11073 = B_SPLINE_CURVE_WITH_KNOTS('',1,(#11074,#11075),.UNSPECIFIED.,
  .F.,.F.,(2,2),(0.,1.),.PIECEWISE_BEZIER_KNOTS.);
#11074 = CARTESIAN_POINT('',(10.12,-49.4,67.));
#11075 = CARTESIAN_POINT('',(-10.12,-49.4,67.));
#11076 = PCURVE('',#7075,#11077);
#11077 = DEFINITIONAL_REPRESENTATION('',(#11078),#11081);
#11078 = B_SPLINE_CURVE_WITH_KNOTS('',1,(#11079,#11080),.UNSPECIFIED.,
  .F.,.F.,(2,2),(0.,1.),.PIECEWISE_BEZIER_KNOTS.);
#11079 = CARTESIAN_POINT('',(22.,0.88));
#11080 = CARTESIAN_POINT('',(0.,0.88));
#11081 = ( GEOMETRIC_REPRESENTATION_CONTEXT(2) 
PARAMETRIC_REPRESENTATION_CONTEXT() REPRESENTATION_CONTEXT('2D SPACE',''
  ) );
#11082 = PCURVE('',#11083,#11088);
#11083 = PLANE('',#11084);
#11084 = AXIS2_PLACEMENT_3D('',#11085,#11086,#11087);
#11085 = CARTESIAN_POINT('',(-1.75032336965E-15,3.209892110372E-15,67.)
  );
#11086 = DIRECTION('',(0.,0.,1.));
#11087 = DIRECTION('',(1.,0.,-0.));
#11088 = DEFINITIONAL_REPRESENTATION('',(#11089),#11092);
#11089 = B_SPLINE_CURVE_WITH_KNOTS('',1,(#11090,#11091),.UNSPECIFIED.,
  .F.,.F.,(2,2),(0.,1.),.PIECEWISE_BEZIER_KNOTS.);
#11090 = CARTESIAN_POINT('',(10.12,-49.4));
#11091 = CARTESIAN_POINT('',(-10.12,-49.4));
#11092 = ( GEOMETRIC_REPRESENTATION_CONTEXT(2) 
PARAMETRIC_REPRESENTATION_CONTEXT() REPRESENTATION_CONTEXT('2D SPACE',''
  ) );
#11093 = ORIENTED_EDGE('',*,*,#11094,.F.);
#11094 = EDGE_CURVE('',#11095,#11070,#11097,.T.);
#11095 = VERTEX_POINT('',#11096);
#11096 = CARTESIAN_POINT('',(3.,-45.67417803078,48.37089015392));
#11097 = SURFACE_CURVE('',#11098,(#11107,#11119),.PCURVE_S1.);
#11098 = B_SPLINE_CURVE_WITH_KNOTS('',4,(#11099,#11100,#11101,#11102,
    #11103,#11104,#11105,#11106),.UNSPECIFIED.,.F.,.F.,(5,3,5),(0.,
    0.500004981094,1.),.UNSPECIFIED.);
#11099 = CARTESIAN_POINT('',(3.,-45.67417803078,48.37089015392));
#11100 = CARTESIAN_POINT('',(3.,-46.16938113006,50.846905650329));
#11101 = CARTESIAN_POINT('',(3.,-46.66458278445,53.322913922289));
#11102 = CARTESIAN_POINT('',(3.,-47.15978286315,55.798914315795));
#11103 = CARTESIAN_POINT('',(3.,-48.15016967558,60.750848377919));
#11104 = CARTESIAN_POINT('',(3.,-48.64535640894,63.226782044701));
#11105 = CARTESIAN_POINT('',(3.,-49.14054123927,65.702706196384));
#11106 = CARTESIAN_POINT('',(3.,-49.63572396057,68.178619802877));
#11107 = PCURVE('',#7075,#11108);
#11108 = DEFINITIONAL_REPRESENTATION('',(#11109),#11118);
#11109 = B_SPLINE_CURVE_WITH_KNOTS('',4,(#11110,#11111,#11112,#11113,
    #11114,#11115,#11116,#11117),.UNSPECIFIED.,.F.,.F.,(5,3,5),(0.,
    0.500004981094,1.),.UNSPECIFIED.);
#11110 = CARTESIAN_POINT('',(14.037229704222,0.134835606157));
#11111 = CARTESIAN_POINT('',(14.064915351824,0.233876226013));
#11112 = CARTESIAN_POINT('',(14.093273905911,0.332916556892));
#11113 = CARTESIAN_POINT('',(14.12234207131,0.431956572632));
#11114 = CARTESIAN_POINT('',(14.181982131468,0.630033935117));
#11115 = CARTESIAN_POINT('',(14.212554036423,0.729071281788));
#11116 = CARTESIAN_POINT('',(14.243920676666,0.828108247855));
#11117 = CARTESIAN_POINT('',(14.276131678741,0.927144792115));
#11118 = ( GEOMETRIC_REPRESENTATION_CONTEXT(2) 
PARAMETRIC_REPRESENTATION_CONTEXT() REPRESENTATION_CONTEXT('2D SPACE',''
  ) );
#11119 = PCURVE('',#11120,#11125);
#11120 = PLANE('',#11121);
#11121 = AXIS2_PLACEMENT_3D('',#11122,#11123,#11124);
#11122 = CARTESIAN_POINT('',(3.,-41.28117660368,46.801961072814));
#11123 = DIRECTION('',(1.,-2.22044604925E-16,0.));
#11124 = DIRECTION('',(-4.354652974618E-17,-0.196116135138,
    0.980580675691));
#11125 = DEFINITIONAL_REPRESENTATION('',(#11126),#11135);
#11126 = B_SPLINE_CURVE_WITH_KNOTS('',4,(#11127,#11128,#11129,#11130,
    #11131,#11132,#11133,#11134),.UNSPECIFIED.,.F.,.F.,(5,3,5),(0.,
    0.500004981094,1.),.UNSPECIFIED.);
#11127 = CARTESIAN_POINT('',(2.4,4.));
#11128 = CARTESIAN_POINT('',(4.92505026643,4.));
#11129 = CARTESIAN_POINT('',(7.450093165338,4.));
#11130 = CARTESIAN_POINT('',(9.975128029768,4.));
#11131 = CARTESIAN_POINT('',(15.025129712327,4.));
#11132 = CARTESIAN_POINT('',(17.550096528584,4.));
#11133 = CARTESIAN_POINT('',(20.075053641305,4.));
#11134 = CARTESIAN_POINT('',(22.6,4.));
#11135 = ( GEOMETRIC_REPRESENTATION_CONTEXT(2) 
PARAMETRIC_REPRESENTATION_CONTEXT() REPRESENTATION_CONTEXT('2D SPACE',''
  ) );
#11136 = ORIENTED_EDGE('',*,*,#11137,.T.);
#11137 = EDGE_CURVE('',#11095,#11138,#11140,.T.);
#11138 = VERTEX_POINT('',#11139);
#11139 = CARTESIAN_POINT('',(0.6,-45.20349930645,46.017496532262));
#11140 = SURFACE_CURVE('',#11141,(#11172,#11206),.PCURVE_S1.);
#11141 = B_SPLINE_CURVE_WITH_KNOTS('',8,(#11142,#11143,#11144,#11145,
    #11146,#11147,#11148,#11149,#11150,#11151,#11152,#11153,#11154,
    #11155,#11156,#11157,#11158,#11159,#11160,#11161,#11162,#11163,
    #11164,#11165,#11166,#11167,#11168,#11169,#11170,#11171),
  .UNSPECIFIED.,.F.,.F.,(9,7,7,7,9),(0.,0.194882703625,0.32499973908,
    0.496058104814,1.),.UNSPECIFIED.);
#11142 = CARTESIAN_POINT('',(3.,-45.67417803078,48.37089015392));
#11143 = CARTESIAN_POINT('',(3.,-45.65272688881,48.263634444052));
#11144 = CARTESIAN_POINT('',(2.994302724234,-45.63128031092,
    48.156401554629));
#11145 = CARTESIAN_POINT('',(2.982913175476,-45.60997789944,
    48.049889497245));
#11146 = CARTESIAN_POINT('',(2.965966151216,-45.58894198056,
    47.944709902823));
#11147 = CARTESIAN_POINT('',(2.943690449394,-45.56827888548,
    47.841394427432));
#11148 = CARTESIAN_POINT('',(2.916381306827,-45.54808004604,
    47.740400230242));
#11149 = CARTESIAN_POINT('',(2.88438107033,-45.52842290472,
    47.642114523627));
#11150 = CARTESIAN_POINT('',(2.823823075745,-45.4966517098,
    47.483258549034));
#11151 = CARTESIAN_POINT('',(2.797647629993,-45.48419783371,
    47.420989168596));
#11152 = CARTESIAN_POINT('',(2.769645505189,-45.47202577429,
    47.360128871481));
#11153 = CARTESIAN_POINT('',(2.739921502514,-45.46014798941,
    47.300739947057));
#11154 = CARTESIAN_POINT('',(2.708579520369,-45.44857397871,
    47.242869893596));
#11155 = CARTESIAN_POINT('',(2.675720592328,-45.43731063103,
    47.186553155189));
#11156 = CARTESIAN_POINT('',(2.641440925087,-45.42636257173,
    47.131812858664));
#11157 = CARTESIAN_POINT('',(2.559013948769,-45.40175769916,
    47.008788495817));
#11158 = CARTESIAN_POINT('',(2.509901212994,-45.38833367996,
    46.941668399847));
#11159 = CARTESIAN_POINT('',(2.45869260672,-45.37546525189,
    46.877326259482));
#11160 = CARTESIAN_POINT('',(2.405576262014,-45.36315384402,
    46.815769220107));
#11161 = CARTESIAN_POINT('',(2.350726114214,-45.35139803086,
    46.756990154318));
#11162 = CARTESIAN_POINT('',(2.294300450765,-45.34019404812,
    46.700970240632));
#11163 = CARTESIAN_POINT('',(2.23644046006,-45.32953630844,
    46.647681542198));
#11164 = CARTESIAN_POINT('',(2.002947645349,-45.28960890258,
    46.448044512914));
#11165 = CARTESIAN_POINT('',(1.817580486012,-45.26453858719,
    46.322692935967));
#11166 = CARTESIAN_POINT('',(1.623992112377,-45.24393349857,
    46.219667492846));
#11167 = CARTESIAN_POINT('',(1.424439171464,-45.22765087751,
    46.138254387578));
#11168 = CARTESIAN_POINT('',(1.220857809147,-45.21554822845,
    46.077741142283));
#11169 = CARTESIAN_POINT('',(1.014815275394,-45.20752275882,
    46.037613794111));
#11170 = CARTESIAN_POINT('',(0.807562848009,-45.20349930645,
    46.017496532262));
#11171 = CARTESIAN_POINT('',(0.6,-45.20349930645,46.017496532262));
#11172 = PCURVE('',#7075,#11173);
#11173 = DEFINITIONAL_REPRESENTATION('',(#11174),#11205);
#11174 = B_SPLINE_CURVE_WITH_KNOTS('',8,(#11175,#11176,#11177,#11178,
    #11179,#11180,#11181,#11182,#11183,#11184,#11185,#11186,#11187,
    #11188,#11189,#11190,#11191,#11192,#11193,#11194,#11195,#11196,
    #11197,#11198,#11199,#11200,#11201,#11202,#11203,#11204),
  .UNSPECIFIED.,.F.,.F.,(9,7,7,7,9),(0.,0.194882703625,0.32499973908,
    0.496058104814,1.),.UNSPECIFIED.);
#11175 = CARTESIAN_POINT('',(14.037229700703,0.134835606157));
#11176 = CARTESIAN_POINT('',(14.036030417505,0.130545377762));
#11177 = CARTESIAN_POINT('',(14.029064490796,0.126256062185));
#11178 = CARTESIAN_POINT('',(14.016353910002,0.12199557989));
#11179 = CARTESIAN_POINT('',(13.998050992684,0.117788396113));
#11180 = CARTESIAN_POINT('',(13.974401345575,0.113655777097));
#11181 = CARTESIAN_POINT('',(13.945715464038,0.10961600921));
#11182 = CARTESIAN_POINT('',(13.912348969959,0.105684580945));
#11183 = CARTESIAN_POINT('',(13.849548774976,9.933034196134E-02));
#11184 = CARTESIAN_POINT('',(13.82248504431,9.683956674382E-02));
#11185 = CARTESIAN_POINT('',(13.793607149655,9.440515485923E-02));
#11186 = CARTESIAN_POINT('',(13.76302251376,9.20295978823E-02));
#11187 = CARTESIAN_POINT('',(13.730837198141,8.971479574385E-02));
#11188 = CARTESIAN_POINT('',(13.697153972688,8.746212620754E-02));
#11189 = CARTESIAN_POINT('',(13.662070385266,8.527251434656E-02));
#11190 = CARTESIAN_POINT('',(13.577832044207,8.03515398327E-02));
#11191 = CARTESIAN_POINT('',(13.527727511642,7.766673599389E-02));
#11192 = CARTESIAN_POINT('',(13.475566248602,7.509305037928E-02));
#11193 = CARTESIAN_POINT('',(13.421537660727,7.263076880427E-02));
#11194 = CARTESIAN_POINT('',(13.365816213977,7.027960617272E-02));
#11195 = CARTESIAN_POINT('',(13.30856010428,6.80388096253E-02));
#11196 = CARTESIAN_POINT('',(13.24990992718,6.590726168792E-02));
#11197 = CARTESIAN_POINT('',(13.013454044118,5.792178051656E-02));
#11198 = CARTESIAN_POINT('',(12.826219946812,5.29077174387E-02));
#11199 = CARTESIAN_POINT('',(12.631077562106,4.878669971382E-02));
#11200 = CARTESIAN_POINT('',(12.430238639579,4.553017550311E-02));
#11201 = CARTESIAN_POINT('',(12.225585336595,4.310964569131E-02));
#11202 = CARTESIAN_POINT('',(12.018628245177,4.150455176444E-02));
#11203 = CARTESIAN_POINT('',(11.81056191688,4.069986129047E-02));
#11204 = CARTESIAN_POINT('',(11.602228236882,4.069986129047E-02));
#11205 = ( GEOMETRIC_REPRESENTATION_CONTEXT(2) 
PARAMETRIC_REPRESENTATION_CONTEXT() REPRESENTATION_CONTEXT('2D SPACE',''
  ) );
#11206 = PCURVE('',#11207,#11212);
#11207 = CYLINDRICAL_SURFACE('',#11208,2.4);
#11208 = AXIS2_PLACEMENT_3D('',#11209,#11210,#11211);
#11209 = CARTESIAN_POINT('',(0.6,-41.75185532802,49.155354694473));
#11210 = DIRECTION('',(-2.177326487309E-16,-0.980580675691,
    -0.196116135138));
#11211 = DIRECTION('',(4.354652974618E-17,0.196116135138,-0.980580675691
    ));
#11212 = DEFINITIONAL_REPRESENTATION('',(#11213),#11244);
#11213 = B_SPLINE_CURVE_WITH_KNOTS('',8,(#11214,#11215,#11216,#11217,
    #11218,#11219,#11220,#11221,#11222,#11223,#11224,#11225,#11226,
    #11227,#11228,#11229,#11230,#11231,#11232,#11233,#11234,#11235,
    #11236,#11237,#11238,#11239,#11240,#11241,#11242,#11243),
  .UNSPECIFIED.,.F.,.F.,(9,7,7,7,9),(0.,0.194882703625,0.32499973908,
    0.496058104814,1.),.UNSPECIFIED.);
#11214 = CARTESIAN_POINT('',(1.570796326795,4.));
#11215 = CARTESIAN_POINT('',(1.525221413665,4.));
#11216 = CARTESIAN_POINT('',(1.479656261658,4.));
#11217 = CARTESIAN_POINT('',(1.434252915778,4.));
#11218 = CARTESIAN_POINT('',(1.389127834367,4.));
#11219 = CARTESIAN_POINT('',(1.344373885308,4.));
#11220 = CARTESIAN_POINT('',(1.300068896371,4.));
#11221 = CARTESIAN_POINT('',(1.256280759696,4.));
#11222 = CARTESIAN_POINT('',(1.184218021551,4.));
#11223 = CARTESIAN_POINT('',(1.155614831115,4.));
#11224 = CARTESIAN_POINT('',(1.12726928252,4.));
#11225 = CARTESIAN_POINT('',(1.099187632369,4.));
#11226 = CARTESIAN_POINT('',(1.071372943337,4.));
#11227 = CARTESIAN_POINT('',(1.04382539706,4.));
#11228 = CARTESIAN_POINT('',(1.016542607016,4.));
#11229 = CARTESIAN_POINT('',(0.953994569875,4.));
#11230 = CARTESIAN_POINT('',(0.918921790711,4.));
#11231 = CARTESIAN_POINT('',(0.884287641688,4.));
#11232 = CARTESIAN_POINT('',(0.850076781259,4.));
#11233 = CARTESIAN_POINT('',(0.816272136045,4.));
#11234 = CARTESIAN_POINT('',(0.782854558316,4.));
#11235 = CARTESIAN_POINT('',(0.749802483484,4.));
#11236 = CARTESIAN_POINT('',(0.620724532955,4.));
#11237 = CARTESIAN_POINT('',(0.527504781013,4.));
#11238 = CARTESIAN_POINT('',(0.436575617375,4.));
#11239 = CARTESIAN_POINT('',(0.347449662582,4.));
#11240 = CARTESIAN_POINT('',(0.259675301693,4.));
#11241 = CARTESIAN_POINT('',(0.17283993967,4.));
#11242 = CARTESIAN_POINT('',(8.64845200038E-02,4.));
#11243 = CARTESIAN_POINT('',(0.,4.));
#11244 = ( GEOMETRIC_REPRESENTATION_CONTEXT(2) 
PARAMETRIC_REPRESENTATION_CONTEXT() REPRESENTATION_CONTEXT('2D SPACE',''
  ) );
#11245 = ORIENTED_EDGE('',*,*,#11246,.T.);
#11246 = EDGE_CURVE('',#11138,#11247,#11249,.T.);
#11247 = VERTEX_POINT('',#11248);
#11248 = CARTESIAN_POINT('',(-0.6,-45.20349930645,46.017496532262));
#11249 = SURFACE_CURVE('',#11250,(#11253,#11259),.PCURVE_S1.);
#11250 = B_SPLINE_CURVE_WITH_KNOTS('',1,(#11251,#11252),.UNSPECIFIED.,
  .F.,.F.,(2,2),(0.,1.),.PIECEWISE_BEZIER_KNOTS.);
#11251 = CARTESIAN_POINT('',(0.6,-45.20349930645,46.017496532262));
#11252 = CARTESIAN_POINT('',(-0.6,-45.20349930645,46.017496532262));
#11253 = PCURVE('',#7075,#11254);
#11254 = DEFINITIONAL_REPRESENTATION('',(#11255),#11258);
#11255 = B_SPLINE_CURVE_WITH_KNOTS('',1,(#11256,#11257),.UNSPECIFIED.,
  .F.,.F.,(2,2),(0.,1.),.PIECEWISE_BEZIER_KNOTS.);
#11256 = CARTESIAN_POINT('',(11.602228236882,4.069986129047E-02));
#11257 = CARTESIAN_POINT('',(10.397771763118,4.069986129047E-02));
#11258 = ( GEOMETRIC_REPRESENTATION_CONTEXT(2) 
PARAMETRIC_REPRESENTATION_CONTEXT() REPRESENTATION_CONTEXT('2D SPACE',''
  ) );
#11259 = PCURVE('',#11260,#11265);
#11260 = PLANE('',#11261);
#11261 = AXIS2_PLACEMENT_3D('',#11262,#11263,#11264);
#11262 = CARTESIAN_POINT('',(-3.,-41.28117660368,46.801961072814));
#11263 = DIRECTION('',(-4.354652974618E-17,-0.196116135138,
    0.980580675691));
#11264 = DIRECTION('',(-2.177326487309E-16,-0.980580675691,
    -0.196116135138));
#11265 = DEFINITIONAL_REPRESENTATION('',(#11266),#11269);
#11266 = B_SPLINE_CURVE_WITH_KNOTS('',1,(#11267,#11268),.UNSPECIFIED.,
  .F.,.F.,(2,2),(0.,1.),.PIECEWISE_BEZIER_KNOTS.);
#11267 = CARTESIAN_POINT('',(4.,3.6));
#11268 = CARTESIAN_POINT('',(4.,2.4));
#11269 = ( GEOMETRIC_REPRESENTATION_CONTEXT(2) 
PARAMETRIC_REPRESENTATION_CONTEXT() REPRESENTATION_CONTEXT('2D SPACE',''
  ) );
#11270 = ORIENTED_EDGE('',*,*,#11271,.T.);
#11271 = EDGE_CURVE('',#11247,#11272,#11274,.T.);
#11272 = VERTEX_POINT('',#11273);
#11273 = CARTESIAN_POINT('',(-3.,-45.67417803078,48.37089015392));
#11274 = SURFACE_CURVE('',#11275,(#11306,#11340),.PCURVE_S1.);
#11275 = B_SPLINE_CURVE_WITH_KNOTS('',8,(#11276,#11277,#11278,#11279,
    #11280,#11281,#11282,#11283,#11284,#11285,#11286,#11287,#11288,
    #11289,#11290,#11291,#11292,#11293,#11294,#11295,#11296,#11297,
    #11298,#11299,#11300,#11301,#11302,#11303,#11304,#11305),
  .UNSPECIFIED.,.F.,.F.,(9,7,7,7,9),(0.,0.509096230502,0.674281762108,
    0.801555886858,1.),.UNSPECIFIED.);
#11276 = CARTESIAN_POINT('',(-0.6,-45.20349930645,46.017496532262));
#11277 = CARTESIAN_POINT('',(-0.809687256722,-45.20349930645,
    46.017496532262));
#11278 = CARTESIAN_POINT('',(-1.019047291126,-45.20760554569,
    46.038027728495));
#11279 = CARTESIAN_POINT('',(-1.227163351302,-45.21579517621,
    46.078975881074));
#11280 = CARTESIAN_POINT('',(-1.432746640651,-45.22814726104,
    46.140736305219));
#11281 = CARTESIAN_POINT('',(-1.634175409867,-45.2447687269,
    46.223843634507));
#11282 = CARTESIAN_POINT('',(-1.829437398846,-45.26580818948,
    46.329040947415));
#11283 = CARTESIAN_POINT('',(-2.016184470149,-45.29141195141,
    46.457059757085));
#11284 = CARTESIAN_POINT('',(-2.248337969089,-45.3317458388,
    46.658729194024));
#11285 = CARTESIAN_POINT('',(-2.303966300901,-45.34213086398,
    46.710654319903));
#11286 = CARTESIAN_POINT('',(-2.358237492537,-45.35302599619,
    46.765129980986));
#11287 = CARTESIAN_POINT('',(-2.411022849706,-45.36443611481,
    46.822180574063));
#11288 = CARTESIAN_POINT('',(-2.462178754177,-45.37636445968,
    46.881822298417));
#11289 = CARTESIAN_POINT('',(-2.511547921334,-45.38881218903,
    46.94406094517));
#11290 = CARTESIAN_POINT('',(-2.558960657725,-45.40177793732,
    47.008889686642));
#11291 = CARTESIAN_POINT('',(-2.639120497428,-45.42564317011,
    47.128215850596));
#11292 = CARTESIAN_POINT('',(-2.672733942162,-45.43633331543,
    47.181666577177));
#11293 = CARTESIAN_POINT('',(-2.704992884821,-45.44732531941,
    47.236626597094));
#11294 = CARTESIAN_POINT('',(-2.735807564486,-45.45861494776,
    47.293074738846));
#11295 = CARTESIAN_POINT('',(-2.765083754715,-45.47019591186,
    47.350979559317));
#11296 = CARTESIAN_POINT('',(-2.792724490935,-45.48205955906,
    47.410297795316));
#11297 = CARTESIAN_POINT('',(-2.818631797833,-45.49419456302,
    47.470972815122));
#11298 = CARTESIAN_POINT('',(-2.880248358963,-45.52590813415,
    47.629540670794));
#11299 = CARTESIAN_POINT('',(-2.913357267564,-45.54586435316,
    47.729321765832));
#11300 = CARTESIAN_POINT('',(-2.941633875601,-45.56638914973,
    47.831945748694));
#11301 = CARTESIAN_POINT('',(-2.964713863834,-45.58740215265,
    47.937010763263));
#11302 = CARTESIAN_POINT('',(-2.982281784729,-45.60880791967,
    48.044039598374));
#11303 = CARTESIAN_POINT('',(-2.994092195475,-45.63049490061,
    48.152474503056));
#11304 = CARTESIAN_POINT('',(-3.,-45.65233418447,48.261670922379));
#11305 = CARTESIAN_POINT('',(-3.,-45.67417803078,48.37089015392));
#11306 = PCURVE('',#7075,#11307);
#11307 = DEFINITIONAL_REPRESENTATION('',(#11308),#11339);
#11308 = B_SPLINE_CURVE_WITH_KNOTS('',8,(#11309,#11310,#11311,#11312,
    #11313,#11314,#11315,#11316,#11317,#11318,#11319,#11320,#11321,
    #11322,#11323,#11324,#11325,#11326,#11327,#11328,#11329,#11330,
    #11331,#11332,#11333,#11334,#11335,#11336,#11337,#11338),
  .UNSPECIFIED.,.F.,.F.,(9,7,7,7,9),(0.,0.509096230502,0.674281762108,
    0.801555886858,1.),.UNSPECIFIED.);
#11309 = CARTESIAN_POINT('',(10.397771763118,4.069986129047E-02));
#11310 = CARTESIAN_POINT('',(10.18730578493,4.069986129047E-02));
#11311 = CARTESIAN_POINT('',(9.97712311238,4.152110913982E-02));
#11312 = CARTESIAN_POINT('',(9.768081093631,4.315903524296E-02));
#11313 = CARTESIAN_POINT('',(9.561410044594,4.562945220878E-02));
#11314 = CARTESIAN_POINT('',(9.358673290011,4.895374538029E-02));
#11315 = CARTESIAN_POINT('',(9.161827479966,5.316163789661E-02));
#11316 = CARTESIAN_POINT('',(8.973174903517,5.828239028341E-02));
#11317 = CARTESIAN_POINT('',(8.738028751939,6.634916776097E-02));
#11318 = CARTESIAN_POINT('',(8.681630489908,6.842617279614E-02));
#11319 = CARTESIAN_POINT('',(8.626551751154,7.060519923943E-02));
#11320 = CARTESIAN_POINT('',(8.572920746535,7.288722296253E-02));
#11321 = CARTESIAN_POINT('',(8.52088105654,7.527289193668E-02));
#11322 = CARTESIAN_POINT('',(8.470590476208,7.776243780681E-02));
#11323 = CARTESIAN_POINT('',(8.422219860049,8.03555874657E-02));
#11324 = CARTESIAN_POINT('',(8.340302927119,8.512863402385E-02));
#11325 = CARTESIAN_POINT('',(8.305904357026,8.726666308706E-02));
#11326 = CARTESIAN_POINT('',(8.272840731648,8.946506388377E-02));
#11327 = CARTESIAN_POINT('',(8.241203049586,9.172298955385E-02));
#11328 = CARTESIAN_POINT('',(8.211087134599,9.403918237267E-02));
#11329 = CARTESIAN_POINT('',(8.182591937146,9.641191181266E-02));
#11330 = CARTESIAN_POINT('',(8.155817835909,9.883891260489E-02));
#11331 = CARTESIAN_POINT('',(8.09195871671,0.105181626832));
#11332 = CARTESIAN_POINT('',(8.057459767436,0.109172870633));
#11333 = CARTESIAN_POINT('',(8.027781026043,0.113277829948));
#11334 = CARTESIAN_POINT('',(8.003300651278,0.117480430531));
#11335 = CARTESIAN_POINT('',(7.984350096909,0.121761583935));
#11336 = CARTESIAN_POINT('',(7.971192521576,0.126098980122));
#11337 = CARTESIAN_POINT('',(7.963991537677,0.130466836895));
#11338 = CARTESIAN_POINT('',(7.962770299297,0.134835606157));
#11339 = ( GEOMETRIC_REPRESENTATION_CONTEXT(2) 
PARAMETRIC_REPRESENTATION_CONTEXT() REPRESENTATION_CONTEXT('2D SPACE',''
  ) );
#11340 = PCURVE('',#11341,#11346);
#11341 = CYLINDRICAL_SURFACE('',#11342,2.4);
#11342 = AXIS2_PLACEMENT_3D('',#11343,#11344,#11345);
#11343 = CARTESIAN_POINT('',(-0.6,-41.75185532802,49.155354694473));
#11344 = DIRECTION('',(-2.177326487309E-16,-0.980580675691,
    -0.196116135138));
#11345 = DIRECTION('',(4.354652974618E-17,0.196116135138,-0.980580675691
    ));
#11346 = DEFINITIONAL_REPRESENTATION('',(#11347),#11378);
#11347 = B_SPLINE_CURVE_WITH_KNOTS('',8,(#11348,#11349,#11350,#11351,
    #11352,#11353,#11354,#11355,#11356,#11357,#11358,#11359,#11360,
    #11361,#11362,#11363,#11364,#11365,#11366,#11367,#11368,#11369,
    #11370,#11371,#11372,#11373,#11374,#11375,#11376,#11377),
  .UNSPECIFIED.,.F.,.F.,(9,7,7,7,9),(0.,0.509096230502,0.674281762108,
    0.801555886858,1.),.UNSPECIFIED.);
#11348 = CARTESIAN_POINT('',(0.,4.));
#11349 = CARTESIAN_POINT('',(-8.736969030092E-02,4.));
#11350 = CARTESIAN_POINT('',(-0.174603305879,4.));
#11351 = CARTESIAN_POINT('',(-0.26233306235,4.));
#11352 = CARTESIAN_POINT('',(-0.351032789783,4.));
#11353 = CARTESIAN_POINT('',(-0.44112664282,4.));
#11354 = CARTESIAN_POINT('',(-0.533080942697,4.));
#11355 = CARTESIAN_POINT('',(-0.627396161308,4.));
#11356 = CARTESIAN_POINT('',(-0.756625065223,4.));
#11357 = CARTESIAN_POINT('',(-0.788605509757,4.));
#11358 = CARTESIAN_POINT('',(-0.820929621703,4.));
#11359 = CARTESIAN_POINT('',(-0.853616699221,4.));
#11360 = CARTESIAN_POINT('',(-0.886683900869,4.));
#11361 = CARTESIAN_POINT('',(-0.920146524836,4.));
#11362 = CARTESIAN_POINT('',(-0.954018288171,4.));
#11363 = CARTESIAN_POINT('',(-1.014734331838,4.));
#11364 = CARTESIAN_POINT('',(-1.041405780408,4.));
#11365 = CARTESIAN_POINT('',(-1.06833035364,4.));
#11366 = CARTESIAN_POINT('',(-1.095510393135,4.));
#11367 = CARTESIAN_POINT('',(-1.122945907034,4.));
#11368 = CARTESIAN_POINT('',(-1.15063429687,4.));
#11369 = CARTESIAN_POINT('',(-1.178570084425,4.));
#11370 = CARTESIAN_POINT('',(-1.250674026628,4.));
#11371 = CARTESIAN_POINT('',(-1.295206037372,4.));
#11372 = CARTESIAN_POINT('',(-1.34027944578,4.));
#11373 = CARTESIAN_POINT('',(-1.385824069456,4.));
#11374 = CARTESIAN_POINT('',(-1.431759102685,4.));
#11375 = CARTESIAN_POINT('',(-1.477987595445,4.));
#11376 = CARTESIAN_POINT('',(-1.524387077388,4.));
#11377 = CARTESIAN_POINT('',(-1.570796326795,4.));
#11378 = ( GEOMETRIC_REPRESENTATION_CONTEXT(2) 
PARAMETRIC_REPRESENTATION_CONTEXT() REPRESENTATION_CONTEXT('2D SPACE',''
  ) );
#11379 = ORIENTED_EDGE('',*,*,#11380,.T.);
#11380 = EDGE_CURVE('',#11272,#11381,#11383,.T.);
#11381 = VERTEX_POINT('',#11382);
#11382 = CARTESIAN_POINT('',(-3.,-49.4,67.));
#11383 = SURFACE_CURVE('',#11384,(#11393,#11405),.PCURVE_S1.);
#11384 = B_SPLINE_CURVE_WITH_KNOTS('',4,(#11385,#11386,#11387,#11388,
    #11389,#11390,#11391,#11392),.UNSPECIFIED.,.F.,.F.,(5,3,5),(0.,
    0.500004981094,1.),.UNSPECIFIED.);
#11385 = CARTESIAN_POINT('',(-3.,-45.67417803078,48.37089015392));
#11386 = CARTESIAN_POINT('',(-3.,-46.16938113006,50.84690565033));
#11387 = CARTESIAN_POINT('',(-3.,-46.66458278445,53.322913922289));
#11388 = CARTESIAN_POINT('',(-3.,-47.15978286315,55.798914315795));
#11389 = CARTESIAN_POINT('',(-3.,-48.15016967558,60.750848377919));
#11390 = CARTESIAN_POINT('',(-3.,-48.64535640894,63.226782044701));
#11391 = CARTESIAN_POINT('',(-3.,-49.14054123927,65.702706196384));
#11392 = CARTESIAN_POINT('',(-3.,-49.63572396057,68.178619802877));
#11393 = PCURVE('',#7075,#11394);
#11394 = DEFINITIONAL_REPRESENTATION('',(#11395),#11404);
#11395 = B_SPLINE_CURVE_WITH_KNOTS('',4,(#11396,#11397,#11398,#11399,
    #11400,#11401,#11402,#11403),.UNSPECIFIED.,.F.,.F.,(5,3,5),(0.,
    0.500004981094,1.),.UNSPECIFIED.);
#11396 = CARTESIAN_POINT('',(7.962770295778,0.134835606157));
#11397 = CARTESIAN_POINT('',(7.935084648176,0.233876226013));
#11398 = CARTESIAN_POINT('',(7.906726094089,0.332916556892));
#11399 = CARTESIAN_POINT('',(7.87765792869,0.431956572632));
#11400 = CARTESIAN_POINT('',(7.818017868532,0.630033935117));
#11401 = CARTESIAN_POINT('',(7.787445963577,0.729071281788));
#11402 = CARTESIAN_POINT('',(7.756079323334,0.828108247855));
#11403 = CARTESIAN_POINT('',(7.723868321259,0.927144792115));
#11404 = ( GEOMETRIC_REPRESENTATION_CONTEXT(2) 
PARAMETRIC_REPRESENTATION_CONTEXT() REPRESENTATION_CONTEXT('2D SPACE',''
  ) );
#11405 = PCURVE('',#11406,#11411);
#11406 = PLANE('',#11407);
#11407 = AXIS2_PLACEMENT_3D('',#11408,#11409,#11410);
#11408 = CARTESIAN_POINT('',(-3.,-41.28117660368,46.801961072814));
#11409 = DIRECTION('',(1.,-2.22044604925E-16,0.));
#11410 = DIRECTION('',(-4.354652974618E-17,-0.196116135138,
    0.980580675691));
#11411 = DEFINITIONAL_REPRESENTATION('',(#11412),#11421);
#11412 = B_SPLINE_CURVE_WITH_KNOTS('',4,(#11413,#11414,#11415,#11416,
    #11417,#11418,#11419,#11420),.UNSPECIFIED.,.F.,.F.,(5,3,5),(0.,
    0.500004981094,1.),.UNSPECIFIED.);
#11413 = CARTESIAN_POINT('',(2.4,4.));
#11414 = CARTESIAN_POINT('',(4.92505026643,4.));
#11415 = CARTESIAN_POINT('',(7.450093165338,4.));
#11416 = CARTESIAN_POINT('',(9.975128029768,4.));
#11417 = CARTESIAN_POINT('',(15.025129712327,4.));
#11418 = CARTESIAN_POINT('',(17.550096528583,4.));
#11419 = CARTESIAN_POINT('',(20.075053641305,4.));
#11420 = CARTESIAN_POINT('',(22.6,4.));
#11421 = ( GEOMETRIC_REPRESENTATION_CONTEXT(2) 
PARAMETRIC_REPRESENTATION_CONTEXT() REPRESENTATION_CONTEXT('2D SPACE',''
  ) );
#11422 = ORIENTED_EDGE('',*,*,#11423,.T.);
#11423 = EDGE_CURVE('',#11381,#11424,#11426,.T.);
#11424 = VERTEX_POINT('',#11425);
#11425 = CARTESIAN_POINT('',(-7.722693830523,-49.4,67.));
#11426 = SURFACE_CURVE('',#11427,(#11430,#11436),.PCURVE_S1.);
#11427 = B_SPLINE_CURVE_WITH_KNOTS('',1,(#11428,#11429),.UNSPECIFIED.,
  .F.,.F.,(2,2),(0.,1.),.PIECEWISE_BEZIER_KNOTS.);
#11428 = CARTESIAN_POINT('',(10.12,-49.4,67.));
#11429 = CARTESIAN_POINT('',(-10.12,-49.4,67.));
#11430 = PCURVE('',#7075,#11431);
#11431 = DEFINITIONAL_REPRESENTATION('',(#11432),#11435);
#11432 = B_SPLINE_CURVE_WITH_KNOTS('',1,(#11433,#11434),.UNSPECIFIED.,
  .F.,.F.,(2,2),(0.,1.),.PIECEWISE_BEZIER_KNOTS.);
#11433 = CARTESIAN_POINT('',(22.,0.88));
#11434 = CARTESIAN_POINT('',(0.,0.88));
#11435 = ( GEOMETRIC_REPRESENTATION_CONTEXT(2) 
PARAMETRIC_REPRESENTATION_CONTEXT() REPRESENTATION_CONTEXT('2D SPACE',''
  ) );
#11436 = PCURVE('',#11437,#11442);
#11437 = PLANE('',#11438);
#11438 = AXIS2_PLACEMENT_3D('',#11439,#11440,#11441);
#11439 = CARTESIAN_POINT('',(-1.75032336965E-15,3.209892110372E-15,67.)
  );
#11440 = DIRECTION('',(0.,0.,1.));
#11441 = DIRECTION('',(1.,0.,-0.));
#11442 = DEFINITIONAL_REPRESENTATION('',(#11443),#11446);
#11443 = B_SPLINE_CURVE_WITH_KNOTS('',1,(#11444,#11445),.UNSPECIFIED.,
  .F.,.F.,(2,2),(0.,1.),.PIECEWISE_BEZIER_KNOTS.);
#11444 = CARTESIAN_POINT('',(10.12,-49.4));
#11445 = CARTESIAN_POINT('',(-10.12,-49.4));
#11446 = ( GEOMETRIC_REPRESENTATION_CONTEXT(2) 
PARAMETRIC_REPRESENTATION_CONTEXT() REPRESENTATION_CONTEXT('2D SPACE',''
  ) );
#11447 = ORIENTED_EDGE('',*,*,#11448,.T.);
#11448 = EDGE_CURVE('',#11424,#11449,#11451,.T.);
#11449 = VERTEX_POINT('',#11450);
#11450 = CARTESIAN_POINT('',(-2.42632581392,-49.94109473277,
    69.705473663891));
#11451 = SURFACE_CURVE('',#11452,(#11465,#11481),.PCURVE_S1.);
#11452 = B_SPLINE_CURVE_WITH_KNOTS('',6,(#11453,#11454,#11455,#11456,
    #11457,#11458,#11459,#11460,#11461,#11462,#11463,#11464),
  .UNSPECIFIED.,.F.,.F.,(7,5,7),(0.,0.411597325959,1.),.UNSPECIFIED.);
#11453 = CARTESIAN_POINT('',(-7.722695365739,-49.39999976,66.9999988));
#11454 = CARTESIAN_POINT('',(-7.259259794933,-49.47244858089,
    67.362242904491));
#11455 = CARTESIAN_POINT('',(-6.784015759392,-49.54139882116,
    67.706994105811));
#11456 = CARTESIAN_POINT('',(-6.296578825168,-49.60643480981,
    68.032174049093));
#11457 = CARTESIAN_POINT('',(-5.796825304314,-49.66705468438,
    68.335273421906));
#11458 = CARTESIAN_POINT('',(-5.284934736439,-49.72269017888,
    68.61345089444));
#11459 = CARTESIAN_POINT('',(-4.013305616277,-49.84434120129,
    69.221706006483));
#11460 = CARTESIAN_POINT('',(-3.240933556776,-49.90460950455,
    69.523047522776));
#11461 = CARTESIAN_POINT('',(-2.447521808353,-49.95170826617,
    69.758541330858));
#11462 = CARTESIAN_POINT('',(-1.637855187143,-49.98391212647,
    69.919560632375));
#11463 = CARTESIAN_POINT('',(-0.818733345141,-50.,70.));
#11464 = CARTESIAN_POINT('',(-1.06581410364E-14,-50.,70.));
#11465 = PCURVE('',#7075,#11466);
#11466 = DEFINITIONAL_REPRESENTATION('',(#11467),#11480);
#11467 = B_SPLINE_CURVE_WITH_KNOTS('',6,(#11468,#11469,#11470,#11471,
    #11472,#11473,#11474,#11475,#11476,#11477,#11478,#11479),
  .UNSPECIFIED.,.F.,.F.,(7,5,7),(0.,0.411597325959,1.),.UNSPECIFIED.);
#11468 = CARTESIAN_POINT('',(2.60576594662,0.879999952));
#11469 = CARTESIAN_POINT('',(3.097481439047,0.89448971618));
#11470 = CARTESIAN_POINT('',(3.604302328459,0.908279764232));
#11471 = CARTESIAN_POINT('',(4.12665956505,0.921286961964));
#11472 = CARTESIAN_POINT('',(4.664672820795,0.933410936876));
#11473 = CARTESIAN_POINT('',(5.218070759542,0.944538035778));
#11474 = CARTESIAN_POINT('',(6.59790600457,0.968868240259));
#11475 = CARTESIAN_POINT('',(7.440192496338,0.980921900911));
#11476 = CARTESIAN_POINT('',(8.309031354122,0.990341653234));
#11477 = CARTESIAN_POINT('',(9.198358924244,0.996782425295));
#11478 = CARTESIAN_POINT('',(10.099393320344,1.));
#11479 = CARTESIAN_POINT('',(11.,1.));
#11480 = ( GEOMETRIC_REPRESENTATION_CONTEXT(2) 
PARAMETRIC_REPRESENTATION_CONTEXT() REPRESENTATION_CONTEXT('2D SPACE',''
  ) );
#11481 = PCURVE('',#11482,#11487);
#11482 = CYLINDRICAL_SURFACE('',#11483,50.);
#11483 = AXIS2_PLACEMENT_3D('',#11484,#11485,#11486);
#11484 = CARTESIAN_POINT('',(0.,0.,67.));
#11485 = DIRECTION('',(-0.,-0.,-1.));
#11486 = DIRECTION('',(1.,0.,0.));
#11487 = DEFINITIONAL_REPRESENTATION('',(#11488),#11501);
#11488 = B_SPLINE_CURVE_WITH_KNOTS('',6,(#11489,#11490,#11491,#11492,
    #11493,#11494,#11495,#11496,#11497,#11498,#11499,#11500),
  .UNSPECIFIED.,.F.,.F.,(7,5,7),(0.,0.411597325959,1.),.UNSPECIFIED.);
#11489 = CARTESIAN_POINT('',(-4.557314276343,1.199999999812E-06));
#11490 = CARTESIAN_POINT('',(-4.566695563247,-0.362242904491));
#11491 = CARTESIAN_POINT('',(-4.576299377762,-0.706994105811));
#11492 = CARTESIAN_POINT('',(-4.586133520164,-1.032174049093));
#11493 = CARTESIAN_POINT('',(-4.596200717032,-1.335273421906));
#11494 = CARTESIAN_POINT('',(-4.606497963802,-1.61345089444));
#11495 = CARTESIAN_POINT('',(-4.632046659193,-2.221706006483));
#11496 = CARTESIAN_POINT('',(-4.647538680249,-2.523047522776));
#11497 = CARTESIAN_POINT('',(-4.663430632085,-2.758541330858));
#11498 = CARTESIAN_POINT('',(-4.679631879057,-2.919560632375));
#11499 = CARTESIAN_POINT('',(-4.696014313482,-3.));
#11500 = CARTESIAN_POINT('',(-4.712388980385,-3.));
#11501 = ( GEOMETRIC_REPRESENTATION_CONTEXT(2) 
PARAMETRIC_REPRESENTATION_CONTEXT() REPRESENTATION_CONTEXT('2D SPACE',''
  ) );
#11502 = ORIENTED_EDGE('',*,*,#11503,.T.);
#11503 = EDGE_CURVE('',#11449,#11504,#11506,.T.);
#11504 = VERTEX_POINT('',#11505);
#11505 = CARTESIAN_POINT('',(-2.119827998369,-50.,70.));
#11506 = SURFACE_CURVE('',#11507,(#11525,#11546),.PCURVE_S1.);
#11507 = B_SPLINE_CURVE_WITH_KNOTS('',6,(#11508,#11509,#11510,#11511,
    #11512,#11513,#11514,#11515,#11516,#11517,#11518,#11519,#11520,
    #11521,#11522,#11523,#11524),.UNSPECIFIED.,.F.,.F.,(7,5,5,7),(0.,
    0.332668481894,0.52057478284,1.),.UNSPECIFIED.);
#11508 = CARTESIAN_POINT('',(-3.,-49.63572396057,68.178619802877));
#11509 = CARTESIAN_POINT('',(-3.,-49.66118126882,68.30590634412));
#11510 = CARTESIAN_POINT('',(-2.991574900703,-49.68666886,
    68.433344300008));
#11511 = CARTESIAN_POINT('',(-2.974688031719,-49.71188729368,
    68.559436468416));
#11512 = CARTESIAN_POINT('',(-2.949737336073,-49.736588554,
    68.682942770042));
#11513 = CARTESIAN_POINT('',(-2.91735751256,-49.7605706781,
    68.802853390507));
#11514 = CARTESIAN_POINT('',(-2.856315964176,-49.79672463948,
    68.983623197416));
#11515 = CARTESIAN_POINT('',(-2.832159799815,-49.80949915441,
    69.047495772074));
#11516 = CARTESIAN_POINT('',(-2.806014483507,-49.82197390417,
    69.10986952086));
#11517 = CARTESIAN_POINT('',(-2.778018758888,-49.83413147672,
    69.170657383624));
#11518 = CARTESIAN_POINT('',(-2.74830944766,-49.84596007253,
    69.229800362686));
#11519 = CARTESIAN_POINT('',(-2.63716761923,-49.88677383769,
    69.433869188466));
#11520 = CARTESIAN_POINT('',(-2.547053791472,-49.91388544567,
    69.56942722837));
#11521 = CARTESIAN_POINT('',(-2.448714267782,-49.93871356224,
    69.693567811198));
#11522 = CARTESIAN_POINT('',(-2.343910988151,-49.96128474782,
    69.806423739099));
#11523 = CARTESIAN_POINT('',(-2.233993904768,-49.98167993898,
    69.908399694914));
#11524 = CARTESIAN_POINT('',(-2.119827998369,-50.,70.));
#11525 = PCURVE('',#7075,#11526);
#11526 = DEFINITIONAL_REPRESENTATION('',(#11527),#11545);
#11527 = B_SPLINE_CURVE_WITH_KNOTS('',6,(#11528,#11529,#11530,#11531,
    #11532,#11533,#11534,#11535,#11536,#11537,#11538,#11539,#11540,
    #11541,#11542,#11543,#11544),.UNSPECIFIED.,.F.,.F.,(7,5,5,7),(0.,
    0.332668481894,0.52057478284,1.),.UNSPECIFIED.);
#11528 = CARTESIAN_POINT('',(7.723868325421,0.927144792115));
#11529 = CARTESIAN_POINT('',(7.722212360113,0.932236253765));
#11530 = CARTESIAN_POINT('',(7.729752992766,0.937333772));
#11531 = CARTESIAN_POINT('',(7.746570671114,0.942377458737));
#11532 = CARTESIAN_POINT('',(7.772268328836,0.947317710802));
#11533 = CARTESIAN_POINT('',(7.806181540384,0.95211413562));
#11534 = CARTESIAN_POINT('',(7.870768268783,0.959344927897));
#11535 = CARTESIAN_POINT('',(7.896438145664,0.961899830883));
#11536 = CARTESIAN_POINT('',(7.924322210759,0.964394780834));
#11537 = CARTESIAN_POINT('',(7.954271178468,0.966826295345));
#11538 = CARTESIAN_POINT('',(7.986136979518,0.969192014507));
#11539 = CARTESIAN_POINT('',(8.105619671899,0.977354767539));
#11540 = CARTESIAN_POINT('',(8.202972165728,0.982777089135));
#11541 = CARTESIAN_POINT('',(8.309616730812,0.987742712448));
#11542 = CARTESIAN_POINT('',(8.423613136377,0.992256949564));
#11543 = CARTESIAN_POINT('',(8.543461083078,0.996335987797));
#11544 = CARTESIAN_POINT('',(8.668189201794,1.));
#11545 = ( GEOMETRIC_REPRESENTATION_CONTEXT(2) 
PARAMETRIC_REPRESENTATION_CONTEXT() REPRESENTATION_CONTEXT('2D SPACE',''
  ) );
#11546 = PCURVE('',#11547,#11552);
#11547 = CYLINDRICAL_SURFACE('',#11548,2.4);
#11548 = AXIS2_PLACEMENT_3D('',#11549,#11550,#11551);
#11549 = CARTESIAN_POINT('',(-0.6,-53.55804666333,67.394155262324));
#11550 = DIRECTION('',(2.177326487309E-16,0.980580675691,0.196116135138)
  );
#11551 = DIRECTION('',(-4.354652974618E-17,-0.196116135138,
    0.980580675691));
#11552 = DEFINITIONAL_REPRESENTATION('',(#11553),#11571);
#11553 = B_SPLINE_CURVE_WITH_KNOTS('',6,(#11554,#11555,#11556,#11557,
    #11558,#11559,#11560,#11561,#11562,#11563,#11564,#11565,#11566,
    #11567,#11568,#11569,#11570),.UNSPECIFIED.,.F.,.F.,(7,5,5,7),(0.,
    0.332668481894,0.52057478284,1.),.UNSPECIFIED.);
#11554 = CARTESIAN_POINT('',(-1.570796326795,4.));
#11555 = CARTESIAN_POINT('',(-1.516709946993,4.));
#11556 = CARTESIAN_POINT('',(-1.462559285598,4.));
#11557 = CARTESIAN_POINT('',(-1.4086953274,4.));
#11558 = CARTESIAN_POINT('',(-1.355358302881,4.));
#11559 = CARTESIAN_POINT('',(-1.302747934879,4.));
#11560 = CARTESIAN_POINT('',(-1.22183420484,4.));
#11561 = CARTESIAN_POINT('',(-1.192905503182,4.));
#11562 = CARTESIAN_POINT('',(-1.164275927073,4.));
#11563 = CARTESIAN_POINT('',(-1.135958452501,4.));
#11564 = CARTESIAN_POINT('',(-1.107959225954,4.));
#11565 = CARTESIAN_POINT('',(-1.009655597753,4.));
#11566 = CARTESIAN_POINT('',(-0.941158378971,4.));
#11567 = CARTESIAN_POINT('',(-0.874691876835,4.));
#11568 = CARTESIAN_POINT('',(-0.8101096388,4.));
#11569 = CARTESIAN_POINT('',(-0.74722412367,4.));
#11570 = CARTESIAN_POINT('',(-0.685760360194,4.));
#11571 = ( GEOMETRIC_REPRESENTATION_CONTEXT(2) 
PARAMETRIC_REPRESENTATION_CONTEXT() REPRESENTATION_CONTEXT('2D SPACE',''
  ) );
#11572 = ORIENTED_EDGE('',*,*,#11573,.F.);
#11573 = EDGE_CURVE('',#7314,#11504,#11574,.T.);
#11574 = SURFACE_CURVE('',#11575,(#11579,#11585),.PCURVE_S1.);
#11575 = LINE('',#11576,#11577);
#11576 = CARTESIAN_POINT('',(-10.,-50.,70.));
#11577 = VECTOR('',#11578,1.);
#11578 = DIRECTION('',(1.,-2.22044604925E-16,0.));
#11579 = PCURVE('',#7075,#11580);
#11580 = DEFINITIONAL_REPRESENTATION('',(#11581),#11584);
#11581 = B_SPLINE_CURVE_WITH_KNOTS('',1,(#11582,#11583),.UNSPECIFIED.,
  .F.,.F.,(2,2),(0.,20.),.PIECEWISE_BEZIER_KNOTS.);
#11582 = CARTESIAN_POINT('',(0.,1.));
#11583 = CARTESIAN_POINT('',(22.,1.));
#11584 = ( GEOMETRIC_REPRESENTATION_CONTEXT(2) 
PARAMETRIC_REPRESENTATION_CONTEXT() REPRESENTATION_CONTEXT('2D SPACE',''
  ) );
#11585 = PCURVE('',#7936,#11586);
#11586 = DEFINITIONAL_REPRESENTATION('',(#11587),#11591);
#11587 = LINE('',#11588,#11589);
#11588 = CARTESIAN_POINT('',(3.330669073875E-15,-41.));
#11589 = VECTOR('',#11590,1.);
#11590 = DIRECTION('',(1.,0.));
#11591 = ( GEOMETRIC_REPRESENTATION_CONTEXT(2) 
PARAMETRIC_REPRESENTATION_CONTEXT() REPRESENTATION_CONTEXT('2D SPACE',''
  ) );
#11592 = ADVANCED_FACE('',(#11593),#7103,.T.);
#11593 = FACE_BOUND('',#11594,.F.);
#11594 = EDGE_LOOP('',(#11595,#11596,#11597,#11598,#11599));
#11595 = ORIENTED_EDGE('',*,*,#7290,.T.);
#11596 = ORIENTED_EDGE('',*,*,#10909,.T.);
#11597 = ORIENTED_EDGE('',*,*,#7087,.T.);
#11598 = ORIENTED_EDGE('',*,*,#7191,.T.);
#11599 = ORIENTED_EDGE('',*,*,#7391,.T.);
#11600 = ADVANCED_FACE('',(#11601),#7500,.T.);
#11601 = FACE_BOUND('',#11602,.T.);
#11602 = EDGE_LOOP('',(#11603,#11604,#11605,#11606,#11634,#11661));
#11603 = ORIENTED_EDGE('',*,*,#9310,.F.);
#11604 = ORIENTED_EDGE('',*,*,#7486,.T.);
#11605 = ORIENTED_EDGE('',*,*,#7549,.T.);
#11606 = ORIENTED_EDGE('',*,*,#11607,.F.);
#11607 = EDGE_CURVE('',#11608,#7523,#11610,.T.);
#11608 = VERTEX_POINT('',#11609);
#11609 = CARTESIAN_POINT('',(11.000000000001,49.799598391954,150.));
#11610 = SURFACE_CURVE('',#11611,(#11615,#11622),.PCURVE_S1.);
#11611 = LINE('',#11612,#11613);
#11612 = CARTESIAN_POINT('',(11.,47.,150.));
#11613 = VECTOR('',#11614,1.);
#11614 = DIRECTION('',(1.110223024625E-16,1.,0.));
#11615 = PCURVE('',#7500,#11616);
#11616 = DEFINITIONAL_REPRESENTATION('',(#11617),#11621);
#11617 = LINE('',#11618,#11619);
#11618 = CARTESIAN_POINT('',(0.,1.));
#11619 = VECTOR('',#11620,1.);
#11620 = DIRECTION('',(1.,0.));
#11621 = ( GEOMETRIC_REPRESENTATION_CONTEXT(2) 
PARAMETRIC_REPRESENTATION_CONTEXT() REPRESENTATION_CONTEXT('2D SPACE',''
  ) );
#11622 = PCURVE('',#11623,#11628);
#11623 = PLANE('',#11624);
#11624 = AXIS2_PLACEMENT_3D('',#11625,#11626,#11627);
#11625 = CARTESIAN_POINT('',(12.,47.,230.));
#11626 = DIRECTION('',(0.999921884154,-1.110136298614E-16,
    -1.249902355193E-02));
#11627 = DIRECTION('',(1.110223024625E-16,1.,0.));
#11628 = DEFINITIONAL_REPRESENTATION('',(#11629),#11633);
#11629 = LINE('',#11630,#11631);
#11630 = CARTESIAN_POINT('',(-1.110223024625E-16,-80.00624975587));
#11631 = VECTOR('',#11632,1.);
#11632 = DIRECTION('',(1.,0.));
#11633 = ( GEOMETRIC_REPRESENTATION_CONTEXT(2) 
PARAMETRIC_REPRESENTATION_CONTEXT() REPRESENTATION_CONTEXT('2D SPACE',''
  ) );
#11634 = ORIENTED_EDGE('',*,*,#11635,.F.);
#11635 = EDGE_CURVE('',#9687,#11608,#11636,.T.);
#11636 = SURFACE_CURVE('',#11637,(#11643,#11652),.PCURVE_S1.);
#11637 = B_SPLINE_CURVE_WITH_KNOTS('',4,(#11638,#11639,#11640,#11641,
    #11642),.UNSPECIFIED.,.F.,.F.,(5,5),(0.,1.),
  .PIECEWISE_BEZIER_KNOTS.);
#11638 = CARTESIAN_POINT('',(10.449999985,49.917907611533,127.9999994));
#11639 = CARTESIAN_POINT('',(10.587500341654,49.889122776716,
    133.50001366615));
#11640 = CARTESIAN_POINT('',(10.725000464852,49.859810860848,
    139.00001859409));
#11641 = CARTESIAN_POINT('',(10.862500351898,49.8299700451,
    144.50001407592));
#11642 = CARTESIAN_POINT('',(11.,49.799598391955,150.));
#11643 = PCURVE('',#7500,#11644);
#11644 = DEFINITIONAL_REPRESENTATION('',(#11645),#11651);
#11645 = B_SPLINE_CURVE_WITH_KNOTS('',4,(#11646,#11647,#11648,#11649,
    #11650),.UNSPECIFIED.,.F.,.F.,(5,5),(0.,1.),
  .PIECEWISE_BEZIER_KNOTS.);
#11646 = CARTESIAN_POINT('',(3.467907626509,0.449999985));
#11647 = CARTESIAN_POINT('',(3.301622435039,0.587500341654));
#11648 = CARTESIAN_POINT('',(3.134810396026,0.725000464852));
#11649 = CARTESIAN_POINT('',(2.967469693202,0.862500351898));
#11650 = CARTESIAN_POINT('',(2.799598391955,1.));
#11651 = ( GEOMETRIC_REPRESENTATION_CONTEXT(2) 
PARAMETRIC_REPRESENTATION_CONTEXT() REPRESENTATION_CONTEXT('2D SPACE',''
  ) );
#11652 = PCURVE('',#9703,#11653);
#11653 = DEFINITIONAL_REPRESENTATION('',(#11654),#11660);
#11654 = B_SPLINE_CURVE_WITH_KNOTS('',4,(#11655,#11656,#11657,#11658,
    #11659),.UNSPECIFIED.,.F.,.F.,(5,5),(2.727265684851E-08,1.),
  .PIECEWISE_BEZIER_KNOTS.);
#11655 = CARTESIAN_POINT('',(-7.647618092219,-5.988020964188E-15));
#11656 = CARTESIAN_POINT('',(-7.644863562642,-5.500014116151));
#11657 = CARTESIAN_POINT('',(-7.642106919899,-11.00001889409));
#11658 = CARTESIAN_POINT('',(-7.639348101008,-16.50001422592));
#11659 = CARTESIAN_POINT('',(-7.636587041707,-22.));
#11660 = ( GEOMETRIC_REPRESENTATION_CONTEXT(2) 
PARAMETRIC_REPRESENTATION_CONTEXT() REPRESENTATION_CONTEXT('2D SPACE',''
  ) );
#11661 = ORIENTED_EDGE('',*,*,#9715,.T.);
#11662 = ADVANCED_FACE('',(#11663),#7538,.T.);
#11663 = FACE_BOUND('',#11664,.T.);
#11664 = EDGE_LOOP('',(#11665,#11686,#11687,#11688));
#11665 = ORIENTED_EDGE('',*,*,#11666,.F.);
#11666 = EDGE_CURVE('',#7523,#11667,#11669,.T.);
#11667 = VERTEX_POINT('',#11668);
#11668 = CARTESIAN_POINT('',(11.1,60.,158.));
#11669 = SURFACE_CURVE('',#11670,(#11673,#11680),.PCURVE_S1.);
#11670 = B_SPLINE_CURVE_WITH_KNOTS('',1,(#11671,#11672),.UNSPECIFIED.,
  .F.,.F.,(2,2),(0.,1.),.PIECEWISE_BEZIER_KNOTS.);
#11671 = CARTESIAN_POINT('',(11.,60.,150.));
#11672 = CARTESIAN_POINT('',(12.,60.,230.));
#11673 = PCURVE('',#7538,#11674);
#11674 = DEFINITIONAL_REPRESENTATION('',(#11675),#11679);
#11675 = LINE('',#11676,#11677);
#11676 = CARTESIAN_POINT('',(0.,0.));
#11677 = VECTOR('',#11678,1.);
#11678 = DIRECTION('',(0.,1.));
#11679 = ( GEOMETRIC_REPRESENTATION_CONTEXT(2) 
PARAMETRIC_REPRESENTATION_CONTEXT() REPRESENTATION_CONTEXT('2D SPACE',''
  ) );
#11680 = PCURVE('',#11623,#11681);
#11681 = DEFINITIONAL_REPRESENTATION('',(#11682),#11685);
#11682 = B_SPLINE_CURVE_WITH_KNOTS('',1,(#11683,#11684),.UNSPECIFIED.,
  .F.,.F.,(2,2),(0.,1.),.PIECEWISE_BEZIER_KNOTS.);
#11683 = CARTESIAN_POINT('',(13.,-80.00624975587));
#11684 = CARTESIAN_POINT('',(13.,0.));
#11685 = ( GEOMETRIC_REPRESENTATION_CONTEXT(2) 
PARAMETRIC_REPRESENTATION_CONTEXT() REPRESENTATION_CONTEXT('2D SPACE',''
  ) );
#11686 = ORIENTED_EDGE('',*,*,#7522,.T.);
#11687 = ORIENTED_EDGE('',*,*,#9353,.T.);
#11688 = ORIENTED_EDGE('',*,*,#11689,.T.);
#11689 = EDGE_CURVE('',#9354,#11667,#11690,.T.);
#11690 = SURFACE_CURVE('',#11691,(#11694,#11700),.PCURVE_S1.);
#11691 = B_SPLINE_CURVE_WITH_KNOTS('',1,(#11692,#11693),.UNSPECIFIED.,
  .F.,.F.,(2,2),(0.,1.),.PIECEWISE_BEZIER_KNOTS.);
#11692 = CARTESIAN_POINT('',(-11.1,60.,158.));
#11693 = CARTESIAN_POINT('',(11.1,60.,158.));
#11694 = PCURVE('',#7538,#11695);
#11695 = DEFINITIONAL_REPRESENTATION('',(#11696),#11699);
#11696 = B_SPLINE_CURVE_WITH_KNOTS('',1,(#11697,#11698),.UNSPECIFIED.,
  .F.,.F.,(2,2),(0.,1.),.PIECEWISE_BEZIER_KNOTS.);
#11697 = CARTESIAN_POINT('',(24.,0.1));
#11698 = CARTESIAN_POINT('',(0.,1.E-01));
#11699 = ( GEOMETRIC_REPRESENTATION_CONTEXT(2) 
PARAMETRIC_REPRESENTATION_CONTEXT() REPRESENTATION_CONTEXT('2D SPACE',''
  ) );
#11700 = PCURVE('',#9442,#11701);
#11701 = DEFINITIONAL_REPRESENTATION('',(#11702),#11705);
#11702 = B_SPLINE_CURVE_WITH_KNOTS('',1,(#11703,#11704),.UNSPECIFIED.,
  .F.,.F.,(2,2),(0.,1.),.PIECEWISE_BEZIER_KNOTS.);
#11703 = CARTESIAN_POINT('',(238.9,310.));
#11704 = CARTESIAN_POINT('',(261.1,310.));
#11705 = ( GEOMETRIC_REPRESENTATION_CONTEXT(2) 
PARAMETRIC_REPRESENTATION_CONTEXT() REPRESENTATION_CONTEXT('2D SPACE',''
  ) );
#11706 = ADVANCED_FACE('',(#11707),#7587,.T.);
#11707 = FACE_BOUND('',#11708,.F.);
#11708 = EDGE_LOOP('',(#11709,#11730,#11731,#11732));
#11709 = ORIENTED_EDGE('',*,*,#11710,.F.);
#11710 = EDGE_CURVE('',#7605,#7846,#11711,.T.);
#11711 = SURFACE_CURVE('',#11712,(#11716,#11723),.PCURVE_S1.);
#11712 = LINE('',#11713,#11714);
#11713 = CARTESIAN_POINT('',(3.,63.442299874303,55.627187154033));
#11714 = VECTOR('',#11715,1.);
#11715 = DIRECTION('',(-1.,1.110223024625E-16,0.));
#11716 = PCURVE('',#7587,#11717);
#11717 = DEFINITIONAL_REPRESENTATION('',(#11718),#11722);
#11718 = LINE('',#11719,#11720);
#11719 = CARTESIAN_POINT('',(-0.,0.));
#11720 = VECTOR('',#11721,1.);
#11721 = DIRECTION('',(-0.,1.));
#11722 = ( GEOMETRIC_REPRESENTATION_CONTEXT(2) 
PARAMETRIC_REPRESENTATION_CONTEXT() REPRESENTATION_CONTEXT('2D SPACE',''
  ) );
#11723 = PCURVE('',#7723,#11724);
#11724 = DEFINITIONAL_REPRESENTATION('',(#11725),#11729);
#11725 = LINE('',#11726,#11727);
#11726 = CARTESIAN_POINT('',(13.,1.610367664999E-16));
#11727 = VECTOR('',#11728,1.);
#11728 = DIRECTION('',(0.,-1.));
#11729 = ( GEOMETRIC_REPRESENTATION_CONTEXT(2) 
PARAMETRIC_REPRESENTATION_CONTEXT() REPRESENTATION_CONTEXT('2D SPACE',''
  ) );
#11730 = ORIENTED_EDGE('',*,*,#7628,.T.);
#11731 = ORIENTED_EDGE('',*,*,#7573,.T.);
#11732 = ORIENTED_EDGE('',*,*,#7894,.F.);
#11733 = ADVANCED_FACE('',(#11734),#7723,.T.);
#11734 = FACE_BOUND('',#11735,.T.);
#11735 = EDGE_LOOP('',(#11736,#11737,#11738,#11739));
#11736 = ORIENTED_EDGE('',*,*,#7765,.T.);
#11737 = ORIENTED_EDGE('',*,*,#7869,.T.);
#11738 = ORIENTED_EDGE('',*,*,#11710,.F.);
#11739 = ORIENTED_EDGE('',*,*,#7709,.F.);
#11740 = ADVANCED_FACE('',(#11741),#7936,.T.);
#11741 = FACE_BOUND('',#11742,.T.);
#11742 = EDGE_LOOP('',(#11743,#11744,#11745,#11773,#11799,#11825,#11826,
    #11827));
#11743 = ORIENTED_EDGE('',*,*,#8532,.F.);
#11744 = ORIENTED_EDGE('',*,*,#11573,.T.);
#11745 = ORIENTED_EDGE('',*,*,#11746,.F.);
#11746 = EDGE_CURVE('',#11747,#11504,#11749,.T.);
#11747 = VERTEX_POINT('',#11748);
#11748 = CARTESIAN_POINT('',(-0.6,-50.11913027879,70.529467905757));
#11749 = SURFACE_CURVE('',#11750,(#11755,#11762),.PCURVE_S1.);
#11750 = ELLIPSE('',#11751,2.400686699223,2.4);
#11751 = AXIS2_PLACEMENT_3D('',#11752,#11753,#11754);
#11752 = CARTESIAN_POINT('',(-0.6,-49.59215027164,68.187334540662));
#11753 = DIRECTION('',(-2.166288828537E-16,-0.975609756098,
    -0.219512195122));
#11754 = DIRECTION('',(4.874149864208E-17,0.219512195122,-0.975609756098
    ));
#11755 = PCURVE('',#7936,#11756);
#11756 = DEFINITIONAL_REPRESENTATION('',(#11757),#11761);
#11757 = ELLIPSE('',#11758,2.400686699223,2.4);
#11758 = AXIS2_PLACEMENT_2D('',#11759,#11760);
#11759 = CARTESIAN_POINT('',(9.4,-42.85798209582));
#11760 = DIRECTION('',(0.,-1.));
#11761 = ( GEOMETRIC_REPRESENTATION_CONTEXT(2) 
PARAMETRIC_REPRESENTATION_CONTEXT() REPRESENTATION_CONTEXT('2D SPACE',''
  ) );
#11762 = PCURVE('',#11547,#11763);
#11763 = DEFINITIONAL_REPRESENTATION('',(#11764),#11772);
#11764 = B_SPLINE_CURVE_WITH_KNOTS('',6,(#11765,#11766,#11767,#11768,
    #11769,#11770,#11771),.UNSPECIFIED.,.F.,.F.,(7,7),(3.14159265359,
    4.712388980385),.PIECEWISE_BEZIER_KNOTS.);
#11765 = CARTESIAN_POINT('',(0.,3.98702035008));
#11766 = CARTESIAN_POINT('',(-0.261799387799,3.98702035008));
#11767 = CARTESIAN_POINT('',(-0.523598775598,3.991741654306));
#11768 = CARTESIAN_POINT('',(-0.785398163397,4.001191281071));
#11769 = CARTESIAN_POINT('',(-1.047197551197,4.014374678603));
#11770 = CARTESIAN_POINT('',(-1.308996938996,4.029405074226));
#11771 = CARTESIAN_POINT('',(-1.570796326795,4.044436618023));
#11772 = ( GEOMETRIC_REPRESENTATION_CONTEXT(2) 
PARAMETRIC_REPRESENTATION_CONTEXT() REPRESENTATION_CONTEXT('2D SPACE',''
  ) );
#11773 = ORIENTED_EDGE('',*,*,#11774,.F.);
#11774 = EDGE_CURVE('',#11775,#11747,#11777,.T.);
#11775 = VERTEX_POINT('',#11776);
#11776 = CARTESIAN_POINT('',(0.6,-50.11913027879,70.529467905757));
#11777 = SURFACE_CURVE('',#11778,(#11782,#11788),.PCURVE_S1.);
#11778 = LINE('',#11779,#11780);
#11779 = CARTESIAN_POINT('',(-6.5,-50.11913027879,70.529467905757));
#11780 = VECTOR('',#11781,1.);
#11781 = DIRECTION('',(-1.,2.22044604925E-16,0.));
#11782 = PCURVE('',#7936,#11783);
#11783 = DEFINITIONAL_REPRESENTATION('',(#11784),#11787);
#11784 = B_SPLINE_CURVE_WITH_KNOTS('',1,(#11785,#11786),.UNSPECIFIED.,
  .F.,.F.,(2,2),(-7.1,-5.9),.PIECEWISE_BEZIER_KNOTS.);
#11785 = CARTESIAN_POINT('',(10.6,-40.45729539659));
#11786 = CARTESIAN_POINT('',(9.4,-40.45729539659));
#11787 = ( GEOMETRIC_REPRESENTATION_CONTEXT(2) 
PARAMETRIC_REPRESENTATION_CONTEXT() REPRESENTATION_CONTEXT('2D SPACE',''
  ) );
#11788 = PCURVE('',#11789,#11794);
#11789 = PLANE('',#11790);
#11790 = AXIS2_PLACEMENT_3D('',#11791,#11792,#11793);
#11791 = CARTESIAN_POINT('',(-3.,-46.18407998214,71.316477965087));
#11792 = DIRECTION('',(-4.354652974618E-17,-0.196116135138,
    0.980580675691));
#11793 = DIRECTION('',(-2.177326487309E-16,-0.980580675691,
    -0.196116135138));
#11794 = DEFINITIONAL_REPRESENTATION('',(#11795),#11798);
#11795 = B_SPLINE_CURVE_WITH_KNOTS('',1,(#11796,#11797),.UNSPECIFIED.,
  .F.,.F.,(2,2),(-7.1,-5.9),.PIECEWISE_BEZIER_KNOTS.);
#11796 = CARTESIAN_POINT('',(4.01297964992,3.6));
#11797 = CARTESIAN_POINT('',(4.01297964992,2.4));
#11798 = ( GEOMETRIC_REPRESENTATION_CONTEXT(2) 
PARAMETRIC_REPRESENTATION_CONTEXT() REPRESENTATION_CONTEXT('2D SPACE',''
  ) );
#11799 = ORIENTED_EDGE('',*,*,#11800,.F.);
#11800 = EDGE_CURVE('',#10932,#11775,#11801,.T.);
#11801 = SURFACE_CURVE('',#11802,(#11807,#11814),.PCURVE_S1.);
#11802 = ELLIPSE('',#11803,2.400686699223,2.4);
#11803 = AXIS2_PLACEMENT_3D('',#11804,#11805,#11806);
#11804 = CARTESIAN_POINT('',(0.6,-49.59215027164,68.187334540662));
#11805 = DIRECTION('',(-2.166288828537E-16,-0.975609756098,
    -0.219512195122));
#11806 = DIRECTION('',(4.874149864208E-17,0.219512195122,-0.975609756098
    ));
#11807 = PCURVE('',#7936,#11808);
#11808 = DEFINITIONAL_REPRESENTATION('',(#11809),#11813);
#11809 = ELLIPSE('',#11810,2.400686699223,2.4);
#11810 = AXIS2_PLACEMENT_2D('',#11811,#11812);
#11811 = CARTESIAN_POINT('',(10.6,-42.85798209582));
#11812 = DIRECTION('',(0.,-1.));
#11813 = ( GEOMETRIC_REPRESENTATION_CONTEXT(2) 
PARAMETRIC_REPRESENTATION_CONTEXT() REPRESENTATION_CONTEXT('2D SPACE',''
  ) );
#11814 = PCURVE('',#10991,#11815);
#11815 = DEFINITIONAL_REPRESENTATION('',(#11816),#11824);
#11816 = B_SPLINE_CURVE_WITH_KNOTS('',6,(#11817,#11818,#11819,#11820,
    #11821,#11822,#11823),.UNSPECIFIED.,.F.,.F.,(7,7),(1.570796326795,
    3.14159265359),.PIECEWISE_BEZIER_KNOTS.);
#11817 = CARTESIAN_POINT('',(1.570796326795,4.044436618023));
#11818 = CARTESIAN_POINT('',(1.308996938996,4.029405074226));
#11819 = CARTESIAN_POINT('',(1.047197551197,4.014374678603));
#11820 = CARTESIAN_POINT('',(0.785398163397,4.001191281071));
#11821 = CARTESIAN_POINT('',(0.523598775598,3.991741654306));
#11822 = CARTESIAN_POINT('',(0.261799387799,3.98702035008));
#11823 = CARTESIAN_POINT('',(1.387778780781E-16,3.98702035008));
#11824 = ( GEOMETRIC_REPRESENTATION_CONTEXT(2) 
PARAMETRIC_REPRESENTATION_CONTEXT() REPRESENTATION_CONTEXT('2D SPACE',''
  ) );
#11825 = ORIENTED_EDGE('',*,*,#10931,.T.);
#11826 = ORIENTED_EDGE('',*,*,#7921,.T.);
#11827 = ORIENTED_EDGE('',*,*,#11828,.F.);
#11828 = EDGE_CURVE('',#8533,#7922,#11829,.T.);
#11829 = SURFACE_CURVE('',#11830,(#11834,#11841),.PCURVE_S1.);
#11830 = LINE('',#11831,#11832);
#11831 = CARTESIAN_POINT('',(-10.,-59.,110.));
#11832 = VECTOR('',#11833,1.);
#11833 = DIRECTION('',(1.,-2.22044604925E-16,0.));
#11834 = PCURVE('',#7936,#11835);
#11835 = DEFINITIONAL_REPRESENTATION('',(#11836),#11840);
#11836 = LINE('',#11837,#11838);
#11837 = CARTESIAN_POINT('',(-1.7763568394E-15,8.658229447548E-32));
#11838 = VECTOR('',#11839,1.);
#11839 = DIRECTION('',(1.,0.));
#11840 = ( GEOMETRIC_REPRESENTATION_CONTEXT(2) 
PARAMETRIC_REPRESENTATION_CONTEXT() REPRESENTATION_CONTEXT('2D SPACE',''
  ) );
#11841 = PCURVE('',#11842,#11847);
#11842 = B_SPLINE_SURFACE_WITH_KNOTS('',1,1,(
    (#11843,#11844)
    ,(#11845,#11846
    )),.UNSPECIFIED.,.F.,.F.,.F.,(2,2),(2,2),(0.,22.),(0.,1.),
  .PIECEWISE_BEZIER_KNOTS.);
#11843 = CARTESIAN_POINT('',(-10.,-59.,110.));
#11844 = CARTESIAN_POINT('',(-11.,-60.,150.));
#11845 = CARTESIAN_POINT('',(10.,-59.,110.));
#11846 = CARTESIAN_POINT('',(11.,-60.,150.));
#11847 = DEFINITIONAL_REPRESENTATION('',(#11848),#11851);
#11848 = B_SPLINE_CURVE_WITH_KNOTS('',1,(#11849,#11850),.UNSPECIFIED.,
  .F.,.F.,(2,2),(0.,20.),.PIECEWISE_BEZIER_KNOTS.);
#11849 = CARTESIAN_POINT('',(0.,0.));
#11850 = CARTESIAN_POINT('',(22.,0.));
#11851 = ( GEOMETRIC_REPRESENTATION_CONTEXT(2) 
PARAMETRIC_REPRESENTATION_CONTEXT() REPRESENTATION_CONTEXT('2D SPACE',''
  ) );
#11852 = ADVANCED_FACE('',(#11853),#7985,.T.);
#11853 = FACE_BOUND('',#11854,.T.);
#11854 = EDGE_LOOP('',(#11855,#11877,#11878,#11898,#11899,#11928));
#11855 = ORIENTED_EDGE('',*,*,#11856,.F.);
#11856 = EDGE_CURVE('',#7922,#11857,#11859,.T.);
#11857 = VERTEX_POINT('',#11858);
#11858 = CARTESIAN_POINT('',(11.,-60.,150.));
#11859 = SURFACE_CURVE('',#11860,(#11863,#11870),.PCURVE_S1.);
#11860 = B_SPLINE_CURVE_WITH_KNOTS('',1,(#11861,#11862),.UNSPECIFIED.,
  .F.,.F.,(2,2),(0.,1.),.PIECEWISE_BEZIER_KNOTS.);
#11861 = CARTESIAN_POINT('',(10.,-59.,110.));
#11862 = CARTESIAN_POINT('',(11.,-60.,150.));
#11863 = PCURVE('',#7985,#11864);
#11864 = DEFINITIONAL_REPRESENTATION('',(#11865),#11869);
#11865 = LINE('',#11866,#11867);
#11866 = CARTESIAN_POINT('',(0.,0.));
#11867 = VECTOR('',#11868,1.);
#11868 = DIRECTION('',(0.,1.));
#11869 = ( GEOMETRIC_REPRESENTATION_CONTEXT(2) 
PARAMETRIC_REPRESENTATION_CONTEXT() REPRESENTATION_CONTEXT('2D SPACE',''
  ) );
#11870 = PCURVE('',#11842,#11871);
#11871 = DEFINITIONAL_REPRESENTATION('',(#11872),#11876);
#11872 = LINE('',#11873,#11874);
#11873 = CARTESIAN_POINT('',(22.,0.));
#11874 = VECTOR('',#11875,1.);
#11875 = DIRECTION('',(0.,1.));
#11876 = ( GEOMETRIC_REPRESENTATION_CONTEXT(2) 
PARAMETRIC_REPRESENTATION_CONTEXT() REPRESENTATION_CONTEXT('2D SPACE',''
  ) );
#11877 = ORIENTED_EDGE('',*,*,#7971,.T.);
#11878 = ORIENTED_EDGE('',*,*,#11879,.T.);
#11879 = EDGE_CURVE('',#7951,#9647,#11880,.T.);
#11880 = SURFACE_CURVE('',#11881,(#11884,#11891),.PCURVE_S1.);
#11881 = B_SPLINE_CURVE_WITH_KNOTS('',1,(#11882,#11883),.UNSPECIFIED.,
  .F.,.F.,(2,2),(0.,1.),.PIECEWISE_BEZIER_KNOTS.);
#11882 = CARTESIAN_POINT('',(10.,-46.,110.));
#11883 = CARTESIAN_POINT('',(11.,-47.,150.));
#11884 = PCURVE('',#7985,#11885);
#11885 = DEFINITIONAL_REPRESENTATION('',(#11886),#11890);
#11886 = LINE('',#11887,#11888);
#11887 = CARTESIAN_POINT('',(13.,0.));
#11888 = VECTOR('',#11889,1.);
#11889 = DIRECTION('',(0.,1.));
#11890 = ( GEOMETRIC_REPRESENTATION_CONTEXT(2) 
PARAMETRIC_REPRESENTATION_CONTEXT() REPRESENTATION_CONTEXT('2D SPACE',''
  ) );
#11891 = PCURVE('',#8487,#11892);
#11892 = DEFINITIONAL_REPRESENTATION('',(#11893),#11897);
#11893 = LINE('',#11894,#11895);
#11894 = CARTESIAN_POINT('',(0.,0.));
#11895 = VECTOR('',#11896,1.);
#11896 = DIRECTION('',(0.,1.));
#11897 = ( GEOMETRIC_REPRESENTATION_CONTEXT(2) 
PARAMETRIC_REPRESENTATION_CONTEXT() REPRESENTATION_CONTEXT('2D SPACE',''
  ) );
#11898 = ORIENTED_EDGE('',*,*,#9666,.T.);
#11899 = ORIENTED_EDGE('',*,*,#11900,.T.);
#11900 = EDGE_CURVE('',#9667,#11901,#11903,.T.);
#11901 = VERTEX_POINT('',#11902);
#11902 = CARTESIAN_POINT('',(10.999999999998,-49.79959839195,150.));
#11903 = SURFACE_CURVE('',#11904,(#11910,#11919),.PCURVE_S1.);
#11904 = B_SPLINE_CURVE_WITH_KNOTS('',4,(#11905,#11906,#11907,#11908,
    #11909),.UNSPECIFIED.,.F.,.F.,(5,5),(0.,1.),
  .PIECEWISE_BEZIER_KNOTS.);
#11905 = CARTESIAN_POINT('',(10.449999985,-49.91790761153,127.9999994));
#11906 = CARTESIAN_POINT('',(10.587500341654,-49.88912277671,
    133.50001366615));
#11907 = CARTESIAN_POINT('',(10.725000464852,-49.85981086084,
    139.00001859409));
#11908 = CARTESIAN_POINT('',(10.862500351898,-49.8299700451,
    144.50001407592));
#11909 = CARTESIAN_POINT('',(11.,-49.79959839195,150.));
#11910 = PCURVE('',#7985,#11911);
#11911 = DEFINITIONAL_REPRESENTATION('',(#11912),#11918);
#11912 = B_SPLINE_CURVE_WITH_KNOTS('',4,(#11913,#11914,#11915,#11916,
    #11917),.UNSPECIFIED.,.F.,.F.,(5,5),(0.,1.),
  .PIECEWISE_BEZIER_KNOTS.);
#11913 = CARTESIAN_POINT('',(9.532092373491,0.449999985));
#11914 = CARTESIAN_POINT('',(9.698377564961,0.587500341654));
#11915 = CARTESIAN_POINT('',(9.865189603974,0.725000464852));
#11916 = CARTESIAN_POINT('',(10.032530306798,0.862500351898));
#11917 = CARTESIAN_POINT('',(10.200401608045,1.));
#11918 = ( GEOMETRIC_REPRESENTATION_CONTEXT(2) 
PARAMETRIC_REPRESENTATION_CONTEXT() REPRESENTATION_CONTEXT('2D SPACE',''
  ) );
#11919 = PCURVE('',#9703,#11920);
#11920 = DEFINITIONAL_REPRESENTATION('',(#11921),#11927);
#11921 = B_SPLINE_CURVE_WITH_KNOTS('',4,(#11922,#11923,#11924,#11925,
    #11926),.UNSPECIFIED.,.F.,.F.,(5,5),(0.,1.),
  .PIECEWISE_BEZIER_KNOTS.);
#11922 = CARTESIAN_POINT('',(-4.91875252184,5.999999999062E-07));
#11923 = CARTESIAN_POINT('',(-4.921507051491,-5.500013666152));
#11924 = CARTESIAN_POINT('',(-4.92426369431,-11.00001859409));
#11925 = CARTESIAN_POINT('',(-4.927022513276,-16.50001407592));
#11926 = CARTESIAN_POINT('',(-4.929783572652,-22.));
#11927 = ( GEOMETRIC_REPRESENTATION_CONTEXT(2) 
PARAMETRIC_REPRESENTATION_CONTEXT() REPRESENTATION_CONTEXT('2D SPACE',''
  ) );
#11928 = ORIENTED_EDGE('',*,*,#11929,.F.);
#11929 = EDGE_CURVE('',#11857,#11901,#11930,.T.);
#11930 = SURFACE_CURVE('',#11931,(#11935,#11942),.PCURVE_S1.);
#11931 = LINE('',#11932,#11933);
#11932 = CARTESIAN_POINT('',(11.,-60.,150.));
#11933 = VECTOR('',#11934,1.);
#11934 = DIRECTION('',(2.22044604925E-16,1.,0.));
#11935 = PCURVE('',#7985,#11936);
#11936 = DEFINITIONAL_REPRESENTATION('',(#11937),#11941);
#11937 = LINE('',#11938,#11939);
#11938 = CARTESIAN_POINT('',(0.,1.));
#11939 = VECTOR('',#11940,1.);
#11940 = DIRECTION('',(1.,0.));
#11941 = ( GEOMETRIC_REPRESENTATION_CONTEXT(2) 
PARAMETRIC_REPRESENTATION_CONTEXT() REPRESENTATION_CONTEXT('2D SPACE',''
  ) );
#11942 = PCURVE('',#11943,#11948);
#11943 = PLANE('',#11944);
#11944 = AXIS2_PLACEMENT_3D('',#11945,#11946,#11947);
#11945 = CARTESIAN_POINT('',(12.,-60.,230.));
#11946 = DIRECTION('',(0.999921884154,-2.220272597229E-16,
    -1.249902355193E-02));
#11947 = DIRECTION('',(2.22044604925E-16,1.,0.));
#11948 = DEFINITIONAL_REPRESENTATION('',(#11949),#11953);
#11949 = LINE('',#11950,#11951);
#11950 = CARTESIAN_POINT('',(-2.22044604925E-16,-80.00624975587));
#11951 = VECTOR('',#11952,1.);
#11952 = DIRECTION('',(1.,0.));
#11953 = ( GEOMETRIC_REPRESENTATION_CONTEXT(2) 
PARAMETRIC_REPRESENTATION_CONTEXT() REPRESENTATION_CONTEXT('2D SPACE',''
  ) );
#11954 = ADVANCED_FACE('',(#11955),#8281,.F.);
#11955 = FACE_BOUND('',#11956,.F.);
#11956 = EDGE_LOOP('',(#11957,#11958,#11979,#11980));
#11957 = ORIENTED_EDGE('',*,*,#7999,.T.);
#11958 = ORIENTED_EDGE('',*,*,#11959,.F.);
#11959 = EDGE_CURVE('',#8584,#8000,#11960,.T.);
#11960 = SEAM_CURVE('',#11961,(#11965,#11972),.PCURVE_S1.);
#11961 = LINE('',#11962,#11963);
#11962 = CARTESIAN_POINT('',(-90.,-47.55,90.5));
#11963 = VECTOR('',#11964,1.);
#11964 = DIRECTION('',(1.,0.,0.));
#11965 = PCURVE('',#8281,#11966);
#11966 = DEFINITIONAL_REPRESENTATION('',(#11967),#11971);
#11967 = LINE('',#11968,#11969);
#11968 = CARTESIAN_POINT('',(0.,-0.));
#11969 = VECTOR('',#11970,1.);
#11970 = DIRECTION('',(0.,1.));
#11971 = ( GEOMETRIC_REPRESENTATION_CONTEXT(2) 
PARAMETRIC_REPRESENTATION_CONTEXT() REPRESENTATION_CONTEXT('2D SPACE',''
  ) );
#11972 = PCURVE('',#8281,#11973);
#11973 = DEFINITIONAL_REPRESENTATION('',(#11974),#11978);
#11974 = LINE('',#11975,#11976);
#11975 = CARTESIAN_POINT('',(6.28318530718,-0.));
#11976 = VECTOR('',#11977,1.);
#11977 = DIRECTION('',(0.,1.));
#11978 = ( GEOMETRIC_REPRESENTATION_CONTEXT(2) 
PARAMETRIC_REPRESENTATION_CONTEXT() REPRESENTATION_CONTEXT('2D SPACE',''
  ) );
#11979 = ORIENTED_EDGE('',*,*,#8583,.T.);
#11980 = ORIENTED_EDGE('',*,*,#11959,.T.);
#11981 = ADVANCED_FACE('',(#11982),#8487,.T.);
#11982 = FACE_BOUND('',#11983,.T.);
#11983 = EDGE_LOOP('',(#11984,#11985,#11986,#12006));
#11984 = ORIENTED_EDGE('',*,*,#11879,.F.);
#11985 = ORIENTED_EDGE('',*,*,#8473,.T.);
#11986 = ORIENTED_EDGE('',*,*,#11987,.T.);
#11987 = EDGE_CURVE('',#8453,#9627,#11988,.T.);
#11988 = SURFACE_CURVE('',#11989,(#11992,#11999),.PCURVE_S1.);
#11989 = B_SPLINE_CURVE_WITH_KNOTS('',1,(#11990,#11991),.UNSPECIFIED.,
  .F.,.F.,(2,2),(0.,1.),.PIECEWISE_BEZIER_KNOTS.);
#11990 = CARTESIAN_POINT('',(-10.,-46.,110.));
#11991 = CARTESIAN_POINT('',(-11.,-47.,150.));
#11992 = PCURVE('',#8487,#11993);
#11993 = DEFINITIONAL_REPRESENTATION('',(#11994),#11998);
#11994 = LINE('',#11995,#11996);
#11995 = CARTESIAN_POINT('',(22.,0.));
#11996 = VECTOR('',#11997,1.);
#11997 = DIRECTION('',(0.,1.));
#11998 = ( GEOMETRIC_REPRESENTATION_CONTEXT(2) 
PARAMETRIC_REPRESENTATION_CONTEXT() REPRESENTATION_CONTEXT('2D SPACE',''
  ) );
#11999 = PCURVE('',#8567,#12000);
#12000 = DEFINITIONAL_REPRESENTATION('',(#12001),#12005);
#12001 = LINE('',#12002,#12003);
#12002 = CARTESIAN_POINT('',(0.,0.));
#12003 = VECTOR('',#12004,1.);
#12004 = DIRECTION('',(0.,1.));
#12005 = ( GEOMETRIC_REPRESENTATION_CONTEXT(2) 
PARAMETRIC_REPRESENTATION_CONTEXT() REPRESENTATION_CONTEXT('2D SPACE',''
  ) );
#12006 = ORIENTED_EDGE('',*,*,#9646,.T.);
#12007 = ADVANCED_FACE('',(#12008),#8567,.T.);
#12008 = FACE_BOUND('',#12009,.T.);
#12009 = EDGE_LOOP('',(#12010,#12011,#12012,#12034,#12062,#12089));
#12010 = ORIENTED_EDGE('',*,*,#11987,.F.);
#12011 = ORIENTED_EDGE('',*,*,#8553,.T.);
#12012 = ORIENTED_EDGE('',*,*,#12013,.T.);
#12013 = EDGE_CURVE('',#8533,#12014,#12016,.T.);
#12014 = VERTEX_POINT('',#12015);
#12015 = CARTESIAN_POINT('',(-11.,-60.,150.));
#12016 = SURFACE_CURVE('',#12017,(#12020,#12027),.PCURVE_S1.);
#12017 = B_SPLINE_CURVE_WITH_KNOTS('',1,(#12018,#12019),.UNSPECIFIED.,
  .F.,.F.,(2,2),(0.,1.),.PIECEWISE_BEZIER_KNOTS.);
#12018 = CARTESIAN_POINT('',(-10.,-59.,110.));
#12019 = CARTESIAN_POINT('',(-11.,-60.,150.));
#12020 = PCURVE('',#8567,#12021);
#12021 = DEFINITIONAL_REPRESENTATION('',(#12022),#12026);
#12022 = LINE('',#12023,#12024);
#12023 = CARTESIAN_POINT('',(13.,0.));
#12024 = VECTOR('',#12025,1.);
#12025 = DIRECTION('',(0.,1.));
#12026 = ( GEOMETRIC_REPRESENTATION_CONTEXT(2) 
PARAMETRIC_REPRESENTATION_CONTEXT() REPRESENTATION_CONTEXT('2D SPACE',''
  ) );
#12027 = PCURVE('',#11842,#12028);
#12028 = DEFINITIONAL_REPRESENTATION('',(#12029),#12033);
#12029 = LINE('',#12030,#12031);
#12030 = CARTESIAN_POINT('',(0.,0.));
#12031 = VECTOR('',#12032,1.);
#12032 = DIRECTION('',(0.,1.));
#12033 = ( GEOMETRIC_REPRESENTATION_CONTEXT(2) 
PARAMETRIC_REPRESENTATION_CONTEXT() REPRESENTATION_CONTEXT('2D SPACE',''
  ) );
#12034 = ORIENTED_EDGE('',*,*,#12035,.F.);
#12035 = EDGE_CURVE('',#12036,#12014,#12038,.T.);
#12036 = VERTEX_POINT('',#12037);
#12037 = CARTESIAN_POINT('',(-10.99999999999,-49.79959839195,150.));
#12038 = SURFACE_CURVE('',#12039,(#12043,#12050),.PCURVE_S1.);
#12039 = LINE('',#12040,#12041);
#12040 = CARTESIAN_POINT('',(-11.,-47.,150.));
#12041 = VECTOR('',#12042,1.);
#12042 = DIRECTION('',(-2.22044604925E-16,-1.,0.));
#12043 = PCURVE('',#8567,#12044);
#12044 = DEFINITIONAL_REPRESENTATION('',(#12045),#12049);
#12045 = LINE('',#12046,#12047);
#12046 = CARTESIAN_POINT('',(0.,1.));
#12047 = VECTOR('',#12048,1.);
#12048 = DIRECTION('',(1.,0.));
#12049 = ( GEOMETRIC_REPRESENTATION_CONTEXT(2) 
PARAMETRIC_REPRESENTATION_CONTEXT() REPRESENTATION_CONTEXT('2D SPACE',''
  ) );
#12050 = PCURVE('',#12051,#12056);
#12051 = PLANE('',#12052);
#12052 = AXIS2_PLACEMENT_3D('',#12053,#12054,#12055);
#12053 = CARTESIAN_POINT('',(-12.,-47.,230.));
#12054 = DIRECTION('',(-0.999921884154,2.220272597229E-16,
    -1.249902355193E-02));
#12055 = DIRECTION('',(-2.22044604925E-16,-1.,0.));
#12056 = DEFINITIONAL_REPRESENTATION('',(#12057),#12061);
#12057 = LINE('',#12058,#12059);
#12058 = CARTESIAN_POINT('',(-2.22044604925E-16,-80.00624975587));
#12059 = VECTOR('',#12060,1.);
#12060 = DIRECTION('',(1.,0.));
#12061 = ( GEOMETRIC_REPRESENTATION_CONTEXT(2) 
PARAMETRIC_REPRESENTATION_CONTEXT() REPRESENTATION_CONTEXT('2D SPACE',''
  ) );
#12062 = ORIENTED_EDGE('',*,*,#12063,.F.);
#12063 = EDGE_CURVE('',#9598,#12036,#12064,.T.);
#12064 = SURFACE_CURVE('',#12065,(#12071,#12080),.PCURVE_S1.);
#12065 = B_SPLINE_CURVE_WITH_KNOTS('',4,(#12066,#12067,#12068,#12069,
    #12070),.UNSPECIFIED.,.F.,.F.,(5,5),(0.,1.),
  .PIECEWISE_BEZIER_KNOTS.);
#12066 = CARTESIAN_POINT('',(-10.449999985,-49.91790761153,127.9999994)
  );
#12067 = CARTESIAN_POINT('',(-10.58750034165,-49.88912277671,
    133.50001366615));
#12068 = CARTESIAN_POINT('',(-10.72500046485,-49.85981086084,
    139.00001859409));
#12069 = CARTESIAN_POINT('',(-10.86250035189,-49.8299700451,
    144.50001407592));
#12070 = CARTESIAN_POINT('',(-11.,-49.79959839195,150.));
#12071 = PCURVE('',#8567,#12072);
#12072 = DEFINITIONAL_REPRESENTATION('',(#12073),#12079);
#12073 = B_SPLINE_CURVE_WITH_KNOTS('',4,(#12074,#12075,#12076,#12077,
    #12078),.UNSPECIFIED.,.F.,.F.,(5,5),(0.,1.),
  .PIECEWISE_BEZIER_KNOTS.);
#12074 = CARTESIAN_POINT('',(3.467907626509,0.449999985));
#12075 = CARTESIAN_POINT('',(3.301622435039,0.587500341654));
#12076 = CARTESIAN_POINT('',(3.134810396026,0.725000464852));
#12077 = CARTESIAN_POINT('',(2.967469693202,0.862500351898));
#12078 = CARTESIAN_POINT('',(2.799598391955,1.));
#12079 = ( GEOMETRIC_REPRESENTATION_CONTEXT(2) 
PARAMETRIC_REPRESENTATION_CONTEXT() REPRESENTATION_CONTEXT('2D SPACE',''
  ) );
#12080 = PCURVE('',#9614,#12081);
#12081 = DEFINITIONAL_REPRESENTATION('',(#12082),#12088);
#12082 = B_SPLINE_CURVE_WITH_KNOTS('',4,(#12083,#12084,#12085,#12086,
    #12087),.UNSPECIFIED.,.F.,.F.,(5,5),(0.,1.),
  .PIECEWISE_BEZIER_KNOTS.);
#12083 = CARTESIAN_POINT('',(-4.506025438929,5.999999999062E-07));
#12084 = CARTESIAN_POINT('',(-4.503270909278,-5.500013666152));
#12085 = CARTESIAN_POINT('',(-4.50051426646,-11.00001859409));
#12086 = CARTESIAN_POINT('',(-4.497755447494,-16.50001407592));
#12087 = CARTESIAN_POINT('',(-4.494994388117,-22.));
#12088 = ( GEOMETRIC_REPRESENTATION_CONTEXT(2) 
PARAMETRIC_REPRESENTATION_CONTEXT() REPRESENTATION_CONTEXT('2D SPACE',''
  ) );
#12089 = ORIENTED_EDGE('',*,*,#9626,.T.);
#12090 = ADVANCED_FACE('',(#12091),#9261,.T.);
#12091 = FACE_BOUND('',#12092,.T.);
#12092 = EDGE_LOOP('',(#12093,#12094,#12095,#12113,#12114,#12135,#12156,
    #12176));
#12093 = ORIENTED_EDGE('',*,*,#9888,.F.);
#12094 = ORIENTED_EDGE('',*,*,#9248,.T.);
#12095 = ORIENTED_EDGE('',*,*,#12096,.T.);
#12096 = EDGE_CURVE('',#9227,#9556,#12097,.T.);
#12097 = SURFACE_CURVE('',#12098,(#12101,#12107),.PCURVE_S1.);
#12098 = B_SPLINE_CURVE_WITH_KNOTS('',1,(#12099,#12100),.UNSPECIFIED.,
  .F.,.F.,(2,2),(0.,1.),.PIECEWISE_BEZIER_KNOTS.);
#12099 = CARTESIAN_POINT('',(-44.,-14.,90.));
#12100 = CARTESIAN_POINT('',(-44.,-14.,230.));
#12101 = PCURVE('',#9261,#12102);
#12102 = DEFINITIONAL_REPRESENTATION('',(#12103),#12106);
#12103 = B_SPLINE_CURVE_WITH_KNOTS('',1,(#12104,#12105),.UNSPECIFIED.,
  .F.,.F.,(2,2),(0.,1.),.PIECEWISE_BEZIER_KNOTS.);
#12104 = CARTESIAN_POINT('',(14.,-140.));
#12105 = CARTESIAN_POINT('',(14.,0.));
#12106 = ( GEOMETRIC_REPRESENTATION_CONTEXT(2) 
PARAMETRIC_REPRESENTATION_CONTEXT() REPRESENTATION_CONTEXT('2D SPACE',''
  ) );
#12107 = PCURVE('',#9293,#12108);
#12108 = DEFINITIONAL_REPRESENTATION('',(#12109),#12112);
#12109 = B_SPLINE_CURVE_WITH_KNOTS('',1,(#12110,#12111),.UNSPECIFIED.,
  .F.,.F.,(2,2),(0.,1.),.PIECEWISE_BEZIER_KNOTS.);
#12110 = CARTESIAN_POINT('',(0.,-140.));
#12111 = CARTESIAN_POINT('',(0.,0.));
#12112 = ( GEOMETRIC_REPRESENTATION_CONTEXT(2) 
PARAMETRIC_REPRESENTATION_CONTEXT() REPRESENTATION_CONTEXT('2D SPACE',''
  ) );
#12113 = ORIENTED_EDGE('',*,*,#9576,.F.);
#12114 = ORIENTED_EDGE('',*,*,#12115,.F.);
#12115 = EDGE_CURVE('',#12116,#9577,#12118,.T.);
#12116 = VERTEX_POINT('',#12117);
#12117 = CARTESIAN_POINT('',(-49.04079934095,-14.,150.));
#12118 = SURFACE_CURVE('',#12119,(#12123,#12129),.PCURVE_S1.);
#12119 = LINE('',#12120,#12121);
#12120 = CARTESIAN_POINT('',(-49.04079934095,-14.,128.));
#12121 = VECTOR('',#12122,1.);
#12122 = DIRECTION('',(-0.,-0.,-1.));
#12123 = PCURVE('',#9261,#12124);
#12124 = DEFINITIONAL_REPRESENTATION('',(#12125),#12128);
#12125 = B_SPLINE_CURVE_WITH_KNOTS('',1,(#12126,#12127),.UNSPECIFIED.,
  .F.,.F.,(2,2),(-22.0000006,6.000000070117E-07),
  .PIECEWISE_BEZIER_KNOTS.);
#12126 = CARTESIAN_POINT('',(8.959200659043,-79.9999994));
#12127 = CARTESIAN_POINT('',(8.959200659043,-102.0000006));
#12128 = ( GEOMETRIC_REPRESENTATION_CONTEXT(2) 
PARAMETRIC_REPRESENTATION_CONTEXT() REPRESENTATION_CONTEXT('2D SPACE',''
  ) );
#12129 = PCURVE('',#9614,#12130);
#12130 = DEFINITIONAL_REPRESENTATION('',(#12131),#12134);
#12131 = B_SPLINE_CURVE_WITH_KNOTS('',1,(#12132,#12133),.UNSPECIFIED.,
  .F.,.F.,(2,2),(-22.0000006,6.000000070117E-07),
  .PIECEWISE_BEZIER_KNOTS.);
#12132 = CARTESIAN_POINT('',(-3.419672539241,-22.0000006));
#12133 = CARTESIAN_POINT('',(-3.419672539241,6.000000070117E-07));
#12134 = ( GEOMETRIC_REPRESENTATION_CONTEXT(2) 
PARAMETRIC_REPRESENTATION_CONTEXT() REPRESENTATION_CONTEXT('2D SPACE',''
  ) );
#12135 = ORIENTED_EDGE('',*,*,#12136,.T.);
#12136 = EDGE_CURVE('',#12116,#12137,#12139,.T.);
#12137 = VERTEX_POINT('',#12138);
#12138 = CARTESIAN_POINT('',(-44.,-14.,150.));
#12139 = SURFACE_CURVE('',#12140,(#12144,#12150),.PCURVE_S1.);
#12140 = LINE('',#12141,#12142);
#12141 = CARTESIAN_POINT('',(-29.,-14.,150.));
#12142 = VECTOR('',#12143,1.);
#12143 = DIRECTION('',(1.,-1.224646799147E-16,0.));
#12144 = PCURVE('',#9261,#12145);
#12145 = DEFINITIONAL_REPRESENTATION('',(#12146),#12149);
#12146 = B_SPLINE_CURVE_WITH_KNOTS('',1,(#12147,#12148),.UNSPECIFIED.,
  .F.,.F.,(2,2),(-22.,-15.),.PIECEWISE_BEZIER_KNOTS.);
#12147 = CARTESIAN_POINT('',(7.,-80.));
#12148 = CARTESIAN_POINT('',(14.,-80.));
#12149 = ( GEOMETRIC_REPRESENTATION_CONTEXT(2) 
PARAMETRIC_REPRESENTATION_CONTEXT() REPRESENTATION_CONTEXT('2D SPACE',''
  ) );
#12150 = PCURVE('',#9391,#12151);
#12151 = DEFINITIONAL_REPRESENTATION('',(#12152),#12155);
#12152 = B_SPLINE_CURVE_WITH_KNOTS('',1,(#12153,#12154),.UNSPECIFIED.,
  .F.,.F.,(2,2),(-22.,-15.),.PIECEWISE_BEZIER_KNOTS.);
#12153 = CARTESIAN_POINT('',(-51.,-14.));
#12154 = CARTESIAN_POINT('',(-44.,-14.));
#12155 = ( GEOMETRIC_REPRESENTATION_CONTEXT(2) 
PARAMETRIC_REPRESENTATION_CONTEXT() REPRESENTATION_CONTEXT('2D SPACE',''
  ) );
#12156 = ORIENTED_EDGE('',*,*,#12157,.T.);
#12157 = EDGE_CURVE('',#12137,#12158,#12160,.T.);
#12158 = VERTEX_POINT('',#12159);
#12159 = CARTESIAN_POINT('',(-44.,-14.,158.));
#12160 = SURFACE_CURVE('',#12161,(#12164,#12170),.PCURVE_S1.);
#12161 = B_SPLINE_CURVE_WITH_KNOTS('',1,(#12162,#12163),.UNSPECIFIED.,
  .F.,.F.,(2,2),(0.,1.),.PIECEWISE_BEZIER_KNOTS.);
#12162 = CARTESIAN_POINT('',(-44.,-14.,90.));
#12163 = CARTESIAN_POINT('',(-44.,-14.,230.));
#12164 = PCURVE('',#9261,#12165);
#12165 = DEFINITIONAL_REPRESENTATION('',(#12166),#12169);
#12166 = B_SPLINE_CURVE_WITH_KNOTS('',1,(#12167,#12168),.UNSPECIFIED.,
  .F.,.F.,(2,2),(0.,1.),.PIECEWISE_BEZIER_KNOTS.);
#12167 = CARTESIAN_POINT('',(14.,-140.));
#12168 = CARTESIAN_POINT('',(14.,0.));
#12169 = ( GEOMETRIC_REPRESENTATION_CONTEXT(2) 
PARAMETRIC_REPRESENTATION_CONTEXT() REPRESENTATION_CONTEXT('2D SPACE',''
  ) );
#12170 = PCURVE('',#9850,#12171);
#12171 = DEFINITIONAL_REPRESENTATION('',(#12172),#12175);
#12172 = B_SPLINE_CURVE_WITH_KNOTS('',1,(#12173,#12174),.UNSPECIFIED.,
  .F.,.F.,(2,2),(0.,1.),.PIECEWISE_BEZIER_KNOTS.);
#12173 = CARTESIAN_POINT('',(0.,-140.));
#12174 = CARTESIAN_POINT('',(0.,0.));
#12175 = ( GEOMETRIC_REPRESENTATION_CONTEXT(2) 
PARAMETRIC_REPRESENTATION_CONTEXT() REPRESENTATION_CONTEXT('2D SPACE',''
  ) );
#12176 = ORIENTED_EDGE('',*,*,#12177,.T.);
#12177 = EDGE_CURVE('',#12158,#9889,#12178,.T.);
#12178 = SURFACE_CURVE('',#12179,(#12183,#12189),.PCURVE_S1.);
#12179 = LINE('',#12180,#12181);
#12180 = CARTESIAN_POINT('',(-154.,-14.,158.));
#12181 = VECTOR('',#12182,1.);
#12182 = DIRECTION('',(-1.,1.224646799147E-16,0.));
#12183 = PCURVE('',#9261,#12184);
#12184 = DEFINITIONAL_REPRESENTATION('',(#12185),#12188);
#12185 = B_SPLINE_CURVE_WITH_KNOTS('',1,(#12186,#12187),.UNSPECIFIED.,
  .F.,.F.,(2,2),(-110.,-96.),.PIECEWISE_BEZIER_KNOTS.);
#12186 = CARTESIAN_POINT('',(14.,-72.));
#12187 = CARTESIAN_POINT('',(0.,-72.));
#12188 = ( GEOMETRIC_REPRESENTATION_CONTEXT(2) 
PARAMETRIC_REPRESENTATION_CONTEXT() REPRESENTATION_CONTEXT('2D SPACE',''
  ) );
#12189 = PCURVE('',#9825,#12190);
#12190 = DEFINITIONAL_REPRESENTATION('',(#12191),#12194);
#12191 = B_SPLINE_CURVE_WITH_KNOTS('',1,(#12192,#12193),.UNSPECIFIED.,
  .F.,.F.,(2,2),(-110.,-96.),.PIECEWISE_BEZIER_KNOTS.);
#12192 = CARTESIAN_POINT('',(206.,236.));
#12193 = CARTESIAN_POINT('',(192.,236.));
#12194 = ( GEOMETRIC_REPRESENTATION_CONTEXT(2) 
PARAMETRIC_REPRESENTATION_CONTEXT() REPRESENTATION_CONTEXT('2D SPACE',''
  ) );
#12195 = ADVANCED_FACE('',(#12196),#9293,.T.);
#12196 = FACE_BOUND('',#12197,.T.);
#12197 = EDGE_LOOP('',(#12198,#12199,#12200,#12201));
#12198 = ORIENTED_EDGE('',*,*,#12096,.F.);
#12199 = ORIENTED_EDGE('',*,*,#9279,.T.);
#12200 = ORIENTED_EDGE('',*,*,#9771,.T.);
#12201 = ORIENTED_EDGE('',*,*,#9555,.F.);
#12202 = ADVANCED_FACE('',(#12203,#12246),#9442,.T.);
#12203 = FACE_BOUND('',#12204,.T.);
#12204 = EDGE_LOOP('',(#12205,#12206,#12226,#12245));
#12205 = ORIENTED_EDGE('',*,*,#9429,.F.);
#12206 = ORIENTED_EDGE('',*,*,#12207,.F.);
#12207 = EDGE_CURVE('',#12208,#9404,#12210,.T.);
#12208 = VERTEX_POINT('',#12209);
#12209 = CARTESIAN_POINT('',(11.1,47.,158.));
#12210 = SURFACE_CURVE('',#12211,(#12214,#12220),.PCURVE_S1.);
#12211 = B_SPLINE_CURVE_WITH_KNOTS('',1,(#12212,#12213),.UNSPECIFIED.,
  .F.,.F.,(2,2),(0.,1.),.PIECEWISE_BEZIER_KNOTS.);
#12212 = CARTESIAN_POINT('',(11.1,47.,158.));
#12213 = CARTESIAN_POINT('',(-11.1,47.,158.));
#12214 = PCURVE('',#9442,#12215);
#12215 = DEFINITIONAL_REPRESENTATION('',(#12216),#12219);
#12216 = B_SPLINE_CURVE_WITH_KNOTS('',1,(#12217,#12218),.UNSPECIFIED.,
  .F.,.F.,(2,2),(0.,1.),.PIECEWISE_BEZIER_KNOTS.);
#12217 = CARTESIAN_POINT('',(261.1,297.));
#12218 = CARTESIAN_POINT('',(238.9,297.));
#12219 = ( GEOMETRIC_REPRESENTATION_CONTEXT(2) 
PARAMETRIC_REPRESENTATION_CONTEXT() REPRESENTATION_CONTEXT('2D SPACE',''
  ) );
#12220 = PCURVE('',#9417,#12221);
#12221 = DEFINITIONAL_REPRESENTATION('',(#12222),#12225);
#12222 = B_SPLINE_CURVE_WITH_KNOTS('',1,(#12223,#12224),.UNSPECIFIED.,
  .F.,.F.,(2,2),(0.,1.),.PIECEWISE_BEZIER_KNOTS.);
#12223 = CARTESIAN_POINT('',(24.,0.1));
#12224 = CARTESIAN_POINT('',(0.,1.E-01));
#12225 = ( GEOMETRIC_REPRESENTATION_CONTEXT(2) 
PARAMETRIC_REPRESENTATION_CONTEXT() REPRESENTATION_CONTEXT('2D SPACE',''
  ) );
#12226 = ORIENTED_EDGE('',*,*,#12227,.F.);
#12227 = EDGE_CURVE('',#11667,#12208,#12228,.T.);
#12228 = SURFACE_CURVE('',#12229,(#12233,#12239),.PCURVE_S1.);
#12229 = LINE('',#12230,#12231);
#12230 = CARTESIAN_POINT('',(11.1,-101.5,158.));
#12231 = VECTOR('',#12232,1.);
#12232 = DIRECTION('',(-1.110223024625E-16,-1.,0.));
#12233 = PCURVE('',#9442,#12234);
#12234 = DEFINITIONAL_REPRESENTATION('',(#12235),#12238);
#12235 = B_SPLINE_CURVE_WITH_KNOTS('',1,(#12236,#12237),.UNSPECIFIED.,
  .F.,.F.,(2,2),(-161.5,-148.5),.PIECEWISE_BEZIER_KNOTS.);
#12236 = CARTESIAN_POINT('',(261.1,310.));
#12237 = CARTESIAN_POINT('',(261.1,297.));
#12238 = ( GEOMETRIC_REPRESENTATION_CONTEXT(2) 
PARAMETRIC_REPRESENTATION_CONTEXT() REPRESENTATION_CONTEXT('2D SPACE',''
  ) );
#12239 = PCURVE('',#11623,#12240);
#12240 = DEFINITIONAL_REPRESENTATION('',(#12241),#12244);
#12241 = B_SPLINE_CURVE_WITH_KNOTS('',1,(#12242,#12243),.UNSPECIFIED.,
  .F.,.F.,(2,2),(-161.5,-148.5),.PIECEWISE_BEZIER_KNOTS.);
#12242 = CARTESIAN_POINT('',(13.,-72.00562478029));
#12243 = CARTESIAN_POINT('',(0.,-72.00562478029));
#12244 = ( GEOMETRIC_REPRESENTATION_CONTEXT(2) 
PARAMETRIC_REPRESENTATION_CONTEXT() REPRESENTATION_CONTEXT('2D SPACE',''
  ) );
#12245 = ORIENTED_EDGE('',*,*,#11689,.F.);
#12246 = FACE_BOUND('',#12247,.T.);
#12247 = EDGE_LOOP('',(#12248,#12276,#12302,#12328));
#12248 = ORIENTED_EDGE('',*,*,#12249,.F.);
#12249 = EDGE_CURVE('',#12250,#12252,#12254,.T.);
#12250 = VERTEX_POINT('',#12251);
#12251 = CARTESIAN_POINT('',(-5.75,56.,158.));
#12252 = VERTEX_POINT('',#12253);
#12253 = CARTESIAN_POINT('',(-7.,51.,158.));
#12254 = SURFACE_CURVE('',#12255,(#12259,#12265),.PCURVE_S1.);
#12255 = LINE('',#12256,#12257);
#12256 = CARTESIAN_POINT('',(-49.55882352941,-119.2352941176,158.));
#12257 = VECTOR('',#12258,1.);
#12258 = DIRECTION('',(-0.242535625036,-0.970142500145,0.));
#12259 = PCURVE('',#9442,#12260);
#12260 = DEFINITIONAL_REPRESENTATION('',(#12261),#12264);
#12261 = B_SPLINE_CURVE_WITH_KNOTS('',1,(#12262,#12263),.UNSPECIFIED.,
  .F.,.F.,(2,2),(-180.6284067458,-175.4745247137),
  .PIECEWISE_BEZIER_KNOTS.);
#12262 = CARTESIAN_POINT('',(244.25,306.));
#12263 = CARTESIAN_POINT('',(243.,301.));
#12264 = ( GEOMETRIC_REPRESENTATION_CONTEXT(2) 
PARAMETRIC_REPRESENTATION_CONTEXT() REPRESENTATION_CONTEXT('2D SPACE',''
  ) );
#12265 = PCURVE('',#12266,#12271);
#12266 = PLANE('',#12267);
#12267 = AXIS2_PLACEMENT_3D('',#12268,#12269,#12270);
#12268 = CARTESIAN_POINT('',(-7.,51.,157.));
#12269 = DIRECTION('',(-0.970142500145,0.242535625036,0.));
#12270 = DIRECTION('',(0.242535625036,0.970142500145,0.));
#12271 = DEFINITIONAL_REPRESENTATION('',(#12272),#12275);
#12272 = B_SPLINE_CURVE_WITH_KNOTS('',1,(#12273,#12274),.UNSPECIFIED.,
  .F.,.F.,(2,2),(-180.6284067458,-175.4745247137),
  .PIECEWISE_BEZIER_KNOTS.);
#12273 = CARTESIAN_POINT('',(5.153882032022,-1.));
#12274 = CARTESIAN_POINT('',(0.,-1.));
#12275 = ( GEOMETRIC_REPRESENTATION_CONTEXT(2) 
PARAMETRIC_REPRESENTATION_CONTEXT() REPRESENTATION_CONTEXT('2D SPACE',''
  ) );
#12276 = ORIENTED_EDGE('',*,*,#12277,.F.);
#12277 = EDGE_CURVE('',#12278,#12250,#12280,.T.);
#12278 = VERTEX_POINT('',#12279);
#12279 = CARTESIAN_POINT('',(5.75,56.,158.));
#12280 = SURFACE_CURVE('',#12281,(#12285,#12291),.PCURVE_S1.);
#12281 = LINE('',#12282,#12283);
#12282 = CARTESIAN_POINT('',(-127.875,56.,158.));
#12283 = VECTOR('',#12284,1.);
#12284 = DIRECTION('',(-1.,1.110223024625E-16,0.));
#12285 = PCURVE('',#9442,#12286);
#12286 = DEFINITIONAL_REPRESENTATION('',(#12287),#12290);
#12287 = B_SPLINE_CURVE_WITH_KNOTS('',1,(#12288,#12289),.UNSPECIFIED.,
  .F.,.F.,(2,2),(-133.625,-122.125),.PIECEWISE_BEZIER_KNOTS.);
#12288 = CARTESIAN_POINT('',(255.75,306.));
#12289 = CARTESIAN_POINT('',(244.25,306.));
#12290 = ( GEOMETRIC_REPRESENTATION_CONTEXT(2) 
PARAMETRIC_REPRESENTATION_CONTEXT() REPRESENTATION_CONTEXT('2D SPACE',''
  ) );
#12291 = PCURVE('',#12292,#12297);
#12292 = PLANE('',#12293);
#12293 = AXIS2_PLACEMENT_3D('',#12294,#12295,#12296);
#12294 = CARTESIAN_POINT('',(-5.75,56.,157.));
#12295 = DIRECTION('',(1.110223024625E-16,1.,0.));
#12296 = DIRECTION('',(1.,-1.110223024625E-16,0.));
#12297 = DEFINITIONAL_REPRESENTATION('',(#12298),#12301);
#12298 = B_SPLINE_CURVE_WITH_KNOTS('',1,(#12299,#12300),.UNSPECIFIED.,
  .F.,.F.,(2,2),(-133.625,-122.125),.PIECEWISE_BEZIER_KNOTS.);
#12299 = CARTESIAN_POINT('',(11.5,-1.));
#12300 = CARTESIAN_POINT('',(0.,-1.));
#12301 = ( GEOMETRIC_REPRESENTATION_CONTEXT(2) 
PARAMETRIC_REPRESENTATION_CONTEXT() REPRESENTATION_CONTEXT('2D SPACE',''
  ) );
#12302 = ORIENTED_EDGE('',*,*,#12303,.F.);
#12303 = EDGE_CURVE('',#12304,#12278,#12306,.T.);
#12304 = VERTEX_POINT('',#12305);
#12305 = CARTESIAN_POINT('',(7.,51.,158.));
#12306 = SURFACE_CURVE('',#12307,(#12311,#12317),.PCURVE_S1.);
#12307 = LINE('',#12308,#12309);
#12308 = CARTESIAN_POINT('',(34.227941176471,-57.91176470588,158.));
#12309 = VECTOR('',#12310,1.);
#12310 = DIRECTION('',(-0.242535625036,0.970142500145,0.));
#12311 = PCURVE('',#9442,#12312);
#12312 = DEFINITIONAL_REPRESENTATION('',(#12313),#12316);
#12313 = B_SPLINE_CURVE_WITH_KNOTS('',1,(#12314,#12315),.UNSPECIFIED.,
  .F.,.F.,(2,2),(112.26367743869,117.41755947071),
  .PIECEWISE_BEZIER_KNOTS.);
#12314 = CARTESIAN_POINT('',(257.,301.));
#12315 = CARTESIAN_POINT('',(255.75,306.));
#12316 = ( GEOMETRIC_REPRESENTATION_CONTEXT(2) 
PARAMETRIC_REPRESENTATION_CONTEXT() REPRESENTATION_CONTEXT('2D SPACE',''
  ) );
#12317 = PCURVE('',#12318,#12323);
#12318 = PLANE('',#12319);
#12319 = AXIS2_PLACEMENT_3D('',#12320,#12321,#12322);
#12320 = CARTESIAN_POINT('',(5.75,56.,157.));
#12321 = DIRECTION('',(0.970142500145,0.242535625036,0.));
#12322 = DIRECTION('',(0.242535625036,-0.970142500145,0.));
#12323 = DEFINITIONAL_REPRESENTATION('',(#12324),#12327);
#12324 = B_SPLINE_CURVE_WITH_KNOTS('',1,(#12325,#12326),.UNSPECIFIED.,
  .F.,.F.,(2,2),(112.26367743869,117.41755947071),
  .PIECEWISE_BEZIER_KNOTS.);
#12325 = CARTESIAN_POINT('',(5.153882032022,-1.));
#12326 = CARTESIAN_POINT('',(0.,-1.));
#12327 = ( GEOMETRIC_REPRESENTATION_CONTEXT(2) 
PARAMETRIC_REPRESENTATION_CONTEXT() REPRESENTATION_CONTEXT('2D SPACE',''
  ) );
#12328 = ORIENTED_EDGE('',*,*,#12329,.F.);
#12329 = EDGE_CURVE('',#12252,#12304,#12330,.T.);
#12330 = SURFACE_CURVE('',#12331,(#12335,#12341),.PCURVE_S1.);
#12331 = LINE('',#12332,#12333);
#12332 = CARTESIAN_POINT('',(-121.5,51.,158.));
#12333 = VECTOR('',#12334,1.);
#12334 = DIRECTION('',(1.,-1.110223024625E-16,0.));
#12335 = PCURVE('',#9442,#12336);
#12336 = DEFINITIONAL_REPRESENTATION('',(#12337),#12340);
#12337 = B_SPLINE_CURVE_WITH_KNOTS('',1,(#12338,#12339),.UNSPECIFIED.,
  .F.,.F.,(2,2),(114.5,128.5),.PIECEWISE_BEZIER_KNOTS.);
#12338 = CARTESIAN_POINT('',(243.,301.));
#12339 = CARTESIAN_POINT('',(257.,301.));
#12340 = ( GEOMETRIC_REPRESENTATION_CONTEXT(2) 
PARAMETRIC_REPRESENTATION_CONTEXT() REPRESENTATION_CONTEXT('2D SPACE',''
  ) );
#12341 = PCURVE('',#12342,#12347);
#12342 = PLANE('',#12343);
#12343 = AXIS2_PLACEMENT_3D('',#12344,#12345,#12346);
#12344 = CARTESIAN_POINT('',(7.,51.,157.));
#12345 = DIRECTION('',(-1.110223024625E-16,-1.,0.));
#12346 = DIRECTION('',(-1.,1.110223024625E-16,0.));
#12347 = DEFINITIONAL_REPRESENTATION('',(#12348),#12351);
#12348 = B_SPLINE_CURVE_WITH_KNOTS('',1,(#12349,#12350),.UNSPECIFIED.,
  .F.,.F.,(2,2),(114.5,128.5),.PIECEWISE_BEZIER_KNOTS.);
#12349 = CARTESIAN_POINT('',(14.,-1.));
#12350 = CARTESIAN_POINT('',(0.,-1.));
#12351 = ( GEOMETRIC_REPRESENTATION_CONTEXT(2) 
PARAMETRIC_REPRESENTATION_CONTEXT() REPRESENTATION_CONTEXT('2D SPACE',''
  ) );
#12352 = ADVANCED_FACE('',(#12353),#9417,.T.);
#12353 = FACE_BOUND('',#12354,.T.);
#12354 = EDGE_LOOP('',(#12355,#12356,#12378,#12397));
#12355 = ORIENTED_EDGE('',*,*,#9403,.F.);
#12356 = ORIENTED_EDGE('',*,*,#12357,.T.);
#12357 = EDGE_CURVE('',#9376,#12358,#12360,.T.);
#12358 = VERTEX_POINT('',#12359);
#12359 = CARTESIAN_POINT('',(11.,47.,150.));
#12360 = SURFACE_CURVE('',#12361,(#12365,#12371),.PCURVE_S1.);
#12361 = LINE('',#12362,#12363);
#12362 = CARTESIAN_POINT('',(-11.,47.,150.));
#12363 = VECTOR('',#12364,1.);
#12364 = DIRECTION('',(1.,-1.110223024625E-16,0.));
#12365 = PCURVE('',#9417,#12366);
#12366 = DEFINITIONAL_REPRESENTATION('',(#12367),#12370);
#12367 = B_SPLINE_CURVE_WITH_KNOTS('',1,(#12368,#12369),.UNSPECIFIED.,
  .F.,.F.,(2,2),(0.,22.),.PIECEWISE_BEZIER_KNOTS.);
#12368 = CARTESIAN_POINT('',(0.,0.));
#12369 = CARTESIAN_POINT('',(24.,0.));
#12370 = ( GEOMETRIC_REPRESENTATION_CONTEXT(2) 
PARAMETRIC_REPRESENTATION_CONTEXT() REPRESENTATION_CONTEXT('2D SPACE',''
  ) );
#12371 = PCURVE('',#9391,#12372);
#12372 = DEFINITIONAL_REPRESENTATION('',(#12373),#12377);
#12373 = LINE('',#12374,#12375);
#12374 = CARTESIAN_POINT('',(-11.,47.));
#12375 = VECTOR('',#12376,1.);
#12376 = DIRECTION('',(1.,-1.110223024625E-16));
#12377 = ( GEOMETRIC_REPRESENTATION_CONTEXT(2) 
PARAMETRIC_REPRESENTATION_CONTEXT() REPRESENTATION_CONTEXT('2D SPACE',''
  ) );
#12378 = ORIENTED_EDGE('',*,*,#12379,.T.);
#12379 = EDGE_CURVE('',#12358,#12208,#12380,.T.);
#12380 = SURFACE_CURVE('',#12381,(#12384,#12391),.PCURVE_S1.);
#12381 = B_SPLINE_CURVE_WITH_KNOTS('',1,(#12382,#12383),.UNSPECIFIED.,
  .F.,.F.,(2,2),(0.,1.),.PIECEWISE_BEZIER_KNOTS.);
#12382 = CARTESIAN_POINT('',(11.,47.,150.));
#12383 = CARTESIAN_POINT('',(12.,47.,230.));
#12384 = PCURVE('',#9417,#12385);
#12385 = DEFINITIONAL_REPRESENTATION('',(#12386),#12390);
#12386 = LINE('',#12387,#12388);
#12387 = CARTESIAN_POINT('',(24.,0.));
#12388 = VECTOR('',#12389,1.);
#12389 = DIRECTION('',(0.,1.));
#12390 = ( GEOMETRIC_REPRESENTATION_CONTEXT(2) 
PARAMETRIC_REPRESENTATION_CONTEXT() REPRESENTATION_CONTEXT('2D SPACE',''
  ) );
#12391 = PCURVE('',#11623,#12392);
#12392 = DEFINITIONAL_REPRESENTATION('',(#12393),#12396);
#12393 = B_SPLINE_CURVE_WITH_KNOTS('',1,(#12394,#12395),.UNSPECIFIED.,
  .F.,.F.,(2,2),(0.,1.),.PIECEWISE_BEZIER_KNOTS.);
#12394 = CARTESIAN_POINT('',(0.,-80.00624975587));
#12395 = CARTESIAN_POINT('',(0.,0.));
#12396 = ( GEOMETRIC_REPRESENTATION_CONTEXT(2) 
PARAMETRIC_REPRESENTATION_CONTEXT() REPRESENTATION_CONTEXT('2D SPACE',''
  ) );
#12397 = ORIENTED_EDGE('',*,*,#12207,.T.);
#12398 = ADVANCED_FACE('',(#12399,#12569),#9391,.T.);
#12399 = FACE_BOUND('',#12400,.T.);
#12400 = EDGE_LOOP('',(#12401,#12402,#12403,#12404,#12423,#12424,#12450,
    #12473,#12500,#12521,#12547,#12568));
#12401 = ORIENTED_EDGE('',*,*,#9375,.F.);
#12402 = ORIENTED_EDGE('',*,*,#9456,.F.);
#12403 = ORIENTED_EDGE('',*,*,#9861,.F.);
#12404 = ORIENTED_EDGE('',*,*,#12405,.F.);
#12405 = EDGE_CURVE('',#12137,#9837,#12406,.T.);
#12406 = SURFACE_CURVE('',#12407,(#12411,#12417),.PCURVE_S1.);
#12407 = LINE('',#12408,#12409);
#12408 = CARTESIAN_POINT('',(-44.,-7.,150.));
#12409 = VECTOR('',#12410,1.);
#12410 = DIRECTION('',(1.224646799147E-16,1.,-0.));
#12411 = PCURVE('',#9391,#12412);
#12412 = DEFINITIONAL_REPRESENTATION('',(#12413),#12416);
#12413 = B_SPLINE_CURVE_WITH_KNOTS('',1,(#12414,#12415),.UNSPECIFIED.,
  .F.,.F.,(2,2),(-7.,21.),.PIECEWISE_BEZIER_KNOTS.);
#12414 = CARTESIAN_POINT('',(-44.,-14.));
#12415 = CARTESIAN_POINT('',(-44.,14.));
#12416 = ( GEOMETRIC_REPRESENTATION_CONTEXT(2) 
PARAMETRIC_REPRESENTATION_CONTEXT() REPRESENTATION_CONTEXT('2D SPACE',''
  ) );
#12417 = PCURVE('',#9850,#12418);
#12418 = DEFINITIONAL_REPRESENTATION('',(#12419),#12422);
#12419 = B_SPLINE_CURVE_WITH_KNOTS('',1,(#12420,#12421),.UNSPECIFIED.,
  .F.,.F.,(2,2),(-7.,21.),.PIECEWISE_BEZIER_KNOTS.);
#12420 = CARTESIAN_POINT('',(0.,-80.));
#12421 = CARTESIAN_POINT('',(28.,-80.));
#12422 = ( GEOMETRIC_REPRESENTATION_CONTEXT(2) 
PARAMETRIC_REPRESENTATION_CONTEXT() REPRESENTATION_CONTEXT('2D SPACE',''
  ) );
#12423 = ORIENTED_EDGE('',*,*,#12136,.F.);
#12424 = ORIENTED_EDGE('',*,*,#12425,.F.);
#12425 = EDGE_CURVE('',#12036,#12116,#12426,.T.);
#12426 = SURFACE_CURVE('',#12427,(#12432,#12443),.PCURVE_S1.);
#12427 = CIRCLE('',#12428,51.);
#12428 = AXIS2_PLACEMENT_3D('',#12429,#12430,#12431);
#12429 = CARTESIAN_POINT('',(0.,0.,150.));
#12430 = DIRECTION('',(0.,0.,-1.));
#12431 = DIRECTION('',(0.21568627451,0.976462713568,0.));
#12432 = PCURVE('',#9391,#12433);
#12433 = DEFINITIONAL_REPRESENTATION('',(#12434),#12442);
#12434 = ( BOUNDED_CURVE() B_SPLINE_CURVE(2,(#12435,#12436,#12437,#12438
    ,#12439,#12440,#12441),.UNSPECIFIED.,.T.,.F.) 
B_SPLINE_CURVE_WITH_KNOTS((1,2,2,2,2,1),(-2.094395102393,0.,
    2.094395102393,4.188790204786,6.28318530718,8.377580409573),
.UNSPECIFIED.) CURVE() GEOMETRIC_REPRESENTATION_ITEM() 
RATIONAL_B_SPLINE_CURVE((1.,0.5,1.,0.5,1.,0.5,1.)) REPRESENTATION_ITEM(
  '') );
#12435 = CARTESIAN_POINT('',(11.000000000001,49.799598391955));
#12436 = CARTESIAN_POINT('',(97.255434611392,30.747039508695));
#12437 = CARTESIAN_POINT('',(37.627717305695,-34.4260786376));
#12438 = CARTESIAN_POINT('',(-22.,-99.5991967839));
#12439 = CARTESIAN_POINT('',(-48.62771730569,-15.37351975434));
#12440 = CARTESIAN_POINT('',(-75.25543461139,68.852157275214));
#12441 = CARTESIAN_POINT('',(11.000000000001,49.799598391955));
#12442 = ( GEOMETRIC_REPRESENTATION_CONTEXT(2) 
PARAMETRIC_REPRESENTATION_CONTEXT() REPRESENTATION_CONTEXT('2D SPACE',''
  ) );
#12443 = PCURVE('',#9614,#12444);
#12444 = DEFINITIONAL_REPRESENTATION('',(#12445),#12449);
#12445 = LINE('',#12446,#12447);
#12446 = CARTESIAN_POINT('',(-7.636587041707,-22.));
#12447 = VECTOR('',#12448,1.);
#12448 = DIRECTION('',(1.,-0.));
#12449 = ( GEOMETRIC_REPRESENTATION_CONTEXT(2) 
PARAMETRIC_REPRESENTATION_CONTEXT() REPRESENTATION_CONTEXT('2D SPACE',''
  ) );
#12450 = ORIENTED_EDGE('',*,*,#12451,.F.);
#12451 = EDGE_CURVE('',#12452,#12036,#12454,.T.);
#12452 = VERTEX_POINT('',#12453);
#12453 = CARTESIAN_POINT('',(-11.,-47.,150.));
#12454 = SURFACE_CURVE('',#12455,(#12459,#12466),.PCURVE_S1.);
#12455 = LINE('',#12456,#12457);
#12456 = CARTESIAN_POINT('',(-11.,-47.,150.));
#12457 = VECTOR('',#12458,1.);
#12458 = DIRECTION('',(-2.22044604925E-16,-1.,0.));
#12459 = PCURVE('',#9391,#12460);
#12460 = DEFINITIONAL_REPRESENTATION('',(#12461),#12465);
#12461 = LINE('',#12462,#12463);
#12462 = CARTESIAN_POINT('',(-11.,-47.));
#12463 = VECTOR('',#12464,1.);
#12464 = DIRECTION('',(-2.22044604925E-16,-1.));
#12465 = ( GEOMETRIC_REPRESENTATION_CONTEXT(2) 
PARAMETRIC_REPRESENTATION_CONTEXT() REPRESENTATION_CONTEXT('2D SPACE',''
  ) );
#12466 = PCURVE('',#12051,#12467);
#12467 = DEFINITIONAL_REPRESENTATION('',(#12468),#12472);
#12468 = LINE('',#12469,#12470);
#12469 = CARTESIAN_POINT('',(-2.22044604925E-16,-80.00624975587));
#12470 = VECTOR('',#12471,1.);
#12471 = DIRECTION('',(1.,0.));
#12472 = ( GEOMETRIC_REPRESENTATION_CONTEXT(2) 
PARAMETRIC_REPRESENTATION_CONTEXT() REPRESENTATION_CONTEXT('2D SPACE',''
  ) );
#12473 = ORIENTED_EDGE('',*,*,#12474,.F.);
#12474 = EDGE_CURVE('',#12475,#12452,#12477,.T.);
#12475 = VERTEX_POINT('',#12476);
#12476 = CARTESIAN_POINT('',(11.,-47.,150.));
#12477 = SURFACE_CURVE('',#12478,(#12482,#12489),.PCURVE_S1.);
#12478 = LINE('',#12479,#12480);
#12479 = CARTESIAN_POINT('',(11.,-47.,150.));
#12480 = VECTOR('',#12481,1.);
#12481 = DIRECTION('',(-1.,2.22044604925E-16,0.));
#12482 = PCURVE('',#9391,#12483);
#12483 = DEFINITIONAL_REPRESENTATION('',(#12484),#12488);
#12484 = LINE('',#12485,#12486);
#12485 = CARTESIAN_POINT('',(11.,-47.));
#12486 = VECTOR('',#12487,1.);
#12487 = DIRECTION('',(-1.,2.22044604925E-16));
#12488 = ( GEOMETRIC_REPRESENTATION_CONTEXT(2) 
PARAMETRIC_REPRESENTATION_CONTEXT() REPRESENTATION_CONTEXT('2D SPACE',''
  ) );
#12489 = PCURVE('',#12490,#12495);
#12490 = B_SPLINE_SURFACE_WITH_KNOTS('',1,1,(
    (#12491,#12492)
    ,(#12493,#12494
    )),.UNSPECIFIED.,.F.,.F.,.F.,(2,2),(2,2),(0.,24.),(0.,1.),
  .PIECEWISE_BEZIER_KNOTS.);
#12491 = CARTESIAN_POINT('',(11.,-47.,150.));
#12492 = CARTESIAN_POINT('',(12.,-47.,230.));
#12493 = CARTESIAN_POINT('',(-11.,-47.,150.));
#12494 = CARTESIAN_POINT('',(-12.,-47.,230.));
#12495 = DEFINITIONAL_REPRESENTATION('',(#12496),#12499);
#12496 = B_SPLINE_CURVE_WITH_KNOTS('',1,(#12497,#12498),.UNSPECIFIED.,
  .F.,.F.,(2,2),(0.,22.),.PIECEWISE_BEZIER_KNOTS.);
#12497 = CARTESIAN_POINT('',(0.,0.));
#12498 = CARTESIAN_POINT('',(24.,0.));
#12499 = ( GEOMETRIC_REPRESENTATION_CONTEXT(2) 
PARAMETRIC_REPRESENTATION_CONTEXT() REPRESENTATION_CONTEXT('2D SPACE',''
  ) );
#12500 = ORIENTED_EDGE('',*,*,#12501,.F.);
#12501 = EDGE_CURVE('',#11901,#12475,#12502,.T.);
#12502 = SURFACE_CURVE('',#12503,(#12507,#12514),.PCURVE_S1.);
#12503 = LINE('',#12504,#12505);
#12504 = CARTESIAN_POINT('',(11.,-60.,150.));
#12505 = VECTOR('',#12506,1.);
#12506 = DIRECTION('',(2.22044604925E-16,1.,0.));
#12507 = PCURVE('',#9391,#12508);
#12508 = DEFINITIONAL_REPRESENTATION('',(#12509),#12513);
#12509 = LINE('',#12510,#12511);
#12510 = CARTESIAN_POINT('',(11.,-60.));
#12511 = VECTOR('',#12512,1.);
#12512 = DIRECTION('',(2.22044604925E-16,1.));
#12513 = ( GEOMETRIC_REPRESENTATION_CONTEXT(2) 
PARAMETRIC_REPRESENTATION_CONTEXT() REPRESENTATION_CONTEXT('2D SPACE',''
  ) );
#12514 = PCURVE('',#11943,#12515);
#12515 = DEFINITIONAL_REPRESENTATION('',(#12516),#12520);
#12516 = LINE('',#12517,#12518);
#12517 = CARTESIAN_POINT('',(-2.22044604925E-16,-80.00624975587));
#12518 = VECTOR('',#12519,1.);
#12519 = DIRECTION('',(1.,0.));
#12520 = ( GEOMETRIC_REPRESENTATION_CONTEXT(2) 
PARAMETRIC_REPRESENTATION_CONTEXT() REPRESENTATION_CONTEXT('2D SPACE',''
  ) );
#12521 = ORIENTED_EDGE('',*,*,#12522,.F.);
#12522 = EDGE_CURVE('',#11608,#11901,#12523,.T.);
#12523 = SURFACE_CURVE('',#12524,(#12529,#12540),.PCURVE_S1.);
#12524 = CIRCLE('',#12525,51.);
#12525 = AXIS2_PLACEMENT_3D('',#12526,#12527,#12528);
#12526 = CARTESIAN_POINT('',(0.,0.,150.));
#12527 = DIRECTION('',(0.,0.,-1.));
#12528 = DIRECTION('',(0.21568627451,0.976462713568,0.));
#12529 = PCURVE('',#9391,#12530);
#12530 = DEFINITIONAL_REPRESENTATION('',(#12531),#12539);
#12531 = ( BOUNDED_CURVE() B_SPLINE_CURVE(2,(#12532,#12533,#12534,#12535
    ,#12536,#12537,#12538),.UNSPECIFIED.,.T.,.F.) 
B_SPLINE_CURVE_WITH_KNOTS((1,2,2,2,2,1),(-2.094395102393,0.,
    2.094395102393,4.188790204786,6.28318530718,8.377580409573),
.UNSPECIFIED.) CURVE() GEOMETRIC_REPRESENTATION_ITEM() 
RATIONAL_B_SPLINE_CURVE((1.,0.5,1.,0.5,1.,0.5,1.)) REPRESENTATION_ITEM(
  '') );
#12532 = CARTESIAN_POINT('',(11.000000000001,49.799598391955));
#12533 = CARTESIAN_POINT('',(97.255434611392,30.747039508695));
#12534 = CARTESIAN_POINT('',(37.627717305695,-34.4260786376));
#12535 = CARTESIAN_POINT('',(-22.,-99.5991967839));
#12536 = CARTESIAN_POINT('',(-48.62771730569,-15.37351975434));
#12537 = CARTESIAN_POINT('',(-75.25543461139,68.852157275214));
#12538 = CARTESIAN_POINT('',(11.000000000001,49.799598391955));
#12539 = ( GEOMETRIC_REPRESENTATION_CONTEXT(2) 
PARAMETRIC_REPRESENTATION_CONTEXT() REPRESENTATION_CONTEXT('2D SPACE',''
  ) );
#12540 = PCURVE('',#9703,#12541);
#12541 = DEFINITIONAL_REPRESENTATION('',(#12542),#12546);
#12542 = LINE('',#12543,#12544);
#12543 = CARTESIAN_POINT('',(-7.636587041707,-22.));
#12544 = VECTOR('',#12545,1.);
#12545 = DIRECTION('',(1.,-0.));
#12546 = ( GEOMETRIC_REPRESENTATION_CONTEXT(2) 
PARAMETRIC_REPRESENTATION_CONTEXT() REPRESENTATION_CONTEXT('2D SPACE',''
  ) );
#12547 = ORIENTED_EDGE('',*,*,#12548,.F.);
#12548 = EDGE_CURVE('',#12358,#11608,#12549,.T.);
#12549 = SURFACE_CURVE('',#12550,(#12554,#12561),.PCURVE_S1.);
#12550 = LINE('',#12551,#12552);
#12551 = CARTESIAN_POINT('',(11.,47.,150.));
#12552 = VECTOR('',#12553,1.);
#12553 = DIRECTION('',(1.110223024625E-16,1.,0.));
#12554 = PCURVE('',#9391,#12555);
#12555 = DEFINITIONAL_REPRESENTATION('',(#12556),#12560);
#12556 = LINE('',#12557,#12558);
#12557 = CARTESIAN_POINT('',(11.,47.));
#12558 = VECTOR('',#12559,1.);
#12559 = DIRECTION('',(1.110223024625E-16,1.));
#12560 = ( GEOMETRIC_REPRESENTATION_CONTEXT(2) 
PARAMETRIC_REPRESENTATION_CONTEXT() REPRESENTATION_CONTEXT('2D SPACE',''
  ) );
#12561 = PCURVE('',#11623,#12562);
#12562 = DEFINITIONAL_REPRESENTATION('',(#12563),#12567);
#12563 = LINE('',#12564,#12565);
#12564 = CARTESIAN_POINT('',(-1.110223024625E-16,-80.00624975587));
#12565 = VECTOR('',#12566,1.);
#12566 = DIRECTION('',(1.,0.));
#12567 = ( GEOMETRIC_REPRESENTATION_CONTEXT(2) 
PARAMETRIC_REPRESENTATION_CONTEXT() REPRESENTATION_CONTEXT('2D SPACE',''
  ) );
#12568 = ORIENTED_EDGE('',*,*,#12357,.F.);
#12569 = FACE_BOUND('',#12570,.T.);
#12570 = EDGE_LOOP('',(#12571));
#12571 = ORIENTED_EDGE('',*,*,#12572,.T.);
#12572 = EDGE_CURVE('',#12573,#12573,#12575,.T.);
#12573 = VERTEX_POINT('',#12574);
#12574 = CARTESIAN_POINT('',(43.5,0.,150.));
#12575 = SURFACE_CURVE('',#12576,(#12581,#12592),.PCURVE_S1.);
#12576 = CIRCLE('',#12577,43.5);
#12577 = AXIS2_PLACEMENT_3D('',#12578,#12579,#12580);
#12578 = CARTESIAN_POINT('',(0.,0.,150.));
#12579 = DIRECTION('',(0.,0.,-1.));
#12580 = DIRECTION('',(1.,0.,0.));
#12581 = PCURVE('',#9391,#12582);
#12582 = DEFINITIONAL_REPRESENTATION('',(#12583),#12591);
#12583 = ( BOUNDED_CURVE() B_SPLINE_CURVE(2,(#12584,#12585,#12586,#12587
    ,#12588,#12589,#12590),.UNSPECIFIED.,.T.,.F.) 
B_SPLINE_CURVE_WITH_KNOTS((1,2,2,2,2,1),(-2.094395102393,0.,
    2.094395102393,4.188790204786,6.28318530718,8.377580409573),
.UNSPECIFIED.) CURVE() GEOMETRIC_REPRESENTATION_ITEM() 
RATIONAL_B_SPLINE_CURVE((1.,0.5,1.,0.5,1.,0.5,1.)) REPRESENTATION_ITEM(
  '') );
#12584 = CARTESIAN_POINT('',(43.5,3.658962549716E-16));
#12585 = CARTESIAN_POINT('',(43.5,-75.34421012924));
#12586 = CARTESIAN_POINT('',(-21.75,-37.67210506462));
#12587 = CARTESIAN_POINT('',(-87.,-1.028853089761E-14));
#12588 = CARTESIAN_POINT('',(-21.75,37.672105064623));
#12589 = CARTESIAN_POINT('',(43.5,75.344210129246));
#12590 = CARTESIAN_POINT('',(43.5,3.658962549716E-16));
#12591 = ( GEOMETRIC_REPRESENTATION_CONTEXT(2) 
PARAMETRIC_REPRESENTATION_CONTEXT() REPRESENTATION_CONTEXT('2D SPACE',''
  ) );
#12592 = PCURVE('',#9756,#12593);
#12593 = DEFINITIONAL_REPRESENTATION('',(#12594),#12598);
#12594 = LINE('',#12595,#12596);
#12595 = CARTESIAN_POINT('',(-6.28318530718,-23.));
#12596 = VECTOR('',#12597,1.);
#12597 = DIRECTION('',(1.,-0.));
#12598 = ( GEOMETRIC_REPRESENTATION_CONTEXT(2) 
PARAMETRIC_REPRESENTATION_CONTEXT() REPRESENTATION_CONTEXT('2D SPACE',''
  ) );
#12599 = ADVANCED_FACE('',(#12600),#9703,.T.);
#12600 = FACE_BOUND('',#12601,.F.);
#12601 = EDGE_LOOP('',(#12602,#12603,#12604,#12605));
#12602 = ORIENTED_EDGE('',*,*,#11900,.T.);
#12603 = ORIENTED_EDGE('',*,*,#12522,.F.);
#12604 = ORIENTED_EDGE('',*,*,#11635,.F.);
#12605 = ORIENTED_EDGE('',*,*,#9686,.F.);
#12606 = ADVANCED_FACE('',(#12607),#9614,.T.);
#12607 = FACE_BOUND('',#12608,.F.);
#12608 = EDGE_LOOP('',(#12609,#12610,#12611,#12612));
#12609 = ORIENTED_EDGE('',*,*,#12425,.F.);
#12610 = ORIENTED_EDGE('',*,*,#12063,.F.);
#12611 = ORIENTED_EDGE('',*,*,#9597,.F.);
#12612 = ORIENTED_EDGE('',*,*,#12115,.F.);
#12613 = ADVANCED_FACE('',(#12614),#9756,.F.);
#12614 = FACE_BOUND('',#12615,.T.);
#12615 = EDGE_LOOP('',(#12616,#12617,#12638,#12639));
#12616 = ORIENTED_EDGE('',*,*,#9735,.T.);
#12617 = ORIENTED_EDGE('',*,*,#12618,.T.);
#12618 = EDGE_CURVE('',#9736,#12573,#12619,.T.);
#12619 = SEAM_CURVE('',#12620,(#12624,#12631),.PCURVE_S1.);
#12620 = LINE('',#12621,#12622);
#12621 = CARTESIAN_POINT('',(43.5,0.,127.));
#12622 = VECTOR('',#12623,1.);
#12623 = DIRECTION('',(0.,0.,1.));
#12624 = PCURVE('',#9756,#12625);
#12625 = DEFINITIONAL_REPRESENTATION('',(#12626),#12630);
#12626 = LINE('',#12627,#12628);
#12627 = CARTESIAN_POINT('',(-6.28318530718,0.));
#12628 = VECTOR('',#12629,1.);
#12629 = DIRECTION('',(-0.,-1.));
#12630 = ( GEOMETRIC_REPRESENTATION_CONTEXT(2) 
PARAMETRIC_REPRESENTATION_CONTEXT() REPRESENTATION_CONTEXT('2D SPACE',''
  ) );
#12631 = PCURVE('',#9756,#12632);
#12632 = DEFINITIONAL_REPRESENTATION('',(#12633),#12637);
#12633 = LINE('',#12634,#12635);
#12634 = CARTESIAN_POINT('',(-0.,0.));
#12635 = VECTOR('',#12636,1.);
#12636 = DIRECTION('',(-0.,-1.));
#12637 = ( GEOMETRIC_REPRESENTATION_CONTEXT(2) 
PARAMETRIC_REPRESENTATION_CONTEXT() REPRESENTATION_CONTEXT('2D SPACE',''
  ) );
#12638 = ORIENTED_EDGE('',*,*,#12572,.F.);
#12639 = ORIENTED_EDGE('',*,*,#12618,.F.);
#12640 = ADVANCED_FACE('',(#12641),#9850,.T.);
#12641 = FACE_BOUND('',#12642,.T.);
#12642 = EDGE_LOOP('',(#12643,#12644,#12645,#12646));
#12643 = ORIENTED_EDGE('',*,*,#12157,.F.);
#12644 = ORIENTED_EDGE('',*,*,#12405,.T.);
#12645 = ORIENTED_EDGE('',*,*,#9836,.T.);
#12646 = ORIENTED_EDGE('',*,*,#12647,.T.);
#12647 = EDGE_CURVE('',#9811,#12158,#12648,.T.);
#12648 = SURFACE_CURVE('',#12649,(#12653,#12659),.PCURVE_S1.);
#12649 = LINE('',#12650,#12651);
#12650 = CARTESIAN_POINT('',(-44.,-132.,158.));
#12651 = VECTOR('',#12652,1.);
#12652 = DIRECTION('',(-1.224646799147E-16,-1.,0.));
#12653 = PCURVE('',#9850,#12654);
#12654 = DEFINITIONAL_REPRESENTATION('',(#12655),#12658);
#12655 = B_SPLINE_CURVE_WITH_KNOTS('',1,(#12656,#12657),.UNSPECIFIED.,
  .F.,.F.,(2,2),(-146.,-118.),.PIECEWISE_BEZIER_KNOTS.);
#12656 = CARTESIAN_POINT('',(28.,-72.));
#12657 = CARTESIAN_POINT('',(0.,-72.));
#12658 = ( GEOMETRIC_REPRESENTATION_CONTEXT(2) 
PARAMETRIC_REPRESENTATION_CONTEXT() REPRESENTATION_CONTEXT('2D SPACE',''
  ) );
#12659 = PCURVE('',#9825,#12660);
#12660 = DEFINITIONAL_REPRESENTATION('',(#12661),#12664);
#12661 = B_SPLINE_CURVE_WITH_KNOTS('',1,(#12662,#12663),.UNSPECIFIED.,
  .F.,.F.,(2,2),(-146.,-118.),.PIECEWISE_BEZIER_KNOTS.);
#12662 = CARTESIAN_POINT('',(206.,264.));
#12663 = CARTESIAN_POINT('',(206.,236.));
#12664 = ( GEOMETRIC_REPRESENTATION_CONTEXT(2) 
PARAMETRIC_REPRESENTATION_CONTEXT() REPRESENTATION_CONTEXT('2D SPACE',''
  ) );
#12665 = ADVANCED_FACE('',(#12666,#12739),#9825,.T.);
#12666 = FACE_BOUND('',#12667,.T.);
#12667 = EDGE_LOOP('',(#12668,#12669,#12670,#12691,#12717,#12736,#12737,
    #12738));
#12668 = ORIENTED_EDGE('',*,*,#9810,.F.);
#12669 = ORIENTED_EDGE('',*,*,#10006,.F.);
#12670 = ORIENTED_EDGE('',*,*,#12671,.T.);
#12671 = EDGE_CURVE('',#9981,#12672,#12674,.T.);
#12672 = VERTEX_POINT('',#12673);
#12673 = CARTESIAN_POINT('',(-67.,13.,158.));
#12674 = SURFACE_CURVE('',#12675,(#12679,#12685),.PCURVE_S1.);
#12675 = LINE('',#12676,#12677);
#12676 = CARTESIAN_POINT('',(-87.6,23.3,158.));
#12677 = VECTOR('',#12678,1.);
#12678 = DIRECTION('',(-0.894427191,0.4472135955,0.));
#12679 = PCURVE('',#9825,#12680);
#12680 = DEFINITIONAL_REPRESENTATION('',(#12681),#12684);
#12681 = B_SPLINE_CURVE_WITH_KNOTS('',1,(#12682,#12683),.UNSPECIFIED.,
  .F.,.F.,(2,2),(-33.09380606699,-23.03150016824),
  .PIECEWISE_BEZIER_KNOTS.);
#12682 = CARTESIAN_POINT('',(192.,258.5));
#12683 = CARTESIAN_POINT('',(183.,263.));
#12684 = ( GEOMETRIC_REPRESENTATION_CONTEXT(2) 
PARAMETRIC_REPRESENTATION_CONTEXT() REPRESENTATION_CONTEXT('2D SPACE',''
  ) );
#12685 = PCURVE('',#9995,#12686);
#12686 = DEFINITIONAL_REPRESENTATION('',(#12687),#12690);
#12687 = B_SPLINE_CURVE_WITH_KNOTS('',1,(#12688,#12689),.UNSPECIFIED.,
  .F.,.F.,(2,2),(-33.09380606699,-23.03150016824),
  .PIECEWISE_BEZIER_KNOTS.);
#12688 = CARTESIAN_POINT('',(86.,-10.06230589874));
#12689 = CARTESIAN_POINT('',(86.,0.));
#12690 = ( GEOMETRIC_REPRESENTATION_CONTEXT(2) 
PARAMETRIC_REPRESENTATION_CONTEXT() REPRESENTATION_CONTEXT('2D SPACE',''
  ) );
#12691 = ORIENTED_EDGE('',*,*,#12692,.F.);
#12692 = EDGE_CURVE('',#12693,#12672,#12695,.T.);
#12693 = VERTEX_POINT('',#12694);
#12694 = CARTESIAN_POINT('',(-67.,-13.,158.));
#12695 = SURFACE_CURVE('',#12696,(#12700,#12706),.PCURVE_S1.);
#12696 = LINE('',#12697,#12698);
#12697 = CARTESIAN_POINT('',(-67.,-131.5,158.));
#12698 = VECTOR('',#12699,1.);
#12699 = DIRECTION('',(0.,1.,-0.));
#12700 = PCURVE('',#9825,#12701);
#12701 = DEFINITIONAL_REPRESENTATION('',(#12702),#12705);
#12702 = B_SPLINE_CURVE_WITH_KNOTS('',1,(#12703,#12704),.UNSPECIFIED.,
  .F.,.F.,(2,2),(107.01948051948,159.01948051948),
  .PIECEWISE_BEZIER_KNOTS.);
#12703 = CARTESIAN_POINT('',(183.,225.51948051948));
#12704 = CARTESIAN_POINT('',(183.,277.51948051948));
#12705 = ( GEOMETRIC_REPRESENTATION_CONTEXT(2) 
PARAMETRIC_REPRESENTATION_CONTEXT() REPRESENTATION_CONTEXT('2D SPACE',''
  ) );
#12706 = PCURVE('',#12707,#12712);
#12707 = PLANE('',#12708);
#12708 = AXIS2_PLACEMENT_3D('',#12709,#12710,#12711);
#12709 = CARTESIAN_POINT('',(-67.,-13.,72.));
#12710 = DIRECTION('',(-1.,0.,0.));
#12711 = DIRECTION('',(0.,0.166475237173,0.986045635561));
#12712 = DEFINITIONAL_REPRESENTATION('',(#12713),#12716);
#12713 = B_SPLINE_CURVE_WITH_KNOTS('',1,(#12714,#12715),.UNSPECIFIED.,
  .F.,.F.,(2,2),(107.01948051948,159.01948051948),
  .PIECEWISE_BEZIER_KNOTS.);
#12714 = CARTESIAN_POINT('',(82.888702454837,-25.63718652457));
#12715 = CARTESIAN_POINT('',(91.545414787812,25.637186524579));
#12716 = ( GEOMETRIC_REPRESENTATION_CONTEXT(2) 
PARAMETRIC_REPRESENTATION_CONTEXT() REPRESENTATION_CONTEXT('2D SPACE',''
  ) );
#12717 = ORIENTED_EDGE('',*,*,#12718,.T.);
#12718 = EDGE_CURVE('',#12693,#9909,#12719,.T.);
#12719 = SURFACE_CURVE('',#12720,(#12724,#12730),.PCURVE_S1.);
#12720 = LINE('',#12721,#12722);
#12721 = CARTESIAN_POINT('',(-187.6,-73.3,158.));
#12722 = VECTOR('',#12723,1.);
#12723 = DIRECTION('',(0.894427191,0.4472135955,-0.));
#12724 = PCURVE('',#9825,#12725);
#12725 = DEFINITIONAL_REPRESENTATION('',(#12726),#12729);
#12726 = B_SPLINE_CURVE_WITH_KNOTS('',1,(#12727,#12728),.UNSPECIFIED.,
  .F.,.F.,(2,2),(134.83489904323,144.89720494198),
  .PIECEWISE_BEZIER_KNOTS.);
#12727 = CARTESIAN_POINT('',(183.,237.));
#12728 = CARTESIAN_POINT('',(192.,241.5));
#12729 = ( GEOMETRIC_REPRESENTATION_CONTEXT(2) 
PARAMETRIC_REPRESENTATION_CONTEXT() REPRESENTATION_CONTEXT('2D SPACE',''
  ) );
#12730 = PCURVE('',#9944,#12731);
#12731 = DEFINITIONAL_REPRESENTATION('',(#12732),#12735);
#12732 = B_SPLINE_CURVE_WITH_KNOTS('',1,(#12733,#12734),.UNSPECIFIED.,
  .F.,.F.,(2,2),(134.83489904323,144.89720494198),
  .PIECEWISE_BEZIER_KNOTS.);
#12733 = CARTESIAN_POINT('',(68.,0.));
#12734 = CARTESIAN_POINT('',(68.,-10.06230589874));
#12735 = ( GEOMETRIC_REPRESENTATION_CONTEXT(2) 
PARAMETRIC_REPRESENTATION_CONTEXT() REPRESENTATION_CONTEXT('2D SPACE',''
  ) );
#12736 = ORIENTED_EDGE('',*,*,#9908,.F.);
#12737 = ORIENTED_EDGE('',*,*,#12177,.F.);
#12738 = ORIENTED_EDGE('',*,*,#12647,.F.);
#12739 = FACE_BOUND('',#12740,.T.);
#12740 = EDGE_LOOP('',(#12741,#12769,#12795,#12821));
#12741 = ORIENTED_EDGE('',*,*,#12742,.F.);
#12742 = EDGE_CURVE('',#12743,#12745,#12747,.T.);
#12743 = VERTEX_POINT('',#12744);
#12744 = CARTESIAN_POINT('',(-55.,-7.25,158.));
#12745 = VERTEX_POINT('',#12746);
#12746 = CARTESIAN_POINT('',(-48.,-9.,158.));
#12747 = SURFACE_CURVE('',#12748,(#12752,#12758),.PCURVE_S1.);
#12748 = LINE('',#12749,#12750);
#12749 = CARTESIAN_POINT('',(-114.7058823529,7.676470588235,158.));
#12750 = VECTOR('',#12751,1.);
#12751 = DIRECTION('',(0.970142500145,-0.242535625036,0.));
#12752 = PCURVE('',#9825,#12753);
#12753 = DEFINITIONAL_REPRESENTATION('',(#12754),#12757);
#12754 = B_SPLINE_CURVE_WITH_KNOTS('',1,(#12755,#12756),.UNSPECIFIED.,
  .F.,.F.,(2,2),(61.543414852969,68.7588496978),
  .PIECEWISE_BEZIER_KNOTS.);
#12755 = CARTESIAN_POINT('',(195.,242.75));
#12756 = CARTESIAN_POINT('',(202.,241.));
#12757 = ( GEOMETRIC_REPRESENTATION_CONTEXT(2) 
PARAMETRIC_REPRESENTATION_CONTEXT() REPRESENTATION_CONTEXT('2D SPACE',''
  ) );
#12758 = PCURVE('',#12759,#12764);
#12759 = PLANE('',#12760);
#12760 = AXIS2_PLACEMENT_3D('',#12761,#12762,#12763);
#12761 = CARTESIAN_POINT('',(-48.,-9.,157.));
#12762 = DIRECTION('',(-0.242535625036,-0.970142500145,0.));
#12763 = DIRECTION('',(-0.970142500145,0.242535625036,0.));
#12764 = DEFINITIONAL_REPRESENTATION('',(#12765),#12768);
#12765 = B_SPLINE_CURVE_WITH_KNOTS('',1,(#12766,#12767),.UNSPECIFIED.,
  .F.,.F.,(2,2),(61.543414852969,68.7588496978),
  .PIECEWISE_BEZIER_KNOTS.);
#12766 = CARTESIAN_POINT('',(7.215434844831,-1.));
#12767 = CARTESIAN_POINT('',(0.,-1.));
#12768 = ( GEOMETRIC_REPRESENTATION_CONTEXT(2) 
PARAMETRIC_REPRESENTATION_CONTEXT() REPRESENTATION_CONTEXT('2D SPACE',''
  ) );
#12769 = ORIENTED_EDGE('',*,*,#12770,.F.);
#12770 = EDGE_CURVE('',#12771,#12743,#12773,.T.);
#12771 = VERTEX_POINT('',#12772);
#12772 = CARTESIAN_POINT('',(-55.,7.25,158.));
#12773 = SURFACE_CURVE('',#12774,(#12778,#12784),.PCURVE_S1.);
#12774 = LINE('',#12775,#12776);
#12775 = CARTESIAN_POINT('',(-55.,-128.625,158.));
#12776 = VECTOR('',#12777,1.);
#12777 = DIRECTION('',(-1.224646799147E-16,-1.,0.));
#12778 = PCURVE('',#9825,#12779);
#12779 = DEFINITIONAL_REPRESENTATION('',(#12780),#12783);
#12780 = B_SPLINE_CURVE_WITH_KNOTS('',1,(#12781,#12782),.UNSPECIFIED.,
  .F.,.F.,(2,2),(-135.875,-121.375),.PIECEWISE_BEZIER_KNOTS.);
#12781 = CARTESIAN_POINT('',(195.,257.25));
#12782 = CARTESIAN_POINT('',(195.,242.75));
#12783 = ( GEOMETRIC_REPRESENTATION_CONTEXT(2) 
PARAMETRIC_REPRESENTATION_CONTEXT() REPRESENTATION_CONTEXT('2D SPACE',''
  ) );
#12784 = PCURVE('',#12785,#12790);
#12785 = PLANE('',#12786);
#12786 = AXIS2_PLACEMENT_3D('',#12787,#12788,#12789);
#12787 = CARTESIAN_POINT('',(-55.,-7.25,157.));
#12788 = DIRECTION('',(-1.,1.224646799147E-16,0.));
#12789 = DIRECTION('',(1.224646799147E-16,1.,0.));
#12790 = DEFINITIONAL_REPRESENTATION('',(#12791),#12794);
#12791 = B_SPLINE_CURVE_WITH_KNOTS('',1,(#12792,#12793),.UNSPECIFIED.,
  .F.,.F.,(2,2),(-135.875,-121.375),.PIECEWISE_BEZIER_KNOTS.);
#12792 = CARTESIAN_POINT('',(14.5,-1.));
#12793 = CARTESIAN_POINT('',(0.,-1.));
#12794 = ( GEOMETRIC_REPRESENTATION_CONTEXT(2) 
PARAMETRIC_REPRESENTATION_CONTEXT() REPRESENTATION_CONTEXT('2D SPACE',''
  ) );
#12795 = ORIENTED_EDGE('',*,*,#12796,.F.);
#12796 = EDGE_CURVE('',#12797,#12771,#12799,.T.);
#12797 = VERTEX_POINT('',#12798);
#12798 = CARTESIAN_POINT('',(-48.,9.,158.));
#12799 = SURFACE_CURVE('',#12800,(#12804,#12810),.PCURVE_S1.);
#12800 = LINE('',#12801,#12802);
#12801 = CARTESIAN_POINT('',(-177.0294117647,-23.25735294117,158.));
#12802 = VECTOR('',#12803,1.);
#12803 = DIRECTION('',(-0.970142500145,-0.242535625036,0.));
#12804 = PCURVE('',#9825,#12805);
#12805 = DEFINITIONAL_REPRESENTATION('',(#12806),#12809);
#12806 = B_SPLINE_CURVE_WITH_KNOTS('',1,(#12807,#12808),.UNSPECIFIED.,
  .F.,.F.,(2,2),(-133.0004733792,-125.7850385344),
  .PIECEWISE_BEZIER_KNOTS.);
#12807 = CARTESIAN_POINT('',(202.,259.));
#12808 = CARTESIAN_POINT('',(195.,257.25));
#12809 = ( GEOMETRIC_REPRESENTATION_CONTEXT(2) 
PARAMETRIC_REPRESENTATION_CONTEXT() REPRESENTATION_CONTEXT('2D SPACE',''
  ) );
#12810 = PCURVE('',#12811,#12816);
#12811 = PLANE('',#12812);
#12812 = AXIS2_PLACEMENT_3D('',#12813,#12814,#12815);
#12813 = CARTESIAN_POINT('',(-55.,7.25,157.));
#12814 = DIRECTION('',(-0.242535625036,0.970142500145,0.));
#12815 = DIRECTION('',(0.970142500145,0.242535625036,0.));
#12816 = DEFINITIONAL_REPRESENTATION('',(#12817),#12820);
#12817 = B_SPLINE_CURVE_WITH_KNOTS('',1,(#12818,#12819),.UNSPECIFIED.,
  .F.,.F.,(2,2),(-133.0004733792,-125.7850385344),
  .PIECEWISE_BEZIER_KNOTS.);
#12818 = CARTESIAN_POINT('',(7.215434844831,-1.));
#12819 = CARTESIAN_POINT('',(0.,-1.));
#12820 = ( GEOMETRIC_REPRESENTATION_CONTEXT(2) 
PARAMETRIC_REPRESENTATION_CONTEXT() REPRESENTATION_CONTEXT('2D SPACE',''
  ) );
#12821 = ORIENTED_EDGE('',*,*,#12822,.F.);
#12822 = EDGE_CURVE('',#12745,#12797,#12823,.T.);
#12823 = SURFACE_CURVE('',#12824,(#12828,#12834),.PCURVE_S1.);
#12824 = LINE('',#12825,#12826);
#12825 = CARTESIAN_POINT('',(-48.,-120.5,158.));
#12826 = VECTOR('',#12827,1.);
#12827 = DIRECTION('',(1.224646799147E-16,1.,-0.));
#12828 = PCURVE('',#9825,#12829);
#12829 = DEFINITIONAL_REPRESENTATION('',(#12830),#12833);
#12830 = B_SPLINE_CURVE_WITH_KNOTS('',1,(#12831,#12832),.UNSPECIFIED.,
  .F.,.F.,(2,2),(111.5,129.5),.PIECEWISE_BEZIER_KNOTS.);
#12831 = CARTESIAN_POINT('',(202.,241.));
#12832 = CARTESIAN_POINT('',(202.,259.));
#12833 = ( GEOMETRIC_REPRESENTATION_CONTEXT(2) 
PARAMETRIC_REPRESENTATION_CONTEXT() REPRESENTATION_CONTEXT('2D SPACE',''
  ) );
#12834 = PCURVE('',#12835,#12840);
#12835 = PLANE('',#12836);
#12836 = AXIS2_PLACEMENT_3D('',#12837,#12838,#12839);
#12837 = CARTESIAN_POINT('',(-48.,9.,157.));
#12838 = DIRECTION('',(1.,-1.224646799147E-16,0.));
#12839 = DIRECTION('',(-1.224646799147E-16,-1.,0.));
#12840 = DEFINITIONAL_REPRESENTATION('',(#12841),#12844);
#12841 = B_SPLINE_CURVE_WITH_KNOTS('',1,(#12842,#12843),.UNSPECIFIED.,
  .F.,.F.,(2,2),(111.5,129.5),.PIECEWISE_BEZIER_KNOTS.);
#12842 = CARTESIAN_POINT('',(18.,-1.));
#12843 = CARTESIAN_POINT('',(0.,-1.));
#12844 = ( GEOMETRIC_REPRESENTATION_CONTEXT(2) 
PARAMETRIC_REPRESENTATION_CONTEXT() REPRESENTATION_CONTEXT('2D SPACE',''
  ) );
#12845 = ADVANCED_FACE('',(#12846),#9995,.F.);
#12846 = FACE_BOUND('',#12847,.F.);
#12847 = EDGE_LOOP('',(#12848,#12869,#12870,#12871));
#12848 = ORIENTED_EDGE('',*,*,#12849,.F.);
#12849 = EDGE_CURVE('',#9956,#12850,#12852,.T.);
#12850 = VERTEX_POINT('',#12851);
#12851 = CARTESIAN_POINT('',(-67.,13.,72.));
#12852 = SURFACE_CURVE('',#12853,(#12856,#12862),.PCURVE_S1.);
#12853 = B_SPLINE_CURVE_WITH_KNOTS('',1,(#12854,#12855),.UNSPECIFIED.,
  .F.,.F.,(2,2),(0.,1.),.PIECEWISE_BEZIER_KNOTS.);
#12854 = CARTESIAN_POINT('',(-57.,8.,72.));
#12855 = CARTESIAN_POINT('',(-67.,13.,72.));
#12856 = PCURVE('',#9995,#12857);
#12857 = DEFINITIONAL_REPRESENTATION('',(#12858),#12861);
#12858 = B_SPLINE_CURVE_WITH_KNOTS('',1,(#12859,#12860),.UNSPECIFIED.,
  .F.,.F.,(2,2),(0.,1.),.PIECEWISE_BEZIER_KNOTS.);
#12859 = CARTESIAN_POINT('',(0.,-11.18033988749));
#12860 = CARTESIAN_POINT('',(0.,0.));
#12861 = ( GEOMETRIC_REPRESENTATION_CONTEXT(2) 
PARAMETRIC_REPRESENTATION_CONTEXT() REPRESENTATION_CONTEXT('2D SPACE',''
  ) );
#12862 = PCURVE('',#9969,#12863);
#12863 = DEFINITIONAL_REPRESENTATION('',(#12864),#12868);
#12864 = LINE('',#12865,#12866);
#12865 = CARTESIAN_POINT('',(26.,0.));
#12866 = VECTOR('',#12867,1.);
#12867 = DIRECTION('',(0.,1.));
#12868 = ( GEOMETRIC_REPRESENTATION_CONTEXT(2) 
PARAMETRIC_REPRESENTATION_CONTEXT() REPRESENTATION_CONTEXT('2D SPACE',''
  ) );
#12869 = ORIENTED_EDGE('',*,*,#9980,.T.);
#12870 = ORIENTED_EDGE('',*,*,#12671,.T.);
#12871 = ORIENTED_EDGE('',*,*,#12872,.F.);
#12872 = EDGE_CURVE('',#12850,#12672,#12873,.T.);
#12873 = SURFACE_CURVE('',#12874,(#12878,#12885),.PCURVE_S1.);
#12874 = LINE('',#12875,#12876);
#12875 = CARTESIAN_POINT('',(-67.,13.,72.));
#12876 = VECTOR('',#12877,1.);
#12877 = DIRECTION('',(0.,0.,1.));
#12878 = PCURVE('',#9995,#12879);
#12879 = DEFINITIONAL_REPRESENTATION('',(#12880),#12884);
#12880 = LINE('',#12881,#12882);
#12881 = CARTESIAN_POINT('',(0.,0.));
#12882 = VECTOR('',#12883,1.);
#12883 = DIRECTION('',(1.,0.));
#12884 = ( GEOMETRIC_REPRESENTATION_CONTEXT(2) 
PARAMETRIC_REPRESENTATION_CONTEXT() REPRESENTATION_CONTEXT('2D SPACE',''
  ) );
#12885 = PCURVE('',#12707,#12886);
#12886 = DEFINITIONAL_REPRESENTATION('',(#12887),#12891);
#12887 = LINE('',#12888,#12889);
#12888 = CARTESIAN_POINT('',(4.328356166487,25.637186524579));
#12889 = VECTOR('',#12890,1.);
#12890 = DIRECTION('',(0.986045635561,-0.166475237173));
#12891 = ( GEOMETRIC_REPRESENTATION_CONTEXT(2) 
PARAMETRIC_REPRESENTATION_CONTEXT() REPRESENTATION_CONTEXT('2D SPACE',''
  ) );
#12892 = ADVANCED_FACE('',(#12893),#9969,.F.);
#12893 = FACE_BOUND('',#12894,.F.);
#12894 = EDGE_LOOP('',(#12895,#12916,#12917,#12918));
#12895 = ORIENTED_EDGE('',*,*,#12896,.F.);
#12896 = EDGE_CURVE('',#9930,#12897,#12899,.T.);
#12897 = VERTEX_POINT('',#12898);
#12898 = CARTESIAN_POINT('',(-67.,-13.,72.));
#12899 = SURFACE_CURVE('',#12900,(#12903,#12910),.PCURVE_S1.);
#12900 = B_SPLINE_CURVE_WITH_KNOTS('',1,(#12901,#12902),.UNSPECIFIED.,
  .F.,.F.,(2,2),(0.,1.),.PIECEWISE_BEZIER_KNOTS.);
#12901 = CARTESIAN_POINT('',(-57.,-8.,72.));
#12902 = CARTESIAN_POINT('',(-67.,-13.,72.));
#12903 = PCURVE('',#9969,#12904);
#12904 = DEFINITIONAL_REPRESENTATION('',(#12905),#12909);
#12905 = LINE('',#12906,#12907);
#12906 = CARTESIAN_POINT('',(0.,0.));
#12907 = VECTOR('',#12908,1.);
#12908 = DIRECTION('',(0.,1.));
#12909 = ( GEOMETRIC_REPRESENTATION_CONTEXT(2) 
PARAMETRIC_REPRESENTATION_CONTEXT() REPRESENTATION_CONTEXT('2D SPACE',''
  ) );
#12910 = PCURVE('',#9944,#12911);
#12911 = DEFINITIONAL_REPRESENTATION('',(#12912),#12915);
#12912 = B_SPLINE_CURVE_WITH_KNOTS('',1,(#12913,#12914),.UNSPECIFIED.,
  .F.,.F.,(2,2),(0.,1.),.PIECEWISE_BEZIER_KNOTS.);
#12913 = CARTESIAN_POINT('',(154.,-11.18033988749));
#12914 = CARTESIAN_POINT('',(154.,0.));
#12915 = ( GEOMETRIC_REPRESENTATION_CONTEXT(2) 
PARAMETRIC_REPRESENTATION_CONTEXT() REPRESENTATION_CONTEXT('2D SPACE',''
  ) );
#12916 = ORIENTED_EDGE('',*,*,#9955,.F.);
#12917 = ORIENTED_EDGE('',*,*,#12849,.T.);
#12918 = ORIENTED_EDGE('',*,*,#12919,.F.);
#12919 = EDGE_CURVE('',#12897,#12850,#12920,.T.);
#12920 = SURFACE_CURVE('',#12921,(#12925,#12932),.PCURVE_S1.);
#12921 = LINE('',#12922,#12923);
#12922 = CARTESIAN_POINT('',(-67.,-13.,72.));
#12923 = VECTOR('',#12924,1.);
#12924 = DIRECTION('',(0.,1.,0.));
#12925 = PCURVE('',#9969,#12926);
#12926 = DEFINITIONAL_REPRESENTATION('',(#12927),#12931);
#12927 = LINE('',#12928,#12929);
#12928 = CARTESIAN_POINT('',(0.,1.));
#12929 = VECTOR('',#12930,1.);
#12930 = DIRECTION('',(1.,0.));
#12931 = ( GEOMETRIC_REPRESENTATION_CONTEXT(2) 
PARAMETRIC_REPRESENTATION_CONTEXT() REPRESENTATION_CONTEXT('2D SPACE',''
  ) );
#12932 = PCURVE('',#12707,#12933);
#12933 = DEFINITIONAL_REPRESENTATION('',(#12934),#12938);
#12934 = LINE('',#12935,#12936);
#12935 = CARTESIAN_POINT('',(0.,0.));
#12936 = VECTOR('',#12937,1.);
#12937 = DIRECTION('',(0.166475237173,0.986045635561));
#12938 = ( GEOMETRIC_REPRESENTATION_CONTEXT(2) 
PARAMETRIC_REPRESENTATION_CONTEXT() REPRESENTATION_CONTEXT('2D SPACE',''
  ) );
#12939 = ADVANCED_FACE('',(#12940),#9944,.F.);
#12940 = FACE_BOUND('',#12941,.F.);
#12941 = EDGE_LOOP('',(#12942,#12943,#12944,#12945));
#12942 = ORIENTED_EDGE('',*,*,#12718,.T.);
#12943 = ORIENTED_EDGE('',*,*,#9929,.T.);
#12944 = ORIENTED_EDGE('',*,*,#12896,.T.);
#12945 = ORIENTED_EDGE('',*,*,#12946,.F.);
#12946 = EDGE_CURVE('',#12693,#12897,#12947,.T.);
#12947 = SURFACE_CURVE('',#12948,(#12952,#12959),.PCURVE_S1.);
#12948 = LINE('',#12949,#12950);
#12949 = CARTESIAN_POINT('',(-67.,-13.,226.));
#12950 = VECTOR('',#12951,1.);
#12951 = DIRECTION('',(0.,0.,-1.));
#12952 = PCURVE('',#9944,#12953);
#12953 = DEFINITIONAL_REPRESENTATION('',(#12954),#12958);
#12954 = LINE('',#12955,#12956);
#12955 = CARTESIAN_POINT('',(0.,-0.));
#12956 = VECTOR('',#12957,1.);
#12957 = DIRECTION('',(1.,0.));
#12958 = ( GEOMETRIC_REPRESENTATION_CONTEXT(2) 
PARAMETRIC_REPRESENTATION_CONTEXT() REPRESENTATION_CONTEXT('2D SPACE',''
  ) );
#12959 = PCURVE('',#12707,#12960);
#12960 = DEFINITIONAL_REPRESENTATION('',(#12961),#12965);
#12961 = LINE('',#12962,#12963);
#12962 = CARTESIAN_POINT('',(151.85102787635,-25.63718652457));
#12963 = VECTOR('',#12964,1.);
#12964 = DIRECTION('',(-0.986045635561,0.166475237173));
#12965 = ( GEOMETRIC_REPRESENTATION_CONTEXT(2) 
PARAMETRIC_REPRESENTATION_CONTEXT() REPRESENTATION_CONTEXT('2D SPACE',''
  ) );
#12966 = ADVANCED_FACE('',(#12967),#10091,.T.);
#12967 = FACE_BOUND('',#12968,.F.);
#12968 = EDGE_LOOP('',(#12969,#12970,#12994,#13016));
#12969 = ORIENTED_EDGE('',*,*,#10076,.F.);
#12970 = ORIENTED_EDGE('',*,*,#12971,.T.);
#12971 = EDGE_CURVE('',#10030,#12972,#12974,.T.);
#12972 = VERTEX_POINT('',#12973);
#12973 = CARTESIAN_POINT('',(-64.45686344299,-1.,50.03609541294));
#12974 = SURFACE_CURVE('',#12975,(#12980,#12987),.PCURVE_S1.);
#12975 = CIRCLE('',#12976,7.5);
#12976 = AXIS2_PLACEMENT_3D('',#12977,#12978,#12979);
#12977 = CARTESIAN_POINT('',(-57.37313746769,-1.,52.5000001));
#12978 = DIRECTION('',(1.224646799147E-16,1.,0.));
#12979 = DIRECTION('',(0.328520624941,-4.023217317882E-17,
    -0.944496796706));
#12980 = PCURVE('',#10091,#12981);
#12981 = DEFINITIONAL_REPRESENTATION('',(#12982),#12986);
#12982 = LINE('',#12983,#12984);
#12983 = CARTESIAN_POINT('',(-0.,0.));
#12984 = VECTOR('',#12985,1.);
#12985 = DIRECTION('',(-1.,0.));
#12986 = ( GEOMETRIC_REPRESENTATION_CONTEXT(2) 
PARAMETRIC_REPRESENTATION_CONTEXT() REPRESENTATION_CONTEXT('2D SPACE',''
  ) );
#12987 = PCURVE('',#10618,#12988);
#12988 = DEFINITIONAL_REPRESENTATION('',(#12989),#12993);
#12989 = LINE('',#12990,#12991);
#12990 = CARTESIAN_POINT('',(1.570796326795,5.));
#12991 = VECTOR('',#12992,1.);
#12992 = DIRECTION('',(-1.,-0.));
#12993 = ( GEOMETRIC_REPRESENTATION_CONTEXT(2) 
PARAMETRIC_REPRESENTATION_CONTEXT() REPRESENTATION_CONTEXT('2D SPACE',''
  ) );
#12994 = ORIENTED_EDGE('',*,*,#12995,.T.);
#12995 = EDGE_CURVE('',#12972,#10165,#12996,.T.);
#12996 = SURFACE_CURVE('',#12997,(#13002,#13009),.PCURVE_S1.);
#12997 = CIRCLE('',#12998,3.);
#12998 = AXIS2_PLACEMENT_3D('',#12999,#13000,#13001);
#12999 = CARTESIAN_POINT('',(-61.62337305287,-1.,51.021657287764));
#13000 = DIRECTION('',(-0.328520624941,4.023217317882E-17,0.944496796706
    ));
#13001 = DIRECTION('',(-0.944496796706,1.156674978891E-16,
    -0.328520624941));
#13002 = PCURVE('',#10091,#13003);
#13003 = DEFINITIONAL_REPRESENTATION('',(#13004),#13008);
#13004 = LINE('',#13005,#13006);
#13005 = CARTESIAN_POINT('',(-1.570796326795,0.));
#13006 = VECTOR('',#13007,1.);
#13007 = DIRECTION('',(-0.,1.));
#13008 = ( GEOMETRIC_REPRESENTATION_CONTEXT(2) 
PARAMETRIC_REPRESENTATION_CONTEXT() REPRESENTATION_CONTEXT('2D SPACE',''
  ) );
#13009 = PCURVE('',#10180,#13010);
#13010 = DEFINITIONAL_REPRESENTATION('',(#13011),#13015);
#13011 = LINE('',#13012,#13013);
#13012 = CARTESIAN_POINT('',(0.,0.));
#13013 = VECTOR('',#13014,1.);
#13014 = DIRECTION('',(1.,0.));
#13015 = ( GEOMETRIC_REPRESENTATION_CONTEXT(2) 
PARAMETRIC_REPRESENTATION_CONTEXT() REPRESENTATION_CONTEXT('2D SPACE',''
  ) );
#13016 = ORIENTED_EDGE('',*,*,#10192,.F.);
#13017 = ADVANCED_FACE('',(#13018),#10180,.T.);
#13018 = FACE_BOUND('',#13019,.T.);
#13019 = EDGE_LOOP('',(#13020,#13021,#13022,#13046));
#13020 = ORIENTED_EDGE('',*,*,#12995,.T.);
#13021 = ORIENTED_EDGE('',*,*,#10164,.T.);
#13022 = ORIENTED_EDGE('',*,*,#13023,.F.);
#13023 = EDGE_CURVE('',#13024,#10132,#13026,.T.);
#13024 = VERTEX_POINT('',#13025);
#13025 = CARTESIAN_POINT('',(-64.78538406793,-1.,50.980592209647));
#13026 = SURFACE_CURVE('',#13027,(#13032,#13039),.PCURVE_S1.);
#13027 = CIRCLE('',#13028,3.);
#13028 = AXIS2_PLACEMENT_3D('',#13029,#13030,#13031);
#13029 = CARTESIAN_POINT('',(-61.95189367781,-1.,51.96615408447));
#13030 = DIRECTION('',(-0.328520624941,4.023217317882E-17,0.944496796706
    ));
#13031 = DIRECTION('',(-0.944496796706,1.156674978891E-16,
    -0.328520624941));
#13032 = PCURVE('',#10180,#13033);
#13033 = DEFINITIONAL_REPRESENTATION('',(#13034),#13038);
#13034 = LINE('',#13035,#13036);
#13035 = CARTESIAN_POINT('',(0.,1.));
#13036 = VECTOR('',#13037,1.);
#13037 = DIRECTION('',(1.,0.));
#13038 = ( GEOMETRIC_REPRESENTATION_CONTEXT(2) 
PARAMETRIC_REPRESENTATION_CONTEXT() REPRESENTATION_CONTEXT('2D SPACE',''
  ) );
#13039 = PCURVE('',#10152,#13040);
#13040 = DEFINITIONAL_REPRESENTATION('',(#13041),#13045);
#13041 = LINE('',#13042,#13043);
#13042 = CARTESIAN_POINT('',(-0.,0.));
#13043 = VECTOR('',#13044,1.);
#13044 = DIRECTION('',(-0.,1.));
#13045 = ( GEOMETRIC_REPRESENTATION_CONTEXT(2) 
PARAMETRIC_REPRESENTATION_CONTEXT() REPRESENTATION_CONTEXT('2D SPACE',''
  ) );
#13046 = ORIENTED_EDGE('',*,*,#13047,.F.);
#13047 = EDGE_CURVE('',#12972,#13024,#13048,.T.);
#13048 = SURFACE_CURVE('',#13049,(#13053,#13060),.PCURVE_S1.);
#13049 = LINE('',#13050,#13051);
#13050 = CARTESIAN_POINT('',(-64.45686344299,-1.,50.03609541294));
#13051 = VECTOR('',#13052,1.);
#13052 = DIRECTION('',(-0.328520624941,4.023217317882E-17,0.944496796706
    ));
#13053 = PCURVE('',#10180,#13054);
#13054 = DEFINITIONAL_REPRESENTATION('',(#13055),#13059);
#13055 = LINE('',#13056,#13057);
#13056 = CARTESIAN_POINT('',(0.,0.));
#13057 = VECTOR('',#13058,1.);
#13058 = DIRECTION('',(0.,1.));
#13059 = ( GEOMETRIC_REPRESENTATION_CONTEXT(2) 
PARAMETRIC_REPRESENTATION_CONTEXT() REPRESENTATION_CONTEXT('2D SPACE',''
  ) );
#13060 = PCURVE('',#13061,#13066);
#13061 = PLANE('',#13062);
#13062 = AXIS2_PLACEMENT_3D('',#13063,#13064,#13065);
#13063 = CARTESIAN_POINT('',(-61.99295875593,4.,42.952369437644));
#13064 = DIRECTION('',(-0.944496796706,1.156674978891E-16,
    -0.328520624941));
#13065 = DIRECTION('',(-0.328520624941,4.023217317882E-17,0.944496796706
    ));
#13066 = DEFINITIONAL_REPRESENTATION('',(#13067),#13071);
#13067 = LINE('',#13068,#13069);
#13068 = CARTESIAN_POINT('',(7.5,-5.));
#13069 = VECTOR('',#13070,1.);
#13070 = DIRECTION('',(1.,0.));
#13071 = ( GEOMETRIC_REPRESENTATION_CONTEXT(2) 
PARAMETRIC_REPRESENTATION_CONTEXT() REPRESENTATION_CONTEXT('2D SPACE',''
  ) );
#13072 = ADVANCED_FACE('',(#13073),#10152,.T.);
#13073 = FACE_BOUND('',#13074,.F.);
#13074 = EDGE_LOOP('',(#13075,#13076,#13098,#13099));
#13075 = ORIENTED_EDGE('',*,*,#13023,.F.);
#13076 = ORIENTED_EDGE('',*,*,#13077,.T.);
#13077 = EDGE_CURVE('',#13024,#10253,#13078,.T.);
#13078 = SURFACE_CURVE('',#13079,(#13084,#13091),.PCURVE_S1.);
#13079 = CIRCLE('',#13080,7.5);
#13080 = AXIS2_PLACEMENT_3D('',#13081,#13082,#13083);
#13081 = CARTESIAN_POINT('',(-57.70165809263,-1.,53.444496896706));
#13082 = DIRECTION('',(1.224646799147E-16,1.,0.));
#13083 = DIRECTION('',(-0.944496796706,1.156674978891E-16,
    -0.328520624941));
#13084 = PCURVE('',#10152,#13085);
#13085 = DEFINITIONAL_REPRESENTATION('',(#13086),#13090);
#13086 = LINE('',#13087,#13088);
#13087 = CARTESIAN_POINT('',(-0.,0.));
#13088 = VECTOR('',#13089,1.);
#13089 = DIRECTION('',(-1.,0.));
#13090 = ( GEOMETRIC_REPRESENTATION_CONTEXT(2) 
PARAMETRIC_REPRESENTATION_CONTEXT() REPRESENTATION_CONTEXT('2D SPACE',''
  ) );
#13091 = PCURVE('',#10339,#13092);
#13092 = DEFINITIONAL_REPRESENTATION('',(#13093),#13097);
#13093 = LINE('',#13094,#13095);
#13094 = CARTESIAN_POINT('',(-0.,5.));
#13095 = VECTOR('',#13096,1.);
#13096 = DIRECTION('',(-1.,0.));
#13097 = ( GEOMETRIC_REPRESENTATION_CONTEXT(2) 
PARAMETRIC_REPRESENTATION_CONTEXT() REPRESENTATION_CONTEXT('2D SPACE',''
  ) );
#13098 = ORIENTED_EDGE('',*,*,#10275,.T.);
#13099 = ORIENTED_EDGE('',*,*,#10131,.F.);
#13100 = ADVANCED_FACE('',(#13101),#10237,.F.);
#13101 = FACE_BOUND('',#13102,.F.);
#13102 = EDGE_LOOP('',(#13103,#13104,#13125,#13126));
#13103 = ORIENTED_EDGE('',*,*,#10220,.F.);
#13104 = ORIENTED_EDGE('',*,*,#13105,.F.);
#13105 = EDGE_CURVE('',#10526,#10221,#13106,.T.);
#13106 = SEAM_CURVE('',#13107,(#13111,#13118),.PCURVE_S1.);
#13107 = LINE('',#13108,#13109);
#13108 = CARTESIAN_POINT('',(-60.53739778016,30.,52.972248498353));
#13109 = VECTOR('',#13110,1.);
#13110 = DIRECTION('',(-1.224646799147E-16,-1.,0.));
#13111 = PCURVE('',#10237,#13112);
#13112 = DEFINITIONAL_REPRESENTATION('',(#13113),#13117);
#13113 = LINE('',#13114,#13115);
#13114 = CARTESIAN_POINT('',(6.28318530718,-0.));
#13115 = VECTOR('',#13116,1.);
#13116 = DIRECTION('',(0.,1.));
#13117 = ( GEOMETRIC_REPRESENTATION_CONTEXT(2) 
PARAMETRIC_REPRESENTATION_CONTEXT() REPRESENTATION_CONTEXT('2D SPACE',''
  ) );
#13118 = PCURVE('',#10237,#13119);
#13119 = DEFINITIONAL_REPRESENTATION('',(#13120),#13124);
#13120 = LINE('',#13121,#13122);
#13121 = CARTESIAN_POINT('',(0.,-0.));
#13122 = VECTOR('',#13123,1.);
#13123 = DIRECTION('',(0.,1.));
#13124 = ( GEOMETRIC_REPRESENTATION_CONTEXT(2) 
PARAMETRIC_REPRESENTATION_CONTEXT() REPRESENTATION_CONTEXT('2D SPACE',''
  ) );
#13125 = ORIENTED_EDGE('',*,*,#10525,.T.);
#13126 = ORIENTED_EDGE('',*,*,#13105,.T.);
#13127 = ADVANCED_FACE('',(#13128),#10339,.T.);
#13128 = FACE_BOUND('',#13129,.F.);
#13129 = EDGE_LOOP('',(#13130,#13153,#13175,#13176));
#13130 = ORIENTED_EDGE('',*,*,#13131,.F.);
#13131 = EDGE_CURVE('',#13132,#13024,#13134,.T.);
#13132 = VERTEX_POINT('',#13133);
#13133 = CARTESIAN_POINT('',(-64.78538406793,1.,50.980592209647));
#13134 = SURFACE_CURVE('',#13135,(#13139,#13146),.PCURVE_S1.);
#13135 = LINE('',#13136,#13137);
#13136 = CARTESIAN_POINT('',(-64.78538406793,4.,50.980592209647));
#13137 = VECTOR('',#13138,1.);
#13138 = DIRECTION('',(-1.224646799147E-16,-1.,0.));
#13139 = PCURVE('',#10339,#13140);
#13140 = DEFINITIONAL_REPRESENTATION('',(#13141),#13145);
#13141 = LINE('',#13142,#13143);
#13142 = CARTESIAN_POINT('',(-0.,0.));
#13143 = VECTOR('',#13144,1.);
#13144 = DIRECTION('',(-0.,1.));
#13145 = ( GEOMETRIC_REPRESENTATION_CONTEXT(2) 
PARAMETRIC_REPRESENTATION_CONTEXT() REPRESENTATION_CONTEXT('2D SPACE',''
  ) );
#13146 = PCURVE('',#13061,#13147);
#13147 = DEFINITIONAL_REPRESENTATION('',(#13148),#13152);
#13148 = LINE('',#13149,#13150);
#13149 = CARTESIAN_POINT('',(8.5,-3.4197347202E-16));
#13150 = VECTOR('',#13151,1.);
#13151 = DIRECTION('',(0.,-1.));
#13152 = ( GEOMETRIC_REPRESENTATION_CONTEXT(2) 
PARAMETRIC_REPRESENTATION_CONTEXT() REPRESENTATION_CONTEXT('2D SPACE',''
  ) );
#13153 = ORIENTED_EDGE('',*,*,#13154,.T.);
#13154 = EDGE_CURVE('',#13132,#10303,#13155,.T.);
#13155 = SURFACE_CURVE('',#13156,(#13161,#13168),.PCURVE_S1.);
#13156 = CIRCLE('',#13157,7.5);
#13157 = AXIS2_PLACEMENT_3D('',#13158,#13159,#13160);
#13158 = CARTESIAN_POINT('',(-57.70165809263,1.,53.444496896706));
#13159 = DIRECTION('',(1.224646799147E-16,1.,0.));
#13160 = DIRECTION('',(-0.944496796706,1.156674978891E-16,
    -0.328520624941));
#13161 = PCURVE('',#10339,#13162);
#13162 = DEFINITIONAL_REPRESENTATION('',(#13163),#13167);
#13163 = LINE('',#13164,#13165);
#13164 = CARTESIAN_POINT('',(-0.,3.));
#13165 = VECTOR('',#13166,1.);
#13166 = DIRECTION('',(-1.,0.));
#13167 = ( GEOMETRIC_REPRESENTATION_CONTEXT(2) 
PARAMETRIC_REPRESENTATION_CONTEXT() REPRESENTATION_CONTEXT('2D SPACE',''
  ) );
#13168 = PCURVE('',#10374,#13169);
#13169 = DEFINITIONAL_REPRESENTATION('',(#13170),#13174);
#13170 = LINE('',#13171,#13172);
#13171 = CARTESIAN_POINT('',(0.,0.));
#13172 = VECTOR('',#13173,1.);
#13173 = DIRECTION('',(1.,0.));
#13174 = ( GEOMETRIC_REPRESENTATION_CONTEXT(2) 
PARAMETRIC_REPRESENTATION_CONTEXT() REPRESENTATION_CONTEXT('2D SPACE',''
  ) );
#13175 = ORIENTED_EDGE('',*,*,#10325,.T.);
#13176 = ORIENTED_EDGE('',*,*,#13077,.F.);
#13177 = ADVANCED_FACE('',(#13178),#10374,.T.);
#13178 = FACE_BOUND('',#13179,.T.);
#13179 = EDGE_LOOP('',(#13180,#13202,#13203,#13204));
#13180 = ORIENTED_EDGE('',*,*,#13181,.F.);
#13181 = EDGE_CURVE('',#13132,#10437,#13182,.T.);
#13182 = SURFACE_CURVE('',#13183,(#13188,#13195),.PCURVE_S1.);
#13183 = CIRCLE('',#13184,3.);
#13184 = AXIS2_PLACEMENT_3D('',#13185,#13186,#13187);
#13185 = CARTESIAN_POINT('',(-61.95189367781,1.,51.96615408447));
#13186 = DIRECTION('',(0.328520624941,-4.023217317882E-17,
    -0.944496796706));
#13187 = DIRECTION('',(-0.944496796706,1.156674978891E-16,
    -0.328520624941));
#13188 = PCURVE('',#10374,#13189);
#13189 = DEFINITIONAL_REPRESENTATION('',(#13190),#13194);
#13190 = LINE('',#13191,#13192);
#13191 = CARTESIAN_POINT('',(0.,0.));
#13192 = VECTOR('',#13193,1.);
#13193 = DIRECTION('',(0.,1.));
#13194 = ( GEOMETRIC_REPRESENTATION_CONTEXT(2) 
PARAMETRIC_REPRESENTATION_CONTEXT() REPRESENTATION_CONTEXT('2D SPACE',''
  ) );
#13195 = PCURVE('',#10480,#13196);
#13196 = DEFINITIONAL_REPRESENTATION('',(#13197),#13201);
#13197 = LINE('',#13198,#13199);
#13198 = CARTESIAN_POINT('',(-0.,1.));
#13199 = VECTOR('',#13200,1.);
#13200 = DIRECTION('',(-1.,0.));
#13201 = ( GEOMETRIC_REPRESENTATION_CONTEXT(2) 
PARAMETRIC_REPRESENTATION_CONTEXT() REPRESENTATION_CONTEXT('2D SPACE',''
  ) );
#13202 = ORIENTED_EDGE('',*,*,#13154,.T.);
#13203 = ORIENTED_EDGE('',*,*,#10357,.T.);
#13204 = ORIENTED_EDGE('',*,*,#10436,.F.);
#13205 = ADVANCED_FACE('',(#13206),#10511,.T.);
#13206 = FACE_BOUND('',#13207,.T.);
#13207 = EDGE_LOOP('',(#13208,#13209,#13233,#13255));
#13208 = ORIENTED_EDGE('',*,*,#10578,.F.);
#13209 = ORIENTED_EDGE('',*,*,#13210,.T.);
#13210 = EDGE_CURVE('',#10553,#13211,#13213,.T.);
#13211 = VERTEX_POINT('',#13212);
#13212 = CARTESIAN_POINT('',(-64.45686344299,1.,50.03609541294));
#13213 = SURFACE_CURVE('',#13214,(#13219,#13226),.PCURVE_S1.);
#13214 = CIRCLE('',#13215,7.5);
#13215 = AXIS2_PLACEMENT_3D('',#13216,#13217,#13218);
#13216 = CARTESIAN_POINT('',(-57.37313746769,1.,52.5000001));
#13217 = DIRECTION('',(1.224646799147E-16,1.,0.));
#13218 = DIRECTION('',(0.328520624941,-4.023217317882E-17,
    -0.944496796706));
#13219 = PCURVE('',#10511,#13220);
#13220 = DEFINITIONAL_REPRESENTATION('',(#13221),#13225);
#13221 = LINE('',#13222,#13223);
#13222 = CARTESIAN_POINT('',(0.,0.));
#13223 = VECTOR('',#13224,1.);
#13224 = DIRECTION('',(1.,0.));
#13225 = ( GEOMETRIC_REPRESENTATION_CONTEXT(2) 
PARAMETRIC_REPRESENTATION_CONTEXT() REPRESENTATION_CONTEXT('2D SPACE',''
  ) );
#13226 = PCURVE('',#10618,#13227);
#13227 = DEFINITIONAL_REPRESENTATION('',(#13228),#13232);
#13228 = LINE('',#13229,#13230);
#13229 = CARTESIAN_POINT('',(1.570796326795,3.));
#13230 = VECTOR('',#13231,1.);
#13231 = DIRECTION('',(-1.,-0.));
#13232 = ( GEOMETRIC_REPRESENTATION_CONTEXT(2) 
PARAMETRIC_REPRESENTATION_CONTEXT() REPRESENTATION_CONTEXT('2D SPACE',''
  ) );
#13233 = ORIENTED_EDGE('',*,*,#13234,.T.);
#13234 = EDGE_CURVE('',#13211,#10465,#13235,.T.);
#13235 = SURFACE_CURVE('',#13236,(#13241,#13248),.PCURVE_S1.);
#13236 = CIRCLE('',#13237,3.);
#13237 = AXIS2_PLACEMENT_3D('',#13238,#13239,#13240);
#13238 = CARTESIAN_POINT('',(-61.62337305287,1.,51.021657287764));
#13239 = DIRECTION('',(0.328520624941,-4.023217317882E-17,
    -0.944496796706));
#13240 = DIRECTION('',(-0.944496796706,1.156674978891E-16,
    -0.328520624941));
#13241 = PCURVE('',#10511,#13242);
#13242 = DEFINITIONAL_REPRESENTATION('',(#13243),#13247);
#13243 = LINE('',#13244,#13245);
#13244 = CARTESIAN_POINT('',(1.570796326795,0.));
#13245 = VECTOR('',#13246,1.);
#13246 = DIRECTION('',(0.,1.));
#13247 = ( GEOMETRIC_REPRESENTATION_CONTEXT(2) 
PARAMETRIC_REPRESENTATION_CONTEXT() REPRESENTATION_CONTEXT('2D SPACE',''
  ) );
#13248 = PCURVE('',#10480,#13249);
#13249 = DEFINITIONAL_REPRESENTATION('',(#13250),#13254);
#13250 = LINE('',#13251,#13252);
#13251 = CARTESIAN_POINT('',(-0.,0.));
#13252 = VECTOR('',#13253,1.);
#13253 = DIRECTION('',(-1.,0.));
#13254 = ( GEOMETRIC_REPRESENTATION_CONTEXT(2) 
PARAMETRIC_REPRESENTATION_CONTEXT() REPRESENTATION_CONTEXT('2D SPACE',''
  ) );
#13255 = ORIENTED_EDGE('',*,*,#10492,.F.);
#13256 = ADVANCED_FACE('',(#13257),#10480,.T.);
#13257 = FACE_BOUND('',#13258,.F.);
#13258 = EDGE_LOOP('',(#13259,#13260,#13261,#13262));
#13259 = ORIENTED_EDGE('',*,*,#13234,.T.);
#13260 = ORIENTED_EDGE('',*,*,#10464,.T.);
#13261 = ORIENTED_EDGE('',*,*,#13181,.F.);
#13262 = ORIENTED_EDGE('',*,*,#13263,.F.);
#13263 = EDGE_CURVE('',#13211,#13132,#13264,.T.);
#13264 = SURFACE_CURVE('',#13265,(#13269,#13276),.PCURVE_S1.);
#13265 = LINE('',#13266,#13267);
#13266 = CARTESIAN_POINT('',(-64.45686344299,1.,50.03609541294));
#13267 = VECTOR('',#13268,1.);
#13268 = DIRECTION('',(-0.328520624941,4.023217317882E-17,0.944496796706
    ));
#13269 = PCURVE('',#10480,#13270);
#13270 = DEFINITIONAL_REPRESENTATION('',(#13271),#13275);
#13271 = LINE('',#13272,#13273);
#13272 = CARTESIAN_POINT('',(-0.,0.));
#13273 = VECTOR('',#13274,1.);
#13274 = DIRECTION('',(-0.,1.));
#13275 = ( GEOMETRIC_REPRESENTATION_CONTEXT(2) 
PARAMETRIC_REPRESENTATION_CONTEXT() REPRESENTATION_CONTEXT('2D SPACE',''
  ) );
#13276 = PCURVE('',#13061,#13277);
#13277 = DEFINITIONAL_REPRESENTATION('',(#13278),#13282);
#13278 = LINE('',#13279,#13280);
#13279 = CARTESIAN_POINT('',(7.5,-3.));
#13280 = VECTOR('',#13281,1.);
#13281 = DIRECTION('',(1.,0.));
#13282 = ( GEOMETRIC_REPRESENTATION_CONTEXT(2) 
PARAMETRIC_REPRESENTATION_CONTEXT() REPRESENTATION_CONTEXT('2D SPACE',''
  ) );
#13283 = ADVANCED_FACE('',(#13284),#10618,.T.);
#13284 = FACE_BOUND('',#13285,.T.);
#13285 = EDGE_LOOP('',(#13286,#13307,#13308,#13309));
#13286 = ORIENTED_EDGE('',*,*,#13287,.F.);
#13287 = EDGE_CURVE('',#13211,#12972,#13288,.T.);
#13288 = SURFACE_CURVE('',#13289,(#13293,#13300),.PCURVE_S1.);
#13289 = LINE('',#13290,#13291);
#13290 = CARTESIAN_POINT('',(-64.45686344299,4.,50.03609541294));
#13291 = VECTOR('',#13292,1.);
#13292 = DIRECTION('',(-1.224646799147E-16,-1.,0.));
#13293 = PCURVE('',#10618,#13294);
#13294 = DEFINITIONAL_REPRESENTATION('',(#13295),#13299);
#13295 = LINE('',#13296,#13297);
#13296 = CARTESIAN_POINT('',(0.,0.));
#13297 = VECTOR('',#13298,1.);
#13298 = DIRECTION('',(0.,1.));
#13299 = ( GEOMETRIC_REPRESENTATION_CONTEXT(2) 
PARAMETRIC_REPRESENTATION_CONTEXT() REPRESENTATION_CONTEXT('2D SPACE',''
  ) );
#13300 = PCURVE('',#13061,#13301);
#13301 = DEFINITIONAL_REPRESENTATION('',(#13302),#13306);
#13302 = LINE('',#13303,#13304);
#13303 = CARTESIAN_POINT('',(7.5,-3.017412988412E-16));
#13304 = VECTOR('',#13305,1.);
#13305 = DIRECTION('',(0.,-1.));
#13306 = ( GEOMETRIC_REPRESENTATION_CONTEXT(2) 
PARAMETRIC_REPRESENTATION_CONTEXT() REPRESENTATION_CONTEXT('2D SPACE',''
  ) );
#13307 = ORIENTED_EDGE('',*,*,#13210,.F.);
#13308 = ORIENTED_EDGE('',*,*,#10604,.T.);
#13309 = ORIENTED_EDGE('',*,*,#12971,.T.);
#13310 = ADVANCED_FACE('',(#13311),#11547,.T.);
#13311 = FACE_BOUND('',#13312,.F.);
#13312 = EDGE_LOOP('',(#13313,#13336,#13365,#13388,#13442,#13443));
#13313 = ORIENTED_EDGE('',*,*,#13314,.F.);
#13314 = EDGE_CURVE('',#13315,#11747,#13317,.T.);
#13315 = VERTEX_POINT('',#13316);
#13316 = CARTESIAN_POINT('',(-0.6,-54.02872538767,69.747548883982));
#13317 = SURFACE_CURVE('',#13318,(#13322,#13329),.PCURVE_S1.);
#13318 = LINE('',#13319,#13320);
#13319 = CARTESIAN_POINT('',(-0.6,-54.02872538767,69.747548883982));
#13320 = VECTOR('',#13321,1.);
#13321 = DIRECTION('',(2.177326487309E-16,0.980580675691,0.196116135138)
  );
#13322 = PCURVE('',#11547,#13323);
#13323 = DEFINITIONAL_REPRESENTATION('',(#13324),#13328);
#13324 = LINE('',#13325,#13326);
#13325 = CARTESIAN_POINT('',(-0.,0.));
#13326 = VECTOR('',#13327,1.);
#13327 = DIRECTION('',(-0.,1.));
#13328 = ( GEOMETRIC_REPRESENTATION_CONTEXT(2) 
PARAMETRIC_REPRESENTATION_CONTEXT() REPRESENTATION_CONTEXT('2D SPACE',''
  ) );
#13329 = PCURVE('',#11789,#13330);
#13330 = DEFINITIONAL_REPRESENTATION('',(#13331),#13335);
#13331 = LINE('',#13332,#13333);
#13332 = CARTESIAN_POINT('',(8.,2.4));
#13333 = VECTOR('',#13334,1.);
#13334 = DIRECTION('',(-1.,0.));
#13335 = ( GEOMETRIC_REPRESENTATION_CONTEXT(2) 
PARAMETRIC_REPRESENTATION_CONTEXT() REPRESENTATION_CONTEXT('2D SPACE',''
  ) );
#13336 = ORIENTED_EDGE('',*,*,#13337,.T.);
#13337 = EDGE_CURVE('',#13315,#13338,#13340,.T.);
#13338 = VERTEX_POINT('',#13339);
#13339 = CARTESIAN_POINT('',(-3.,-53.55804666333,67.394155262324));
#13340 = SURFACE_CURVE('',#13341,(#13346,#13353),.PCURVE_S1.);
#13341 = CIRCLE('',#13342,2.4);
#13342 = AXIS2_PLACEMENT_3D('',#13343,#13344,#13345);
#13343 = CARTESIAN_POINT('',(-0.6,-53.55804666333,67.394155262324));
#13344 = DIRECTION('',(-2.177326487309E-16,-0.980580675691,
    -0.196116135138));
#13345 = DIRECTION('',(-4.354652974618E-17,-0.196116135138,
    0.980580675691));
#13346 = PCURVE('',#11547,#13347);
#13347 = DEFINITIONAL_REPRESENTATION('',(#13348),#13352);
#13348 = LINE('',#13349,#13350);
#13349 = CARTESIAN_POINT('',(-0.,0.));
#13350 = VECTOR('',#13351,1.);
#13351 = DIRECTION('',(-1.,0.));
#13352 = ( GEOMETRIC_REPRESENTATION_CONTEXT(2) 
PARAMETRIC_REPRESENTATION_CONTEXT() REPRESENTATION_CONTEXT('2D SPACE',''
  ) );
#13353 = PCURVE('',#13354,#13359);
#13354 = TOROIDAL_SURFACE('',#13355,9.6,2.4);
#13355 = AXIS2_PLACEMENT_3D('',#13356,#13357,#13358);
#13356 = CARTESIAN_POINT('',(-0.6,-51.67533176601,57.980580775691));
#13357 = DIRECTION('',(-1.,2.22044604925E-16,0.));
#13358 = DIRECTION('',(-2.177326487309E-16,-0.980580675691,
    -0.196116135138));
#13359 = DEFINITIONAL_REPRESENTATION('',(#13360),#13364);
#13360 = LINE('',#13361,#13362);
#13361 = CARTESIAN_POINT('',(1.570796326795,0.));
#13362 = VECTOR('',#13363,1.);
#13363 = DIRECTION('',(0.,1.));
#13364 = ( GEOMETRIC_REPRESENTATION_CONTEXT(2) 
PARAMETRIC_REPRESENTATION_CONTEXT() REPRESENTATION_CONTEXT('2D SPACE',''
  ) );
#13365 = ORIENTED_EDGE('',*,*,#13366,.T.);
#13366 = EDGE_CURVE('',#13338,#13367,#13369,.T.);
#13367 = VERTEX_POINT('',#13368);
#13368 = CARTESIAN_POINT('',(-3.,-49.90991885387,68.123780824217));
#13369 = SURFACE_CURVE('',#13370,(#13374,#13381),.PCURVE_S1.);
#13370 = LINE('',#13371,#13372);
#13371 = CARTESIAN_POINT('',(-3.,-53.55804666333,67.394155262324));
#13372 = VECTOR('',#13373,1.);
#13373 = DIRECTION('',(2.177326487309E-16,0.980580675691,0.196116135138)
  );
#13374 = PCURVE('',#11547,#13375);
#13375 = DEFINITIONAL_REPRESENTATION('',(#13376),#13380);
#13376 = LINE('',#13377,#13378);
#13377 = CARTESIAN_POINT('',(-1.570796326795,0.));
#13378 = VECTOR('',#13379,1.);
#13379 = DIRECTION('',(-0.,1.));
#13380 = ( GEOMETRIC_REPRESENTATION_CONTEXT(2) 
PARAMETRIC_REPRESENTATION_CONTEXT() REPRESENTATION_CONTEXT('2D SPACE',''
  ) );
#13381 = PCURVE('',#11406,#13382);
#13382 = DEFINITIONAL_REPRESENTATION('',(#13383),#13387);
#13383 = LINE('',#13384,#13385);
#13384 = CARTESIAN_POINT('',(22.6,8.));
#13385 = VECTOR('',#13386,1.);
#13386 = DIRECTION('',(0.,-1.));
#13387 = ( GEOMETRIC_REPRESENTATION_CONTEXT(2) 
PARAMETRIC_REPRESENTATION_CONTEXT() REPRESENTATION_CONTEXT('2D SPACE',''
  ) );
#13388 = ORIENTED_EDGE('',*,*,#13389,.F.);
#13389 = EDGE_CURVE('',#11449,#13367,#13390,.T.);
#13390 = SURFACE_CURVE('',#13391,(#13406,#13424),.PCURVE_S1.);
#13391 = B_SPLINE_CURVE_WITH_KNOTS('',7,(#13392,#13393,#13394,#13395,
    #13396,#13397,#13398,#13399,#13400,#13401,#13402,#13403,#13404,
    #13405),.UNSPECIFIED.,.F.,.F.,(8,6,8),(0.,0.264755341947,1.),
  .UNSPECIFIED.);
#13392 = CARTESIAN_POINT('',(-2.13064838142,-49.95458274747,70.0000006)
  );
#13393 = CARTESIAN_POINT('',(-2.199598393072,-49.95164191157,
    69.942365493728));
#13394 = CARTESIAN_POINT('',(-2.265049858745,-49.94873905947,
    69.882519437008));
#13395 = CARTESIAN_POINT('',(-2.327042347912,-49.94589280663,
    69.820697675046));
#13396 = CARTESIAN_POINT('',(-2.385620731668,-49.94311959585,
    69.757115476272));
#13397 = CARTESIAN_POINT('',(-2.440834679351,-49.94043377356,
    69.691968423251));
#13398 = CARTESIAN_POINT('',(-2.492738155163,-49.93784766604,
    69.625432703585));
#13399 = CARTESIAN_POINT('',(-2.676495579169,-49.92849559625,
    69.369470718993));
#13400 = CARTESIAN_POINT('',(-2.786582215656,-49.92246531215,
    69.171685670297));
#13401 = CARTESIAN_POINT('',(-2.872952893055,-49.91749928024,
    68.967481223062));
#13402 = CARTESIAN_POINT('',(-2.936777273182,-49.91371907733,
    68.75908956706));
#13403 = CARTESIAN_POINT('',(-2.978950604095,-49.91118409389,
    68.548156772806));
#13404 = CARTESIAN_POINT('',(-3.,-49.90991885387,68.335993484366));
#13405 = CARTESIAN_POINT('',(-3.,-49.90991885387,68.123780824217));
#13406 = PCURVE('',#11547,#13407);
#13407 = DEFINITIONAL_REPRESENTATION('',(#13408),#13423);
#13408 = B_SPLINE_CURVE_WITH_KNOTS('',7,(#13409,#13410,#13411,#13412,
    #13413,#13414,#13415,#13416,#13417,#13418,#13419,#13420,#13421,
    #13422),.UNSPECIFIED.,.F.,.F.,(8,6,8),(0.,0.264755341947,1.),
  .UNSPECIFIED.);
#13409 = CARTESIAN_POINT('',(-0.691599738224,4.044535397834));
#13410 = CARTESIAN_POINT('',(-0.728899367268,4.036115950406));
#13411 = CARTESIAN_POINT('',(-0.765650388109,4.027225653727));
#13412 = CARTESIAN_POINT('',(-0.801887869874,4.017892389241));
#13413 = CARTESIAN_POINT('',(-0.837642980416,4.008142251053));
#13414 = CARTESIAN_POINT('',(-0.872944511463,3.99799952823));
#13415 = CARTESIAN_POINT('',(-0.90782040377,3.987486687106));
#13416 = CARTESIAN_POINT('',(-1.03804957406,3.946458870853));
#13417 = CARTESIAN_POINT('',(-1.130784474579,3.913583211572));
#13418 = CARTESIAN_POINT('',(-1.221194387164,3.878405019528));
#13419 = CARTESIAN_POINT('',(-1.309849443438,3.841242847282));
#13420 = CARTESIAN_POINT('',(-1.39730348418,3.802361278678));
#13421 = CARTESIAN_POINT('',(-1.484091479429,3.761993304447));
#13422 = CARTESIAN_POINT('',(-1.570796326795,3.720374977711));
#13423 = ( GEOMETRIC_REPRESENTATION_CONTEXT(2) 
PARAMETRIC_REPRESENTATION_CONTEXT() REPRESENTATION_CONTEXT('2D SPACE',''
  ) );
#13424 = PCURVE('',#11482,#13425);
#13425 = DEFINITIONAL_REPRESENTATION('',(#13426),#13441);
#13426 = B_SPLINE_CURVE_WITH_KNOTS('',7,(#13427,#13428,#13429,#13430,
    #13431,#13432,#13433,#13434,#13435,#13436,#13437,#13438,#13439,
    #13440),.UNSPECIFIED.,.F.,.F.,(8,6,8),(0.,0.264755341947,1.),
  .UNSPECIFIED.);
#13427 = CARTESIAN_POINT('',(-4.66976310564,-3.0000006));
#13428 = CARTESIAN_POINT('',(-4.668382851661,-2.942365493728));
#13429 = CARTESIAN_POINT('',(-4.667072537406,-2.882519437008));
#13430 = CARTESIAN_POINT('',(-4.665831383809,-2.820697675046));
#13431 = CARTESIAN_POINT('',(-4.664658505901,-2.757115476272));
#13432 = CARTESIAN_POINT('',(-4.663552922489,-2.691968423251));
#13433 = CARTESIAN_POINT('',(-4.662513565833,-2.625432703585));
#13434 = CARTESIAN_POINT('',(-4.65883366083,-2.369470718993));
#13435 = CARTESIAN_POINT('',(-4.656628643853,-2.171685670297));
#13436 = CARTESIAN_POINT('',(-4.654898382584,-1.967481223062));
#13437 = CARTESIAN_POINT('',(-4.653619658746,-1.75908956706));
#13438 = CARTESIAN_POINT('',(-4.652774669668,-1.548156772806));
#13439 = CARTESIAN_POINT('',(-4.652352921939,-1.335993484366));
#13440 = CARTESIAN_POINT('',(-4.652352921939,-1.123780824217));
#13441 = ( GEOMETRIC_REPRESENTATION_CONTEXT(2) 
PARAMETRIC_REPRESENTATION_CONTEXT() REPRESENTATION_CONTEXT('2D SPACE',''
  ) );
#13442 = ORIENTED_EDGE('',*,*,#11503,.T.);
#13443 = ORIENTED_EDGE('',*,*,#11746,.F.);
#13444 = ADVANCED_FACE('',(#13445),#11482,.T.);
#13445 = FACE_BOUND('',#13446,.F.);
#13446 = EDGE_LOOP('',(#13447,#13468,#13494,#13495));
#13447 = ORIENTED_EDGE('',*,*,#13448,.T.);
#13448 = EDGE_CURVE('',#13367,#13449,#13451,.T.);
#13449 = VERTEX_POINT('',#13450);
#13450 = CARTESIAN_POINT('',(-3.,-49.90991885387,67.));
#13451 = SURFACE_CURVE('',#13452,(#13456,#13462),.PCURVE_S1.);
#13452 = LINE('',#13453,#13454);
#13453 = CARTESIAN_POINT('',(-3.,-49.90991885387,67.));
#13454 = VECTOR('',#13455,1.);
#13455 = DIRECTION('',(-0.,-0.,-1.));
#13456 = PCURVE('',#11482,#13457);
#13457 = DEFINITIONAL_REPRESENTATION('',(#13458),#13461);
#13458 = B_SPLINE_CURVE_WITH_KNOTS('',1,(#13459,#13460),.UNSPECIFIED.,
  .F.,.F.,(2,2),(-3.0000006,6.000000070117E-07),
  .PIECEWISE_BEZIER_KNOTS.);
#13459 = CARTESIAN_POINT('',(-4.652352921939,-3.0000006));
#13460 = CARTESIAN_POINT('',(-4.652352921939,6.000000070117E-07));
#13461 = ( GEOMETRIC_REPRESENTATION_CONTEXT(2) 
PARAMETRIC_REPRESENTATION_CONTEXT() REPRESENTATION_CONTEXT('2D SPACE',''
  ) );
#13462 = PCURVE('',#11406,#13463);
#13463 = DEFINITIONAL_REPRESENTATION('',(#13464),#13467);
#13464 = B_SPLINE_CURVE_WITH_KNOTS('',1,(#13465,#13466),.UNSPECIFIED.,
  .F.,.F.,(2,2),(-3.0000006,6.000000070117E-07),
  .PIECEWISE_BEZIER_KNOTS.);
#13465 = CARTESIAN_POINT('',(24.439784855482,3.911668051192));
#13466 = CARTESIAN_POINT('',(21.498041651712,4.500016691946));
#13467 = ( GEOMETRIC_REPRESENTATION_CONTEXT(2) 
PARAMETRIC_REPRESENTATION_CONTEXT() REPRESENTATION_CONTEXT('2D SPACE',''
  ) );
#13468 = ORIENTED_EDGE('',*,*,#13469,.T.);
#13469 = EDGE_CURVE('',#13449,#11424,#13470,.T.);
#13470 = SURFACE_CURVE('',#13471,(#13476,#13483),.PCURVE_S1.);
#13471 = CIRCLE('',#13472,50.);
#13472 = AXIS2_PLACEMENT_3D('',#13473,#13474,#13475);
#13473 = CARTESIAN_POINT('',(0.,0.,67.));
#13474 = DIRECTION('',(0.,0.,-1.));
#13475 = DIRECTION('',(0.2024,0.979302935766,0.));
#13476 = PCURVE('',#11482,#13477);
#13477 = DEFINITIONAL_REPRESENTATION('',(#13478),#13482);
#13478 = LINE('',#13479,#13480);
#13479 = CARTESIAN_POINT('',(-7.65017360831,0.));
#13480 = VECTOR('',#13481,1.);
#13481 = DIRECTION('',(1.,-0.));
#13482 = ( GEOMETRIC_REPRESENTATION_CONTEXT(2) 
PARAMETRIC_REPRESENTATION_CONTEXT() REPRESENTATION_CONTEXT('2D SPACE',''
  ) );
#13483 = PCURVE('',#11437,#13484);
#13484 = DEFINITIONAL_REPRESENTATION('',(#13485),#13493);
#13485 = ( BOUNDED_CURVE() B_SPLINE_CURVE(2,(#13486,#13487,#13488,#13489
    ,#13490,#13491,#13492),.UNSPECIFIED.,.T.,.F.) 
B_SPLINE_CURVE_WITH_KNOTS((1,2,2,2,2,1),(-2.094395102393,0.,
    2.094395102393,4.188790204786,6.28318530718,8.377580409573),
.UNSPECIFIED.) CURVE() GEOMETRIC_REPRESENTATION_ITEM() 
RATIONAL_B_SPLINE_CURVE((1.,0.5,1.,0.5,1.,0.5,1.)) REPRESENTATION_ITEM(
  '') );
#13486 = CARTESIAN_POINT('',(10.12,48.965146788302));
#13487 = CARTESIAN_POINT('',(94.930122037408,31.436792615705));
#13488 = CARTESIAN_POINT('',(37.345061018704,-33.24675048045));
#13489 = CARTESIAN_POINT('',(-20.24,-97.9302935766));
#13490 = CARTESIAN_POINT('',(-47.4650610187,-15.71839630785));
#13491 = CARTESIAN_POINT('',(-74.6901220374,66.493500960899));
#13492 = CARTESIAN_POINT('',(10.12,48.965146788302));
#13493 = ( GEOMETRIC_REPRESENTATION_CONTEXT(2) 
PARAMETRIC_REPRESENTATION_CONTEXT() REPRESENTATION_CONTEXT('2D SPACE',''
  ) );
#13494 = ORIENTED_EDGE('',*,*,#11448,.T.);
#13495 = ORIENTED_EDGE('',*,*,#13389,.T.);
#13496 = ADVANCED_FACE('',(#13497),#11437,.F.);
#13497 = FACE_BOUND('',#13498,.F.);
#13498 = EDGE_LOOP('',(#13499,#13518,#13519));
#13499 = ORIENTED_EDGE('',*,*,#13500,.T.);
#13500 = EDGE_CURVE('',#13449,#11381,#13501,.T.);
#13501 = SURFACE_CURVE('',#13502,(#13506,#13512),.PCURVE_S1.);
#13502 = LINE('',#13503,#13504);
#13503 = CARTESIAN_POINT('',(-3.,-20.64058830184,67.));
#13504 = VECTOR('',#13505,1.);
#13505 = DIRECTION('',(2.22044604925E-16,1.,-0.));
#13506 = PCURVE('',#11437,#13507);
#13507 = DEFINITIONAL_REPRESENTATION('',(#13508),#13511);
#13508 = B_SPLINE_CURVE_WITH_KNOTS('',1,(#13509,#13510),.UNSPECIFIED.,
  .F.,.F.,(2,2),(-29.35941169815,-28.75941169815),
  .PIECEWISE_BEZIER_KNOTS.);
#13509 = CARTESIAN_POINT('',(-3.,-50.));
#13510 = CARTESIAN_POINT('',(-3.,-49.4));
#13511 = ( GEOMETRIC_REPRESENTATION_CONTEXT(2) 
PARAMETRIC_REPRESENTATION_CONTEXT() REPRESENTATION_CONTEXT('2D SPACE',''
  ) );
#13512 = PCURVE('',#11406,#13513);
#13513 = DEFINITIONAL_REPRESENTATION('',(#13514),#13517);
#13514 = B_SPLINE_CURVE_WITH_KNOTS('',1,(#13515,#13516),.UNSPECIFIED.,
  .F.,.F.,(2,2),(-29.35941169815,-28.75941169815),
  .PIECEWISE_BEZIER_KNOTS.);
#13515 = CARTESIAN_POINT('',(21.515708606288,4.588348405415));
#13516 = CARTESIAN_POINT('',(21.398038925205,4.));
#13517 = ( GEOMETRIC_REPRESENTATION_CONTEXT(2) 
PARAMETRIC_REPRESENTATION_CONTEXT() REPRESENTATION_CONTEXT('2D SPACE',''
  ) );
#13518 = ORIENTED_EDGE('',*,*,#11423,.T.);
#13519 = ORIENTED_EDGE('',*,*,#13469,.F.);
#13520 = ADVANCED_FACE('',(#13521,#13637),#11406,.F.);
#13521 = FACE_BOUND('',#13522,.F.);
#13522 = EDGE_LOOP('',(#13523,#13546,#13547,#13548,#13549,#13550,#13578,
    #13606));
#13523 = ORIENTED_EDGE('',*,*,#13524,.F.);
#13524 = EDGE_CURVE('',#11272,#13525,#13527,.T.);
#13525 = VERTEX_POINT('',#13526);
#13526 = CARTESIAN_POINT('',(-3.,-49.59650073354,47.586425613367));
#13527 = SURFACE_CURVE('',#13528,(#13532,#13539),.PCURVE_S1.);
#13528 = LINE('',#13529,#13530);
#13529 = CARTESIAN_POINT('',(-3.,-41.75185532802,49.155354694473));
#13530 = VECTOR('',#13531,1.);
#13531 = DIRECTION('',(-2.177326487309E-16,-0.980580675691,
    -0.196116135138));
#13532 = PCURVE('',#11406,#13533);
#13533 = DEFINITIONAL_REPRESENTATION('',(#13534),#13538);
#13534 = LINE('',#13535,#13536);
#13535 = CARTESIAN_POINT('',(2.4,-5.551115123126E-17));
#13536 = VECTOR('',#13537,1.);
#13537 = DIRECTION('',(0.,1.));
#13538 = ( GEOMETRIC_REPRESENTATION_CONTEXT(2) 
PARAMETRIC_REPRESENTATION_CONTEXT() REPRESENTATION_CONTEXT('2D SPACE',''
  ) );
#13539 = PCURVE('',#11341,#13540);
#13540 = DEFINITIONAL_REPRESENTATION('',(#13541),#13545);
#13541 = LINE('',#13542,#13543);
#13542 = CARTESIAN_POINT('',(-1.570796326795,0.));
#13543 = VECTOR('',#13544,1.);
#13544 = DIRECTION('',(-0.,1.));
#13545 = ( GEOMETRIC_REPRESENTATION_CONTEXT(2) 
PARAMETRIC_REPRESENTATION_CONTEXT() REPRESENTATION_CONTEXT('2D SPACE',''
  ) );
#13546 = ORIENTED_EDGE('',*,*,#11380,.T.);
#13547 = ORIENTED_EDGE('',*,*,#13500,.F.);
#13548 = ORIENTED_EDGE('',*,*,#13448,.F.);
#13549 = ORIENTED_EDGE('',*,*,#13366,.F.);
#13550 = ORIENTED_EDGE('',*,*,#13551,.F.);
#13551 = EDGE_CURVE('',#13552,#13338,#13554,.T.);
#13552 = VERTEX_POINT('',#13553);
#13553 = CARTESIAN_POINT('',(-3.,-61.08890625264,56.097865878364));
#13554 = SURFACE_CURVE('',#13555,(#13560,#13571),.PCURVE_S1.);
#13555 = CIRCLE('',#13556,9.6);
#13556 = AXIS2_PLACEMENT_3D('',#13557,#13558,#13559);
#13557 = CARTESIAN_POINT('',(-3.,-51.67533176601,57.980580775691));
#13558 = DIRECTION('',(-1.,2.22044604925E-16,0.));
#13559 = DIRECTION('',(-2.177326487309E-16,-0.980580675691,
    -0.196116135138));
#13560 = PCURVE('',#11406,#13561);
#13561 = DEFINITIONAL_REPRESENTATION('',(#13562),#13570);
#13562 = ( BOUNDED_CURVE() B_SPLINE_CURVE(2,(#13563,#13564,#13565,#13566
    ,#13567,#13568,#13569),.UNSPECIFIED.,.T.,.F.) 
B_SPLINE_CURVE_WITH_KNOTS((1,2,2,2,2,1),(-2.094395102393,0.,
    2.094395102393,4.188790204786,6.28318530718,8.377580409573),
.UNSPECIFIED.) CURVE() GEOMETRIC_REPRESENTATION_ITEM() 
RATIONAL_B_SPLINE_CURVE((1.,0.5,1.,0.5,1.,0.5,1.)) REPRESENTATION_ITEM(
  '') );
#13563 = CARTESIAN_POINT('',(13.,17.6));
#13564 = CARTESIAN_POINT('',(29.627687752661,17.6));
#13565 = CARTESIAN_POINT('',(21.313843876331,3.2));
#13566 = CARTESIAN_POINT('',(13.,-11.2));
#13567 = CARTESIAN_POINT('',(4.686156123669,3.2));
#13568 = CARTESIAN_POINT('',(-3.627687752661,17.6));
#13569 = CARTESIAN_POINT('',(13.,17.6));
#13570 = ( GEOMETRIC_REPRESENTATION_CONTEXT(2) 
PARAMETRIC_REPRESENTATION_CONTEXT() REPRESENTATION_CONTEXT('2D SPACE',''
  ) );
#13571 = PCURVE('',#13354,#13572);
#13572 = DEFINITIONAL_REPRESENTATION('',(#13573),#13577);
#13573 = LINE('',#13574,#13575);
#13574 = CARTESIAN_POINT('',(0.,1.570796326795));
#13575 = VECTOR('',#13576,1.);
#13576 = DIRECTION('',(1.,0.));
#13577 = ( GEOMETRIC_REPRESENTATION_CONTEXT(2) 
PARAMETRIC_REPRESENTATION_CONTEXT() REPRESENTATION_CONTEXT('2D SPACE',''
  ) );
#13578 = ORIENTED_EDGE('',*,*,#13579,.F.);
#13579 = EDGE_CURVE('',#13580,#13552,#13582,.T.);
#13580 = VERTEX_POINT('',#13581);
#13581 = CARTESIAN_POINT('',(-3.,-60.8927901175,55.117285202673));
#13582 = SURFACE_CURVE('',#13583,(#13587,#13594),.PCURVE_S1.);
#13583 = LINE('',#13584,#13585);
#13584 = CARTESIAN_POINT('',(-3.,-60.8927901175,55.117285202673));
#13585 = VECTOR('',#13586,1.);
#13586 = DIRECTION('',(-4.354652974618E-17,-0.196116135138,
    0.980580675691));
#13587 = PCURVE('',#11406,#13588);
#13588 = DEFINITIONAL_REPRESENTATION('',(#13589),#13593);
#13589 = LINE('',#13590,#13591);
#13590 = CARTESIAN_POINT('',(12.,17.6));
#13591 = VECTOR('',#13592,1.);
#13592 = DIRECTION('',(1.,0.));
#13593 = ( GEOMETRIC_REPRESENTATION_CONTEXT(2) 
PARAMETRIC_REPRESENTATION_CONTEXT() REPRESENTATION_CONTEXT('2D SPACE',''
  ) );
#13594 = PCURVE('',#13595,#13600);
#13595 = CYLINDRICAL_SURFACE('',#13596,2.4);
#13596 = AXIS2_PLACEMENT_3D('',#13597,#13598,#13599);
#13597 = CARTESIAN_POINT('',(-0.6,-60.8927901175,55.117285202673));
#13598 = DIRECTION('',(-4.354652974618E-17,-0.196116135138,
    0.980580675691));
#13599 = DIRECTION('',(-2.177326487309E-16,-0.980580675691,
    -0.196116135138));
#13600 = DEFINITIONAL_REPRESENTATION('',(#13601),#13605);
#13601 = LINE('',#13602,#13603);
#13602 = CARTESIAN_POINT('',(-1.570796326795,0.));
#13603 = VECTOR('',#13604,1.);
#13604 = DIRECTION('',(-0.,1.));
#13605 = ( GEOMETRIC_REPRESENTATION_CONTEXT(2) 
PARAMETRIC_REPRESENTATION_CONTEXT() REPRESENTATION_CONTEXT('2D SPACE',''
  ) );
#13606 = ORIENTED_EDGE('',*,*,#13607,.F.);
#13607 = EDGE_CURVE('',#13525,#13580,#13608,.T.);
#13608 = SURFACE_CURVE('',#13609,(#13614,#13625),.PCURVE_S1.);
#13609 = CIRCLE('',#13610,9.6);
#13610 = AXIS2_PLACEMENT_3D('',#13611,#13612,#13613);
#13611 = CARTESIAN_POINT('',(-3.,-51.47921563087,57.0000001));
#13612 = DIRECTION('',(-1.,2.22044604925E-16,0.));
#13613 = DIRECTION('',(4.354652974618E-17,0.196116135138,-0.980580675691
    ));
#13614 = PCURVE('',#11406,#13615);
#13615 = DEFINITIONAL_REPRESENTATION('',(#13616),#13624);
#13616 = ( BOUNDED_CURVE() B_SPLINE_CURVE(2,(#13617,#13618,#13619,#13620
    ,#13621,#13622,#13623),.UNSPECIFIED.,.T.,.F.) 
B_SPLINE_CURVE_WITH_KNOTS((1,2,2,2,2,1),(-2.094395102393,0.,
    2.094395102393,4.188790204786,6.28318530718,8.377580409573),
.UNSPECIFIED.) CURVE() GEOMETRIC_REPRESENTATION_ITEM() 
RATIONAL_B_SPLINE_CURVE((1.,0.5,1.,0.5,1.,0.5,1.)) REPRESENTATION_ITEM(
  '') );
#13617 = CARTESIAN_POINT('',(2.4,8.));
#13618 = CARTESIAN_POINT('',(2.4,24.627687752661));
#13619 = CARTESIAN_POINT('',(16.8,16.313843876331));
#13620 = CARTESIAN_POINT('',(31.2,8.));
#13621 = CARTESIAN_POINT('',(16.8,-0.313843876331));
#13622 = CARTESIAN_POINT('',(2.4,-8.627687752661));
#13623 = CARTESIAN_POINT('',(2.4,8.));
#13624 = ( GEOMETRIC_REPRESENTATION_CONTEXT(2) 
PARAMETRIC_REPRESENTATION_CONTEXT() REPRESENTATION_CONTEXT('2D SPACE',''
  ) );
#13625 = PCURVE('',#13626,#13631);
#13626 = TOROIDAL_SURFACE('',#13627,9.6,2.4);
#13627 = AXIS2_PLACEMENT_3D('',#13628,#13629,#13630);
#13628 = CARTESIAN_POINT('',(-0.6,-51.47921563087,57.0000001));
#13629 = DIRECTION('',(-1.,2.22044604925E-16,0.));
#13630 = DIRECTION('',(4.354652974618E-17,0.196116135138,-0.980580675691
    ));
#13631 = DEFINITIONAL_REPRESENTATION('',(#13632),#13636);
#13632 = LINE('',#13633,#13634);
#13633 = CARTESIAN_POINT('',(0.,1.570796326795));
#13634 = VECTOR('',#13635,1.);
#13635 = DIRECTION('',(1.,0.));
#13636 = ( GEOMETRIC_REPRESENTATION_CONTEXT(2) 
PARAMETRIC_REPRESENTATION_CONTEXT() REPRESENTATION_CONTEXT('2D SPACE',''
  ) );
#13637 = FACE_BOUND('',#13638,.F.);
#13638 = EDGE_LOOP('',(#13639));
#13639 = ORIENTED_EDGE('',*,*,#13640,.F.);
#13640 = EDGE_CURVE('',#13641,#13641,#13643,.T.);
#13641 = VERTEX_POINT('',#13642);
#13642 = CARTESIAN_POINT('',(-3.,-50.53843504982,57.098058167569));
#13643 = SURFACE_CURVE('',#13644,(#13649,#13656),.PCURVE_S1.);
#13644 = CIRCLE('',#13645,3.);
#13645 = AXIS2_PLACEMENT_3D('',#13646,#13647,#13648);
#13646 = CARTESIAN_POINT('',(-3.,-53.53843504982,57.098058167569));
#13647 = DIRECTION('',(1.,-1.836970198721E-16,0.));
#13648 = DIRECTION('',(1.836970198721E-16,1.,0.));
#13649 = PCURVE('',#11406,#13650);
#13650 = DEFINITIONAL_REPRESENTATION('',(#13651),#13655);
#13651 = CIRCLE('',#13652,3.);
#13652 = AXIS2_PLACEMENT_2D('',#13653,#13654);
#13653 = CARTESIAN_POINT('',(12.5,10.));
#13654 = DIRECTION('',(-0.196116135138,-0.980580675691));
#13655 = ( GEOMETRIC_REPRESENTATION_CONTEXT(2) 
PARAMETRIC_REPRESENTATION_CONTEXT() REPRESENTATION_CONTEXT('2D SPACE',''
  ) );
#13656 = PCURVE('',#13657,#13662);
#13657 = CYLINDRICAL_SURFACE('',#13658,3.);
#13658 = AXIS2_PLACEMENT_3D('',#13659,#13660,#13661);
#13659 = CARTESIAN_POINT('',(-30.,-53.53843504982,57.098058167569));
#13660 = DIRECTION('',(1.,-1.836970198721E-16,0.));
#13661 = DIRECTION('',(1.836970198721E-16,1.,0.));
#13662 = DEFINITIONAL_REPRESENTATION('',(#13663),#13667);
#13663 = LINE('',#13664,#13665);
#13664 = CARTESIAN_POINT('',(0.,27.));
#13665 = VECTOR('',#13666,1.);
#13666 = DIRECTION('',(1.,0.));
#13667 = ( GEOMETRIC_REPRESENTATION_CONTEXT(2) 
PARAMETRIC_REPRESENTATION_CONTEXT() REPRESENTATION_CONTEXT('2D SPACE',''
  ) );
#13668 = ADVANCED_FACE('',(#13669),#11341,.T.);
#13669 = FACE_BOUND('',#13670,.F.);
#13670 = EDGE_LOOP('',(#13671,#13694,#13695,#13696));
#13671 = ORIENTED_EDGE('',*,*,#13672,.F.);
#13672 = EDGE_CURVE('',#11247,#13673,#13675,.T.);
#13673 = VERTEX_POINT('',#13674);
#13674 = CARTESIAN_POINT('',(-0.6,-49.12582200921,45.233031991709));
#13675 = SURFACE_CURVE('',#13676,(#13680,#13687),.PCURVE_S1.);
#13676 = LINE('',#13677,#13678);
#13677 = CARTESIAN_POINT('',(-0.6,-41.28117660368,46.801961072814));
#13678 = VECTOR('',#13679,1.);
#13679 = DIRECTION('',(-2.177326487309E-16,-0.980580675691,
    -0.196116135138));
#13680 = PCURVE('',#11341,#13681);
#13681 = DEFINITIONAL_REPRESENTATION('',(#13682),#13686);
#13682 = LINE('',#13683,#13684);
#13683 = CARTESIAN_POINT('',(-0.,0.));
#13684 = VECTOR('',#13685,1.);
#13685 = DIRECTION('',(-0.,1.));
#13686 = ( GEOMETRIC_REPRESENTATION_CONTEXT(2) 
PARAMETRIC_REPRESENTATION_CONTEXT() REPRESENTATION_CONTEXT('2D SPACE',''
  ) );
#13687 = PCURVE('',#11260,#13688);
#13688 = DEFINITIONAL_REPRESENTATION('',(#13689),#13693);
#13689 = LINE('',#13690,#13691);
#13690 = CARTESIAN_POINT('',(-5.225583569542E-16,2.4));
#13691 = VECTOR('',#13692,1.);
#13692 = DIRECTION('',(1.,0.));
#13693 = ( GEOMETRIC_REPRESENTATION_CONTEXT(2) 
PARAMETRIC_REPRESENTATION_CONTEXT() REPRESENTATION_CONTEXT('2D SPACE',''
  ) );
#13694 = ORIENTED_EDGE('',*,*,#11271,.T.);
#13695 = ORIENTED_EDGE('',*,*,#13524,.T.);
#13696 = ORIENTED_EDGE('',*,*,#13697,.F.);
#13697 = EDGE_CURVE('',#13673,#13525,#13698,.T.);
#13698 = SURFACE_CURVE('',#13699,(#13704,#13711),.PCURVE_S1.);
#13699 = CIRCLE('',#13700,2.4);
#13700 = AXIS2_PLACEMENT_3D('',#13701,#13702,#13703);
#13701 = CARTESIAN_POINT('',(-0.6,-49.59650073354,47.586425613367));
#13702 = DIRECTION('',(2.177326487309E-16,0.980580675691,0.196116135138)
  );
#13703 = DIRECTION('',(4.354652974618E-17,0.196116135138,-0.980580675691
    ));
#13704 = PCURVE('',#11341,#13705);
#13705 = DEFINITIONAL_REPRESENTATION('',(#13706),#13710);
#13706 = LINE('',#13707,#13708);
#13707 = CARTESIAN_POINT('',(-0.,8.));
#13708 = VECTOR('',#13709,1.);
#13709 = DIRECTION('',(-1.,0.));
#13710 = ( GEOMETRIC_REPRESENTATION_CONTEXT(2) 
PARAMETRIC_REPRESENTATION_CONTEXT() REPRESENTATION_CONTEXT('2D SPACE',''
  ) );
#13711 = PCURVE('',#13626,#13712);
#13712 = DEFINITIONAL_REPRESENTATION('',(#13713),#13717);
#13713 = LINE('',#13714,#13715);
#13714 = CARTESIAN_POINT('',(0.,0.));
#13715 = VECTOR('',#13716,1.);
#13716 = DIRECTION('',(0.,1.));
#13717 = ( GEOMETRIC_REPRESENTATION_CONTEXT(2) 
PARAMETRIC_REPRESENTATION_CONTEXT() REPRESENTATION_CONTEXT('2D SPACE',''
  ) );
#13718 = ADVANCED_FACE('',(#13719),#11260,.F.);
#13719 = FACE_BOUND('',#13720,.F.);
#13720 = EDGE_LOOP('',(#13721,#13722,#13750,#13771));
#13721 = ORIENTED_EDGE('',*,*,#13672,.T.);
#13722 = ORIENTED_EDGE('',*,*,#13723,.T.);
#13723 = EDGE_CURVE('',#13673,#13724,#13726,.T.);
#13724 = VERTEX_POINT('',#13725);
#13725 = CARTESIAN_POINT('',(0.6,-49.12582200921,45.233031991709));
#13726 = SURFACE_CURVE('',#13727,(#13731,#13738),.PCURVE_S1.);
#13727 = LINE('',#13728,#13729);
#13728 = CARTESIAN_POINT('',(-3.,-49.12582200921,45.233031991709));
#13729 = VECTOR('',#13730,1.);
#13730 = DIRECTION('',(1.,-2.22044604925E-16,0.));
#13731 = PCURVE('',#11260,#13732);
#13732 = DEFINITIONAL_REPRESENTATION('',(#13733),#13737);
#13733 = LINE('',#13734,#13735);
#13734 = CARTESIAN_POINT('',(8.,-3.449564955297E-17));
#13735 = VECTOR('',#13736,1.);
#13736 = DIRECTION('',(0.,1.));
#13737 = ( GEOMETRIC_REPRESENTATION_CONTEXT(2) 
PARAMETRIC_REPRESENTATION_CONTEXT() REPRESENTATION_CONTEXT('2D SPACE',''
  ) );
#13738 = PCURVE('',#13739,#13744);
#13739 = CYLINDRICAL_SURFACE('',#13740,12.);
#13740 = AXIS2_PLACEMENT_3D('',#13741,#13742,#13743);
#13741 = CARTESIAN_POINT('',(-3.,-51.47921563087,57.0000001));
#13742 = DIRECTION('',(1.,-2.22044604925E-16,0.));
#13743 = DIRECTION('',(-2.177326487309E-16,-0.980580675691,
    -0.196116135138));
#13744 = DEFINITIONAL_REPRESENTATION('',(#13745),#13749);
#13745 = LINE('',#13746,#13747);
#13746 = CARTESIAN_POINT('',(1.570796326795,0.));
#13747 = VECTOR('',#13748,1.);
#13748 = DIRECTION('',(0.,1.));
#13749 = ( GEOMETRIC_REPRESENTATION_CONTEXT(2) 
PARAMETRIC_REPRESENTATION_CONTEXT() REPRESENTATION_CONTEXT('2D SPACE',''
  ) );
#13750 = ORIENTED_EDGE('',*,*,#13751,.F.);
#13751 = EDGE_CURVE('',#11138,#13724,#13752,.T.);
#13752 = SURFACE_CURVE('',#13753,(#13757,#13764),.PCURVE_S1.);
#13753 = LINE('',#13754,#13755);
#13754 = CARTESIAN_POINT('',(0.6,-41.28117660368,46.801961072814));
#13755 = VECTOR('',#13756,1.);
#13756 = DIRECTION('',(-2.177326487309E-16,-0.980580675691,
    -0.196116135138));
#13757 = PCURVE('',#11260,#13758);
#13758 = DEFINITIONAL_REPRESENTATION('',(#13759),#13763);
#13759 = LINE('',#13760,#13761);
#13760 = CARTESIAN_POINT('',(-7.838375354313E-16,3.6));
#13761 = VECTOR('',#13762,1.);
#13762 = DIRECTION('',(1.,0.));
#13763 = ( GEOMETRIC_REPRESENTATION_CONTEXT(2) 
PARAMETRIC_REPRESENTATION_CONTEXT() REPRESENTATION_CONTEXT('2D SPACE',''
  ) );
#13764 = PCURVE('',#11207,#13765);
#13765 = DEFINITIONAL_REPRESENTATION('',(#13766),#13770);
#13766 = LINE('',#13767,#13768);
#13767 = CARTESIAN_POINT('',(0.,0.));
#13768 = VECTOR('',#13769,1.);
#13769 = DIRECTION('',(0.,1.));
#13770 = ( GEOMETRIC_REPRESENTATION_CONTEXT(2) 
PARAMETRIC_REPRESENTATION_CONTEXT() REPRESENTATION_CONTEXT('2D SPACE',''
  ) );
#13771 = ORIENTED_EDGE('',*,*,#11246,.T.);
#13772 = ADVANCED_FACE('',(#13773),#11207,.T.);
#13773 = FACE_BOUND('',#13774,.T.);
#13774 = EDGE_LOOP('',(#13775,#13776,#13777,#13800));
#13775 = ORIENTED_EDGE('',*,*,#13751,.F.);
#13776 = ORIENTED_EDGE('',*,*,#11137,.F.);
#13777 = ORIENTED_EDGE('',*,*,#13778,.T.);
#13778 = EDGE_CURVE('',#11095,#13779,#13781,.T.);
#13779 = VERTEX_POINT('',#13780);
#13780 = CARTESIAN_POINT('',(3.,-49.59650073354,47.586425613367));
#13781 = SURFACE_CURVE('',#13782,(#13786,#13793),.PCURVE_S1.);
#13782 = LINE('',#13783,#13784);
#13783 = CARTESIAN_POINT('',(3.,-41.75185532802,49.155354694473));
#13784 = VECTOR('',#13785,1.);
#13785 = DIRECTION('',(-2.177326487309E-16,-0.980580675691,
    -0.196116135138));
#13786 = PCURVE('',#11207,#13787);
#13787 = DEFINITIONAL_REPRESENTATION('',(#13788),#13792);
#13788 = LINE('',#13789,#13790);
#13789 = CARTESIAN_POINT('',(1.570796326795,0.));
#13790 = VECTOR('',#13791,1.);
#13791 = DIRECTION('',(0.,1.));
#13792 = ( GEOMETRIC_REPRESENTATION_CONTEXT(2) 
PARAMETRIC_REPRESENTATION_CONTEXT() REPRESENTATION_CONTEXT('2D SPACE',''
  ) );
#13793 = PCURVE('',#11120,#13794);
#13794 = DEFINITIONAL_REPRESENTATION('',(#13795),#13799);
#13795 = LINE('',#13796,#13797);
#13796 = CARTESIAN_POINT('',(2.4,-5.551115123126E-17));
#13797 = VECTOR('',#13798,1.);
#13798 = DIRECTION('',(0.,1.));
#13799 = ( GEOMETRIC_REPRESENTATION_CONTEXT(2) 
PARAMETRIC_REPRESENTATION_CONTEXT() REPRESENTATION_CONTEXT('2D SPACE',''
  ) );
#13800 = ORIENTED_EDGE('',*,*,#13801,.F.);
#13801 = EDGE_CURVE('',#13724,#13779,#13802,.T.);
#13802 = SURFACE_CURVE('',#13803,(#13808,#13815),.PCURVE_S1.);
#13803 = CIRCLE('',#13804,2.4);
#13804 = AXIS2_PLACEMENT_3D('',#13805,#13806,#13807);
#13805 = CARTESIAN_POINT('',(0.6,-49.59650073354,47.586425613367));
#13806 = DIRECTION('',(-2.177326487309E-16,-0.980580675691,
    -0.196116135138));
#13807 = DIRECTION('',(4.354652974618E-17,0.196116135138,-0.980580675691
    ));
#13808 = PCURVE('',#11207,#13809);
#13809 = DEFINITIONAL_REPRESENTATION('',(#13810),#13814);
#13810 = LINE('',#13811,#13812);
#13811 = CARTESIAN_POINT('',(0.,8.));
#13812 = VECTOR('',#13813,1.);
#13813 = DIRECTION('',(1.,0.));
#13814 = ( GEOMETRIC_REPRESENTATION_CONTEXT(2) 
PARAMETRIC_REPRESENTATION_CONTEXT() REPRESENTATION_CONTEXT('2D SPACE',''
  ) );
#13815 = PCURVE('',#13816,#13821);
#13816 = TOROIDAL_SURFACE('',#13817,9.6,2.4);
#13817 = AXIS2_PLACEMENT_3D('',#13818,#13819,#13820);
#13818 = CARTESIAN_POINT('',(0.6,-51.47921563087,57.0000001));
#13819 = DIRECTION('',(1.,-2.22044604925E-16,0.));
#13820 = DIRECTION('',(4.354652974618E-17,0.196116135138,-0.980580675691
    ));
#13821 = DEFINITIONAL_REPRESENTATION('',(#13822),#13826);
#13822 = LINE('',#13823,#13824);
#13823 = CARTESIAN_POINT('',(-0.,0.));
#13824 = VECTOR('',#13825,1.);
#13825 = DIRECTION('',(-0.,1.));
#13826 = ( GEOMETRIC_REPRESENTATION_CONTEXT(2) 
PARAMETRIC_REPRESENTATION_CONTEXT() REPRESENTATION_CONTEXT('2D SPACE',''
  ) );
#13827 = ADVANCED_FACE('',(#13828,#13984),#11120,.T.);
#13828 = FACE_BOUND('',#13829,.T.);
#13829 = EDGE_LOOP('',(#13830,#13831,#13832,#13853,#13874,#13897,#13930,
    #13958));
#13830 = ORIENTED_EDGE('',*,*,#13778,.F.);
#13831 = ORIENTED_EDGE('',*,*,#11094,.T.);
#13832 = ORIENTED_EDGE('',*,*,#13833,.F.);
#13833 = EDGE_CURVE('',#13834,#11070,#13836,.T.);
#13834 = VERTEX_POINT('',#13835);
#13835 = CARTESIAN_POINT('',(3.,-49.90991885387,67.));
#13836 = SURFACE_CURVE('',#13837,(#13841,#13847),.PCURVE_S1.);
#13837 = LINE('',#13838,#13839);
#13838 = CARTESIAN_POINT('',(3.,-20.64058830184,67.));
#13839 = VECTOR('',#13840,1.);
#13840 = DIRECTION('',(2.22044604925E-16,1.,-0.));
#13841 = PCURVE('',#11120,#13842);
#13842 = DEFINITIONAL_REPRESENTATION('',(#13843),#13846);
#13843 = B_SPLINE_CURVE_WITH_KNOTS('',1,(#13844,#13845),.UNSPECIFIED.,
  .F.,.F.,(2,2),(-29.35941169815,-28.75941169815),
  .PIECEWISE_BEZIER_KNOTS.);
#13844 = CARTESIAN_POINT('',(21.515708606288,4.588348405415));
#13845 = CARTESIAN_POINT('',(21.398038925205,4.));
#13846 = ( GEOMETRIC_REPRESENTATION_CONTEXT(2) 
PARAMETRIC_REPRESENTATION_CONTEXT() REPRESENTATION_CONTEXT('2D SPACE',''
  ) );
#13847 = PCURVE('',#11083,#13848);
#13848 = DEFINITIONAL_REPRESENTATION('',(#13849),#13852);
#13849 = B_SPLINE_CURVE_WITH_KNOTS('',1,(#13850,#13851),.UNSPECIFIED.,
  .F.,.F.,(2,2),(-29.35941169815,-28.75941169815),
  .PIECEWISE_BEZIER_KNOTS.);
#13850 = CARTESIAN_POINT('',(3.,-50.));
#13851 = CARTESIAN_POINT('',(3.,-49.4));
#13852 = ( GEOMETRIC_REPRESENTATION_CONTEXT(2) 
PARAMETRIC_REPRESENTATION_CONTEXT() REPRESENTATION_CONTEXT('2D SPACE',''
  ) );
#13853 = ORIENTED_EDGE('',*,*,#13854,.F.);
#13854 = EDGE_CURVE('',#13855,#13834,#13857,.T.);
#13855 = VERTEX_POINT('',#13856);
#13856 = CARTESIAN_POINT('',(3.,-49.90991885387,68.123780824217));
#13857 = SURFACE_CURVE('',#13858,(#13862,#13868),.PCURVE_S1.);
#13858 = LINE('',#13859,#13860);
#13859 = CARTESIAN_POINT('',(3.,-49.90991885387,67.));
#13860 = VECTOR('',#13861,1.);
#13861 = DIRECTION('',(-0.,-0.,-1.));
#13862 = PCURVE('',#11120,#13863);
#13863 = DEFINITIONAL_REPRESENTATION('',(#13864),#13867);
#13864 = B_SPLINE_CURVE_WITH_KNOTS('',1,(#13865,#13866),.UNSPECIFIED.,
  .F.,.F.,(2,2),(-3.0000006,6.000000070117E-07),
  .PIECEWISE_BEZIER_KNOTS.);
#13865 = CARTESIAN_POINT('',(24.439784855482,3.911668051192));
#13866 = CARTESIAN_POINT('',(21.498041651712,4.500016691946));
#13867 = ( GEOMETRIC_REPRESENTATION_CONTEXT(2) 
PARAMETRIC_REPRESENTATION_CONTEXT() REPRESENTATION_CONTEXT('2D SPACE',''
  ) );
#13868 = PCURVE('',#11048,#13869);
#13869 = DEFINITIONAL_REPRESENTATION('',(#13870),#13873);
#13870 = B_SPLINE_CURVE_WITH_KNOTS('',1,(#13871,#13872),.UNSPECIFIED.,
  .F.,.F.,(2,2),(-3.0000006,6.000000070117E-07),
  .PIECEWISE_BEZIER_KNOTS.);
#13871 = CARTESIAN_POINT('',(-4.77242503883,-3.0000006));
#13872 = CARTESIAN_POINT('',(-4.77242503883,6.000000070117E-07));
#13873 = ( GEOMETRIC_REPRESENTATION_CONTEXT(2) 
PARAMETRIC_REPRESENTATION_CONTEXT() REPRESENTATION_CONTEXT('2D SPACE',''
  ) );
#13874 = ORIENTED_EDGE('',*,*,#13875,.F.);
#13875 = EDGE_CURVE('',#13876,#13855,#13878,.T.);
#13876 = VERTEX_POINT('',#13877);
#13877 = CARTESIAN_POINT('',(3.,-53.55804666333,67.394155262324));
#13878 = SURFACE_CURVE('',#13879,(#13883,#13890),.PCURVE_S1.);
#13879 = LINE('',#13880,#13881);
#13880 = CARTESIAN_POINT('',(3.,-53.55804666333,67.394155262324));
#13881 = VECTOR('',#13882,1.);
#13882 = DIRECTION('',(2.177326487309E-16,0.980580675691,0.196116135138)
  );
#13883 = PCURVE('',#11120,#13884);
#13884 = DEFINITIONAL_REPRESENTATION('',(#13885),#13889);
#13885 = LINE('',#13886,#13887);
#13886 = CARTESIAN_POINT('',(22.6,8.));
#13887 = VECTOR('',#13888,1.);
#13888 = DIRECTION('',(0.,-1.));
#13889 = ( GEOMETRIC_REPRESENTATION_CONTEXT(2) 
PARAMETRIC_REPRESENTATION_CONTEXT() REPRESENTATION_CONTEXT('2D SPACE',''
  ) );
#13890 = PCURVE('',#10991,#13891);
#13891 = DEFINITIONAL_REPRESENTATION('',(#13892),#13896);
#13892 = LINE('',#13893,#13894);
#13893 = CARTESIAN_POINT('',(1.570796326795,0.));
#13894 = VECTOR('',#13895,1.);
#13895 = DIRECTION('',(0.,1.));
#13896 = ( GEOMETRIC_REPRESENTATION_CONTEXT(2) 
PARAMETRIC_REPRESENTATION_CONTEXT() REPRESENTATION_CONTEXT('2D SPACE',''
  ) );
#13897 = ORIENTED_EDGE('',*,*,#13898,.F.);
#13898 = EDGE_CURVE('',#13899,#13876,#13901,.T.);
#13899 = VERTEX_POINT('',#13900);
#13900 = CARTESIAN_POINT('',(3.,-61.08890625264,56.097865878364));
#13901 = SURFACE_CURVE('',#13902,(#13907,#13918),.PCURVE_S1.);
#13902 = CIRCLE('',#13903,9.6);
#13903 = AXIS2_PLACEMENT_3D('',#13904,#13905,#13906);
#13904 = CARTESIAN_POINT('',(3.,-51.67533176601,57.980580775691));
#13905 = DIRECTION('',(-1.,2.22044604925E-16,0.));
#13906 = DIRECTION('',(-2.177326487309E-16,-0.980580675691,
    -0.196116135138));
#13907 = PCURVE('',#11120,#13908);
#13908 = DEFINITIONAL_REPRESENTATION('',(#13909),#13917);
#13909 = ( BOUNDED_CURVE() B_SPLINE_CURVE(2,(#13910,#13911,#13912,#13913
    ,#13914,#13915,#13916),.UNSPECIFIED.,.T.,.F.) 
B_SPLINE_CURVE_WITH_KNOTS((1,2,2,2,2,1),(-2.094395102393,0.,
    2.094395102393,4.188790204786,6.28318530718,8.377580409573),
.UNSPECIFIED.) CURVE() GEOMETRIC_REPRESENTATION_ITEM() 
RATIONAL_B_SPLINE_CURVE((1.,0.5,1.,0.5,1.,0.5,1.)) REPRESENTATION_ITEM(
  '') );
#13910 = CARTESIAN_POINT('',(13.,17.6));
#13911 = CARTESIAN_POINT('',(29.627687752661,17.6));
#13912 = CARTESIAN_POINT('',(21.313843876331,3.2));
#13913 = CARTESIAN_POINT('',(13.,-11.2));
#13914 = CARTESIAN_POINT('',(4.686156123669,3.2));
#13915 = CARTESIAN_POINT('',(-3.627687752661,17.6));
#13916 = CARTESIAN_POINT('',(13.,17.6));
#13917 = ( GEOMETRIC_REPRESENTATION_CONTEXT(2) 
PARAMETRIC_REPRESENTATION_CONTEXT() REPRESENTATION_CONTEXT('2D SPACE',''
  ) );
#13918 = PCURVE('',#13919,#13924);
#13919 = TOROIDAL_SURFACE('',#13920,9.6,2.4);
#13920 = AXIS2_PLACEMENT_3D('',#13921,#13922,#13923);
#13921 = CARTESIAN_POINT('',(0.6,-51.67533176601,57.980580775691));
#13922 = DIRECTION('',(1.,-2.22044604925E-16,0.));
#13923 = DIRECTION('',(-2.177326487309E-16,-0.980580675691,
    -0.196116135138));
#13924 = DEFINITIONAL_REPRESENTATION('',(#13925),#13929);
#13925 = LINE('',#13926,#13927);
#13926 = CARTESIAN_POINT('',(-0.,1.570796326795));
#13927 = VECTOR('',#13928,1.);
#13928 = DIRECTION('',(-1.,0.));
#13929 = ( GEOMETRIC_REPRESENTATION_CONTEXT(2) 
PARAMETRIC_REPRESENTATION_CONTEXT() REPRESENTATION_CONTEXT('2D SPACE',''
  ) );
#13930 = ORIENTED_EDGE('',*,*,#13931,.F.);
#13931 = EDGE_CURVE('',#13932,#13899,#13934,.T.);
#13932 = VERTEX_POINT('',#13933);
#13933 = CARTESIAN_POINT('',(3.,-60.8927901175,55.117285202673));
#13934 = SURFACE_CURVE('',#13935,(#13939,#13946),.PCURVE_S1.);
#13935 = LINE('',#13936,#13937);
#13936 = CARTESIAN_POINT('',(3.,-60.8927901175,55.117285202673));
#13937 = VECTOR('',#13938,1.);
#13938 = DIRECTION('',(-4.354652974618E-17,-0.196116135138,
    0.980580675691));
#13939 = PCURVE('',#11120,#13940);
#13940 = DEFINITIONAL_REPRESENTATION('',(#13941),#13945);
#13941 = LINE('',#13942,#13943);
#13942 = CARTESIAN_POINT('',(12.,17.6));
#13943 = VECTOR('',#13944,1.);
#13944 = DIRECTION('',(1.,0.));
#13945 = ( GEOMETRIC_REPRESENTATION_CONTEXT(2) 
PARAMETRIC_REPRESENTATION_CONTEXT() REPRESENTATION_CONTEXT('2D SPACE',''
  ) );
#13946 = PCURVE('',#13947,#13952);
#13947 = CYLINDRICAL_SURFACE('',#13948,2.4);
#13948 = AXIS2_PLACEMENT_3D('',#13949,#13950,#13951);
#13949 = CARTESIAN_POINT('',(0.6,-60.8927901175,55.117285202673));
#13950 = DIRECTION('',(-4.354652974618E-17,-0.196116135138,
    0.980580675691));
#13951 = DIRECTION('',(-2.177326487309E-16,-0.980580675691,
    -0.196116135138));
#13952 = DEFINITIONAL_REPRESENTATION('',(#13953),#13957);
#13953 = LINE('',#13954,#13955);
#13954 = CARTESIAN_POINT('',(1.570796326795,0.));
#13955 = VECTOR('',#13956,1.);
#13956 = DIRECTION('',(0.,1.));
#13957 = ( GEOMETRIC_REPRESENTATION_CONTEXT(2) 
PARAMETRIC_REPRESENTATION_CONTEXT() REPRESENTATION_CONTEXT('2D SPACE',''
  ) );
#13958 = ORIENTED_EDGE('',*,*,#13959,.F.);
#13959 = EDGE_CURVE('',#13779,#13932,#13960,.T.);
#13960 = SURFACE_CURVE('',#13961,(#13966,#13977),.PCURVE_S1.);
#13961 = CIRCLE('',#13962,9.6);
#13962 = AXIS2_PLACEMENT_3D('',#13963,#13964,#13965);
#13963 = CARTESIAN_POINT('',(3.,-51.47921563087,57.0000001));
#13964 = DIRECTION('',(-1.,2.22044604925E-16,0.));
#13965 = DIRECTION('',(4.354652974618E-17,0.196116135138,-0.980580675691
    ));
#13966 = PCURVE('',#11120,#13967);
#13967 = DEFINITIONAL_REPRESENTATION('',(#13968),#13976);
#13968 = ( BOUNDED_CURVE() B_SPLINE_CURVE(2,(#13969,#13970,#13971,#13972
    ,#13973,#13974,#13975),.UNSPECIFIED.,.T.,.F.) 
B_SPLINE_CURVE_WITH_KNOTS((1,2,2,2,2,1),(-2.094395102393,0.,
    2.094395102393,4.188790204786,6.28318530718,8.377580409573),
.UNSPECIFIED.) CURVE() GEOMETRIC_REPRESENTATION_ITEM() 
RATIONAL_B_SPLINE_CURVE((1.,0.5,1.,0.5,1.,0.5,1.)) REPRESENTATION_ITEM(
  '') );
#13969 = CARTESIAN_POINT('',(2.4,8.));
#13970 = CARTESIAN_POINT('',(2.4,24.627687752661));
#13971 = CARTESIAN_POINT('',(16.8,16.313843876331));
#13972 = CARTESIAN_POINT('',(31.2,8.));
#13973 = CARTESIAN_POINT('',(16.8,-0.313843876331));
#13974 = CARTESIAN_POINT('',(2.4,-8.627687752661));
#13975 = CARTESIAN_POINT('',(2.4,8.));
#13976 = ( GEOMETRIC_REPRESENTATION_CONTEXT(2) 
PARAMETRIC_REPRESENTATION_CONTEXT() REPRESENTATION_CONTEXT('2D SPACE',''
  ) );
#13977 = PCURVE('',#13816,#13978);
#13978 = DEFINITIONAL_REPRESENTATION('',(#13979),#13983);
#13979 = LINE('',#13980,#13981);
#13980 = CARTESIAN_POINT('',(-0.,1.570796326795));
#13981 = VECTOR('',#13982,1.);
#13982 = DIRECTION('',(-1.,0.));
#13983 = ( GEOMETRIC_REPRESENTATION_CONTEXT(2) 
PARAMETRIC_REPRESENTATION_CONTEXT() REPRESENTATION_CONTEXT('2D SPACE',''
  ) );
#13984 = FACE_BOUND('',#13985,.T.);
#13985 = EDGE_LOOP('',(#13986));
#13986 = ORIENTED_EDGE('',*,*,#13987,.F.);
#13987 = EDGE_CURVE('',#13988,#13988,#13990,.T.);
#13988 = VERTEX_POINT('',#13989);
#13989 = CARTESIAN_POINT('',(3.,-50.53843504982,57.098058167569));
#13990 = SURFACE_CURVE('',#13991,(#13996,#14003),.PCURVE_S1.);
#13991 = CIRCLE('',#13992,3.);
#13992 = AXIS2_PLACEMENT_3D('',#13993,#13994,#13995);
#13993 = CARTESIAN_POINT('',(3.,-53.53843504982,57.098058167569));
#13994 = DIRECTION('',(1.,-1.836970198721E-16,0.));
#13995 = DIRECTION('',(1.836970198721E-16,1.,0.));
#13996 = PCURVE('',#11120,#13997);
#13997 = DEFINITIONAL_REPRESENTATION('',(#13998),#14002);
#13998 = CIRCLE('',#13999,3.);
#13999 = AXIS2_PLACEMENT_2D('',#14000,#14001);
#14000 = CARTESIAN_POINT('',(12.5,10.));
#14001 = DIRECTION('',(-0.196116135138,-0.980580675691));
#14002 = ( GEOMETRIC_REPRESENTATION_CONTEXT(2) 
PARAMETRIC_REPRESENTATION_CONTEXT() REPRESENTATION_CONTEXT('2D SPACE',''
  ) );
#14003 = PCURVE('',#13657,#14004);
#14004 = DEFINITIONAL_REPRESENTATION('',(#14005),#14009);
#14005 = LINE('',#14006,#14007);
#14006 = CARTESIAN_POINT('',(0.,33.));
#14007 = VECTOR('',#14008,1.);
#14008 = DIRECTION('',(1.,0.));
#14009 = ( GEOMETRIC_REPRESENTATION_CONTEXT(2) 
PARAMETRIC_REPRESENTATION_CONTEXT() REPRESENTATION_CONTEXT('2D SPACE',''
  ) );
#14010 = ADVANCED_FACE('',(#14011),#11083,.F.);
#14011 = FACE_BOUND('',#14012,.F.);
#14012 = EDGE_LOOP('',(#14013,#14039,#14040));
#14013 = ORIENTED_EDGE('',*,*,#14014,.F.);
#14014 = EDGE_CURVE('',#11015,#13834,#14015,.T.);
#14015 = SURFACE_CURVE('',#14016,(#14021,#14032),.PCURVE_S1.);
#14016 = CIRCLE('',#14017,50.);
#14017 = AXIS2_PLACEMENT_3D('',#14018,#14019,#14020);
#14018 = CARTESIAN_POINT('',(0.,0.,67.));
#14019 = DIRECTION('',(0.,0.,-1.));
#14020 = DIRECTION('',(0.2024,0.979302935766,0.));
#14021 = PCURVE('',#11083,#14022);
#14022 = DEFINITIONAL_REPRESENTATION('',(#14023),#14031);
#14023 = ( BOUNDED_CURVE() B_SPLINE_CURVE(2,(#14024,#14025,#14026,#14027
    ,#14028,#14029,#14030),.UNSPECIFIED.,.T.,.F.) 
B_SPLINE_CURVE_WITH_KNOTS((1,2,2,2,2,1),(-2.094395102393,0.,
    2.094395102393,4.188790204786,6.28318530718,8.377580409573),
.UNSPECIFIED.) CURVE() GEOMETRIC_REPRESENTATION_ITEM() 
RATIONAL_B_SPLINE_CURVE((1.,0.5,1.,0.5,1.,0.5,1.)) REPRESENTATION_ITEM(
  '') );
#14024 = CARTESIAN_POINT('',(10.12,48.965146788302));
#14025 = CARTESIAN_POINT('',(94.930122037408,31.436792615705));
#14026 = CARTESIAN_POINT('',(37.345061018704,-33.24675048045));
#14027 = CARTESIAN_POINT('',(-20.24,-97.9302935766));
#14028 = CARTESIAN_POINT('',(-47.4650610187,-15.71839630785));
#14029 = CARTESIAN_POINT('',(-74.6901220374,66.493500960899));
#14030 = CARTESIAN_POINT('',(10.12,48.965146788302));
#14031 = ( GEOMETRIC_REPRESENTATION_CONTEXT(2) 
PARAMETRIC_REPRESENTATION_CONTEXT() REPRESENTATION_CONTEXT('2D SPACE',''
  ) );
#14032 = PCURVE('',#11048,#14033);
#14033 = DEFINITIONAL_REPRESENTATION('',(#14034),#14038);
#14034 = LINE('',#14035,#14036);
#14035 = CARTESIAN_POINT('',(-7.65017360831,0.));
#14036 = VECTOR('',#14037,1.);
#14037 = DIRECTION('',(1.,-0.));
#14038 = ( GEOMETRIC_REPRESENTATION_CONTEXT(2) 
PARAMETRIC_REPRESENTATION_CONTEXT() REPRESENTATION_CONTEXT('2D SPACE',''
  ) );
#14039 = ORIENTED_EDGE('',*,*,#11069,.T.);
#14040 = ORIENTED_EDGE('',*,*,#13833,.F.);
#14041 = ADVANCED_FACE('',(#14042),#11048,.T.);
#14042 = FACE_BOUND('',#14043,.F.);
#14043 = EDGE_LOOP('',(#14044,#14045,#14046,#14047));
#14044 = ORIENTED_EDGE('',*,*,#11014,.F.);
#14045 = ORIENTED_EDGE('',*,*,#14014,.T.);
#14046 = ORIENTED_EDGE('',*,*,#13854,.F.);
#14047 = ORIENTED_EDGE('',*,*,#14048,.F.);
#14048 = EDGE_CURVE('',#10954,#13855,#14049,.T.);
#14049 = SURFACE_CURVE('',#14050,(#14065,#14083),.PCURVE_S1.);
#14050 = B_SPLINE_CURVE_WITH_KNOTS('',7,(#14051,#14052,#14053,#14054,
    #14055,#14056,#14057,#14058,#14059,#14060,#14061,#14062,#14063,
    #14064),.UNSPECIFIED.,.F.,.F.,(8,6,8),(0.,0.264755341947,1.),
  .UNSPECIFIED.);
#14051 = CARTESIAN_POINT('',(2.13064838142,-49.95458274747,70.0000006));
#14052 = CARTESIAN_POINT('',(2.199598393072,-49.95164191157,
    69.942365493728));
#14053 = CARTESIAN_POINT('',(2.265049858745,-49.94873905947,
    69.882519437008));
#14054 = CARTESIAN_POINT('',(2.327042347912,-49.94589280663,
    69.820697675046));
#14055 = CARTESIAN_POINT('',(2.385620731668,-49.94311959585,
    69.757115476272));
#14056 = CARTESIAN_POINT('',(2.440834679351,-49.94043377356,
    69.691968423251));
#14057 = CARTESIAN_POINT('',(2.492738155163,-49.93784766604,
    69.625432703585));
#14058 = CARTESIAN_POINT('',(2.676495579169,-49.92849559625,
    69.369470718993));
#14059 = CARTESIAN_POINT('',(2.786582215656,-49.92246531215,
    69.171685670296));
#14060 = CARTESIAN_POINT('',(2.872952893055,-49.91749928024,
    68.967481223063));
#14061 = CARTESIAN_POINT('',(2.936777273182,-49.91371907733,
    68.759089567059));
#14062 = CARTESIAN_POINT('',(2.978950604095,-49.91118409389,
    68.548156772807));
#14063 = CARTESIAN_POINT('',(3.,-49.90991885387,68.335993484365));
#14064 = CARTESIAN_POINT('',(3.,-49.90991885387,68.123780824217));
#14065 = PCURVE('',#11048,#14066);
#14066 = DEFINITIONAL_REPRESENTATION('',(#14067),#14082);
#14067 = B_SPLINE_CURVE_WITH_KNOTS('',7,(#14068,#14069,#14070,#14071,
    #14072,#14073,#14074,#14075,#14076,#14077,#14078,#14079,#14080,
    #14081),.UNSPECIFIED.,.F.,.F.,(8,6,8),(0.,0.264755341947,1.),
  .UNSPECIFIED.);
#14068 = CARTESIAN_POINT('',(-4.755014855129,-3.0000006));
#14069 = CARTESIAN_POINT('',(-4.756395109109,-2.942365493728));
#14070 = CARTESIAN_POINT('',(-4.757705423363,-2.882519437008));
#14071 = CARTESIAN_POINT('',(-4.75894657696,-2.820697675046));
#14072 = CARTESIAN_POINT('',(-4.760119454868,-2.757115476272));
#14073 = CARTESIAN_POINT('',(-4.76122503828,-2.691968423251));
#14074 = CARTESIAN_POINT('',(-4.762264394936,-2.625432703585));
#14075 = CARTESIAN_POINT('',(-4.76594429994,-2.369470718993));
#14076 = CARTESIAN_POINT('',(-4.768149316916,-2.171685670296));
#14077 = CARTESIAN_POINT('',(-4.769879578186,-1.967481223063));
#14078 = CARTESIAN_POINT('',(-4.771158302024,-1.75908956706));
#14079 = CARTESIAN_POINT('',(-4.772003291101,-1.548156772806));
#14080 = CARTESIAN_POINT('',(-4.77242503883,-1.335993484365));
#14081 = CARTESIAN_POINT('',(-4.77242503883,-1.123780824217));
#14082 = ( GEOMETRIC_REPRESENTATION_CONTEXT(2) 
PARAMETRIC_REPRESENTATION_CONTEXT() REPRESENTATION_CONTEXT('2D SPACE',''
  ) );
#14083 = PCURVE('',#10991,#14084);
#14084 = DEFINITIONAL_REPRESENTATION('',(#14085),#14100);
#14085 = B_SPLINE_CURVE_WITH_KNOTS('',7,(#14086,#14087,#14088,#14089,
    #14090,#14091,#14092,#14093,#14094,#14095,#14096,#14097,#14098,
    #14099),.UNSPECIFIED.,.F.,.F.,(8,6,8),(0.,0.264755341947,1.),
  .UNSPECIFIED.);
#14086 = CARTESIAN_POINT('',(0.691599738224,4.044535397834));
#14087 = CARTESIAN_POINT('',(0.728899367268,4.036115950406));
#14088 = CARTESIAN_POINT('',(0.765650388109,4.027225653727));
#14089 = CARTESIAN_POINT('',(0.801887869874,4.017892389241));
#14090 = CARTESIAN_POINT('',(0.837642980416,4.008142251053));
#14091 = CARTESIAN_POINT('',(0.872944511463,3.99799952823));
#14092 = CARTESIAN_POINT('',(0.90782040377,3.987486687106));
#14093 = CARTESIAN_POINT('',(1.03804957406,3.946458870853));
#14094 = CARTESIAN_POINT('',(1.13078447458,3.913583211572));
#14095 = CARTESIAN_POINT('',(1.221194387164,3.878405019528));
#14096 = CARTESIAN_POINT('',(1.309849443438,3.841242847282));
#14097 = CARTESIAN_POINT('',(1.39730348418,3.802361278678));
#14098 = CARTESIAN_POINT('',(1.484091479429,3.761993304447));
#14099 = CARTESIAN_POINT('',(1.570796326795,3.720374977711));
#14100 = ( GEOMETRIC_REPRESENTATION_CONTEXT(2) 
PARAMETRIC_REPRESENTATION_CONTEXT() REPRESENTATION_CONTEXT('2D SPACE',''
  ) );
#14101 = ADVANCED_FACE('',(#14102),#10991,.T.);
#14102 = FACE_BOUND('',#14103,.T.);
#14103 = EDGE_LOOP('',(#14104,#14127,#14149,#14150,#14151,#14152));
#14104 = ORIENTED_EDGE('',*,*,#14105,.F.);
#14105 = EDGE_CURVE('',#14106,#11775,#14108,.T.);
#14106 = VERTEX_POINT('',#14107);
#14107 = CARTESIAN_POINT('',(0.6,-54.02872538767,69.747548883982));
#14108 = SURFACE_CURVE('',#14109,(#14113,#14120),.PCURVE_S1.);
#14109 = LINE('',#14110,#14111);
#14110 = CARTESIAN_POINT('',(0.6,-54.02872538767,69.747548883982));
#14111 = VECTOR('',#14112,1.);
#14112 = DIRECTION('',(2.177326487309E-16,0.980580675691,0.196116135138)
  );
#14113 = PCURVE('',#10991,#14114);
#14114 = DEFINITIONAL_REPRESENTATION('',(#14115),#14119);
#14115 = LINE('',#14116,#14117);
#14116 = CARTESIAN_POINT('',(0.,0.));
#14117 = VECTOR('',#14118,1.);
#14118 = DIRECTION('',(0.,1.));
#14119 = ( GEOMETRIC_REPRESENTATION_CONTEXT(2) 
PARAMETRIC_REPRESENTATION_CONTEXT() REPRESENTATION_CONTEXT('2D SPACE',''
  ) );
#14120 = PCURVE('',#11789,#14121);
#14121 = DEFINITIONAL_REPRESENTATION('',(#14122),#14126);
#14122 = LINE('',#14123,#14124);
#14123 = CARTESIAN_POINT('',(8.,3.6));
#14124 = VECTOR('',#14125,1.);
#14125 = DIRECTION('',(-1.,0.));
#14126 = ( GEOMETRIC_REPRESENTATION_CONTEXT(2) 
PARAMETRIC_REPRESENTATION_CONTEXT() REPRESENTATION_CONTEXT('2D SPACE',''
  ) );
#14127 = ORIENTED_EDGE('',*,*,#14128,.T.);
#14128 = EDGE_CURVE('',#14106,#13876,#14129,.T.);
#14129 = SURFACE_CURVE('',#14130,(#14135,#14142),.PCURVE_S1.);
#14130 = CIRCLE('',#14131,2.4);
#14131 = AXIS2_PLACEMENT_3D('',#14132,#14133,#14134);
#14132 = CARTESIAN_POINT('',(0.6,-53.55804666333,67.394155262324));
#14133 = DIRECTION('',(2.177326487309E-16,0.980580675691,0.196116135138)
  );
#14134 = DIRECTION('',(-4.354652974618E-17,-0.196116135138,
    0.980580675691));
#14135 = PCURVE('',#10991,#14136);
#14136 = DEFINITIONAL_REPRESENTATION('',(#14137),#14141);
#14137 = LINE('',#14138,#14139);
#14138 = CARTESIAN_POINT('',(0.,0.));
#14139 = VECTOR('',#14140,1.);
#14140 = DIRECTION('',(1.,0.));
#14141 = ( GEOMETRIC_REPRESENTATION_CONTEXT(2) 
PARAMETRIC_REPRESENTATION_CONTEXT() REPRESENTATION_CONTEXT('2D SPACE',''
  ) );
#14142 = PCURVE('',#13919,#14143);
#14143 = DEFINITIONAL_REPRESENTATION('',(#14144),#14148);
#14144 = LINE('',#14145,#14146);
#14145 = CARTESIAN_POINT('',(-1.570796326795,0.));
#14146 = VECTOR('',#14147,1.);
#14147 = DIRECTION('',(-0.,1.));
#14148 = ( GEOMETRIC_REPRESENTATION_CONTEXT(2) 
PARAMETRIC_REPRESENTATION_CONTEXT() REPRESENTATION_CONTEXT('2D SPACE',''
  ) );
#14149 = ORIENTED_EDGE('',*,*,#13875,.T.);
#14150 = ORIENTED_EDGE('',*,*,#14048,.F.);
#14151 = ORIENTED_EDGE('',*,*,#10953,.F.);
#14152 = ORIENTED_EDGE('',*,*,#11800,.T.);
#14153 = ADVANCED_FACE('',(#14154),#11623,.T.);
#14154 = FACE_BOUND('',#14155,.T.);
#14155 = EDGE_LOOP('',(#14156,#14157,#14158,#14159,#14160));
#14156 = ORIENTED_EDGE('',*,*,#12379,.F.);
#14157 = ORIENTED_EDGE('',*,*,#12548,.T.);
#14158 = ORIENTED_EDGE('',*,*,#11607,.T.);
#14159 = ORIENTED_EDGE('',*,*,#11666,.T.);
#14160 = ORIENTED_EDGE('',*,*,#12227,.T.);
#14161 = ADVANCED_FACE('',(#14162),#11842,.T.);
#14162 = FACE_BOUND('',#14163,.T.);
#14163 = EDGE_LOOP('',(#14164,#14165,#14166,#14191));
#14164 = ORIENTED_EDGE('',*,*,#11828,.T.);
#14165 = ORIENTED_EDGE('',*,*,#11856,.T.);
#14166 = ORIENTED_EDGE('',*,*,#14167,.F.);
#14167 = EDGE_CURVE('',#12014,#11857,#14168,.T.);
#14168 = SURFACE_CURVE('',#14169,(#14173,#14180),.PCURVE_S1.);
#14169 = LINE('',#14170,#14171);
#14170 = CARTESIAN_POINT('',(-11.,-60.,150.));
#14171 = VECTOR('',#14172,1.);
#14172 = DIRECTION('',(1.,-2.22044604925E-16,0.));
#14173 = PCURVE('',#11842,#14174);
#14174 = DEFINITIONAL_REPRESENTATION('',(#14175),#14179);
#14175 = LINE('',#14176,#14177);
#14176 = CARTESIAN_POINT('',(0.,1.));
#14177 = VECTOR('',#14178,1.);
#14178 = DIRECTION('',(1.,0.));
#14179 = ( GEOMETRIC_REPRESENTATION_CONTEXT(2) 
PARAMETRIC_REPRESENTATION_CONTEXT() REPRESENTATION_CONTEXT('2D SPACE',''
  ) );
#14180 = PCURVE('',#14181,#14186);
#14181 = B_SPLINE_SURFACE_WITH_KNOTS('',1,1,(
    (#14182,#14183)
    ,(#14184,#14185
    )),.UNSPECIFIED.,.F.,.F.,.F.,(2,2),(2,2),(0.,24.),(0.,1.),
  .PIECEWISE_BEZIER_KNOTS.);
#14182 = CARTESIAN_POINT('',(-11.,-60.,150.));
#14183 = CARTESIAN_POINT('',(-12.,-60.,230.));
#14184 = CARTESIAN_POINT('',(11.,-60.,150.));
#14185 = CARTESIAN_POINT('',(12.,-60.,230.));
#14186 = DEFINITIONAL_REPRESENTATION('',(#14187),#14190);
#14187 = B_SPLINE_CURVE_WITH_KNOTS('',1,(#14188,#14189),.UNSPECIFIED.,
  .F.,.F.,(2,2),(0.,22.),.PIECEWISE_BEZIER_KNOTS.);
#14188 = CARTESIAN_POINT('',(0.,0.));
#14189 = CARTESIAN_POINT('',(24.,0.));
#14190 = ( GEOMETRIC_REPRESENTATION_CONTEXT(2) 
PARAMETRIC_REPRESENTATION_CONTEXT() REPRESENTATION_CONTEXT('2D SPACE',''
  ) );
#14191 = ORIENTED_EDGE('',*,*,#12013,.F.);
#14192 = ADVANCED_FACE('',(#14193),#11789,.T.);
#14193 = FACE_BOUND('',#14194,.T.);
#14194 = EDGE_LOOP('',(#14195,#14196,#14222,#14223));
#14195 = ORIENTED_EDGE('',*,*,#13314,.F.);
#14196 = ORIENTED_EDGE('',*,*,#14197,.T.);
#14197 = EDGE_CURVE('',#13315,#14106,#14198,.T.);
#14198 = SURFACE_CURVE('',#14199,(#14203,#14210),.PCURVE_S1.);
#14199 = LINE('',#14200,#14201);
#14200 = CARTESIAN_POINT('',(-3.,-54.02872538767,69.747548883982));
#14201 = VECTOR('',#14202,1.);
#14202 = DIRECTION('',(1.,-2.22044604925E-16,0.));
#14203 = PCURVE('',#11789,#14204);
#14204 = DEFINITIONAL_REPRESENTATION('',(#14205),#14209);
#14205 = LINE('',#14206,#14207);
#14206 = CARTESIAN_POINT('',(8.,-3.449564955297E-17));
#14207 = VECTOR('',#14208,1.);
#14208 = DIRECTION('',(0.,1.));
#14209 = ( GEOMETRIC_REPRESENTATION_CONTEXT(2) 
PARAMETRIC_REPRESENTATION_CONTEXT() REPRESENTATION_CONTEXT('2D SPACE',''
  ) );
#14210 = PCURVE('',#14211,#14216);
#14211 = CYLINDRICAL_SURFACE('',#14212,12.);
#14212 = AXIS2_PLACEMENT_3D('',#14213,#14214,#14215);
#14213 = CARTESIAN_POINT('',(-3.,-51.67533176601,57.980580775691));
#14214 = DIRECTION('',(1.,-2.22044604925E-16,0.));
#14215 = DIRECTION('',(-2.177326487309E-16,-0.980580675691,
    -0.196116135138));
#14216 = DEFINITIONAL_REPRESENTATION('',(#14217),#14221);
#14217 = LINE('',#14218,#14219);
#14218 = CARTESIAN_POINT('',(-1.570796326795,0.));
#14219 = VECTOR('',#14220,1.);
#14220 = DIRECTION('',(-0.,1.));
#14221 = ( GEOMETRIC_REPRESENTATION_CONTEXT(2) 
PARAMETRIC_REPRESENTATION_CONTEXT() REPRESENTATION_CONTEXT('2D SPACE',''
  ) );
#14222 = ORIENTED_EDGE('',*,*,#14105,.T.);
#14223 = ORIENTED_EDGE('',*,*,#11774,.T.);
#14224 = ADVANCED_FACE('',(#14225),#11943,.T.);
#14225 = FACE_BOUND('',#14226,.T.);
#14226 = EDGE_LOOP('',(#14227,#14248,#14249,#14250,#14271));
#14227 = ORIENTED_EDGE('',*,*,#14228,.F.);
#14228 = EDGE_CURVE('',#11857,#14229,#14231,.T.);
#14229 = VERTEX_POINT('',#14230);
#14230 = CARTESIAN_POINT('',(11.1,-60.,158.));
#14231 = SURFACE_CURVE('',#14232,(#14235,#14241),.PCURVE_S1.);
#14232 = B_SPLINE_CURVE_WITH_KNOTS('',1,(#14233,#14234),.UNSPECIFIED.,
  .F.,.F.,(2,2),(0.,1.),.PIECEWISE_BEZIER_KNOTS.);
#14233 = CARTESIAN_POINT('',(11.,-60.,150.));
#14234 = CARTESIAN_POINT('',(12.,-60.,230.));
#14235 = PCURVE('',#11943,#14236);
#14236 = DEFINITIONAL_REPRESENTATION('',(#14237),#14240);
#14237 = B_SPLINE_CURVE_WITH_KNOTS('',1,(#14238,#14239),.UNSPECIFIED.,
  .F.,.F.,(2,2),(0.,1.),.PIECEWISE_BEZIER_KNOTS.);
#14238 = CARTESIAN_POINT('',(0.,-80.00624975587));
#14239 = CARTESIAN_POINT('',(0.,0.));
#14240 = ( GEOMETRIC_REPRESENTATION_CONTEXT(2) 
PARAMETRIC_REPRESENTATION_CONTEXT() REPRESENTATION_CONTEXT('2D SPACE',''
  ) );
#14241 = PCURVE('',#14181,#14242);
#14242 = DEFINITIONAL_REPRESENTATION('',(#14243),#14247);
#14243 = LINE('',#14244,#14245);
#14244 = CARTESIAN_POINT('',(24.,0.));
#14245 = VECTOR('',#14246,1.);
#14246 = DIRECTION('',(0.,1.));
#14247 = ( GEOMETRIC_REPRESENTATION_CONTEXT(2) 
PARAMETRIC_REPRESENTATION_CONTEXT() REPRESENTATION_CONTEXT('2D SPACE',''
  ) );
#14248 = ORIENTED_EDGE('',*,*,#11929,.T.);
#14249 = ORIENTED_EDGE('',*,*,#12501,.T.);
#14250 = ORIENTED_EDGE('',*,*,#14251,.T.);
#14251 = EDGE_CURVE('',#12475,#14252,#14254,.T.);
#14252 = VERTEX_POINT('',#14253);
#14253 = CARTESIAN_POINT('',(11.1,-47.,158.));
#14254 = SURFACE_CURVE('',#14255,(#14258,#14264),.PCURVE_S1.);
#14255 = B_SPLINE_CURVE_WITH_KNOTS('',1,(#14256,#14257),.UNSPECIFIED.,
  .F.,.F.,(2,2),(0.,1.),.PIECEWISE_BEZIER_KNOTS.);
#14256 = CARTESIAN_POINT('',(11.,-47.,150.));
#14257 = CARTESIAN_POINT('',(12.,-47.,230.));
#14258 = PCURVE('',#11943,#14259);
#14259 = DEFINITIONAL_REPRESENTATION('',(#14260),#14263);
#14260 = B_SPLINE_CURVE_WITH_KNOTS('',1,(#14261,#14262),.UNSPECIFIED.,
  .F.,.F.,(2,2),(0.,1.),.PIECEWISE_BEZIER_KNOTS.);
#14261 = CARTESIAN_POINT('',(13.,-80.00624975587));
#14262 = CARTESIAN_POINT('',(13.,0.));
#14263 = ( GEOMETRIC_REPRESENTATION_CONTEXT(2) 
PARAMETRIC_REPRESENTATION_CONTEXT() REPRESENTATION_CONTEXT('2D SPACE',''
  ) );
#14264 = PCURVE('',#12490,#14265);
#14265 = DEFINITIONAL_REPRESENTATION('',(#14266),#14270);
#14266 = LINE('',#14267,#14268);
#14267 = CARTESIAN_POINT('',(0.,0.));
#14268 = VECTOR('',#14269,1.);
#14269 = DIRECTION('',(0.,1.));
#14270 = ( GEOMETRIC_REPRESENTATION_CONTEXT(2) 
PARAMETRIC_REPRESENTATION_CONTEXT() REPRESENTATION_CONTEXT('2D SPACE',''
  ) );
#14271 = ORIENTED_EDGE('',*,*,#14272,.T.);
#14272 = EDGE_CURVE('',#14252,#14229,#14273,.T.);
#14273 = SURFACE_CURVE('',#14274,(#14278,#14284),.PCURVE_S1.);
#14274 = LINE('',#14275,#14276);
#14275 = CARTESIAN_POINT('',(11.1,-155.,158.));
#14276 = VECTOR('',#14277,1.);
#14277 = DIRECTION('',(-2.22044604925E-16,-1.,0.));
#14278 = PCURVE('',#11943,#14279);
#14279 = DEFINITIONAL_REPRESENTATION('',(#14280),#14283);
#14280 = B_SPLINE_CURVE_WITH_KNOTS('',1,(#14281,#14282),.UNSPECIFIED.,
  .F.,.F.,(2,2),(-108.,-95.),.PIECEWISE_BEZIER_KNOTS.);
#14281 = CARTESIAN_POINT('',(13.,-72.00562478029));
#14282 = CARTESIAN_POINT('',(0.,-72.00562478029));
#14283 = ( GEOMETRIC_REPRESENTATION_CONTEXT(2) 
PARAMETRIC_REPRESENTATION_CONTEXT() REPRESENTATION_CONTEXT('2D SPACE',''
  ) );
#14284 = PCURVE('',#14285,#14290);
#14285 = PLANE('',#14286);
#14286 = AXIS2_PLACEMENT_3D('',#14287,#14288,#14289);
#14287 = CARTESIAN_POINT('',(-250.,-250.,158.));
#14288 = DIRECTION('',(0.,0.,1.));
#14289 = DIRECTION('',(1.,0.,0.));
#14290 = DEFINITIONAL_REPRESENTATION('',(#14291),#14294);
#14291 = B_SPLINE_CURVE_WITH_KNOTS('',1,(#14292,#14293),.UNSPECIFIED.,
  .F.,.F.,(2,2),(-108.,-95.),.PIECEWISE_BEZIER_KNOTS.);
#14292 = CARTESIAN_POINT('',(261.1,203.));
#14293 = CARTESIAN_POINT('',(261.1,190.));
#14294 = ( GEOMETRIC_REPRESENTATION_CONTEXT(2) 
PARAMETRIC_REPRESENTATION_CONTEXT() REPRESENTATION_CONTEXT('2D SPACE',''
  ) );
#14295 = ADVANCED_FACE('',(#14296),#12051,.T.);
#14296 = FACE_BOUND('',#14297,.T.);
#14297 = EDGE_LOOP('',(#14298,#14319,#14320,#14321,#14342));
#14298 = ORIENTED_EDGE('',*,*,#14299,.F.);
#14299 = EDGE_CURVE('',#12452,#14300,#14302,.T.);
#14300 = VERTEX_POINT('',#14301);
#14301 = CARTESIAN_POINT('',(-11.1,-47.,158.));
#14302 = SURFACE_CURVE('',#14303,(#14306,#14312),.PCURVE_S1.);
#14303 = B_SPLINE_CURVE_WITH_KNOTS('',1,(#14304,#14305),.UNSPECIFIED.,
  .F.,.F.,(2,2),(0.,1.),.PIECEWISE_BEZIER_KNOTS.);
#14304 = CARTESIAN_POINT('',(-11.,-47.,150.));
#14305 = CARTESIAN_POINT('',(-12.,-47.,230.));
#14306 = PCURVE('',#12051,#14307);
#14307 = DEFINITIONAL_REPRESENTATION('',(#14308),#14311);
#14308 = B_SPLINE_CURVE_WITH_KNOTS('',1,(#14309,#14310),.UNSPECIFIED.,
  .F.,.F.,(2,2),(0.,1.),.PIECEWISE_BEZIER_KNOTS.);
#14309 = CARTESIAN_POINT('',(0.,-80.00624975587));
#14310 = CARTESIAN_POINT('',(0.,0.));
#14311 = ( GEOMETRIC_REPRESENTATION_CONTEXT(2) 
PARAMETRIC_REPRESENTATION_CONTEXT() REPRESENTATION_CONTEXT('2D SPACE',''
  ) );
#14312 = PCURVE('',#12490,#14313);
#14313 = DEFINITIONAL_REPRESENTATION('',(#14314),#14318);
#14314 = LINE('',#14315,#14316);
#14315 = CARTESIAN_POINT('',(24.,0.));
#14316 = VECTOR('',#14317,1.);
#14317 = DIRECTION('',(0.,1.));
#14318 = ( GEOMETRIC_REPRESENTATION_CONTEXT(2) 
PARAMETRIC_REPRESENTATION_CONTEXT() REPRESENTATION_CONTEXT('2D SPACE',''
  ) );
#14319 = ORIENTED_EDGE('',*,*,#12451,.T.);
#14320 = ORIENTED_EDGE('',*,*,#12035,.T.);
#14321 = ORIENTED_EDGE('',*,*,#14322,.T.);
#14322 = EDGE_CURVE('',#12014,#14323,#14325,.T.);
#14323 = VERTEX_POINT('',#14324);
#14324 = CARTESIAN_POINT('',(-11.1,-60.,158.));
#14325 = SURFACE_CURVE('',#14326,(#14329,#14335),.PCURVE_S1.);
#14326 = B_SPLINE_CURVE_WITH_KNOTS('',1,(#14327,#14328),.UNSPECIFIED.,
  .F.,.F.,(2,2),(0.,1.),.PIECEWISE_BEZIER_KNOTS.);
#14327 = CARTESIAN_POINT('',(-11.,-60.,150.));
#14328 = CARTESIAN_POINT('',(-12.,-60.,230.));
#14329 = PCURVE('',#12051,#14330);
#14330 = DEFINITIONAL_REPRESENTATION('',(#14331),#14334);
#14331 = B_SPLINE_CURVE_WITH_KNOTS('',1,(#14332,#14333),.UNSPECIFIED.,
  .F.,.F.,(2,2),(0.,1.),.PIECEWISE_BEZIER_KNOTS.);
#14332 = CARTESIAN_POINT('',(13.,-80.00624975587));
#14333 = CARTESIAN_POINT('',(13.,0.));
#14334 = ( GEOMETRIC_REPRESENTATION_CONTEXT(2) 
PARAMETRIC_REPRESENTATION_CONTEXT() REPRESENTATION_CONTEXT('2D SPACE',''
  ) );
#14335 = PCURVE('',#14181,#14336);
#14336 = DEFINITIONAL_REPRESENTATION('',(#14337),#14341);
#14337 = LINE('',#14338,#14339);
#14338 = CARTESIAN_POINT('',(0.,0.));
#14339 = VECTOR('',#14340,1.);
#14340 = DIRECTION('',(0.,1.));
#14341 = ( GEOMETRIC_REPRESENTATION_CONTEXT(2) 
PARAMETRIC_REPRESENTATION_CONTEXT() REPRESENTATION_CONTEXT('2D SPACE',''
  ) );
#14342 = ORIENTED_EDGE('',*,*,#14343,.T.);
#14343 = EDGE_CURVE('',#14323,#14300,#14344,.T.);
#14344 = SURFACE_CURVE('',#14345,(#14349,#14355),.PCURVE_S1.);
#14345 = LINE('',#14346,#14347);
#14346 = CARTESIAN_POINT('',(-11.1,-148.5,158.));
#14347 = VECTOR('',#14348,1.);
#14348 = DIRECTION('',(2.22044604925E-16,1.,-0.));
#14349 = PCURVE('',#12051,#14350);
#14350 = DEFINITIONAL_REPRESENTATION('',(#14351),#14354);
#14351 = B_SPLINE_CURVE_WITH_KNOTS('',1,(#14352,#14353),.UNSPECIFIED.,
  .F.,.F.,(2,2),(88.5,101.5),.PIECEWISE_BEZIER_KNOTS.);
#14352 = CARTESIAN_POINT('',(13.,-72.00562478029));
#14353 = CARTESIAN_POINT('',(0.,-72.00562478029));
#14354 = ( GEOMETRIC_REPRESENTATION_CONTEXT(2) 
PARAMETRIC_REPRESENTATION_CONTEXT() REPRESENTATION_CONTEXT('2D SPACE',''
  ) );
#14355 = PCURVE('',#14285,#14356);
#14356 = DEFINITIONAL_REPRESENTATION('',(#14357),#14360);
#14357 = B_SPLINE_CURVE_WITH_KNOTS('',1,(#14358,#14359),.UNSPECIFIED.,
  .F.,.F.,(2,2),(88.5,101.5),.PIECEWISE_BEZIER_KNOTS.);
#14358 = CARTESIAN_POINT('',(238.9,190.));
#14359 = CARTESIAN_POINT('',(238.9,203.));
#14360 = ( GEOMETRIC_REPRESENTATION_CONTEXT(2) 
PARAMETRIC_REPRESENTATION_CONTEXT() REPRESENTATION_CONTEXT('2D SPACE',''
  ) );
#14361 = ADVANCED_FACE('',(#14362),#12266,.T.);
#14362 = FACE_BOUND('',#14363,.T.);
#14363 = EDGE_LOOP('',(#14364,#14365,#14388,#14416));
#14364 = ORIENTED_EDGE('',*,*,#12249,.T.);
#14365 = ORIENTED_EDGE('',*,*,#14366,.T.);
#14366 = EDGE_CURVE('',#12252,#14367,#14369,.T.);
#14367 = VERTEX_POINT('',#14368);
#14368 = CARTESIAN_POINT('',(-7.,51.,176.));
#14369 = SURFACE_CURVE('',#14370,(#14374,#14381),.PCURVE_S1.);
#14370 = LINE('',#14371,#14372);
#14371 = CARTESIAN_POINT('',(-7.,51.,157.));
#14372 = VECTOR('',#14373,1.);
#14373 = DIRECTION('',(0.,0.,1.));
#14374 = PCURVE('',#12266,#14375);
#14375 = DEFINITIONAL_REPRESENTATION('',(#14376),#14380);
#14376 = LINE('',#14377,#14378);
#14377 = CARTESIAN_POINT('',(0.,0.));
#14378 = VECTOR('',#14379,1.);
#14379 = DIRECTION('',(0.,-1.));
#14380 = ( GEOMETRIC_REPRESENTATION_CONTEXT(2) 
PARAMETRIC_REPRESENTATION_CONTEXT() REPRESENTATION_CONTEXT('2D SPACE',''
  ) );
#14381 = PCURVE('',#12342,#14382);
#14382 = DEFINITIONAL_REPRESENTATION('',(#14383),#14387);
#14383 = LINE('',#14384,#14385);
#14384 = CARTESIAN_POINT('',(14.,0.));
#14385 = VECTOR('',#14386,1.);
#14386 = DIRECTION('',(0.,-1.));
#14387 = ( GEOMETRIC_REPRESENTATION_CONTEXT(2) 
PARAMETRIC_REPRESENTATION_CONTEXT() REPRESENTATION_CONTEXT('2D SPACE',''
  ) );
#14388 = ORIENTED_EDGE('',*,*,#14389,.T.);
#14389 = EDGE_CURVE('',#14367,#14390,#14392,.T.);
#14390 = VERTEX_POINT('',#14391);
#14391 = CARTESIAN_POINT('',(-5.75,56.,176.));
#14392 = SURFACE_CURVE('',#14393,(#14397,#14404),.PCURVE_S1.);
#14393 = LINE('',#14394,#14395);
#14394 = CARTESIAN_POINT('',(-7.,51.,176.));
#14395 = VECTOR('',#14396,1.);
#14396 = DIRECTION('',(0.242535625036,0.970142500145,0.));
#14397 = PCURVE('',#12266,#14398);
#14398 = DEFINITIONAL_REPRESENTATION('',(#14399),#14403);
#14399 = LINE('',#14400,#14401);
#14400 = CARTESIAN_POINT('',(0.,-19.));
#14401 = VECTOR('',#14402,1.);
#14402 = DIRECTION('',(1.,0.));
#14403 = ( GEOMETRIC_REPRESENTATION_CONTEXT(2) 
PARAMETRIC_REPRESENTATION_CONTEXT() REPRESENTATION_CONTEXT('2D SPACE',''
  ) );
#14404 = PCURVE('',#14405,#14410);
#14405 = PLANE('',#14406);
#14406 = AXIS2_PLACEMENT_3D('',#14407,#14408,#14409);
#14407 = CARTESIAN_POINT('',(5.920314999148E-15,53.325456848162,176.));
#14408 = DIRECTION('',(0.,-0.,-1.));
#14409 = DIRECTION('',(-1.110223024625E-16,-1.,0.));
#14410 = DEFINITIONAL_REPRESENTATION('',(#14411),#14415);
#14411 = LINE('',#14412,#14413);
#14412 = CARTESIAN_POINT('',(2.325456848162,7.));
#14413 = VECTOR('',#14414,1.);
#14414 = DIRECTION('',(-0.970142500145,-0.242535625036));
#14415 = ( GEOMETRIC_REPRESENTATION_CONTEXT(2) 
PARAMETRIC_REPRESENTATION_CONTEXT() REPRESENTATION_CONTEXT('2D SPACE',''
  ) );
#14416 = ORIENTED_EDGE('',*,*,#14417,.F.);
#14417 = EDGE_CURVE('',#12250,#14390,#14418,.T.);
#14418 = SURFACE_CURVE('',#14419,(#14423,#14430),.PCURVE_S1.);
#14419 = LINE('',#14420,#14421);
#14420 = CARTESIAN_POINT('',(-5.75,56.,157.));
#14421 = VECTOR('',#14422,1.);
#14422 = DIRECTION('',(0.,0.,1.));
#14423 = PCURVE('',#12266,#14424);
#14424 = DEFINITIONAL_REPRESENTATION('',(#14425),#14429);
#14425 = LINE('',#14426,#14427);
#14426 = CARTESIAN_POINT('',(5.153882032022,0.));
#14427 = VECTOR('',#14428,1.);
#14428 = DIRECTION('',(0.,-1.));
#14429 = ( GEOMETRIC_REPRESENTATION_CONTEXT(2) 
PARAMETRIC_REPRESENTATION_CONTEXT() REPRESENTATION_CONTEXT('2D SPACE',''
  ) );
#14430 = PCURVE('',#12292,#14431);
#14431 = DEFINITIONAL_REPRESENTATION('',(#14432),#14436);
#14432 = LINE('',#14433,#14434);
#14433 = CARTESIAN_POINT('',(0.,0.));
#14434 = VECTOR('',#14435,1.);
#14435 = DIRECTION('',(0.,-1.));
#14436 = ( GEOMETRIC_REPRESENTATION_CONTEXT(2) 
PARAMETRIC_REPRESENTATION_CONTEXT() REPRESENTATION_CONTEXT('2D SPACE',''
  ) );
#14437 = ADVANCED_FACE('',(#14438,#14486),#12342,.T.);
#14438 = FACE_BOUND('',#14439,.T.);
#14439 = EDGE_LOOP('',(#14440,#14441,#14464,#14485));
#14440 = ORIENTED_EDGE('',*,*,#12329,.T.);
#14441 = ORIENTED_EDGE('',*,*,#14442,.T.);
#14442 = EDGE_CURVE('',#12304,#14443,#14445,.T.);
#14443 = VERTEX_POINT('',#14444);
#14444 = CARTESIAN_POINT('',(7.,51.,176.));
#14445 = SURFACE_CURVE('',#14446,(#14450,#14457),.PCURVE_S1.);
#14446 = LINE('',#14447,#14448);
#14447 = CARTESIAN_POINT('',(7.,51.,157.));
#14448 = VECTOR('',#14449,1.);
#14449 = DIRECTION('',(0.,0.,1.));
#14450 = PCURVE('',#12342,#14451);
#14451 = DEFINITIONAL_REPRESENTATION('',(#14452),#14456);
#14452 = LINE('',#14453,#14454);
#14453 = CARTESIAN_POINT('',(0.,0.));
#14454 = VECTOR('',#14455,1.);
#14455 = DIRECTION('',(0.,-1.));
#14456 = ( GEOMETRIC_REPRESENTATION_CONTEXT(2) 
PARAMETRIC_REPRESENTATION_CONTEXT() REPRESENTATION_CONTEXT('2D SPACE',''
  ) );
#14457 = PCURVE('',#12318,#14458);
#14458 = DEFINITIONAL_REPRESENTATION('',(#14459),#14463);
#14459 = LINE('',#14460,#14461);
#14460 = CARTESIAN_POINT('',(5.153882032022,0.));
#14461 = VECTOR('',#14462,1.);
#14462 = DIRECTION('',(0.,-1.));
#14463 = ( GEOMETRIC_REPRESENTATION_CONTEXT(2) 
PARAMETRIC_REPRESENTATION_CONTEXT() REPRESENTATION_CONTEXT('2D SPACE',''
  ) );
#14464 = ORIENTED_EDGE('',*,*,#14465,.T.);
#14465 = EDGE_CURVE('',#14443,#14367,#14466,.T.);
#14466 = SURFACE_CURVE('',#14467,(#14471,#14478),.PCURVE_S1.);
#14467 = LINE('',#14468,#14469);
#14468 = CARTESIAN_POINT('',(7.,51.,176.));
#14469 = VECTOR('',#14470,1.);
#14470 = DIRECTION('',(-1.,1.110223024625E-16,0.));
#14471 = PCURVE('',#12342,#14472);
#14472 = DEFINITIONAL_REPRESENTATION('',(#14473),#14477);
#14473 = LINE('',#14474,#14475);
#14474 = CARTESIAN_POINT('',(0.,-19.));
#14475 = VECTOR('',#14476,1.);
#14476 = DIRECTION('',(1.,0.));
#14477 = ( GEOMETRIC_REPRESENTATION_CONTEXT(2) 
PARAMETRIC_REPRESENTATION_CONTEXT() REPRESENTATION_CONTEXT('2D SPACE',''
  ) );
#14478 = PCURVE('',#14405,#14479);
#14479 = DEFINITIONAL_REPRESENTATION('',(#14480),#14484);
#14480 = LINE('',#14481,#14482);
#14481 = CARTESIAN_POINT('',(2.325456848162,-7.));
#14482 = VECTOR('',#14483,1.);
#14483 = DIRECTION('',(0.,1.));
#14484 = ( GEOMETRIC_REPRESENTATION_CONTEXT(2) 
PARAMETRIC_REPRESENTATION_CONTEXT() REPRESENTATION_CONTEXT('2D SPACE',''
  ) );
#14485 = ORIENTED_EDGE('',*,*,#14366,.F.);
#14486 = FACE_BOUND('',#14487,.T.);
#14487 = EDGE_LOOP('',(#14488));
#14488 = ORIENTED_EDGE('',*,*,#14489,.F.);
#14489 = EDGE_CURVE('',#14490,#14490,#14492,.T.);
#14490 = VERTEX_POINT('',#14491);
#14491 = CARTESIAN_POINT('',(-2.,51.,167.));
#14492 = SURFACE_CURVE('',#14493,(#14498,#14505),.PCURVE_S1.);
#14493 = CIRCLE('',#14494,2.);
#14494 = AXIS2_PLACEMENT_3D('',#14495,#14496,#14497);
#14495 = CARTESIAN_POINT('',(3.122849337826E-15,51.,167.));
#14496 = DIRECTION('',(-6.123233995737E-17,-1.,0.));
#14497 = DIRECTION('',(-1.,6.123233995737E-17,0.));
#14498 = PCURVE('',#12342,#14499);
#14499 = DEFINITIONAL_REPRESENTATION('',(#14500),#14504);
#14500 = CIRCLE('',#14501,2.);
#14501 = AXIS2_PLACEMENT_2D('',#14502,#14503);
#14502 = CARTESIAN_POINT('',(7.,-10.));
#14503 = DIRECTION('',(1.,0.));
#14504 = ( GEOMETRIC_REPRESENTATION_CONTEXT(2) 
PARAMETRIC_REPRESENTATION_CONTEXT() REPRESENTATION_CONTEXT('2D SPACE',''
  ) );
#14505 = PCURVE('',#14506,#14511);
#14506 = CYLINDRICAL_SURFACE('',#14507,2.);
#14507 = AXIS2_PLACEMENT_3D('',#14508,#14509,#14510);
#14508 = CARTESIAN_POINT('',(3.918869757272E-15,64.,167.));
#14509 = DIRECTION('',(-6.123233995737E-17,-1.,0.));
#14510 = DIRECTION('',(-1.,6.123233995737E-17,0.));
#14511 = DEFINITIONAL_REPRESENTATION('',(#14512),#14516);
#14512 = LINE('',#14513,#14514);
#14513 = CARTESIAN_POINT('',(0.,13.));
#14514 = VECTOR('',#14515,1.);
#14515 = DIRECTION('',(1.,0.));
#14516 = ( GEOMETRIC_REPRESENTATION_CONTEXT(2) 
PARAMETRIC_REPRESENTATION_CONTEXT() REPRESENTATION_CONTEXT('2D SPACE',''
  ) );
#14517 = ADVANCED_FACE('',(#14518),#12318,.T.);
#14518 = FACE_BOUND('',#14519,.T.);
#14519 = EDGE_LOOP('',(#14520,#14521,#14544,#14565));
#14520 = ORIENTED_EDGE('',*,*,#12303,.T.);
#14521 = ORIENTED_EDGE('',*,*,#14522,.T.);
#14522 = EDGE_CURVE('',#12278,#14523,#14525,.T.);
#14523 = VERTEX_POINT('',#14524);
#14524 = CARTESIAN_POINT('',(5.75,56.,176.));
#14525 = SURFACE_CURVE('',#14526,(#14530,#14537),.PCURVE_S1.);
#14526 = LINE('',#14527,#14528);
#14527 = CARTESIAN_POINT('',(5.75,56.,157.));
#14528 = VECTOR('',#14529,1.);
#14529 = DIRECTION('',(0.,0.,1.));
#14530 = PCURVE('',#12318,#14531);
#14531 = DEFINITIONAL_REPRESENTATION('',(#14532),#14536);
#14532 = LINE('',#14533,#14534);
#14533 = CARTESIAN_POINT('',(0.,0.));
#14534 = VECTOR('',#14535,1.);
#14535 = DIRECTION('',(0.,-1.));
#14536 = ( GEOMETRIC_REPRESENTATION_CONTEXT(2) 
PARAMETRIC_REPRESENTATION_CONTEXT() REPRESENTATION_CONTEXT('2D SPACE',''
  ) );
#14537 = PCURVE('',#12292,#14538);
#14538 = DEFINITIONAL_REPRESENTATION('',(#14539),#14543);
#14539 = LINE('',#14540,#14541);
#14540 = CARTESIAN_POINT('',(11.5,0.));
#14541 = VECTOR('',#14542,1.);
#14542 = DIRECTION('',(0.,-1.));
#14543 = ( GEOMETRIC_REPRESENTATION_CONTEXT(2) 
PARAMETRIC_REPRESENTATION_CONTEXT() REPRESENTATION_CONTEXT('2D SPACE',''
  ) );
#14544 = ORIENTED_EDGE('',*,*,#14545,.T.);
#14545 = EDGE_CURVE('',#14523,#14443,#14546,.T.);
#14546 = SURFACE_CURVE('',#14547,(#14551,#14558),.PCURVE_S1.);
#14547 = LINE('',#14548,#14549);
#14548 = CARTESIAN_POINT('',(5.75,56.,176.));
#14549 = VECTOR('',#14550,1.);
#14550 = DIRECTION('',(0.242535625036,-0.970142500145,0.));
#14551 = PCURVE('',#12318,#14552);
#14552 = DEFINITIONAL_REPRESENTATION('',(#14553),#14557);
#14553 = LINE('',#14554,#14555);
#14554 = CARTESIAN_POINT('',(0.,-19.));
#14555 = VECTOR('',#14556,1.);
#14556 = DIRECTION('',(1.,0.));
#14557 = ( GEOMETRIC_REPRESENTATION_CONTEXT(2) 
PARAMETRIC_REPRESENTATION_CONTEXT() REPRESENTATION_CONTEXT('2D SPACE',''
  ) );
#14558 = PCURVE('',#14405,#14559);
#14559 = DEFINITIONAL_REPRESENTATION('',(#14560),#14564);
#14560 = LINE('',#14561,#14562);
#14561 = CARTESIAN_POINT('',(-2.674543151838,-5.75));
#14562 = VECTOR('',#14563,1.);
#14563 = DIRECTION('',(0.970142500145,-0.242535625036));
#14564 = ( GEOMETRIC_REPRESENTATION_CONTEXT(2) 
PARAMETRIC_REPRESENTATION_CONTEXT() REPRESENTATION_CONTEXT('2D SPACE',''
  ) );
#14565 = ORIENTED_EDGE('',*,*,#14442,.F.);
#14566 = ADVANCED_FACE('',(#14567,#14593),#12292,.T.);
#14567 = FACE_BOUND('',#14568,.T.);
#14568 = EDGE_LOOP('',(#14569,#14570,#14571,#14592));
#14569 = ORIENTED_EDGE('',*,*,#12277,.T.);
#14570 = ORIENTED_EDGE('',*,*,#14417,.T.);
#14571 = ORIENTED_EDGE('',*,*,#14572,.T.);
#14572 = EDGE_CURVE('',#14390,#14523,#14573,.T.);
#14573 = SURFACE_CURVE('',#14574,(#14578,#14585),.PCURVE_S1.);
#14574 = LINE('',#14575,#14576);
#14575 = CARTESIAN_POINT('',(-5.75,56.,176.));
#14576 = VECTOR('',#14577,1.);
#14577 = DIRECTION('',(1.,-1.110223024625E-16,0.));
#14578 = PCURVE('',#12292,#14579);
#14579 = DEFINITIONAL_REPRESENTATION('',(#14580),#14584);
#14580 = LINE('',#14581,#14582);
#14581 = CARTESIAN_POINT('',(0.,-19.));
#14582 = VECTOR('',#14583,1.);
#14583 = DIRECTION('',(1.,0.));
#14584 = ( GEOMETRIC_REPRESENTATION_CONTEXT(2) 
PARAMETRIC_REPRESENTATION_CONTEXT() REPRESENTATION_CONTEXT('2D SPACE',''
  ) );
#14585 = PCURVE('',#14405,#14586);
#14586 = DEFINITIONAL_REPRESENTATION('',(#14587),#14591);
#14587 = LINE('',#14588,#14589);
#14588 = CARTESIAN_POINT('',(-2.674543151838,5.75));
#14589 = VECTOR('',#14590,1.);
#14590 = DIRECTION('',(0.,-1.));
#14591 = ( GEOMETRIC_REPRESENTATION_CONTEXT(2) 
PARAMETRIC_REPRESENTATION_CONTEXT() REPRESENTATION_CONTEXT('2D SPACE',''
  ) );
#14592 = ORIENTED_EDGE('',*,*,#14522,.F.);
#14593 = FACE_BOUND('',#14594,.T.);
#14594 = EDGE_LOOP('',(#14595));
#14595 = ORIENTED_EDGE('',*,*,#14596,.T.);
#14596 = EDGE_CURVE('',#14597,#14597,#14599,.T.);
#14597 = VERTEX_POINT('',#14598);
#14598 = CARTESIAN_POINT('',(-2.,56.,167.));
#14599 = SURFACE_CURVE('',#14600,(#14605,#14616),.PCURVE_S1.);
#14600 = CIRCLE('',#14601,2.);
#14601 = AXIS2_PLACEMENT_3D('',#14602,#14603,#14604);
#14602 = CARTESIAN_POINT('',(3.429011037613E-15,56.,167.));
#14603 = DIRECTION('',(-6.123233995737E-17,-1.,0.));
#14604 = DIRECTION('',(-1.,6.123233995737E-17,0.));
#14605 = PCURVE('',#12292,#14606);
#14606 = DEFINITIONAL_REPRESENTATION('',(#14607),#14615);
#14607 = ( BOUNDED_CURVE() B_SPLINE_CURVE(2,(#14608,#14609,#14610,#14611
    ,#14612,#14613,#14614),.UNSPECIFIED.,.T.,.F.) 
B_SPLINE_CURVE_WITH_KNOTS((1,2,2,2,2,1),(-2.094395102393,0.,
    2.094395102393,4.188790204786,6.28318530718,8.377580409573),
.UNSPECIFIED.) CURVE() GEOMETRIC_REPRESENTATION_ITEM() 
RATIONAL_B_SPLINE_CURVE((1.,0.5,1.,0.5,1.,0.5,1.)) REPRESENTATION_ITEM(
  '') );
#14608 = CARTESIAN_POINT('',(3.75,-10.));
#14609 = CARTESIAN_POINT('',(3.75,-6.535898384862));
#14610 = CARTESIAN_POINT('',(6.75,-8.267949192431));
#14611 = CARTESIAN_POINT('',(9.75,-10.));
#14612 = CARTESIAN_POINT('',(6.75,-11.73205080756));
#14613 = CARTESIAN_POINT('',(3.75,-13.46410161513));
#14614 = CARTESIAN_POINT('',(3.75,-10.));
#14615 = ( GEOMETRIC_REPRESENTATION_CONTEXT(2) 
PARAMETRIC_REPRESENTATION_CONTEXT() REPRESENTATION_CONTEXT('2D SPACE',''
  ) );
#14616 = PCURVE('',#14506,#14617);
#14617 = DEFINITIONAL_REPRESENTATION('',(#14618),#14622);
#14618 = LINE('',#14619,#14620);
#14619 = CARTESIAN_POINT('',(0.,8.));
#14620 = VECTOR('',#14621,1.);
#14621 = DIRECTION('',(1.,0.));
#14622 = ( GEOMETRIC_REPRESENTATION_CONTEXT(2) 
PARAMETRIC_REPRESENTATION_CONTEXT() REPRESENTATION_CONTEXT('2D SPACE',''
  ) );
#14623 = ADVANCED_FACE('',(#14624),#12490,.T.);
#14624 = FACE_BOUND('',#14625,.T.);
#14625 = EDGE_LOOP('',(#14626,#14627,#14628,#14629));
#14626 = ORIENTED_EDGE('',*,*,#14251,.F.);
#14627 = ORIENTED_EDGE('',*,*,#12474,.T.);
#14628 = ORIENTED_EDGE('',*,*,#14299,.T.);
#14629 = ORIENTED_EDGE('',*,*,#14630,.T.);
#14630 = EDGE_CURVE('',#14300,#14252,#14631,.T.);
#14631 = SURFACE_CURVE('',#14632,(#14635,#14641),.PCURVE_S1.);
#14632 = B_SPLINE_CURVE_WITH_KNOTS('',1,(#14633,#14634),.UNSPECIFIED.,
  .F.,.F.,(2,2),(0.,1.),.PIECEWISE_BEZIER_KNOTS.);
#14633 = CARTESIAN_POINT('',(-11.1,-47.,158.));
#14634 = CARTESIAN_POINT('',(11.1,-47.,158.));
#14635 = PCURVE('',#12490,#14636);
#14636 = DEFINITIONAL_REPRESENTATION('',(#14637),#14640);
#14637 = B_SPLINE_CURVE_WITH_KNOTS('',1,(#14638,#14639),.UNSPECIFIED.,
  .F.,.F.,(2,2),(0.,1.),.PIECEWISE_BEZIER_KNOTS.);
#14638 = CARTESIAN_POINT('',(24.,0.1));
#14639 = CARTESIAN_POINT('',(0.,1.E-01));
#14640 = ( GEOMETRIC_REPRESENTATION_CONTEXT(2) 
PARAMETRIC_REPRESENTATION_CONTEXT() REPRESENTATION_CONTEXT('2D SPACE',''
  ) );
#14641 = PCURVE('',#14285,#14642);
#14642 = DEFINITIONAL_REPRESENTATION('',(#14643),#14646);
#14643 = B_SPLINE_CURVE_WITH_KNOTS('',1,(#14644,#14645),.UNSPECIFIED.,
  .F.,.F.,(2,2),(0.,1.),.PIECEWISE_BEZIER_KNOTS.);
#14644 = CARTESIAN_POINT('',(238.9,203.));
#14645 = CARTESIAN_POINT('',(261.1,203.));
#14646 = ( GEOMETRIC_REPRESENTATION_CONTEXT(2) 
PARAMETRIC_REPRESENTATION_CONTEXT() REPRESENTATION_CONTEXT('2D SPACE',''
  ) );
#14647 = ADVANCED_FACE('',(#14648),#12707,.T.);
#14648 = FACE_BOUND('',#14649,.T.);
#14649 = EDGE_LOOP('',(#14650,#14651,#14652,#14653));
#14650 = ORIENTED_EDGE('',*,*,#12919,.F.);
#14651 = ORIENTED_EDGE('',*,*,#12946,.F.);
#14652 = ORIENTED_EDGE('',*,*,#12692,.T.);
#14653 = ORIENTED_EDGE('',*,*,#12872,.F.);
#14654 = ADVANCED_FACE('',(#14655),#12759,.T.);
#14655 = FACE_BOUND('',#14656,.T.);
#14656 = EDGE_LOOP('',(#14657,#14658,#14681,#14709));
#14657 = ORIENTED_EDGE('',*,*,#12742,.T.);
#14658 = ORIENTED_EDGE('',*,*,#14659,.T.);
#14659 = EDGE_CURVE('',#12745,#14660,#14662,.T.);
#14660 = VERTEX_POINT('',#14661);
#14661 = CARTESIAN_POINT('',(-48.,-9.,176.));
#14662 = SURFACE_CURVE('',#14663,(#14667,#14674),.PCURVE_S1.);
#14663 = LINE('',#14664,#14665);
#14664 = CARTESIAN_POINT('',(-48.,-9.,157.));
#14665 = VECTOR('',#14666,1.);
#14666 = DIRECTION('',(0.,0.,1.));
#14667 = PCURVE('',#12759,#14668);
#14668 = DEFINITIONAL_REPRESENTATION('',(#14669),#14673);
#14669 = LINE('',#14670,#14671);
#14670 = CARTESIAN_POINT('',(0.,0.));
#14671 = VECTOR('',#14672,1.);
#14672 = DIRECTION('',(0.,-1.));
#14673 = ( GEOMETRIC_REPRESENTATION_CONTEXT(2) 
PARAMETRIC_REPRESENTATION_CONTEXT() REPRESENTATION_CONTEXT('2D SPACE',''
  ) );
#14674 = PCURVE('',#12835,#14675);
#14675 = DEFINITIONAL_REPRESENTATION('',(#14676),#14680);
#14676 = LINE('',#14677,#14678);
#14677 = CARTESIAN_POINT('',(18.,-0.));
#14678 = VECTOR('',#14679,1.);
#14679 = DIRECTION('',(0.,-1.));
#14680 = ( GEOMETRIC_REPRESENTATION_CONTEXT(2) 
PARAMETRIC_REPRESENTATION_CONTEXT() REPRESENTATION_CONTEXT('2D SPACE',''
  ) );
#14681 = ORIENTED_EDGE('',*,*,#14682,.T.);
#14682 = EDGE_CURVE('',#14660,#14683,#14685,.T.);
#14683 = VERTEX_POINT('',#14684);
#14684 = CARTESIAN_POINT('',(-55.,-7.25,176.));
#14685 = SURFACE_CURVE('',#14686,(#14690,#14697),.PCURVE_S1.);
#14686 = LINE('',#14687,#14688);
#14687 = CARTESIAN_POINT('',(-48.,-9.,176.));
#14688 = VECTOR('',#14689,1.);
#14689 = DIRECTION('',(-0.970142500145,0.242535625036,0.));
#14690 = PCURVE('',#12759,#14691);
#14691 = DEFINITIONAL_REPRESENTATION('',(#14692),#14696);
#14692 = LINE('',#14693,#14694);
#14693 = CARTESIAN_POINT('',(0.,-19.));
#14694 = VECTOR('',#14695,1.);
#14695 = DIRECTION('',(1.,0.));
#14696 = ( GEOMETRIC_REPRESENTATION_CONTEXT(2) 
PARAMETRIC_REPRESENTATION_CONTEXT() REPRESENTATION_CONTEXT('2D SPACE',''
  ) );
#14697 = PCURVE('',#14698,#14703);
#14698 = PLANE('',#14699);
#14699 = AXIS2_PLACEMENT_3D('',#14700,#14701,#14702);
#14700 = CARTESIAN_POINT('',(-51.23897777558,6.274965012446E-15,176.));
#14701 = DIRECTION('',(0.,0.,-1.));
#14702 = DIRECTION('',(1.,-1.224646799147E-16,0.));
#14703 = DEFINITIONAL_REPRESENTATION('',(#14704),#14708);
#14704 = LINE('',#14705,#14706);
#14705 = CARTESIAN_POINT('',(3.238977775588,9.));
#14706 = VECTOR('',#14707,1.);
#14707 = DIRECTION('',(-0.970142500145,-0.242535625036));
#14708 = ( GEOMETRIC_REPRESENTATION_CONTEXT(2) 
PARAMETRIC_REPRESENTATION_CONTEXT() REPRESENTATION_CONTEXT('2D SPACE',''
  ) );
#14709 = ORIENTED_EDGE('',*,*,#14710,.F.);
#14710 = EDGE_CURVE('',#12743,#14683,#14711,.T.);
#14711 = SURFACE_CURVE('',#14712,(#14716,#14723),.PCURVE_S1.);
#14712 = LINE('',#14713,#14714);
#14713 = CARTESIAN_POINT('',(-55.,-7.25,157.));
#14714 = VECTOR('',#14715,1.);
#14715 = DIRECTION('',(0.,0.,1.));
#14716 = PCURVE('',#12759,#14717);
#14717 = DEFINITIONAL_REPRESENTATION('',(#14718),#14722);
#14718 = LINE('',#14719,#14720);
#14719 = CARTESIAN_POINT('',(7.215434844831,0.));
#14720 = VECTOR('',#14721,1.);
#14721 = DIRECTION('',(0.,-1.));
#14722 = ( GEOMETRIC_REPRESENTATION_CONTEXT(2) 
PARAMETRIC_REPRESENTATION_CONTEXT() REPRESENTATION_CONTEXT('2D SPACE',''
  ) );
#14723 = PCURVE('',#12785,#14724);
#14724 = DEFINITIONAL_REPRESENTATION('',(#14725),#14729);
#14725 = LINE('',#14726,#14727);
#14726 = CARTESIAN_POINT('',(0.,0.));
#14727 = VECTOR('',#14728,1.);
#14728 = DIRECTION('',(0.,-1.));
#14729 = ( GEOMETRIC_REPRESENTATION_CONTEXT(2) 
PARAMETRIC_REPRESENTATION_CONTEXT() REPRESENTATION_CONTEXT('2D SPACE',''
  ) );
#14730 = ADVANCED_FACE('',(#14731,#14779),#12835,.T.);
#14731 = FACE_BOUND('',#14732,.T.);
#14732 = EDGE_LOOP('',(#14733,#14734,#14757,#14778));
#14733 = ORIENTED_EDGE('',*,*,#12822,.T.);
#14734 = ORIENTED_EDGE('',*,*,#14735,.T.);
#14735 = EDGE_CURVE('',#12797,#14736,#14738,.T.);
#14736 = VERTEX_POINT('',#14737);
#14737 = CARTESIAN_POINT('',(-48.,9.,176.));
#14738 = SURFACE_CURVE('',#14739,(#14743,#14750),.PCURVE_S1.);
#14739 = LINE('',#14740,#14741);
#14740 = CARTESIAN_POINT('',(-48.,9.,157.));
#14741 = VECTOR('',#14742,1.);
#14742 = DIRECTION('',(0.,0.,1.));
#14743 = PCURVE('',#12835,#14744);
#14744 = DEFINITIONAL_REPRESENTATION('',(#14745),#14749);
#14745 = LINE('',#14746,#14747);
#14746 = CARTESIAN_POINT('',(0.,0.));
#14747 = VECTOR('',#14748,1.);
#14748 = DIRECTION('',(0.,-1.));
#14749 = ( GEOMETRIC_REPRESENTATION_CONTEXT(2) 
PARAMETRIC_REPRESENTATION_CONTEXT() REPRESENTATION_CONTEXT('2D SPACE',''
  ) );
#14750 = PCURVE('',#12811,#14751);
#14751 = DEFINITIONAL_REPRESENTATION('',(#14752),#14756);
#14752 = LINE('',#14753,#14754);
#14753 = CARTESIAN_POINT('',(7.215434844831,0.));
#14754 = VECTOR('',#14755,1.);
#14755 = DIRECTION('',(0.,-1.));
#14756 = ( GEOMETRIC_REPRESENTATION_CONTEXT(2) 
PARAMETRIC_REPRESENTATION_CONTEXT() REPRESENTATION_CONTEXT('2D SPACE',''
  ) );
#14757 = ORIENTED_EDGE('',*,*,#14758,.T.);
#14758 = EDGE_CURVE('',#14736,#14660,#14759,.T.);
#14759 = SURFACE_CURVE('',#14760,(#14764,#14771),.PCURVE_S1.);
#14760 = LINE('',#14761,#14762);
#14761 = CARTESIAN_POINT('',(-48.,9.,176.));
#14762 = VECTOR('',#14763,1.);
#14763 = DIRECTION('',(-1.224646799147E-16,-1.,0.));
#14764 = PCURVE('',#12835,#14765);
#14765 = DEFINITIONAL_REPRESENTATION('',(#14766),#14770);
#14766 = LINE('',#14767,#14768);
#14767 = CARTESIAN_POINT('',(0.,-19.));
#14768 = VECTOR('',#14769,1.);
#14769 = DIRECTION('',(1.,0.));
#14770 = ( GEOMETRIC_REPRESENTATION_CONTEXT(2) 
PARAMETRIC_REPRESENTATION_CONTEXT() REPRESENTATION_CONTEXT('2D SPACE',''
  ) );
#14771 = PCURVE('',#14698,#14772);
#14772 = DEFINITIONAL_REPRESENTATION('',(#14773),#14777);
#14773 = LINE('',#14774,#14775);
#14774 = CARTESIAN_POINT('',(3.238977775588,-9.));
#14775 = VECTOR('',#14776,1.);
#14776 = DIRECTION('',(0.,1.));
#14777 = ( GEOMETRIC_REPRESENTATION_CONTEXT(2) 
PARAMETRIC_REPRESENTATION_CONTEXT() REPRESENTATION_CONTEXT('2D SPACE',''
  ) );
#14778 = ORIENTED_EDGE('',*,*,#14659,.F.);
#14779 = FACE_BOUND('',#14780,.T.);
#14780 = EDGE_LOOP('',(#14781));
#14781 = ORIENTED_EDGE('',*,*,#14782,.F.);
#14782 = EDGE_CURVE('',#14783,#14783,#14785,.T.);
#14783 = VERTEX_POINT('',#14784);
#14784 = CARTESIAN_POINT('',(-48.,2.,167.));
#14785 = SURFACE_CURVE('',#14786,(#14791,#14798),.PCURVE_S1.);
#14786 = CIRCLE('',#14787,2.);
#14787 = AXIS2_PLACEMENT_3D('',#14788,#14789,#14790);
#14788 = CARTESIAN_POINT('',(-48.,5.878304635907E-15,167.));
#14789 = DIRECTION('',(1.,-1.224646799147E-16,0.));
#14790 = DIRECTION('',(1.224646799147E-16,1.,0.));
#14791 = PCURVE('',#12835,#14792);
#14792 = DEFINITIONAL_REPRESENTATION('',(#14793),#14797);
#14793 = CIRCLE('',#14794,2.);
#14794 = AXIS2_PLACEMENT_2D('',#14795,#14796);
#14795 = CARTESIAN_POINT('',(9.,-10.));
#14796 = DIRECTION('',(-1.,0.));
#14797 = ( GEOMETRIC_REPRESENTATION_CONTEXT(2) 
PARAMETRIC_REPRESENTATION_CONTEXT() REPRESENTATION_CONTEXT('2D SPACE',''
  ) );
#14798 = PCURVE('',#14799,#14804);
#14799 = CYLINDRICAL_SURFACE('',#14800,2.);
#14800 = AXIS2_PLACEMENT_3D('',#14801,#14802,#14803);
#14801 = CARTESIAN_POINT('',(-62.,7.592810154714E-15,167.));
#14802 = DIRECTION('',(1.,-1.224646799147E-16,0.));
#14803 = DIRECTION('',(1.224646799147E-16,1.,0.));
#14804 = DEFINITIONAL_REPRESENTATION('',(#14805),#14809);
#14805 = LINE('',#14806,#14807);
#14806 = CARTESIAN_POINT('',(0.,14.));
#14807 = VECTOR('',#14808,1.);
#14808 = DIRECTION('',(1.,0.));
#14809 = ( GEOMETRIC_REPRESENTATION_CONTEXT(2) 
PARAMETRIC_REPRESENTATION_CONTEXT() REPRESENTATION_CONTEXT('2D SPACE',''
  ) );
#14810 = ADVANCED_FACE('',(#14811),#12811,.T.);
#14811 = FACE_BOUND('',#14812,.T.);
#14812 = EDGE_LOOP('',(#14813,#14814,#14837,#14858));
#14813 = ORIENTED_EDGE('',*,*,#12796,.T.);
#14814 = ORIENTED_EDGE('',*,*,#14815,.T.);
#14815 = EDGE_CURVE('',#12771,#14816,#14818,.T.);
#14816 = VERTEX_POINT('',#14817);
#14817 = CARTESIAN_POINT('',(-55.,7.25,176.));
#14818 = SURFACE_CURVE('',#14819,(#14823,#14830),.PCURVE_S1.);
#14819 = LINE('',#14820,#14821);
#14820 = CARTESIAN_POINT('',(-55.,7.25,157.));
#14821 = VECTOR('',#14822,1.);
#14822 = DIRECTION('',(0.,0.,1.));
#14823 = PCURVE('',#12811,#14824);
#14824 = DEFINITIONAL_REPRESENTATION('',(#14825),#14829);
#14825 = LINE('',#14826,#14827);
#14826 = CARTESIAN_POINT('',(0.,0.));
#14827 = VECTOR('',#14828,1.);
#14828 = DIRECTION('',(0.,-1.));
#14829 = ( GEOMETRIC_REPRESENTATION_CONTEXT(2) 
PARAMETRIC_REPRESENTATION_CONTEXT() REPRESENTATION_CONTEXT('2D SPACE',''
  ) );
#14830 = PCURVE('',#12785,#14831);
#14831 = DEFINITIONAL_REPRESENTATION('',(#14832),#14836);
#14832 = LINE('',#14833,#14834);
#14833 = CARTESIAN_POINT('',(14.5,0.));
#14834 = VECTOR('',#14835,1.);
#14835 = DIRECTION('',(0.,-1.));
#14836 = ( GEOMETRIC_REPRESENTATION_CONTEXT(2) 
PARAMETRIC_REPRESENTATION_CONTEXT() REPRESENTATION_CONTEXT('2D SPACE',''
  ) );
#14837 = ORIENTED_EDGE('',*,*,#14838,.T.);
#14838 = EDGE_CURVE('',#14816,#14736,#14839,.T.);
#14839 = SURFACE_CURVE('',#14840,(#14844,#14851),.PCURVE_S1.);
#14840 = LINE('',#14841,#14842);
#14841 = CARTESIAN_POINT('',(-55.,7.25,176.));
#14842 = VECTOR('',#14843,1.);
#14843 = DIRECTION('',(0.970142500145,0.242535625036,0.));
#14844 = PCURVE('',#12811,#14845);
#14845 = DEFINITIONAL_REPRESENTATION('',(#14846),#14850);
#14846 = LINE('',#14847,#14848);
#14847 = CARTESIAN_POINT('',(0.,-19.));
#14848 = VECTOR('',#14849,1.);
#14849 = DIRECTION('',(1.,0.));
#14850 = ( GEOMETRIC_REPRESENTATION_CONTEXT(2) 
PARAMETRIC_REPRESENTATION_CONTEXT() REPRESENTATION_CONTEXT('2D SPACE',''
  ) );
#14851 = PCURVE('',#14698,#14852);
#14852 = DEFINITIONAL_REPRESENTATION('',(#14853),#14857);
#14853 = LINE('',#14854,#14855);
#14854 = CARTESIAN_POINT('',(-3.761022224412,-7.25));
#14855 = VECTOR('',#14856,1.);
#14856 = DIRECTION('',(0.970142500145,-0.242535625036));
#14857 = ( GEOMETRIC_REPRESENTATION_CONTEXT(2) 
PARAMETRIC_REPRESENTATION_CONTEXT() REPRESENTATION_CONTEXT('2D SPACE',''
  ) );
#14858 = ORIENTED_EDGE('',*,*,#14735,.F.);
#14859 = ADVANCED_FACE('',(#14860,#14886),#12785,.T.);
#14860 = FACE_BOUND('',#14861,.T.);
#14861 = EDGE_LOOP('',(#14862,#14863,#14864,#14885));
#14862 = ORIENTED_EDGE('',*,*,#12770,.T.);
#14863 = ORIENTED_EDGE('',*,*,#14710,.T.);
#14864 = ORIENTED_EDGE('',*,*,#14865,.T.);
#14865 = EDGE_CURVE('',#14683,#14816,#14866,.T.);
#14866 = SURFACE_CURVE('',#14867,(#14871,#14878),.PCURVE_S1.);
#14867 = LINE('',#14868,#14869);
#14868 = CARTESIAN_POINT('',(-55.,-7.25,176.));
#14869 = VECTOR('',#14870,1.);
#14870 = DIRECTION('',(1.224646799147E-16,1.,0.));
#14871 = PCURVE('',#12785,#14872);
#14872 = DEFINITIONAL_REPRESENTATION('',(#14873),#14877);
#14873 = LINE('',#14874,#14875);
#14874 = CARTESIAN_POINT('',(0.,-19.));
#14875 = VECTOR('',#14876,1.);
#14876 = DIRECTION('',(1.,0.));
#14877 = ( GEOMETRIC_REPRESENTATION_CONTEXT(2) 
PARAMETRIC_REPRESENTATION_CONTEXT() REPRESENTATION_CONTEXT('2D SPACE',''
  ) );
#14878 = PCURVE('',#14698,#14879);
#14879 = DEFINITIONAL_REPRESENTATION('',(#14880),#14884);
#14880 = LINE('',#14881,#14882);
#14881 = CARTESIAN_POINT('',(-3.761022224412,7.25));
#14882 = VECTOR('',#14883,1.);
#14883 = DIRECTION('',(0.,-1.));
#14884 = ( GEOMETRIC_REPRESENTATION_CONTEXT(2) 
PARAMETRIC_REPRESENTATION_CONTEXT() REPRESENTATION_CONTEXT('2D SPACE',''
  ) );
#14885 = ORIENTED_EDGE('',*,*,#14815,.F.);
#14886 = FACE_BOUND('',#14887,.T.);
#14887 = EDGE_LOOP('',(#14888));
#14888 = ORIENTED_EDGE('',*,*,#14889,.T.);
#14889 = EDGE_CURVE('',#14890,#14890,#14892,.T.);
#14890 = VERTEX_POINT('',#14891);
#14891 = CARTESIAN_POINT('',(-55.,2.,167.));
#14892 = SURFACE_CURVE('',#14893,(#14898,#14909),.PCURVE_S1.);
#14893 = CIRCLE('',#14894,2.);
#14894 = AXIS2_PLACEMENT_3D('',#14895,#14896,#14897);
#14895 = CARTESIAN_POINT('',(-55.,6.73555739531E-15,167.));
#14896 = DIRECTION('',(1.,-1.224646799147E-16,0.));
#14897 = DIRECTION('',(1.224646799147E-16,1.,0.));
#14898 = PCURVE('',#12785,#14899);
#14899 = DEFINITIONAL_REPRESENTATION('',(#14900),#14908);
#14900 = ( BOUNDED_CURVE() B_SPLINE_CURVE(2,(#14901,#14902,#14903,#14904
    ,#14905,#14906,#14907),.UNSPECIFIED.,.T.,.F.) 
B_SPLINE_CURVE_WITH_KNOTS((1,2,2,2,2,1),(-2.094395102393,0.,
    2.094395102393,4.188790204786,6.28318530718,8.377580409573),
.UNSPECIFIED.) CURVE() GEOMETRIC_REPRESENTATION_ITEM() 
RATIONAL_B_SPLINE_CURVE((1.,0.5,1.,0.5,1.,0.5,1.)) REPRESENTATION_ITEM(
  '') );
#14901 = CARTESIAN_POINT('',(9.25,-10.));
#14902 = CARTESIAN_POINT('',(9.25,-13.46410161513));
#14903 = CARTESIAN_POINT('',(6.25,-11.73205080756));
#14904 = CARTESIAN_POINT('',(3.25,-10.));
#14905 = CARTESIAN_POINT('',(6.25,-8.267949192431));
#14906 = CARTESIAN_POINT('',(9.25,-6.535898384862));
#14907 = CARTESIAN_POINT('',(9.25,-10.));
#14908 = ( GEOMETRIC_REPRESENTATION_CONTEXT(2) 
PARAMETRIC_REPRESENTATION_CONTEXT() REPRESENTATION_CONTEXT('2D SPACE',''
  ) );
#14909 = PCURVE('',#14799,#14910);
#14910 = DEFINITIONAL_REPRESENTATION('',(#14911),#14915);
#14911 = LINE('',#14912,#14913);
#14912 = CARTESIAN_POINT('',(0.,7.));
#14913 = VECTOR('',#14914,1.);
#14914 = DIRECTION('',(1.,0.));
#14915 = ( GEOMETRIC_REPRESENTATION_CONTEXT(2) 
PARAMETRIC_REPRESENTATION_CONTEXT() REPRESENTATION_CONTEXT('2D SPACE',''
  ) );
#14916 = ADVANCED_FACE('',(#14917),#13061,.T.);
#14917 = FACE_BOUND('',#14918,.T.);
#14918 = EDGE_LOOP('',(#14919,#14920,#14921,#14922));
#14919 = ORIENTED_EDGE('',*,*,#13287,.T.);
#14920 = ORIENTED_EDGE('',*,*,#13047,.T.);
#14921 = ORIENTED_EDGE('',*,*,#13131,.F.);
#14922 = ORIENTED_EDGE('',*,*,#13263,.F.);
#14923 = ADVANCED_FACE('',(#14924),#13354,.T.);
#14924 = FACE_BOUND('',#14925,.T.);
#14925 = EDGE_LOOP('',(#14926,#14950,#14972,#14973));
#14926 = ORIENTED_EDGE('',*,*,#14927,.F.);
#14927 = EDGE_CURVE('',#14928,#13552,#14930,.T.);
#14928 = VERTEX_POINT('',#14929);
#14929 = CARTESIAN_POINT('',(-0.6,-63.4422998743,55.627187154033));
#14930 = SURFACE_CURVE('',#14931,(#14936,#14943),.PCURVE_S1.);
#14931 = CIRCLE('',#14932,2.4);
#14932 = AXIS2_PLACEMENT_3D('',#14933,#14934,#14935);
#14933 = CARTESIAN_POINT('',(-0.6,-61.08890625264,56.097865878364));
#14934 = DIRECTION('',(4.354652974618E-17,0.196116135138,-0.980580675691
    ));
#14935 = DIRECTION('',(-2.177326487309E-16,-0.980580675691,
    -0.196116135138));
#14936 = PCURVE('',#13354,#14937);
#14937 = DEFINITIONAL_REPRESENTATION('',(#14938),#14942);
#14938 = LINE('',#14939,#14940);
#14939 = CARTESIAN_POINT('',(0.,0.));
#14940 = VECTOR('',#14941,1.);
#14941 = DIRECTION('',(0.,1.));
#14942 = ( GEOMETRIC_REPRESENTATION_CONTEXT(2) 
PARAMETRIC_REPRESENTATION_CONTEXT() REPRESENTATION_CONTEXT('2D SPACE',''
  ) );
#14943 = PCURVE('',#13595,#14944);
#14944 = DEFINITIONAL_REPRESENTATION('',(#14945),#14949);
#14945 = LINE('',#14946,#14947);
#14946 = CARTESIAN_POINT('',(-0.,1.));
#14947 = VECTOR('',#14948,1.);
#14948 = DIRECTION('',(-1.,0.));
#14949 = ( GEOMETRIC_REPRESENTATION_CONTEXT(2) 
PARAMETRIC_REPRESENTATION_CONTEXT() REPRESENTATION_CONTEXT('2D SPACE',''
  ) );
#14950 = ORIENTED_EDGE('',*,*,#14951,.T.);
#14951 = EDGE_CURVE('',#14928,#13315,#14952,.T.);
#14952 = SURFACE_CURVE('',#14953,(#14958,#14965),.PCURVE_S1.);
#14953 = CIRCLE('',#14954,12.);
#14954 = AXIS2_PLACEMENT_3D('',#14955,#14956,#14957);
#14955 = CARTESIAN_POINT('',(-0.6,-51.67533176601,57.980580775691));
#14956 = DIRECTION('',(-1.,2.22044604925E-16,0.));
#14957 = DIRECTION('',(-2.177326487309E-16,-0.980580675691,
    -0.196116135138));
#14958 = PCURVE('',#13354,#14959);
#14959 = DEFINITIONAL_REPRESENTATION('',(#14960),#14964);
#14960 = LINE('',#14961,#14962);
#14961 = CARTESIAN_POINT('',(0.,0.));
#14962 = VECTOR('',#14963,1.);
#14963 = DIRECTION('',(1.,0.));
#14964 = ( GEOMETRIC_REPRESENTATION_CONTEXT(2) 
PARAMETRIC_REPRESENTATION_CONTEXT() REPRESENTATION_CONTEXT('2D SPACE',''
  ) );
#14965 = PCURVE('',#14211,#14966);
#14966 = DEFINITIONAL_REPRESENTATION('',(#14967),#14971);
#14967 = LINE('',#14968,#14969);
#14968 = CARTESIAN_POINT('',(-0.,2.4));
#14969 = VECTOR('',#14970,1.);
#14970 = DIRECTION('',(-1.,0.));
#14971 = ( GEOMETRIC_REPRESENTATION_CONTEXT(2) 
PARAMETRIC_REPRESENTATION_CONTEXT() REPRESENTATION_CONTEXT('2D SPACE',''
  ) );
#14972 = ORIENTED_EDGE('',*,*,#13337,.T.);
#14973 = ORIENTED_EDGE('',*,*,#13551,.F.);
#14974 = ADVANCED_FACE('',(#14975),#13626,.T.);
#14975 = FACE_BOUND('',#14976,.T.);
#14976 = EDGE_LOOP('',(#14977,#14978,#15002,#15024));
#14977 = ORIENTED_EDGE('',*,*,#13697,.F.);
#14978 = ORIENTED_EDGE('',*,*,#14979,.T.);
#14979 = EDGE_CURVE('',#13673,#14980,#14982,.T.);
#14980 = VERTEX_POINT('',#14981);
#14981 = CARTESIAN_POINT('',(-0.6,-63.24618373916,54.646606478342));
#14982 = SURFACE_CURVE('',#14983,(#14988,#14995),.PCURVE_S1.);
#14983 = CIRCLE('',#14984,12.);
#14984 = AXIS2_PLACEMENT_3D('',#14985,#14986,#14987);
#14985 = CARTESIAN_POINT('',(-0.6,-51.47921563087,57.0000001));
#14986 = DIRECTION('',(-1.,2.22044604925E-16,0.));
#14987 = DIRECTION('',(4.354652974618E-17,0.196116135138,-0.980580675691
    ));
#14988 = PCURVE('',#13626,#14989);
#14989 = DEFINITIONAL_REPRESENTATION('',(#14990),#14994);
#14990 = LINE('',#14991,#14992);
#14991 = CARTESIAN_POINT('',(0.,0.));
#14992 = VECTOR('',#14993,1.);
#14993 = DIRECTION('',(1.,0.));
#14994 = ( GEOMETRIC_REPRESENTATION_CONTEXT(2) 
PARAMETRIC_REPRESENTATION_CONTEXT() REPRESENTATION_CONTEXT('2D SPACE',''
  ) );
#14995 = PCURVE('',#13739,#14996);
#14996 = DEFINITIONAL_REPRESENTATION('',(#14997),#15001);
#14997 = LINE('',#14998,#14999);
#14998 = CARTESIAN_POINT('',(1.570796326795,2.4));
#14999 = VECTOR('',#15000,1.);
#15000 = DIRECTION('',(-1.,-0.));
#15001 = ( GEOMETRIC_REPRESENTATION_CONTEXT(2) 
PARAMETRIC_REPRESENTATION_CONTEXT() REPRESENTATION_CONTEXT('2D SPACE',''
  ) );
#15002 = ORIENTED_EDGE('',*,*,#15003,.T.);
#15003 = EDGE_CURVE('',#14980,#13580,#15004,.T.);
#15004 = SURFACE_CURVE('',#15005,(#15010,#15017),.PCURVE_S1.);
#15005 = CIRCLE('',#15006,2.4);
#15006 = AXIS2_PLACEMENT_3D('',#15007,#15008,#15009);
#15007 = CARTESIAN_POINT('',(-0.6,-60.8927901175,55.117285202673));
#15008 = DIRECTION('',(4.354652974618E-17,0.196116135138,-0.980580675691
    ));
#15009 = DIRECTION('',(-2.177326487309E-16,-0.980580675691,
    -0.196116135138));
#15010 = PCURVE('',#13626,#15011);
#15011 = DEFINITIONAL_REPRESENTATION('',(#15012),#15016);
#15012 = LINE('',#15013,#15014);
#15013 = CARTESIAN_POINT('',(1.570796326795,0.));
#15014 = VECTOR('',#15015,1.);
#15015 = DIRECTION('',(0.,1.));
#15016 = ( GEOMETRIC_REPRESENTATION_CONTEXT(2) 
PARAMETRIC_REPRESENTATION_CONTEXT() REPRESENTATION_CONTEXT('2D SPACE',''
  ) );
#15017 = PCURVE('',#13595,#15018);
#15018 = DEFINITIONAL_REPRESENTATION('',(#15019),#15023);
#15019 = LINE('',#15020,#15021);
#15020 = CARTESIAN_POINT('',(-0.,0.));
#15021 = VECTOR('',#15022,1.);
#15022 = DIRECTION('',(-1.,0.));
#15023 = ( GEOMETRIC_REPRESENTATION_CONTEXT(2) 
PARAMETRIC_REPRESENTATION_CONTEXT() REPRESENTATION_CONTEXT('2D SPACE',''
  ) );
#15024 = ORIENTED_EDGE('',*,*,#13607,.F.);
#15025 = ADVANCED_FACE('',(#15026),#13595,.T.);
#15026 = FACE_BOUND('',#15027,.F.);
#15027 = EDGE_LOOP('',(#15028,#15029,#15030,#15031));
#15028 = ORIENTED_EDGE('',*,*,#15003,.T.);
#15029 = ORIENTED_EDGE('',*,*,#13579,.T.);
#15030 = ORIENTED_EDGE('',*,*,#14927,.F.);
#15031 = ORIENTED_EDGE('',*,*,#15032,.F.);
#15032 = EDGE_CURVE('',#14980,#14928,#15033,.T.);
#15033 = SURFACE_CURVE('',#15034,(#15038,#15045),.PCURVE_S1.);
#15034 = LINE('',#15035,#15036);
#15035 = CARTESIAN_POINT('',(-0.6,-63.24618373916,54.646606478342));
#15036 = VECTOR('',#15037,1.);
#15037 = DIRECTION('',(-4.354652974618E-17,-0.196116135138,
    0.980580675691));
#15038 = PCURVE('',#13595,#15039);
#15039 = DEFINITIONAL_REPRESENTATION('',(#15040),#15044);
#15040 = LINE('',#15041,#15042);
#15041 = CARTESIAN_POINT('',(-0.,0.));
#15042 = VECTOR('',#15043,1.);
#15043 = DIRECTION('',(-0.,1.));
#15044 = ( GEOMETRIC_REPRESENTATION_CONTEXT(2) 
PARAMETRIC_REPRESENTATION_CONTEXT() REPRESENTATION_CONTEXT('2D SPACE',''
  ) );
#15045 = PCURVE('',#15046,#15051);
#15046 = PLANE('',#15047);
#15047 = AXIS2_PLACEMENT_3D('',#15048,#15049,#15050);
#15048 = CARTESIAN_POINT('',(-3.,-60.8927901175,42.879638370051));
#15049 = DIRECTION('',(-2.177326487309E-16,-0.980580675691,
    -0.196116135138));
#15050 = DIRECTION('',(-4.354652974618E-17,-0.196116135138,
    0.980580675691));
#15051 = DEFINITIONAL_REPRESENTATION('',(#15052),#15056);
#15052 = LINE('',#15053,#15054);
#15053 = CARTESIAN_POINT('',(12.,-2.4));
#15054 = VECTOR('',#15055,1.);
#15055 = DIRECTION('',(1.,0.));
#15056 = ( GEOMETRIC_REPRESENTATION_CONTEXT(2) 
PARAMETRIC_REPRESENTATION_CONTEXT() REPRESENTATION_CONTEXT('2D SPACE',''
  ) );
#15057 = ADVANCED_FACE('',(#15058),#13657,.F.);
#15058 = FACE_BOUND('',#15059,.F.);
#15059 = EDGE_LOOP('',(#15060,#15061,#15082,#15083));
#15060 = ORIENTED_EDGE('',*,*,#13987,.F.);
#15061 = ORIENTED_EDGE('',*,*,#15062,.F.);
#15062 = EDGE_CURVE('',#13641,#13988,#15063,.T.);
#15063 = SEAM_CURVE('',#15064,(#15068,#15075),.PCURVE_S1.);
#15064 = LINE('',#15065,#15066);
#15065 = CARTESIAN_POINT('',(-30.,-50.53843504982,57.098058167569));
#15066 = VECTOR('',#15067,1.);
#15067 = DIRECTION('',(1.,-1.836970198721E-16,0.));
#15068 = PCURVE('',#13657,#15069);
#15069 = DEFINITIONAL_REPRESENTATION('',(#15070),#15074);
#15070 = LINE('',#15071,#15072);
#15071 = CARTESIAN_POINT('',(6.28318530718,-0.));
#15072 = VECTOR('',#15073,1.);
#15073 = DIRECTION('',(0.,1.));
#15074 = ( GEOMETRIC_REPRESENTATION_CONTEXT(2) 
PARAMETRIC_REPRESENTATION_CONTEXT() REPRESENTATION_CONTEXT('2D SPACE',''
  ) );
#15075 = PCURVE('',#13657,#15076);
#15076 = DEFINITIONAL_REPRESENTATION('',(#15077),#15081);
#15077 = LINE('',#15078,#15079);
#15078 = CARTESIAN_POINT('',(0.,-0.));
#15079 = VECTOR('',#15080,1.);
#15080 = DIRECTION('',(0.,1.));
#15081 = ( GEOMETRIC_REPRESENTATION_CONTEXT(2) 
PARAMETRIC_REPRESENTATION_CONTEXT() REPRESENTATION_CONTEXT('2D SPACE',''
  ) );
#15082 = ORIENTED_EDGE('',*,*,#13640,.T.);
#15083 = ORIENTED_EDGE('',*,*,#15062,.T.);
#15084 = ADVANCED_FACE('',(#15085),#13739,.T.);
#15085 = FACE_BOUND('',#15086,.T.);
#15086 = EDGE_LOOP('',(#15087,#15110,#15111,#15112));
#15087 = ORIENTED_EDGE('',*,*,#15088,.F.);
#15088 = EDGE_CURVE('',#14980,#15089,#15091,.T.);
#15089 = VERTEX_POINT('',#15090);
#15090 = CARTESIAN_POINT('',(0.6,-63.24618373916,54.646606478342));
#15091 = SURFACE_CURVE('',#15092,(#15096,#15103),.PCURVE_S1.);
#15092 = LINE('',#15093,#15094);
#15093 = CARTESIAN_POINT('',(-3.,-63.24618373916,54.646606478342));
#15094 = VECTOR('',#15095,1.);
#15095 = DIRECTION('',(1.,-2.22044604925E-16,0.));
#15096 = PCURVE('',#13739,#15097);
#15097 = DEFINITIONAL_REPRESENTATION('',(#15098),#15102);
#15098 = LINE('',#15099,#15100);
#15099 = CARTESIAN_POINT('',(0.,0.));
#15100 = VECTOR('',#15101,1.);
#15101 = DIRECTION('',(0.,1.));
#15102 = ( GEOMETRIC_REPRESENTATION_CONTEXT(2) 
PARAMETRIC_REPRESENTATION_CONTEXT() REPRESENTATION_CONTEXT('2D SPACE',''
  ) );
#15103 = PCURVE('',#15046,#15104);
#15104 = DEFINITIONAL_REPRESENTATION('',(#15105),#15109);
#15105 = LINE('',#15106,#15107);
#15106 = CARTESIAN_POINT('',(12.,3.656200627459E-16));
#15107 = VECTOR('',#15108,1.);
#15108 = DIRECTION('',(0.,-1.));
#15109 = ( GEOMETRIC_REPRESENTATION_CONTEXT(2) 
PARAMETRIC_REPRESENTATION_CONTEXT() REPRESENTATION_CONTEXT('2D SPACE',''
  ) );
#15110 = ORIENTED_EDGE('',*,*,#14979,.F.);
#15111 = ORIENTED_EDGE('',*,*,#13723,.T.);
#15112 = ORIENTED_EDGE('',*,*,#15113,.T.);
#15113 = EDGE_CURVE('',#13724,#15089,#15114,.T.);
#15114 = SURFACE_CURVE('',#15115,(#15120,#15127),.PCURVE_S1.);
#15115 = CIRCLE('',#15116,12.);
#15116 = AXIS2_PLACEMENT_3D('',#15117,#15118,#15119);
#15117 = CARTESIAN_POINT('',(0.6,-51.47921563087,57.0000001));
#15118 = DIRECTION('',(-1.,2.22044604925E-16,0.));
#15119 = DIRECTION('',(4.354652974618E-17,0.196116135138,-0.980580675691
    ));
#15120 = PCURVE('',#13739,#15121);
#15121 = DEFINITIONAL_REPRESENTATION('',(#15122),#15126);
#15122 = LINE('',#15123,#15124);
#15123 = CARTESIAN_POINT('',(1.570796326795,3.6));
#15124 = VECTOR('',#15125,1.);
#15125 = DIRECTION('',(-1.,-0.));
#15126 = ( GEOMETRIC_REPRESENTATION_CONTEXT(2) 
PARAMETRIC_REPRESENTATION_CONTEXT() REPRESENTATION_CONTEXT('2D SPACE',''
  ) );
#15127 = PCURVE('',#13816,#15128);
#15128 = DEFINITIONAL_REPRESENTATION('',(#15129),#15133);
#15129 = LINE('',#15130,#15131);
#15130 = CARTESIAN_POINT('',(-0.,0.));
#15131 = VECTOR('',#15132,1.);
#15132 = DIRECTION('',(-1.,0.));
#15133 = ( GEOMETRIC_REPRESENTATION_CONTEXT(2) 
PARAMETRIC_REPRESENTATION_CONTEXT() REPRESENTATION_CONTEXT('2D SPACE',''
  ) );
#15134 = ADVANCED_FACE('',(#15135),#13816,.T.);
#15135 = FACE_BOUND('',#15136,.F.);
#15136 = EDGE_LOOP('',(#15137,#15138,#15139,#15161));
#15137 = ORIENTED_EDGE('',*,*,#13801,.F.);
#15138 = ORIENTED_EDGE('',*,*,#15113,.T.);
#15139 = ORIENTED_EDGE('',*,*,#15140,.T.);
#15140 = EDGE_CURVE('',#15089,#13932,#15141,.T.);
#15141 = SURFACE_CURVE('',#15142,(#15147,#15154),.PCURVE_S1.);
#15142 = CIRCLE('',#15143,2.4);
#15143 = AXIS2_PLACEMENT_3D('',#15144,#15145,#15146);
#15144 = CARTESIAN_POINT('',(0.6,-60.8927901175,55.117285202673));
#15145 = DIRECTION('',(-4.354652974618E-17,-0.196116135138,
    0.980580675691));
#15146 = DIRECTION('',(-2.177326487309E-16,-0.980580675691,
    -0.196116135138));
#15147 = PCURVE('',#13816,#15148);
#15148 = DEFINITIONAL_REPRESENTATION('',(#15149),#15153);
#15149 = LINE('',#15150,#15151);
#15150 = CARTESIAN_POINT('',(-1.570796326795,0.));
#15151 = VECTOR('',#15152,1.);
#15152 = DIRECTION('',(-0.,1.));
#15153 = ( GEOMETRIC_REPRESENTATION_CONTEXT(2) 
PARAMETRIC_REPRESENTATION_CONTEXT() REPRESENTATION_CONTEXT('2D SPACE',''
  ) );
#15154 = PCURVE('',#13947,#15155);
#15155 = DEFINITIONAL_REPRESENTATION('',(#15156),#15160);
#15156 = LINE('',#15157,#15158);
#15157 = CARTESIAN_POINT('',(0.,0.));
#15158 = VECTOR('',#15159,1.);
#15159 = DIRECTION('',(1.,0.));
#15160 = ( GEOMETRIC_REPRESENTATION_CONTEXT(2) 
PARAMETRIC_REPRESENTATION_CONTEXT() REPRESENTATION_CONTEXT('2D SPACE',''
  ) );
#15161 = ORIENTED_EDGE('',*,*,#13959,.F.);
#15162 = ADVANCED_FACE('',(#15163),#13947,.T.);
#15163 = FACE_BOUND('',#15164,.T.);
#15164 = EDGE_LOOP('',(#15165,#15166,#15167,#15191));
#15165 = ORIENTED_EDGE('',*,*,#15140,.T.);
#15166 = ORIENTED_EDGE('',*,*,#13931,.T.);
#15167 = ORIENTED_EDGE('',*,*,#15168,.F.);
#15168 = EDGE_CURVE('',#15169,#13899,#15171,.T.);
#15169 = VERTEX_POINT('',#15170);
#15170 = CARTESIAN_POINT('',(0.6,-63.4422998743,55.627187154033));
#15171 = SURFACE_CURVE('',#15172,(#15177,#15184),.PCURVE_S1.);
#15172 = CIRCLE('',#15173,2.4);
#15173 = AXIS2_PLACEMENT_3D('',#15174,#15175,#15176);
#15174 = CARTESIAN_POINT('',(0.6,-61.08890625264,56.097865878364));
#15175 = DIRECTION('',(-4.354652974618E-17,-0.196116135138,
    0.980580675691));
#15176 = DIRECTION('',(-2.177326487309E-16,-0.980580675691,
    -0.196116135138));
#15177 = PCURVE('',#13947,#15178);
#15178 = DEFINITIONAL_REPRESENTATION('',(#15179),#15183);
#15179 = LINE('',#15180,#15181);
#15180 = CARTESIAN_POINT('',(0.,1.));
#15181 = VECTOR('',#15182,1.);
#15182 = DIRECTION('',(1.,0.));
#15183 = ( GEOMETRIC_REPRESENTATION_CONTEXT(2) 
PARAMETRIC_REPRESENTATION_CONTEXT() REPRESENTATION_CONTEXT('2D SPACE',''
  ) );
#15184 = PCURVE('',#13919,#15185);
#15185 = DEFINITIONAL_REPRESENTATION('',(#15186),#15190);
#15186 = LINE('',#15187,#15188);
#15187 = CARTESIAN_POINT('',(-0.,0.));
#15188 = VECTOR('',#15189,1.);
#15189 = DIRECTION('',(-0.,1.));
#15190 = ( GEOMETRIC_REPRESENTATION_CONTEXT(2) 
PARAMETRIC_REPRESENTATION_CONTEXT() REPRESENTATION_CONTEXT('2D SPACE',''
  ) );
#15191 = ORIENTED_EDGE('',*,*,#15192,.F.);
#15192 = EDGE_CURVE('',#15089,#15169,#15193,.T.);
#15193 = SURFACE_CURVE('',#15194,(#15198,#15205),.PCURVE_S1.);
#15194 = LINE('',#15195,#15196);
#15195 = CARTESIAN_POINT('',(0.6,-63.24618373916,54.646606478342));
#15196 = VECTOR('',#15197,1.);
#15197 = DIRECTION('',(-4.354652974618E-17,-0.196116135138,
    0.980580675691));
#15198 = PCURVE('',#13947,#15199);
#15199 = DEFINITIONAL_REPRESENTATION('',(#15200),#15204);
#15200 = LINE('',#15201,#15202);
#15201 = CARTESIAN_POINT('',(0.,0.));
#15202 = VECTOR('',#15203,1.);
#15203 = DIRECTION('',(0.,1.));
#15204 = ( GEOMETRIC_REPRESENTATION_CONTEXT(2) 
PARAMETRIC_REPRESENTATION_CONTEXT() REPRESENTATION_CONTEXT('2D SPACE',''
  ) );
#15205 = PCURVE('',#15046,#15206);
#15206 = DEFINITIONAL_REPRESENTATION('',(#15207),#15211);
#15207 = LINE('',#15208,#15209);
#15208 = CARTESIAN_POINT('',(12.,-3.6));
#15209 = VECTOR('',#15210,1.);
#15210 = DIRECTION('',(1.,0.));
#15211 = ( GEOMETRIC_REPRESENTATION_CONTEXT(2) 
PARAMETRIC_REPRESENTATION_CONTEXT() REPRESENTATION_CONTEXT('2D SPACE',''
  ) );
#15212 = ADVANCED_FACE('',(#15213),#13919,.T.);
#15213 = FACE_BOUND('',#15214,.F.);
#15214 = EDGE_LOOP('',(#15215,#15216,#15238,#15239));
#15215 = ORIENTED_EDGE('',*,*,#15168,.F.);
#15216 = ORIENTED_EDGE('',*,*,#15217,.T.);
#15217 = EDGE_CURVE('',#15169,#14106,#15218,.T.);
#15218 = SURFACE_CURVE('',#15219,(#15224,#15231),.PCURVE_S1.);
#15219 = CIRCLE('',#15220,12.);
#15220 = AXIS2_PLACEMENT_3D('',#15221,#15222,#15223);
#15221 = CARTESIAN_POINT('',(0.6,-51.67533176601,57.980580775691));
#15222 = DIRECTION('',(-1.,2.22044604925E-16,0.));
#15223 = DIRECTION('',(-2.177326487309E-16,-0.980580675691,
    -0.196116135138));
#15224 = PCURVE('',#13919,#15225);
#15225 = DEFINITIONAL_REPRESENTATION('',(#15226),#15230);
#15226 = LINE('',#15227,#15228);
#15227 = CARTESIAN_POINT('',(-0.,0.));
#15228 = VECTOR('',#15229,1.);
#15229 = DIRECTION('',(-1.,0.));
#15230 = ( GEOMETRIC_REPRESENTATION_CONTEXT(2) 
PARAMETRIC_REPRESENTATION_CONTEXT() REPRESENTATION_CONTEXT('2D SPACE',''
  ) );
#15231 = PCURVE('',#14211,#15232);
#15232 = DEFINITIONAL_REPRESENTATION('',(#15233),#15237);
#15233 = LINE('',#15234,#15235);
#15234 = CARTESIAN_POINT('',(-0.,3.6));
#15235 = VECTOR('',#15236,1.);
#15236 = DIRECTION('',(-1.,0.));
#15237 = ( GEOMETRIC_REPRESENTATION_CONTEXT(2) 
PARAMETRIC_REPRESENTATION_CONTEXT() REPRESENTATION_CONTEXT('2D SPACE',''
  ) );
#15238 = ORIENTED_EDGE('',*,*,#14128,.T.);
#15239 = ORIENTED_EDGE('',*,*,#13898,.F.);
#15240 = ADVANCED_FACE('',(#15241),#14181,.T.);
#15241 = FACE_BOUND('',#15242,.T.);
#15242 = EDGE_LOOP('',(#15243,#15244,#15245,#15246));
#15243 = ORIENTED_EDGE('',*,*,#14322,.F.);
#15244 = ORIENTED_EDGE('',*,*,#14167,.T.);
#15245 = ORIENTED_EDGE('',*,*,#14228,.T.);
#15246 = ORIENTED_EDGE('',*,*,#15247,.T.);
#15247 = EDGE_CURVE('',#14229,#14323,#15248,.T.);
#15248 = SURFACE_CURVE('',#15249,(#15252,#15258),.PCURVE_S1.);
#15249 = B_SPLINE_CURVE_WITH_KNOTS('',1,(#15250,#15251),.UNSPECIFIED.,
  .F.,.F.,(2,2),(0.,1.),.PIECEWISE_BEZIER_KNOTS.);
#15250 = CARTESIAN_POINT('',(11.1,-60.,158.));
#15251 = CARTESIAN_POINT('',(-11.1,-60.,158.));
#15252 = PCURVE('',#14181,#15253);
#15253 = DEFINITIONAL_REPRESENTATION('',(#15254),#15257);
#15254 = B_SPLINE_CURVE_WITH_KNOTS('',1,(#15255,#15256),.UNSPECIFIED.,
  .F.,.F.,(2,2),(0.,1.),.PIECEWISE_BEZIER_KNOTS.);
#15255 = CARTESIAN_POINT('',(24.,0.1));
#15256 = CARTESIAN_POINT('',(0.,1.E-01));
#15257 = ( GEOMETRIC_REPRESENTATION_CONTEXT(2) 
PARAMETRIC_REPRESENTATION_CONTEXT() REPRESENTATION_CONTEXT('2D SPACE',''
  ) );
#15258 = PCURVE('',#14285,#15259);
#15259 = DEFINITIONAL_REPRESENTATION('',(#15260),#15263);
#15260 = B_SPLINE_CURVE_WITH_KNOTS('',1,(#15261,#15262),.UNSPECIFIED.,
  .F.,.F.,(2,2),(0.,1.),.PIECEWISE_BEZIER_KNOTS.);
#15261 = CARTESIAN_POINT('',(261.1,190.));
#15262 = CARTESIAN_POINT('',(238.9,190.));
#15263 = ( GEOMETRIC_REPRESENTATION_CONTEXT(2) 
PARAMETRIC_REPRESENTATION_CONTEXT() REPRESENTATION_CONTEXT('2D SPACE',''
  ) );
#15264 = ADVANCED_FACE('',(#15265),#14211,.T.);
#15265 = FACE_BOUND('',#15266,.F.);
#15266 = EDGE_LOOP('',(#15267,#15288,#15289,#15290));
#15267 = ORIENTED_EDGE('',*,*,#15268,.F.);
#15268 = EDGE_CURVE('',#14928,#15169,#15269,.T.);
#15269 = SURFACE_CURVE('',#15270,(#15274,#15281),.PCURVE_S1.);
#15270 = LINE('',#15271,#15272);
#15271 = CARTESIAN_POINT('',(-3.,-63.4422998743,55.627187154033));
#15272 = VECTOR('',#15273,1.);
#15273 = DIRECTION('',(1.,-2.22044604925E-16,0.));
#15274 = PCURVE('',#14211,#15275);
#15275 = DEFINITIONAL_REPRESENTATION('',(#15276),#15280);
#15276 = LINE('',#15277,#15278);
#15277 = CARTESIAN_POINT('',(-0.,0.));
#15278 = VECTOR('',#15279,1.);
#15279 = DIRECTION('',(-0.,1.));
#15280 = ( GEOMETRIC_REPRESENTATION_CONTEXT(2) 
PARAMETRIC_REPRESENTATION_CONTEXT() REPRESENTATION_CONTEXT('2D SPACE',''
  ) );
#15281 = PCURVE('',#15046,#15282);
#15282 = DEFINITIONAL_REPRESENTATION('',(#15283),#15287);
#15283 = LINE('',#15284,#15285);
#15284 = CARTESIAN_POINT('',(13.,3.220735329998E-16));
#15285 = VECTOR('',#15286,1.);
#15286 = DIRECTION('',(0.,-1.));
#15287 = ( GEOMETRIC_REPRESENTATION_CONTEXT(2) 
PARAMETRIC_REPRESENTATION_CONTEXT() REPRESENTATION_CONTEXT('2D SPACE',''
  ) );
#15288 = ORIENTED_EDGE('',*,*,#14951,.T.);
#15289 = ORIENTED_EDGE('',*,*,#14197,.T.);
#15290 = ORIENTED_EDGE('',*,*,#15217,.F.);
#15291 = ADVANCED_FACE('',(#15292,#15298),#14285,.T.);
#15292 = FACE_BOUND('',#15293,.T.);
#15293 = EDGE_LOOP('',(#15294,#15295,#15296,#15297));
#15294 = ORIENTED_EDGE('',*,*,#14272,.F.);
#15295 = ORIENTED_EDGE('',*,*,#14630,.F.);
#15296 = ORIENTED_EDGE('',*,*,#14343,.F.);
#15297 = ORIENTED_EDGE('',*,*,#15247,.F.);
#15298 = FACE_BOUND('',#15299,.T.);
#15299 = EDGE_LOOP('',(#15300,#15328,#15354,#15380));
#15300 = ORIENTED_EDGE('',*,*,#15301,.F.);
#15301 = EDGE_CURVE('',#15302,#15304,#15306,.T.);
#15302 = VERTEX_POINT('',#15303);
#15303 = CARTESIAN_POINT('',(5.75,-56.,158.));
#15304 = VERTEX_POINT('',#15305);
#15305 = CARTESIAN_POINT('',(7.,-51.,158.));
#15306 = SURFACE_CURVE('',#15307,(#15311,#15317),.PCURVE_S1.);
#15307 = LINE('',#15308,#15309);
#15308 = CARTESIAN_POINT('',(-23.97058823529,-174.8823529411,158.));
#15309 = VECTOR('',#15310,1.);
#15310 = DIRECTION('',(0.242535625036,0.970142500145,-0.));
#15311 = PCURVE('',#14285,#15312);
#15312 = DEFINITIONAL_REPRESENTATION('',(#15313),#15316);
#15313 = B_SPLINE_CURVE_WITH_KNOTS('',1,(#15314,#15315),.UNSPECIFIED.,
  .F.,.F.,(2,2),(122.5411245496,127.69500658162),
  .PIECEWISE_BEZIER_KNOTS.);
#15314 = CARTESIAN_POINT('',(255.75,194.));
#15315 = CARTESIAN_POINT('',(257.,199.));
#15316 = ( GEOMETRIC_REPRESENTATION_CONTEXT(2) 
PARAMETRIC_REPRESENTATION_CONTEXT() REPRESENTATION_CONTEXT('2D SPACE',''
  ) );
#15317 = PCURVE('',#15318,#15323);
#15318 = PLANE('',#15319);
#15319 = AXIS2_PLACEMENT_3D('',#15320,#15321,#15322);
#15320 = CARTESIAN_POINT('',(7.,-51.,157.));
#15321 = DIRECTION('',(0.970142500145,-0.242535625036,0.));
#15322 = DIRECTION('',(-0.242535625036,-0.970142500145,0.));
#15323 = DEFINITIONAL_REPRESENTATION('',(#15324),#15327);
#15324 = B_SPLINE_CURVE_WITH_KNOTS('',1,(#15325,#15326),.UNSPECIFIED.,
  .F.,.F.,(2,2),(122.5411245496,127.69500658162),
  .PIECEWISE_BEZIER_KNOTS.);
#15325 = CARTESIAN_POINT('',(5.153882032022,-1.));
#15326 = CARTESIAN_POINT('',(0.,-1.));
#15327 = ( GEOMETRIC_REPRESENTATION_CONTEXT(2) 
PARAMETRIC_REPRESENTATION_CONTEXT() REPRESENTATION_CONTEXT('2D SPACE',''
  ) );
#15328 = ORIENTED_EDGE('',*,*,#15329,.F.);
#15329 = EDGE_CURVE('',#15330,#15302,#15332,.T.);
#15330 = VERTEX_POINT('',#15331);
#15331 = CARTESIAN_POINT('',(-5.75,-56.,158.));
#15332 = SURFACE_CURVE('',#15333,(#15337,#15343),.PCURVE_S1.);
#15333 = LINE('',#15334,#15335);
#15334 = CARTESIAN_POINT('',(-122.125,-56.,158.));
#15335 = VECTOR('',#15336,1.);
#15336 = DIRECTION('',(1.,-2.22044604925E-16,0.));
#15337 = PCURVE('',#14285,#15338);
#15338 = DEFINITIONAL_REPRESENTATION('',(#15339),#15342);
#15339 = B_SPLINE_CURVE_WITH_KNOTS('',1,(#15340,#15341),.UNSPECIFIED.,
  .F.,.F.,(2,2),(116.375,127.875),.PIECEWISE_BEZIER_KNOTS.);
#15340 = CARTESIAN_POINT('',(244.25,194.));
#15341 = CARTESIAN_POINT('',(255.75,194.));
#15342 = ( GEOMETRIC_REPRESENTATION_CONTEXT(2) 
PARAMETRIC_REPRESENTATION_CONTEXT() REPRESENTATION_CONTEXT('2D SPACE',''
  ) );
#15343 = PCURVE('',#15344,#15349);
#15344 = PLANE('',#15345);
#15345 = AXIS2_PLACEMENT_3D('',#15346,#15347,#15348);
#15346 = CARTESIAN_POINT('',(5.75,-56.,157.));
#15347 = DIRECTION('',(-2.22044604925E-16,-1.,0.));
#15348 = DIRECTION('',(-1.,2.22044604925E-16,0.));
#15349 = DEFINITIONAL_REPRESENTATION('',(#15350),#15353);
#15350 = B_SPLINE_CURVE_WITH_KNOTS('',1,(#15351,#15352),.UNSPECIFIED.,
  .F.,.F.,(2,2),(116.375,127.875),.PIECEWISE_BEZIER_KNOTS.);
#15351 = CARTESIAN_POINT('',(11.5,-1.));
#15352 = CARTESIAN_POINT('',(0.,-1.));
#15353 = ( GEOMETRIC_REPRESENTATION_CONTEXT(2) 
PARAMETRIC_REPRESENTATION_CONTEXT() REPRESENTATION_CONTEXT('2D SPACE',''
  ) );
#15354 = ORIENTED_EDGE('',*,*,#15355,.F.);
#15355 = EDGE_CURVE('',#15356,#15330,#15358,.T.);
#15356 = VERTEX_POINT('',#15357);
#15357 = CARTESIAN_POINT('',(-7.,-51.,158.));
#15358 = SURFACE_CURVE('',#15359,(#15363,#15369),.PCURVE_S1.);
#15359 = LINE('',#15360,#15361);
#15360 = CARTESIAN_POINT('',(9.889705882353,-118.5588235294,158.));
#15361 = VECTOR('',#15362,1.);
#15362 = DIRECTION('',(0.242535625036,-0.970142500145,0.));
#15363 = PCURVE('',#14285,#15364);
#15364 = DEFINITIONAL_REPRESENTATION('',(#15365),#15368);
#15365 = B_SPLINE_CURVE_WITH_KNOTS('',1,(#15366,#15367),.UNSPECIFIED.,
  .F.,.F.,(2,2),(-69.63804133855,-64.48415930653),
  .PIECEWISE_BEZIER_KNOTS.);
#15366 = CARTESIAN_POINT('',(243.,199.));
#15367 = CARTESIAN_POINT('',(244.25,194.));
#15368 = ( GEOMETRIC_REPRESENTATION_CONTEXT(2) 
PARAMETRIC_REPRESENTATION_CONTEXT() REPRESENTATION_CONTEXT('2D SPACE',''
  ) );
#15369 = PCURVE('',#15370,#15375);
#15370 = PLANE('',#15371);
#15371 = AXIS2_PLACEMENT_3D('',#15372,#15373,#15374);
#15372 = CARTESIAN_POINT('',(-5.75,-56.,157.));
#15373 = DIRECTION('',(-0.970142500145,-0.242535625036,0.));
#15374 = DIRECTION('',(-0.242535625036,0.970142500145,0.));
#15375 = DEFINITIONAL_REPRESENTATION('',(#15376),#15379);
#15376 = B_SPLINE_CURVE_WITH_KNOTS('',1,(#15377,#15378),.UNSPECIFIED.,
  .F.,.F.,(2,2),(-69.63804133855,-64.48415930653),
  .PIECEWISE_BEZIER_KNOTS.);
#15377 = CARTESIAN_POINT('',(5.153882032022,-1.));
#15378 = CARTESIAN_POINT('',(0.,-1.));
#15379 = ( GEOMETRIC_REPRESENTATION_CONTEXT(2) 
PARAMETRIC_REPRESENTATION_CONTEXT() REPRESENTATION_CONTEXT('2D SPACE',''
  ) );
#15380 = ORIENTED_EDGE('',*,*,#15381,.F.);
#15381 = EDGE_CURVE('',#15304,#15356,#15382,.T.);
#15382 = SURFACE_CURVE('',#15383,(#15387,#15393),.PCURVE_S1.);
#15383 = LINE('',#15384,#15385);
#15384 = CARTESIAN_POINT('',(-128.5,-51.,158.));
#15385 = VECTOR('',#15386,1.);
#15386 = DIRECTION('',(-1.,2.22044604925E-16,0.));
#15387 = PCURVE('',#14285,#15388);
#15388 = DEFINITIONAL_REPRESENTATION('',(#15389),#15392);
#15389 = B_SPLINE_CURVE_WITH_KNOTS('',1,(#15390,#15391),.UNSPECIFIED.,
  .F.,.F.,(2,2),(-135.5,-121.5),.PIECEWISE_BEZIER_KNOTS.);
#15390 = CARTESIAN_POINT('',(257.,199.));
#15391 = CARTESIAN_POINT('',(243.,199.));
#15392 = ( GEOMETRIC_REPRESENTATION_CONTEXT(2) 
PARAMETRIC_REPRESENTATION_CONTEXT() REPRESENTATION_CONTEXT('2D SPACE',''
  ) );
#15393 = PCURVE('',#15394,#15399);
#15394 = PLANE('',#15395);
#15395 = AXIS2_PLACEMENT_3D('',#15396,#15397,#15398);
#15396 = CARTESIAN_POINT('',(-7.,-51.,157.));
#15397 = DIRECTION('',(2.22044604925E-16,1.,0.));
#15398 = DIRECTION('',(1.,-2.22044604925E-16,0.));
#15399 = DEFINITIONAL_REPRESENTATION('',(#15400),#15403);
#15400 = B_SPLINE_CURVE_WITH_KNOTS('',1,(#15401,#15402),.UNSPECIFIED.,
  .F.,.F.,(2,2),(-135.5,-121.5),.PIECEWISE_BEZIER_KNOTS.);
#15401 = CARTESIAN_POINT('',(14.,-1.));
#15402 = CARTESIAN_POINT('',(0.,-1.));
#15403 = ( GEOMETRIC_REPRESENTATION_CONTEXT(2) 
PARAMETRIC_REPRESENTATION_CONTEXT() REPRESENTATION_CONTEXT('2D SPACE',''
  ) );
#15404 = ADVANCED_FACE('',(#15405),#14405,.F.);
#15405 = FACE_BOUND('',#15406,.F.);
#15406 = EDGE_LOOP('',(#15407,#15408,#15409,#15410));
#15407 = ORIENTED_EDGE('',*,*,#14389,.T.);
#15408 = ORIENTED_EDGE('',*,*,#14572,.T.);
#15409 = ORIENTED_EDGE('',*,*,#14545,.T.);
#15410 = ORIENTED_EDGE('',*,*,#14465,.T.);
#15411 = ADVANCED_FACE('',(#15412),#14506,.F.);
#15412 = FACE_BOUND('',#15413,.F.);
#15413 = EDGE_LOOP('',(#15414,#15415,#15436,#15437));
#15414 = ORIENTED_EDGE('',*,*,#14489,.F.);
#15415 = ORIENTED_EDGE('',*,*,#15416,.F.);
#15416 = EDGE_CURVE('',#14597,#14490,#15417,.T.);
#15417 = SEAM_CURVE('',#15418,(#15422,#15429),.PCURVE_S1.);
#15418 = LINE('',#15419,#15420);
#15419 = CARTESIAN_POINT('',(-2.,64.,167.));
#15420 = VECTOR('',#15421,1.);
#15421 = DIRECTION('',(-6.123233995737E-17,-1.,0.));
#15422 = PCURVE('',#14506,#15423);
#15423 = DEFINITIONAL_REPRESENTATION('',(#15424),#15428);
#15424 = LINE('',#15425,#15426);
#15425 = CARTESIAN_POINT('',(6.28318530718,-0.));
#15426 = VECTOR('',#15427,1.);
#15427 = DIRECTION('',(0.,1.));
#15428 = ( GEOMETRIC_REPRESENTATION_CONTEXT(2) 
PARAMETRIC_REPRESENTATION_CONTEXT() REPRESENTATION_CONTEXT('2D SPACE',''
  ) );
#15429 = PCURVE('',#14506,#15430);
#15430 = DEFINITIONAL_REPRESENTATION('',(#15431),#15435);
#15431 = LINE('',#15432,#15433);
#15432 = CARTESIAN_POINT('',(0.,-0.));
#15433 = VECTOR('',#15434,1.);
#15434 = DIRECTION('',(0.,1.));
#15435 = ( GEOMETRIC_REPRESENTATION_CONTEXT(2) 
PARAMETRIC_REPRESENTATION_CONTEXT() REPRESENTATION_CONTEXT('2D SPACE',''
  ) );
#15436 = ORIENTED_EDGE('',*,*,#14596,.T.);
#15437 = ORIENTED_EDGE('',*,*,#15416,.T.);
#15438 = ADVANCED_FACE('',(#15439),#14698,.F.);
#15439 = FACE_BOUND('',#15440,.F.);
#15440 = EDGE_LOOP('',(#15441,#15442,#15443,#15444));
#15441 = ORIENTED_EDGE('',*,*,#14682,.T.);
#15442 = ORIENTED_EDGE('',*,*,#14865,.T.);
#15443 = ORIENTED_EDGE('',*,*,#14838,.T.);
#15444 = ORIENTED_EDGE('',*,*,#14758,.T.);
#15445 = ADVANCED_FACE('',(#15446),#14799,.F.);
#15446 = FACE_BOUND('',#15447,.F.);
#15447 = EDGE_LOOP('',(#15448,#15449,#15470,#15471));
#15448 = ORIENTED_EDGE('',*,*,#14782,.F.);
#15449 = ORIENTED_EDGE('',*,*,#15450,.F.);
#15450 = EDGE_CURVE('',#14890,#14783,#15451,.T.);
#15451 = SEAM_CURVE('',#15452,(#15456,#15463),.PCURVE_S1.);
#15452 = LINE('',#15453,#15454);
#15453 = CARTESIAN_POINT('',(-62.,2.,167.));
#15454 = VECTOR('',#15455,1.);
#15455 = DIRECTION('',(1.,-1.224646799147E-16,0.));
#15456 = PCURVE('',#14799,#15457);
#15457 = DEFINITIONAL_REPRESENTATION('',(#15458),#15462);
#15458 = LINE('',#15459,#15460);
#15459 = CARTESIAN_POINT('',(6.28318530718,-0.));
#15460 = VECTOR('',#15461,1.);
#15461 = DIRECTION('',(0.,1.));
#15462 = ( GEOMETRIC_REPRESENTATION_CONTEXT(2) 
PARAMETRIC_REPRESENTATION_CONTEXT() REPRESENTATION_CONTEXT('2D SPACE',''
  ) );
#15463 = PCURVE('',#14799,#15464);
#15464 = DEFINITIONAL_REPRESENTATION('',(#15465),#15469);
#15465 = LINE('',#15466,#15467);
#15466 = CARTESIAN_POINT('',(0.,-0.));
#15467 = VECTOR('',#15468,1.);
#15468 = DIRECTION('',(0.,1.));
#15469 = ( GEOMETRIC_REPRESENTATION_CONTEXT(2) 
PARAMETRIC_REPRESENTATION_CONTEXT() REPRESENTATION_CONTEXT('2D SPACE',''
  ) );
#15470 = ORIENTED_EDGE('',*,*,#14889,.T.);
#15471 = ORIENTED_EDGE('',*,*,#15450,.T.);
#15472 = ADVANCED_FACE('',(#15473),#15046,.T.);
#15473 = FACE_BOUND('',#15474,.T.);
#15474 = EDGE_LOOP('',(#15475,#15476,#15477,#15478));
#15475 = ORIENTED_EDGE('',*,*,#15088,.T.);
#15476 = ORIENTED_EDGE('',*,*,#15192,.T.);
#15477 = ORIENTED_EDGE('',*,*,#15268,.F.);
#15478 = ORIENTED_EDGE('',*,*,#15032,.F.);
#15479 = ADVANCED_FACE('',(#15480),#15318,.T.);
#15480 = FACE_BOUND('',#15481,.T.);
#15481 = EDGE_LOOP('',(#15482,#15483,#15506,#15534));
#15482 = ORIENTED_EDGE('',*,*,#15301,.T.);
#15483 = ORIENTED_EDGE('',*,*,#15484,.T.);
#15484 = EDGE_CURVE('',#15304,#15485,#15487,.T.);
#15485 = VERTEX_POINT('',#15486);
#15486 = CARTESIAN_POINT('',(7.,-51.,176.));
#15487 = SURFACE_CURVE('',#15488,(#15492,#15499),.PCURVE_S1.);
#15488 = LINE('',#15489,#15490);
#15489 = CARTESIAN_POINT('',(7.,-51.,157.));
#15490 = VECTOR('',#15491,1.);
#15491 = DIRECTION('',(0.,0.,1.));
#15492 = PCURVE('',#15318,#15493);
#15493 = DEFINITIONAL_REPRESENTATION('',(#15494),#15498);
#15494 = LINE('',#15495,#15496);
#15495 = CARTESIAN_POINT('',(0.,0.));
#15496 = VECTOR('',#15497,1.);
#15497 = DIRECTION('',(0.,-1.));
#15498 = ( GEOMETRIC_REPRESENTATION_CONTEXT(2) 
PARAMETRIC_REPRESENTATION_CONTEXT() REPRESENTATION_CONTEXT('2D SPACE',''
  ) );
#15499 = PCURVE('',#15394,#15500);
#15500 = DEFINITIONAL_REPRESENTATION('',(#15501),#15505);
#15501 = LINE('',#15502,#15503);
#15502 = CARTESIAN_POINT('',(14.,0.));
#15503 = VECTOR('',#15504,1.);
#15504 = DIRECTION('',(0.,-1.));
#15505 = ( GEOMETRIC_REPRESENTATION_CONTEXT(2) 
PARAMETRIC_REPRESENTATION_CONTEXT() REPRESENTATION_CONTEXT('2D SPACE',''
  ) );
#15506 = ORIENTED_EDGE('',*,*,#15507,.T.);
#15507 = EDGE_CURVE('',#15485,#15508,#15510,.T.);
#15508 = VERTEX_POINT('',#15509);
#15509 = CARTESIAN_POINT('',(5.75,-56.,176.));
#15510 = SURFACE_CURVE('',#15511,(#15515,#15522),.PCURVE_S1.);
#15511 = LINE('',#15512,#15513);
#15512 = CARTESIAN_POINT('',(7.,-51.,176.));
#15513 = VECTOR('',#15514,1.);
#15514 = DIRECTION('',(-0.242535625036,-0.970142500145,0.));
#15515 = PCURVE('',#15318,#15516);
#15516 = DEFINITIONAL_REPRESENTATION('',(#15517),#15521);
#15517 = LINE('',#15518,#15519);
#15518 = CARTESIAN_POINT('',(0.,-19.));
#15519 = VECTOR('',#15520,1.);
#15520 = DIRECTION('',(1.,0.));
#15521 = ( GEOMETRIC_REPRESENTATION_CONTEXT(2) 
PARAMETRIC_REPRESENTATION_CONTEXT() REPRESENTATION_CONTEXT('2D SPACE',''
  ) );
#15522 = PCURVE('',#15523,#15528);
#15523 = PLANE('',#15524);
#15524 = AXIS2_PLACEMENT_3D('',#15525,#15526,#15527);
#15525 = CARTESIAN_POINT('',(-1.18406299983E-14,-53.32545684816,176.));
#15526 = DIRECTION('',(0.,0.,-1.));
#15527 = DIRECTION('',(2.22044604925E-16,1.,0.));
#15528 = DEFINITIONAL_REPRESENTATION('',(#15529),#15533);
#15529 = LINE('',#15530,#15531);
#15530 = CARTESIAN_POINT('',(2.325456848162,7.));
#15531 = VECTOR('',#15532,1.);
#15532 = DIRECTION('',(-0.970142500145,-0.242535625036));
#15533 = ( GEOMETRIC_REPRESENTATION_CONTEXT(2) 
PARAMETRIC_REPRESENTATION_CONTEXT() REPRESENTATION_CONTEXT('2D SPACE',''
  ) );
#15534 = ORIENTED_EDGE('',*,*,#15535,.F.);
#15535 = EDGE_CURVE('',#15302,#15508,#15536,.T.);
#15536 = SURFACE_CURVE('',#15537,(#15541,#15548),.PCURVE_S1.);
#15537 = LINE('',#15538,#15539);
#15538 = CARTESIAN_POINT('',(5.75,-56.,157.));
#15539 = VECTOR('',#15540,1.);
#15540 = DIRECTION('',(0.,0.,1.));
#15541 = PCURVE('',#15318,#15542);
#15542 = DEFINITIONAL_REPRESENTATION('',(#15543),#15547);
#15543 = LINE('',#15544,#15545);
#15544 = CARTESIAN_POINT('',(5.153882032022,0.));
#15545 = VECTOR('',#15546,1.);
#15546 = DIRECTION('',(0.,-1.));
#15547 = ( GEOMETRIC_REPRESENTATION_CONTEXT(2) 
PARAMETRIC_REPRESENTATION_CONTEXT() REPRESENTATION_CONTEXT('2D SPACE',''
  ) );
#15548 = PCURVE('',#15344,#15549);
#15549 = DEFINITIONAL_REPRESENTATION('',(#15550),#15554);
#15550 = LINE('',#15551,#15552);
#15551 = CARTESIAN_POINT('',(0.,0.));
#15552 = VECTOR('',#15553,1.);
#15553 = DIRECTION('',(0.,-1.));
#15554 = ( GEOMETRIC_REPRESENTATION_CONTEXT(2) 
PARAMETRIC_REPRESENTATION_CONTEXT() REPRESENTATION_CONTEXT('2D SPACE',''
  ) );
#15555 = ADVANCED_FACE('',(#15556,#15604),#15394,.T.);
#15556 = FACE_BOUND('',#15557,.T.);
#15557 = EDGE_LOOP('',(#15558,#15559,#15582,#15603));
#15558 = ORIENTED_EDGE('',*,*,#15381,.T.);
#15559 = ORIENTED_EDGE('',*,*,#15560,.T.);
#15560 = EDGE_CURVE('',#15356,#15561,#15563,.T.);
#15561 = VERTEX_POINT('',#15562);
#15562 = CARTESIAN_POINT('',(-7.,-51.,176.));
#15563 = SURFACE_CURVE('',#15564,(#15568,#15575),.PCURVE_S1.);
#15564 = LINE('',#15565,#15566);
#15565 = CARTESIAN_POINT('',(-7.,-51.,157.));
#15566 = VECTOR('',#15567,1.);
#15567 = DIRECTION('',(0.,0.,1.));
#15568 = PCURVE('',#15394,#15569);
#15569 = DEFINITIONAL_REPRESENTATION('',(#15570),#15574);
#15570 = LINE('',#15571,#15572);
#15571 = CARTESIAN_POINT('',(0.,0.));
#15572 = VECTOR('',#15573,1.);
#15573 = DIRECTION('',(0.,-1.));
#15574 = ( GEOMETRIC_REPRESENTATION_CONTEXT(2) 
PARAMETRIC_REPRESENTATION_CONTEXT() REPRESENTATION_CONTEXT('2D SPACE',''
  ) );
#15575 = PCURVE('',#15370,#15576);
#15576 = DEFINITIONAL_REPRESENTATION('',(#15577),#15581);
#15577 = LINE('',#15578,#15579);
#15578 = CARTESIAN_POINT('',(5.153882032022,0.));
#15579 = VECTOR('',#15580,1.);
#15580 = DIRECTION('',(0.,-1.));
#15581 = ( GEOMETRIC_REPRESENTATION_CONTEXT(2) 
PARAMETRIC_REPRESENTATION_CONTEXT() REPRESENTATION_CONTEXT('2D SPACE',''
  ) );
#15582 = ORIENTED_EDGE('',*,*,#15583,.T.);
#15583 = EDGE_CURVE('',#15561,#15485,#15584,.T.);
#15584 = SURFACE_CURVE('',#15585,(#15589,#15596),.PCURVE_S1.);
#15585 = LINE('',#15586,#15587);
#15586 = CARTESIAN_POINT('',(-7.,-51.,176.));
#15587 = VECTOR('',#15588,1.);
#15588 = DIRECTION('',(1.,-2.22044604925E-16,0.));
#15589 = PCURVE('',#15394,#15590);
#15590 = DEFINITIONAL_REPRESENTATION('',(#15591),#15595);
#15591 = LINE('',#15592,#15593);
#15592 = CARTESIAN_POINT('',(0.,-19.));
#15593 = VECTOR('',#15594,1.);
#15594 = DIRECTION('',(1.,0.));
#15595 = ( GEOMETRIC_REPRESENTATION_CONTEXT(2) 
PARAMETRIC_REPRESENTATION_CONTEXT() REPRESENTATION_CONTEXT('2D SPACE',''
  ) );
#15596 = PCURVE('',#15523,#15597);
#15597 = DEFINITIONAL_REPRESENTATION('',(#15598),#15602);
#15598 = LINE('',#15599,#15600);
#15599 = CARTESIAN_POINT('',(2.325456848162,-7.));
#15600 = VECTOR('',#15601,1.);
#15601 = DIRECTION('',(0.,1.));
#15602 = ( GEOMETRIC_REPRESENTATION_CONTEXT(2) 
PARAMETRIC_REPRESENTATION_CONTEXT() REPRESENTATION_CONTEXT('2D SPACE',''
  ) );
#15603 = ORIENTED_EDGE('',*,*,#15484,.F.);
#15604 = FACE_BOUND('',#15605,.T.);
#15605 = EDGE_LOOP('',(#15606));
#15606 = ORIENTED_EDGE('',*,*,#15607,.F.);
#15607 = EDGE_CURVE('',#15608,#15608,#15610,.T.);
#15608 = VERTEX_POINT('',#15609);
#15609 = CARTESIAN_POINT('',(2.,-51.,167.));
#15610 = SURFACE_CURVE('',#15611,(#15616,#15623),.PCURVE_S1.);
#15611 = CIRCLE('',#15612,2.);
#15612 = AXIS2_PLACEMENT_3D('',#15613,#15614,#15615);
#15613 = CARTESIAN_POINT('',(-9.368548013477E-15,-51.,167.));
#15614 = DIRECTION('',(1.836970198721E-16,1.,0.));
#15615 = DIRECTION('',(1.,-1.836970198721E-16,0.));
#15616 = PCURVE('',#15394,#15617);
#15617 = DEFINITIONAL_REPRESENTATION('',(#15618),#15622);
#15618 = CIRCLE('',#15619,2.);
#15619 = AXIS2_PLACEMENT_2D('',#15620,#15621);
#15620 = CARTESIAN_POINT('',(7.,-10.));
#15621 = DIRECTION('',(1.,0.));
#15622 = ( GEOMETRIC_REPRESENTATION_CONTEXT(2) 
PARAMETRIC_REPRESENTATION_CONTEXT() REPRESENTATION_CONTEXT('2D SPACE',''
  ) );
#15623 = PCURVE('',#15624,#15629);
#15624 = CYLINDRICAL_SURFACE('',#15625,2.);
#15625 = AXIS2_PLACEMENT_3D('',#15626,#15627,#15628);
#15626 = CARTESIAN_POINT('',(-1.175660927181E-14,-64.,167.));
#15627 = DIRECTION('',(1.836970198721E-16,1.,0.));
#15628 = DIRECTION('',(1.,-1.836970198721E-16,0.));
#15629 = DEFINITIONAL_REPRESENTATION('',(#15630),#15634);
#15630 = LINE('',#15631,#15632);
#15631 = CARTESIAN_POINT('',(0.,13.));
#15632 = VECTOR('',#15633,1.);
#15633 = DIRECTION('',(1.,0.));
#15634 = ( GEOMETRIC_REPRESENTATION_CONTEXT(2) 
PARAMETRIC_REPRESENTATION_CONTEXT() REPRESENTATION_CONTEXT('2D SPACE',''
  ) );
#15635 = ADVANCED_FACE('',(#15636),#15370,.T.);
#15636 = FACE_BOUND('',#15637,.T.);
#15637 = EDGE_LOOP('',(#15638,#15639,#15662,#15683));
#15638 = ORIENTED_EDGE('',*,*,#15355,.T.);
#15639 = ORIENTED_EDGE('',*,*,#15640,.T.);
#15640 = EDGE_CURVE('',#15330,#15641,#15643,.T.);
#15641 = VERTEX_POINT('',#15642);
#15642 = CARTESIAN_POINT('',(-5.75,-56.,176.));
#15643 = SURFACE_CURVE('',#15644,(#15648,#15655),.PCURVE_S1.);
#15644 = LINE('',#15645,#15646);
#15645 = CARTESIAN_POINT('',(-5.75,-56.,157.));
#15646 = VECTOR('',#15647,1.);
#15647 = DIRECTION('',(0.,0.,1.));
#15648 = PCURVE('',#15370,#15649);
#15649 = DEFINITIONAL_REPRESENTATION('',(#15650),#15654);
#15650 = LINE('',#15651,#15652);
#15651 = CARTESIAN_POINT('',(0.,0.));
#15652 = VECTOR('',#15653,1.);
#15653 = DIRECTION('',(0.,-1.));
#15654 = ( GEOMETRIC_REPRESENTATION_CONTEXT(2) 
PARAMETRIC_REPRESENTATION_CONTEXT() REPRESENTATION_CONTEXT('2D SPACE',''
  ) );
#15655 = PCURVE('',#15344,#15656);
#15656 = DEFINITIONAL_REPRESENTATION('',(#15657),#15661);
#15657 = LINE('',#15658,#15659);
#15658 = CARTESIAN_POINT('',(11.5,0.));
#15659 = VECTOR('',#15660,1.);
#15660 = DIRECTION('',(0.,-1.));
#15661 = ( GEOMETRIC_REPRESENTATION_CONTEXT(2) 
PARAMETRIC_REPRESENTATION_CONTEXT() REPRESENTATION_CONTEXT('2D SPACE',''
  ) );
#15662 = ORIENTED_EDGE('',*,*,#15663,.T.);
#15663 = EDGE_CURVE('',#15641,#15561,#15664,.T.);
#15664 = SURFACE_CURVE('',#15665,(#15669,#15676),.PCURVE_S1.);
#15665 = LINE('',#15666,#15667);
#15666 = CARTESIAN_POINT('',(-5.75,-56.,176.));
#15667 = VECTOR('',#15668,1.);
#15668 = DIRECTION('',(-0.242535625036,0.970142500145,0.));
#15669 = PCURVE('',#15370,#15670);
#15670 = DEFINITIONAL_REPRESENTATION('',(#15671),#15675);
#15671 = LINE('',#15672,#15673);
#15672 = CARTESIAN_POINT('',(0.,-19.));
#15673 = VECTOR('',#15674,1.);
#15674 = DIRECTION('',(1.,0.));
#15675 = ( GEOMETRIC_REPRESENTATION_CONTEXT(2) 
PARAMETRIC_REPRESENTATION_CONTEXT() REPRESENTATION_CONTEXT('2D SPACE',''
  ) );
#15676 = PCURVE('',#15523,#15677);
#15677 = DEFINITIONAL_REPRESENTATION('',(#15678),#15682);
#15678 = LINE('',#15679,#15680);
#15679 = CARTESIAN_POINT('',(-2.674543151838,-5.75));
#15680 = VECTOR('',#15681,1.);
#15681 = DIRECTION('',(0.970142500145,-0.242535625036));
#15682 = ( GEOMETRIC_REPRESENTATION_CONTEXT(2) 
PARAMETRIC_REPRESENTATION_CONTEXT() REPRESENTATION_CONTEXT('2D SPACE',''
  ) );
#15683 = ORIENTED_EDGE('',*,*,#15560,.F.);
#15684 = ADVANCED_FACE('',(#15685,#15711),#15344,.T.);
#15685 = FACE_BOUND('',#15686,.T.);
#15686 = EDGE_LOOP('',(#15687,#15688,#15689,#15710));
#15687 = ORIENTED_EDGE('',*,*,#15329,.T.);
#15688 = ORIENTED_EDGE('',*,*,#15535,.T.);
#15689 = ORIENTED_EDGE('',*,*,#15690,.T.);
#15690 = EDGE_CURVE('',#15508,#15641,#15691,.T.);
#15691 = SURFACE_CURVE('',#15692,(#15696,#15703),.PCURVE_S1.);
#15692 = LINE('',#15693,#15694);
#15693 = CARTESIAN_POINT('',(5.75,-56.,176.));
#15694 = VECTOR('',#15695,1.);
#15695 = DIRECTION('',(-1.,2.22044604925E-16,0.));
#15696 = PCURVE('',#15344,#15697);
#15697 = DEFINITIONAL_REPRESENTATION('',(#15698),#15702);
#15698 = LINE('',#15699,#15700);
#15699 = CARTESIAN_POINT('',(0.,-19.));
#15700 = VECTOR('',#15701,1.);
#15701 = DIRECTION('',(1.,0.));
#15702 = ( GEOMETRIC_REPRESENTATION_CONTEXT(2) 
PARAMETRIC_REPRESENTATION_CONTEXT() REPRESENTATION_CONTEXT('2D SPACE',''
  ) );
#15703 = PCURVE('',#15523,#15704);
#15704 = DEFINITIONAL_REPRESENTATION('',(#15705),#15709);
#15705 = LINE('',#15706,#15707);
#15706 = CARTESIAN_POINT('',(-2.674543151838,5.75));
#15707 = VECTOR('',#15708,1.);
#15708 = DIRECTION('',(0.,-1.));
#15709 = ( GEOMETRIC_REPRESENTATION_CONTEXT(2) 
PARAMETRIC_REPRESENTATION_CONTEXT() REPRESENTATION_CONTEXT('2D SPACE',''
  ) );
#15710 = ORIENTED_EDGE('',*,*,#15640,.F.);
#15711 = FACE_BOUND('',#15712,.T.);
#15712 = EDGE_LOOP('',(#15713));
#15713 = ORIENTED_EDGE('',*,*,#15714,.T.);
#15714 = EDGE_CURVE('',#15715,#15715,#15717,.T.);
#15715 = VERTEX_POINT('',#15716);
#15716 = CARTESIAN_POINT('',(2.,-56.,167.));
#15717 = SURFACE_CURVE('',#15718,(#15723,#15734),.PCURVE_S1.);
#15718 = CIRCLE('',#15719,2.);
#15719 = AXIS2_PLACEMENT_3D('',#15720,#15721,#15722);
#15720 = CARTESIAN_POINT('',(-1.028703311284E-14,-56.,167.));
#15721 = DIRECTION('',(1.836970198721E-16,1.,0.));
#15722 = DIRECTION('',(1.,-1.836970198721E-16,0.));
#15723 = PCURVE('',#15344,#15724);
#15724 = DEFINITIONAL_REPRESENTATION('',(#15725),#15733);
#15725 = ( BOUNDED_CURVE() B_SPLINE_CURVE(2,(#15726,#15727,#15728,#15729
    ,#15730,#15731,#15732),.UNSPECIFIED.,.T.,.F.) 
B_SPLINE_CURVE_WITH_KNOTS((1,2,2,2,2,1),(-2.094395102393,0.,
    2.094395102393,4.188790204786,6.28318530718,8.377580409573),
.UNSPECIFIED.) CURVE() GEOMETRIC_REPRESENTATION_ITEM() 
RATIONAL_B_SPLINE_CURVE((1.,0.5,1.,0.5,1.,0.5,1.)) REPRESENTATION_ITEM(
  '') );
#15726 = CARTESIAN_POINT('',(3.75,-10.));
#15727 = CARTESIAN_POINT('',(3.75,-6.535898384862));
#15728 = CARTESIAN_POINT('',(6.75,-8.267949192431));
#15729 = CARTESIAN_POINT('',(9.75,-10.));
#15730 = CARTESIAN_POINT('',(6.75,-11.73205080756));
#15731 = CARTESIAN_POINT('',(3.75,-13.46410161513));
#15732 = CARTESIAN_POINT('',(3.75,-10.));
#15733 = ( GEOMETRIC_REPRESENTATION_CONTEXT(2) 
PARAMETRIC_REPRESENTATION_CONTEXT() REPRESENTATION_CONTEXT('2D SPACE',''
  ) );
#15734 = PCURVE('',#15624,#15735);
#15735 = DEFINITIONAL_REPRESENTATION('',(#15736),#15740);
#15736 = LINE('',#15737,#15738);
#15737 = CARTESIAN_POINT('',(0.,8.));
#15738 = VECTOR('',#15739,1.);
#15739 = DIRECTION('',(1.,0.));
#15740 = ( GEOMETRIC_REPRESENTATION_CONTEXT(2) 
PARAMETRIC_REPRESENTATION_CONTEXT() REPRESENTATION_CONTEXT('2D SPACE',''
  ) );
#15741 = ADVANCED_FACE('',(#15742),#15523,.F.);
#15742 = FACE_BOUND('',#15743,.F.);
#15743 = EDGE_LOOP('',(#15744,#15745,#15746,#15747));
#15744 = ORIENTED_EDGE('',*,*,#15507,.T.);
#15745 = ORIENTED_EDGE('',*,*,#15690,.T.);
#15746 = ORIENTED_EDGE('',*,*,#15663,.T.);
#15747 = ORIENTED_EDGE('',*,*,#15583,.T.);
#15748 = ADVANCED_FACE('',(#15749),#15624,.F.);
#15749 = FACE_BOUND('',#15750,.F.);
#15750 = EDGE_LOOP('',(#15751,#15752,#15773,#15774));
#15751 = ORIENTED_EDGE('',*,*,#15607,.F.);
#15752 = ORIENTED_EDGE('',*,*,#15753,.F.);
#15753 = EDGE_CURVE('',#15715,#15608,#15754,.T.);
#15754 = SEAM_CURVE('',#15755,(#15759,#15766),.PCURVE_S1.);
#15755 = LINE('',#15756,#15757);
#15756 = CARTESIAN_POINT('',(2.,-64.,167.));
#15757 = VECTOR('',#15758,1.);
#15758 = DIRECTION('',(1.836970198721E-16,1.,0.));
#15759 = PCURVE('',#15624,#15760);
#15760 = DEFINITIONAL_REPRESENTATION('',(#15761),#15765);
#15761 = LINE('',#15762,#15763);
#15762 = CARTESIAN_POINT('',(6.28318530718,-0.));
#15763 = VECTOR('',#15764,1.);
#15764 = DIRECTION('',(0.,1.));
#15765 = ( GEOMETRIC_REPRESENTATION_CONTEXT(2) 
PARAMETRIC_REPRESENTATION_CONTEXT() REPRESENTATION_CONTEXT('2D SPACE',''
  ) );
#15766 = PCURVE('',#15624,#15767);
#15767 = DEFINITIONAL_REPRESENTATION('',(#15768),#15772);
#15768 = LINE('',#15769,#15770);
#15769 = CARTESIAN_POINT('',(0.,-0.));
#15770 = VECTOR('',#15771,1.);
#15771 = DIRECTION('',(0.,1.));
#15772 = ( GEOMETRIC_REPRESENTATION_CONTEXT(2) 
PARAMETRIC_REPRESENTATION_CONTEXT() REPRESENTATION_CONTEXT('2D SPACE',''
  ) );
#15773 = ORIENTED_EDGE('',*,*,#15714,.T.);
#15774 = ORIENTED_EDGE('',*,*,#15753,.T.);
#15775 = ( GEOMETRIC_REPRESENTATION_CONTEXT(3) 
GLOBAL_UNCERTAINTY_ASSIGNED_CONTEXT((#15779)) 
GLOBAL_UNIT_ASSIGNED_CONTEXT((#15776,#15777,#15778)) 
REPRESENTATION_CONTEXT('Context #1',
  '3D Context with UNIT and UNCERTAINTY') );
#15776 = ( LENGTH_UNIT() NAMED_UNIT(*) SI_UNIT(.MILLI.,.METRE.) );
#15777 = ( NAMED_UNIT(*) PLANE_ANGLE_UNIT() SI_UNIT($,.RADIAN.) );
#15778 = ( NAMED_UNIT(*) SI_UNIT($,.STERADIAN.) SOLID_ANGLE_UNIT() );
#15779 = UNCERTAINTY_MEASURE_WITH_UNIT(LENGTH_MEASURE(2.E-06),#15776,
  'distance_accuracy_value','confusion accuracy');
#15780 = PRODUCT_RELATED_PRODUCT_CATEGORY('part',$,(#7));
ENDSEC;
END-ISO-10303-21;
