ISO-10303-21;
HEADER;
FILE_DESCRIPTION(('Open CASCADE Model'),'2;1');
FILE_NAME('Open CASCADE Shape Model','2026-09-16T05:18:24',('Author'),(
    'Open CASCADE'),'Open CASCADE STEP processor 7.9','Open CASCADE 7.9'
  ,'Unknown');
FILE_SCHEMA(('AUTOMOTIVE_DESIGN { 1 0 10303 214 1 1 1 1 }'));
ENDSEC;
DATA;
#1 = APPLICATION_PROTOCOL_DEFINITION('international standard',
  'automotive_design',2000,#2);
#2 = APPLICATION_CONTEXT(
  'core data for automotive mechanical design processes');
#3 = SHAPE_DEFINITION_REPRESENTATION(#4,#10);
#4 = PRODUCT_DEFINITION_SHAPE('','',#5);
#5 = PRODUCT_DEFINITION('design','',#6,#9);
#6 = PRODUCT_DEFINITION_FORMATION('','',#7);
#7 = PRODUCT('Open CASCADE STEP translator 7.9 2',
  'Open CASCADE STEP translator 7.9 2','',(#8));
#8 = PRODUCT_CONTEXT('',#2,'mechanical');
#9 = PRODUCT_DEFINITION_CONTEXT('part definition',#2,'design');
#10 = ADVANCED_BREP_SHAPE_REPRESENTATION('',(#11,#15),#4932);
#11 = AXIS2_PLACEMENT_3D('',#12,#13,#14);
#12 = CARTESIAN_POINT('',(0.,0.,0.));
#13 = DIRECTION('',(0.,0.,1.));
#14 = DIRECTION('',(1.,0.,-0.));
#15 = MANIFOLD_SOLID_BREP('',#16);
#16 = CLOSED_SHELL('',(#17,#273,#721,#1040,#1088,#1345,#1709,#1840,#1901
    ,#1962,#2001,#2055,#2086,#2242,#2663,#2808,#2833,#2903,#3045,#3091,
    #3118,#3462,#3518,#3569,#3645,#3697,#3746,#3776,#3889,#3916,#3943,
    #3997,#4177,#4224,#4271,#4298,#4349,#4399,#4406,#4482,#4534,#4583,
    #4613,#4620,#4696,#4748,#4797,#4859,#4866,#4873,#4928));
#17 = ADVANCED_FACE('',(#18,#189,#231),#31,.T.);
#18 = FACE_BOUND('',#19,.T.);
#19 = EDGE_LOOP('',(#20,#53,#79,#105,#131,#163));
#20 = ORIENTED_EDGE('',*,*,#21,.F.);
#21 = EDGE_CURVE('',#22,#24,#26,.T.);
#22 = VERTEX_POINT('',#23);
#23 = CARTESIAN_POINT('',(-11.1,60.,158.));
#24 = VERTEX_POINT('',#25);
#25 = CARTESIAN_POINT('',(-12.,60.,230.));
#26 = SURFACE_CURVE('',#27,(#30,#41),.PCURVE_S1.);
#27 = B_SPLINE_CURVE_WITH_KNOTS('',1,(#28,#29),.UNSPECIFIED.,.F.,.F.,(2,
    2),(0.,1.),.PIECEWISE_BEZIER_KNOTS.);
#28 = CARTESIAN_POINT('',(-11.,60.,150.));
#29 = CARTESIAN_POINT('',(-12.,60.,230.));
#30 = PCURVE('',#31,#36);
#31 = PLANE('',#32);
#32 = AXIS2_PLACEMENT_3D('',#33,#34,#35);
#33 = CARTESIAN_POINT('',(-12.,60.,230.));
#34 = DIRECTION('',(-0.999921884154,1.110136298614E-16,
    -1.249902355193E-02));
#35 = DIRECTION('',(-1.110223024625E-16,-1.,0.));
#36 = DEFINITIONAL_REPRESENTATION('',(#37),#40);
#37 = B_SPLINE_CURVE_WITH_KNOTS('',1,(#38,#39),.UNSPECIFIED.,.F.,.F.,(2,
    2),(0.,1.),.PIECEWISE_BEZIER_KNOTS.);
#38 = CARTESIAN_POINT('',(0.,-80.00624975587));
#39 = CARTESIAN_POINT('',(0.,0.));
#40 = ( GEOMETRIC_REPRESENTATION_CONTEXT(2) 
PARAMETRIC_REPRESENTATION_CONTEXT() REPRESENTATION_CONTEXT('2D SPACE',''
  ) );
#41 = PCURVE('',#42,#47);
#42 = B_SPLINE_SURFACE_WITH_KNOTS('',1,1,(
    (#43,#44)
    ,(#45,#46)),.UNSPECIFIED.,.F.,.F.,.F.,(2,2),(2,2),(0.,24.),(0.,1.),
  .PIECEWISE_BEZIER_KNOTS.);
#43 = CARTESIAN_POINT('',(11.,60.,150.));
#44 = CARTESIAN_POINT('',(12.,60.,230.));
#45 = CARTESIAN_POINT('',(-11.,60.,150.));
#46 = CARTESIAN_POINT('',(-12.,60.,230.));
#47 = DEFINITIONAL_REPRESENTATION('',(#48),#52);
#48 = LINE('',#49,#50);
#49 = CARTESIAN_POINT('',(24.,0.));
#50 = VECTOR('',#51,1.);
#51 = DIRECTION('',(0.,1.));
#52 = ( GEOMETRIC_REPRESENTATION_CONTEXT(2) 
PARAMETRIC_REPRESENTATION_CONTEXT() REPRESENTATION_CONTEXT('2D SPACE',''
  ) );
#53 = ORIENTED_EDGE('',*,*,#54,.F.);
#54 = EDGE_CURVE('',#55,#22,#57,.T.);
#55 = VERTEX_POINT('',#56);
#56 = CARTESIAN_POINT('',(-11.1,47.,158.));
#57 = SURFACE_CURVE('',#58,(#62,#68),.PCURVE_S1.);
#58 = LINE('',#59,#60);
#59 = CARTESIAN_POINT('',(-11.1,-95.,158.));
#60 = VECTOR('',#61,1.);
#61 = DIRECTION('',(1.110223024625E-16,1.,-0.));
#62 = PCURVE('',#31,#63);
#63 = DEFINITIONAL_REPRESENTATION('',(#64),#67);
#64 = B_SPLINE_CURVE_WITH_KNOTS('',1,(#65,#66),.UNSPECIFIED.,.F.,.F.,(2,
    2),(142.,155.),.PIECEWISE_BEZIER_KNOTS.);
#65 = CARTESIAN_POINT('',(13.,-72.00562478029));
#66 = CARTESIAN_POINT('',(0.,-72.00562478029));
#67 = ( GEOMETRIC_REPRESENTATION_CONTEXT(2) 
PARAMETRIC_REPRESENTATION_CONTEXT() REPRESENTATION_CONTEXT('2D SPACE',''
  ) );
#68 = PCURVE('',#69,#74);
#69 = PLANE('',#70);
#70 = AXIS2_PLACEMENT_3D('',#71,#72,#73);
#71 = CARTESIAN_POINT('',(-250.,-250.,158.));
#72 = DIRECTION('',(0.,0.,1.));
#73 = DIRECTION('',(1.,0.,0.));
#74 = DEFINITIONAL_REPRESENTATION('',(#75),#78);
#75 = B_SPLINE_CURVE_WITH_KNOTS('',1,(#76,#77),.UNSPECIFIED.,.F.,.F.,(2,
    2),(142.,155.),.PIECEWISE_BEZIER_KNOTS.);
#76 = CARTESIAN_POINT('',(238.9,297.));
#77 = CARTESIAN_POINT('',(238.9,310.));
#78 = ( GEOMETRIC_REPRESENTATION_CONTEXT(2) 
PARAMETRIC_REPRESENTATION_CONTEXT() REPRESENTATION_CONTEXT('2D SPACE',''
  ) );
#79 = ORIENTED_EDGE('',*,*,#80,.T.);
#80 = EDGE_CURVE('',#55,#81,#83,.T.);
#81 = VERTEX_POINT('',#82);
#82 = CARTESIAN_POINT('',(-11.725,47.,208.));
#83 = SURFACE_CURVE('',#84,(#87,#93),.PCURVE_S1.);
#84 = B_SPLINE_CURVE_WITH_KNOTS('',1,(#85,#86),.UNSPECIFIED.,.F.,.F.,(2,
    2),(0.,1.),.PIECEWISE_BEZIER_KNOTS.);
#85 = CARTESIAN_POINT('',(-11.,47.,150.));
#86 = CARTESIAN_POINT('',(-12.,47.,230.));
#87 = PCURVE('',#31,#88);
#88 = DEFINITIONAL_REPRESENTATION('',(#89),#92);
#89 = B_SPLINE_CURVE_WITH_KNOTS('',1,(#90,#91),.UNSPECIFIED.,.F.,.F.,(2,
    2),(0.,1.),.PIECEWISE_BEZIER_KNOTS.);
#90 = CARTESIAN_POINT('',(13.,-80.00624975587));
#91 = CARTESIAN_POINT('',(13.,0.));
#92 = ( GEOMETRIC_REPRESENTATION_CONTEXT(2) 
PARAMETRIC_REPRESENTATION_CONTEXT() REPRESENTATION_CONTEXT('2D SPACE',''
  ) );
#93 = PCURVE('',#94,#99);
#94 = B_SPLINE_SURFACE_WITH_KNOTS('',1,1,(
    (#95,#96)
    ,(#97,#98)),.UNSPECIFIED.,.F.,.F.,.F.,(2,2),(2,2),(0.,24.),(0.,1.),
  .PIECEWISE_BEZIER_KNOTS.);
#95 = CARTESIAN_POINT('',(-11.,47.,150.));
#96 = CARTESIAN_POINT('',(-12.,47.,230.));
#97 = CARTESIAN_POINT('',(11.,47.,150.));
#98 = CARTESIAN_POINT('',(12.,47.,230.));
#99 = DEFINITIONAL_REPRESENTATION('',(#100),#104);
#100 = LINE('',#101,#102);
#101 = CARTESIAN_POINT('',(0.,0.));
#102 = VECTOR('',#103,1.);
#103 = DIRECTION('',(0.,1.));
#104 = ( GEOMETRIC_REPRESENTATION_CONTEXT(2) 
PARAMETRIC_REPRESENTATION_CONTEXT() REPRESENTATION_CONTEXT('2D SPACE',''
  ) );
#105 = ORIENTED_EDGE('',*,*,#106,.F.);
#106 = EDGE_CURVE('',#107,#81,#109,.T.);
#107 = VERTEX_POINT('',#108);
#108 = CARTESIAN_POINT('',(-11.725,49.633903483405,208.));
#109 = SURFACE_CURVE('',#110,(#114,#120),.PCURVE_S1.);
#110 = LINE('',#111,#112);
#111 = CARTESIAN_POINT('',(-11.725,30.,208.));
#112 = VECTOR('',#113,1.);
#113 = DIRECTION('',(-1.110223024625E-16,-1.,0.));
#114 = PCURVE('',#31,#115);
#115 = DEFINITIONAL_REPRESENTATION('',(#116),#119);
#116 = B_SPLINE_CURVE_WITH_KNOTS('',1,(#117,#118),.UNSPECIFIED.,.F.,.F.,
  (2,2),(-21.,-17.),.PIECEWISE_BEZIER_KNOTS.);
#117 = CARTESIAN_POINT('',(9.,-22.00171868286));
#118 = CARTESIAN_POINT('',(13.,-22.00171868286));
#119 = ( GEOMETRIC_REPRESENTATION_CONTEXT(2) 
PARAMETRIC_REPRESENTATION_CONTEXT() REPRESENTATION_CONTEXT('2D SPACE',''
  ) );
#120 = PCURVE('',#121,#126);
#121 = PLANE('',#122);
#122 = AXIS2_PLACEMENT_3D('',#123,#124,#125);
#123 = CARTESIAN_POINT('',(-1.716003303579E-15,-3.658962549716E-16,208.)
  );
#124 = DIRECTION('',(0.,0.,1.));
#125 = DIRECTION('',(1.,0.,-0.));
#126 = DEFINITIONAL_REPRESENTATION('',(#127),#130);
#127 = B_SPLINE_CURVE_WITH_KNOTS('',1,(#128,#129),.UNSPECIFIED.,.F.,.F.,
  (2,2),(-21.,-17.),.PIECEWISE_BEZIER_KNOTS.);
#128 = CARTESIAN_POINT('',(-11.725,51.));
#129 = CARTESIAN_POINT('',(-11.725,47.));
#130 = ( GEOMETRIC_REPRESENTATION_CONTEXT(2) 
PARAMETRIC_REPRESENTATION_CONTEXT() REPRESENTATION_CONTEXT('2D SPACE',''
  ) );
#131 = ORIENTED_EDGE('',*,*,#132,.F.);
#132 = EDGE_CURVE('',#133,#107,#135,.T.);
#133 = VERTEX_POINT('',#134);
#134 = CARTESIAN_POINT('',(-12.,49.568134925575,230.));
#135 = SURFACE_CURVE('',#136,(#141,#148),.PCURVE_S1.);
#136 = ELLIPSE('',#137,4.08031873755E+03,51.);
#137 = AXIS2_PLACEMENT_3D('',#138,#139,#140);
#138 = CARTESIAN_POINT('',(0.,0.,-730.));
#139 = DIRECTION('',(-0.999921884154,1.110136298614E-16,
    -1.249902355193E-02));
#140 = DIRECTION('',(1.249902355193E-02,-1.387670373268E-18,
    -0.999921884154));
#141 = PCURVE('',#31,#142);
#142 = DEFINITIONAL_REPRESENTATION('',(#143),#147);
#143 = ELLIPSE('',#144,4.08031873755E+03,51.);
#144 = AXIS2_PLACEMENT_2D('',#145,#146);
#145 = CARTESIAN_POINT('',(60.,-960.0749970705));
#146 = DIRECTION('',(0.,-1.));
#147 = ( GEOMETRIC_REPRESENTATION_CONTEXT(2) 
PARAMETRIC_REPRESENTATION_CONTEXT() REPRESENTATION_CONTEXT('2D SPACE',''
  ) );
#148 = PCURVE('',#149,#154);
#149 = CYLINDRICAL_SURFACE('',#150,51.);
#150 = AXIS2_PLACEMENT_3D('',#151,#152,#153);
#151 = CARTESIAN_POINT('',(0.,0.,208.));
#152 = DIRECTION('',(-0.,-0.,-1.));
#153 = DIRECTION('',(1.,0.,0.));
#154 = DEFINITIONAL_REPRESENTATION('',(#155),#162);
#155 = B_SPLINE_CURVE_WITH_KNOTS('',5,(#156,#157,#158,#159,#160,#161),
  .UNSPECIFIED.,.F.,.F.,(6,6),(4.474867809452,4.480412036466),
  .PIECEWISE_BEZIER_KNOTS.);
#156 = CARTESIAN_POINT('',(-1.808317497728,-22.0000006));
#157 = CARTESIAN_POINT('',(-1.807208652325,-17.60292871745));
#158 = CARTESIAN_POINT('',(-1.806099806922,-13.20438138915));
#159 = CARTESIAN_POINT('',(-1.804990961519,-8.80436987836));
#160 = CARTESIAN_POINT('',(-1.803882116117,-4.402905455908));
#161 = CARTESIAN_POINT('',(-1.802773270714,5.999978611726E-07));
#162 = ( GEOMETRIC_REPRESENTATION_CONTEXT(2) 
PARAMETRIC_REPRESENTATION_CONTEXT() REPRESENTATION_CONTEXT('2D SPACE',''
  ) );
#163 = ORIENTED_EDGE('',*,*,#164,.F.);
#164 = EDGE_CURVE('',#24,#133,#165,.T.);
#165 = SURFACE_CURVE('',#166,(#170,#177),.PCURVE_S1.);
#166 = LINE('',#167,#168);
#167 = CARTESIAN_POINT('',(-12.,60.,230.));
#168 = VECTOR('',#169,1.);
#169 = DIRECTION('',(-1.110223024625E-16,-1.,0.));
#170 = PCURVE('',#31,#171);
#171 = DEFINITIONAL_REPRESENTATION('',(#172),#176);
#172 = LINE('',#173,#174);
#173 = CARTESIAN_POINT('',(0.,0.));
#174 = VECTOR('',#175,1.);
#175 = DIRECTION('',(1.,0.));
#176 = ( GEOMETRIC_REPRESENTATION_CONTEXT(2) 
PARAMETRIC_REPRESENTATION_CONTEXT() REPRESENTATION_CONTEXT('2D SPACE',''
  ) );
#177 = PCURVE('',#178,#183);
#178 = PLANE('',#179);
#179 = AXIS2_PLACEMENT_3D('',#180,#181,#182);
#180 = CARTESIAN_POINT('',(12.,47.,230.));
#181 = DIRECTION('',(0.,0.,-1.));
#182 = DIRECTION('',(-0.879291966537,0.476283148541,0.));
#183 = DEFINITIONAL_REPRESENTATION('',(#184),#188);
#184 = LINE('',#185,#186);
#185 = CARTESIAN_POINT('',(27.294688127912,-5.329070518201E-15));
#186 = VECTOR('',#187,1.);
#187 = DIRECTION('',(-0.476283148541,-0.879291966537));
#188 = ( GEOMETRIC_REPRESENTATION_CONTEXT(2) 
PARAMETRIC_REPRESENTATION_CONTEXT() REPRESENTATION_CONTEXT('2D SPACE',''
  ) );
#189 = FACE_BOUND('',#190,.T.);
#190 = EDGE_LOOP('',(#191));
#191 = ORIENTED_EDGE('',*,*,#192,.F.);
#192 = EDGE_CURVE('',#193,#193,#195,.T.);
#193 = VERTEX_POINT('',#194);
#194 = CARTESIAN_POINT('',(-11.50625,53.5,190.5));
#195 = SURFACE_CURVE('',#196,(#201,#208),.PCURVE_S1.);
#196 = ELLIPSE('',#197,2.500195304871,2.5);
#197 = AXIS2_PLACEMENT_3D('',#198,#199,#200);
#198 = CARTESIAN_POINT('',(-11.475,53.5,188.));
#199 = DIRECTION('',(-0.999921884154,1.110136298614E-16,
    -1.249902355193E-02));
#200 = DIRECTION('',(1.249902355193E-02,8.881090388915E-15,
    -0.999921884154));
#201 = PCURVE('',#31,#202);
#202 = DEFINITIONAL_REPRESENTATION('',(#203),#207);
#203 = ELLIPSE('',#204,2.500195304871,2.5);
#204 = AXIS2_PLACEMENT_2D('',#205,#206);
#205 = CARTESIAN_POINT('',(6.5,-42.00328112183));
#206 = DIRECTION('',(-8.882478059289E-15,-1.));
#207 = ( GEOMETRIC_REPRESENTATION_CONTEXT(2) 
PARAMETRIC_REPRESENTATION_CONTEXT() REPRESENTATION_CONTEXT('2D SPACE',''
  ) );
#208 = PCURVE('',#209,#214);
#209 = CYLINDRICAL_SURFACE('',#210,2.5);
#210 = AXIS2_PLACEMENT_3D('',#211,#212,#213);
#211 = CARTESIAN_POINT('',(-90.,53.5,188.));
#212 = DIRECTION('',(1.,0.,0.));
#213 = DIRECTION('',(-0.,0.,1.));
#214 = DEFINITIONAL_REPRESENTATION('',(#215),#230);
#215 = B_SPLINE_CURVE_WITH_KNOTS('',7,(#216,#217,#218,#219,#220,#221,
    #222,#223,#224,#225,#226,#227,#228,#229),.UNSPECIFIED.,.F.,.F.,(8,6,
    8),(3.14159265359,6.28318530718,9.424777960769),.UNSPECIFIED.);
#216 = CARTESIAN_POINT('',(6.28318530718,78.49375));
#217 = CARTESIAN_POINT('',(5.834386356667,78.49375));
#218 = CARTESIAN_POINT('',(5.385587406154,78.501094691303));
#219 = CARTESIAN_POINT('',(4.936788455641,78.515770607613));
#220 = CARTESIAN_POINT('',(4.487989505128,78.534229392404));
#221 = CARTESIAN_POINT('',(4.039190554615,78.548905308697));
#222 = CARTESIAN_POINT('',(3.590391604103,78.55625));
#223 = CARTESIAN_POINT('',(2.692793703077,78.55625));
#224 = CARTESIAN_POINT('',(2.243994752564,78.548905308704));
#225 = CARTESIAN_POINT('',(1.795195802052,78.534229392382));
#226 = CARTESIAN_POINT('',(1.346396851537,78.51577060765));
#227 = CARTESIAN_POINT('',(0.897597901027,78.501094691299));
#228 = CARTESIAN_POINT('',(0.448798950513,78.49375));
#229 = CARTESIAN_POINT('',(1.68753899743E-14,78.49375));
#230 = ( GEOMETRIC_REPRESENTATION_CONTEXT(2) 
PARAMETRIC_REPRESENTATION_CONTEXT() REPRESENTATION_CONTEXT('2D SPACE',''
  ) );
#231 = FACE_BOUND('',#232,.T.);
#232 = EDGE_LOOP('',(#233));
#233 = ORIENTED_EDGE('',*,*,#234,.F.);
#234 = EDGE_CURVE('',#235,#235,#237,.T.);
#235 = VERTEX_POINT('',#236);
#236 = CARTESIAN_POINT('',(-11.95625,53.5,226.5));
#237 = SURFACE_CURVE('',#238,(#243,#250),.PCURVE_S1.);
#238 = ELLIPSE('',#239,2.500195304871,2.5);
#239 = AXIS2_PLACEMENT_3D('',#240,#241,#242);
#240 = CARTESIAN_POINT('',(-11.925,53.5,224.));
#241 = DIRECTION('',(-0.999921884154,1.110136298614E-16,
    -1.249902355193E-02));
#242 = DIRECTION('',(1.249902355193E-02,8.881090388915E-15,
    -0.999921884154));
#243 = PCURVE('',#31,#244);
#244 = DEFINITIONAL_REPRESENTATION('',(#245),#249);
#245 = ELLIPSE('',#246,2.500195304871,2.5);
#246 = AXIS2_PLACEMENT_2D('',#247,#248);
#247 = CARTESIAN_POINT('',(6.5,-6.000468731691));
#248 = DIRECTION('',(-8.882478059289E-15,-1.));
#249 = ( GEOMETRIC_REPRESENTATION_CONTEXT(2) 
PARAMETRIC_REPRESENTATION_CONTEXT() REPRESENTATION_CONTEXT('2D SPACE',''
  ) );
#250 = PCURVE('',#251,#256);
#251 = CYLINDRICAL_SURFACE('',#252,2.5);
#252 = AXIS2_PLACEMENT_3D('',#253,#254,#255);
#253 = CARTESIAN_POINT('',(-90.,53.5,224.));
#254 = DIRECTION('',(1.,0.,0.));
#255 = DIRECTION('',(-0.,0.,1.));
#256 = DEFINITIONAL_REPRESENTATION('',(#257),#272);
#257 = B_SPLINE_CURVE_WITH_KNOTS('',7,(#258,#259,#260,#261,#262,#263,
    #264,#265,#266,#267,#268,#269,#270,#271),.UNSPECIFIED.,.F.,.F.,(8,6,
    8),(3.14159265359,6.28318530718,9.424777960769),.UNSPECIFIED.);
#258 = CARTESIAN_POINT('',(6.28318530718,78.04375));
#259 = CARTESIAN_POINT('',(5.834386356667,78.04375));
#260 = CARTESIAN_POINT('',(5.385587406154,78.051094691309));
#261 = CARTESIAN_POINT('',(4.936788455641,78.065770607587));
#262 = CARTESIAN_POINT('',(4.487989505128,78.084229392422));
#263 = CARTESIAN_POINT('',(4.039190554615,78.098905308689));
#264 = CARTESIAN_POINT('',(3.590391604103,78.10625));
#265 = CARTESIAN_POINT('',(2.692793703077,78.10625));
#266 = CARTESIAN_POINT('',(2.243994752564,78.0989053087));
#267 = CARTESIAN_POINT('',(1.795195802052,78.084229392371));
#268 = CARTESIAN_POINT('',(1.346396851537,78.065770607616));
#269 = CARTESIAN_POINT('',(0.897597901027,78.051094691287));
#270 = CARTESIAN_POINT('',(0.448798950513,78.04375));
#271 = CARTESIAN_POINT('',(1.68753899743E-14,78.04375));
#272 = ( GEOMETRIC_REPRESENTATION_CONTEXT(2) 
PARAMETRIC_REPRESENTATION_CONTEXT() REPRESENTATION_CONTEXT('2D SPACE',''
  ) );
#273 = ADVANCED_FACE('',(#274,#344),#42,.T.);
#274 = FACE_BOUND('',#275,.T.);
#275 = EDGE_LOOP('',(#276,#304,#322,#323));
#276 = ORIENTED_EDGE('',*,*,#277,.F.);
#277 = EDGE_CURVE('',#278,#280,#282,.T.);
#278 = VERTEX_POINT('',#279);
#279 = CARTESIAN_POINT('',(11.1,60.,158.));
#280 = VERTEX_POINT('',#281);
#281 = CARTESIAN_POINT('',(12.,60.,230.));
#282 = SURFACE_CURVE('',#283,(#286,#293),.PCURVE_S1.);
#283 = B_SPLINE_CURVE_WITH_KNOTS('',1,(#284,#285),.UNSPECIFIED.,.F.,.F.,
  (2,2),(0.,1.),.PIECEWISE_BEZIER_KNOTS.);
#284 = CARTESIAN_POINT('',(11.,60.,150.));
#285 = CARTESIAN_POINT('',(12.,60.,230.));
#286 = PCURVE('',#42,#287);
#287 = DEFINITIONAL_REPRESENTATION('',(#288),#292);
#288 = LINE('',#289,#290);
#289 = CARTESIAN_POINT('',(0.,0.));
#290 = VECTOR('',#291,1.);
#291 = DIRECTION('',(0.,1.));
#292 = ( GEOMETRIC_REPRESENTATION_CONTEXT(2) 
PARAMETRIC_REPRESENTATION_CONTEXT() REPRESENTATION_CONTEXT('2D SPACE',''
  ) );
#293 = PCURVE('',#294,#299);
#294 = PLANE('',#295);
#295 = AXIS2_PLACEMENT_3D('',#296,#297,#298);
#296 = CARTESIAN_POINT('',(12.,47.,230.));
#297 = DIRECTION('',(0.999921884154,-1.110136298614E-16,
    -1.249902355193E-02));
#298 = DIRECTION('',(1.110223024625E-16,1.,0.));
#299 = DEFINITIONAL_REPRESENTATION('',(#300),#303);
#300 = B_SPLINE_CURVE_WITH_KNOTS('',1,(#301,#302),.UNSPECIFIED.,.F.,.F.,
  (2,2),(0.,1.),.PIECEWISE_BEZIER_KNOTS.);
#301 = CARTESIAN_POINT('',(13.,-80.00624975587));
#302 = CARTESIAN_POINT('',(13.,0.));
#303 = ( GEOMETRIC_REPRESENTATION_CONTEXT(2) 
PARAMETRIC_REPRESENTATION_CONTEXT() REPRESENTATION_CONTEXT('2D SPACE',''
  ) );
#304 = ORIENTED_EDGE('',*,*,#305,.F.);
#305 = EDGE_CURVE('',#22,#278,#306,.T.);
#306 = SURFACE_CURVE('',#307,(#310,#316),.PCURVE_S1.);
#307 = B_SPLINE_CURVE_WITH_KNOTS('',1,(#308,#309),.UNSPECIFIED.,.F.,.F.,
  (2,2),(0.,1.),.PIECEWISE_BEZIER_KNOTS.);
#308 = CARTESIAN_POINT('',(-11.1,60.,158.));
#309 = CARTESIAN_POINT('',(11.1,60.,158.));
#310 = PCURVE('',#42,#311);
#311 = DEFINITIONAL_REPRESENTATION('',(#312),#315);
#312 = B_SPLINE_CURVE_WITH_KNOTS('',1,(#313,#314),.UNSPECIFIED.,.F.,.F.,
  (2,2),(0.,1.),.PIECEWISE_BEZIER_KNOTS.);
#313 = CARTESIAN_POINT('',(24.,0.1));
#314 = CARTESIAN_POINT('',(0.,1.E-01));
#315 = ( GEOMETRIC_REPRESENTATION_CONTEXT(2) 
PARAMETRIC_REPRESENTATION_CONTEXT() REPRESENTATION_CONTEXT('2D SPACE',''
  ) );
#316 = PCURVE('',#69,#317);
#317 = DEFINITIONAL_REPRESENTATION('',(#318),#321);
#318 = B_SPLINE_CURVE_WITH_KNOTS('',1,(#319,#320),.UNSPECIFIED.,.F.,.F.,
  (2,2),(0.,1.),.PIECEWISE_BEZIER_KNOTS.);
#319 = CARTESIAN_POINT('',(238.9,310.));
#320 = CARTESIAN_POINT('',(261.1,310.));
#321 = ( GEOMETRIC_REPRESENTATION_CONTEXT(2) 
PARAMETRIC_REPRESENTATION_CONTEXT() REPRESENTATION_CONTEXT('2D SPACE',''
  ) );
#322 = ORIENTED_EDGE('',*,*,#21,.T.);
#323 = ORIENTED_EDGE('',*,*,#324,.F.);
#324 = EDGE_CURVE('',#280,#24,#325,.T.);
#325 = SURFACE_CURVE('',#326,(#330,#337),.PCURVE_S1.);
#326 = LINE('',#327,#328);
#327 = CARTESIAN_POINT('',(12.,60.,230.));
#328 = VECTOR('',#329,1.);
#329 = DIRECTION('',(-1.,1.110223024625E-16,0.));
#330 = PCURVE('',#42,#331);
#331 = DEFINITIONAL_REPRESENTATION('',(#332),#336);
#332 = LINE('',#333,#334);
#333 = CARTESIAN_POINT('',(0.,1.));
#334 = VECTOR('',#335,1.);
#335 = DIRECTION('',(1.,0.));
#336 = ( GEOMETRIC_REPRESENTATION_CONTEXT(2) 
PARAMETRIC_REPRESENTATION_CONTEXT() REPRESENTATION_CONTEXT('2D SPACE',''
  ) );
#337 = PCURVE('',#178,#338);
#338 = DEFINITIONAL_REPRESENTATION('',(#339),#343);
#339 = LINE('',#340,#341);
#340 = CARTESIAN_POINT('',(6.19168093103,11.430795564978));
#341 = VECTOR('',#342,1.);
#342 = DIRECTION('',(0.879291966537,-0.476283148541));
#343 = ( GEOMETRIC_REPRESENTATION_CONTEXT(2) 
PARAMETRIC_REPRESENTATION_CONTEXT() REPRESENTATION_CONTEXT('2D SPACE',''
  ) );
#344 = FACE_BOUND('',#345,.T.);
#345 = EDGE_LOOP('',(#346));
#346 = ORIENTED_EDGE('',*,*,#347,.T.);
#347 = EDGE_CURVE('',#348,#348,#350,.T.);
#348 = VERTEX_POINT('',#349);
#349 = CARTESIAN_POINT('',(-2.,60.,167.));
#350 = SURFACE_CURVE('',#351,(#438,#577),.PCURVE_S1.);
#351 = B_SPLINE_CURVE_WITH_KNOTS('',7,(#352,#353,#354,#355,#356,#357,
    #358,#359,#360,#361,#362,#363,#364,#365,#366,#367,#368,#369,#370,
    #371,#372,#373,#374,#375,#376,#377,#378,#379,#380,#381,#382,#383,
    #384,#385,#386,#387,#388,#389,#390,#391,#392,#393,#394,#395,#396,
    #397,#398,#399,#400,#401,#402,#403,#404,#405,#406,#407,#408,#409,
    #410,#411,#412,#413,#414,#415,#416,#417,#418,#419,#420,#421,#422,
    #423,#424,#425,#426,#427,#428,#429,#430,#431,#432,#433,#434,#435,
    #436,#437),.UNSPECIFIED.,.T.,.F.,(8,6,6,6,6,6,6,6,6,6,6,6,6,6,8),(0.
    ,0.100156649056,0.249189180768,0.366193939199,0.499499383066,
    0.68514104671,0.83462985634,1.,1.160221098936,1.246310480136,
    1.363849877012,1.501642607915,1.687277288789,1.837652350459,
    2.000317237145),.UNSPECIFIED.);
#352 = CARTESIAN_POINT('',(-2.,60.,167.));
#353 = CARTESIAN_POINT('',(-2.,60.,166.89211141818));
#354 = CARTESIAN_POINT('',(-1.993209882642,60.,166.78416690067));
#355 = CARTESIAN_POINT('',(-1.979617878298,60.,166.67725212858));
#356 = CARTESIAN_POINT('',(-1.959473673257,60.,166.57229029125));
#357 = CARTESIAN_POINT('',(-1.933194836108,60.,166.470050857));
#358 = CARTESIAN_POINT('',(-1.901303835805,60.,166.3711584205));
#359 = CARTESIAN_POINT('',(-1.809476480154,60.,166.13465765072));
#360 = CARTESIAN_POINT('',(-1.743451082866,60.,166.00171439335));
#361 = CARTESIAN_POINT('',(-1.668053256815,60.,165.8782952098));
#362 = CARTESIAN_POINT('',(-1.584999914797,60.,165.76478526864));
#363 = CARTESIAN_POINT('',(-1.495762570124,60.,165.66120623291));
#364 = CARTESIAN_POINT('',(-1.401519902376,60.,165.56731529399));
#365 = CARTESIAN_POINT('',(-1.225766975595,60.,165.41637212923));
#366 = CARTESIAN_POINT('',(-1.145907707088,60.,165.35576897205));
#367 = CARTESIAN_POINT('',(-1.063899781187,60.,165.30078956612));
#368 = CARTESIAN_POINT('',(-0.980098770989,60.,165.25129069262));
#369 = CARTESIAN_POINT('',(-0.894808157342,60.,165.20713642009));
#370 = CARTESIAN_POINT('',(-0.808281271708,60.,165.16819960268));
#371 = CARTESIAN_POINT('',(-0.620958726623,60.,165.09583411715));
#372 = CARTESIAN_POINT('',(-0.51987960514,60.,165.06393807305));
#373 = CARTESIAN_POINT('',(-0.417790334317,60.,165.03852426306));
#374 = CARTESIAN_POINT('',(-0.314971492252,60.,165.01948248105));
#375 = CARTESIAN_POINT('',(-0.211680568349,60.,165.00673687934));
#376 = CARTESIAN_POINT('',(-0.108154640728,60.,165.0002440411));
#377 = CARTESIAN_POINT('',(0.139584020809,60.,164.99967286549));
#378 = CARTESIAN_POINT('',(0.283734458054,60.,165.01146984915));
#379 = CARTESIAN_POINT('',(0.427306440887,60.,165.03537351607));
#380 = CARTESIAN_POINT('',(0.569655235706,60.,165.07156006666));
#381 = CARTESIAN_POINT('',(0.710029879698,60.,165.12030358204));
#382 = CARTESIAN_POINT('',(0.847555892806,60.,165.18198739944));
#383 = CARTESIAN_POINT('',(1.088810254561,60.,165.31781572212));
#384 = CARTESIAN_POINT('',(1.19381073789,60.,165.38714197374));
#385 = CARTESIAN_POINT('',(1.295699034664,60.,165.46552382546));
#386 = CARTESIAN_POINT('',(1.393724848418,60.,165.55329962949));
#387 = CARTESIAN_POINT('',(1.486910910884,60.,165.65075290688));
#388 = CARTESIAN_POINT('',(1.574064904463,60.,165.75806125378));
#389 = CARTESIAN_POINT('',(1.741960391375,60.,166.00493114536));
#390 = CARTESIAN_POINT('',(1.82118277214,60.,166.14692391724));
#391 = CARTESIAN_POINT('',(1.889143498112,60.,166.30087657101));
#392 = CARTESIAN_POINT('',(1.9431541069,60.,166.46562001475));
#393 = CARTESIAN_POINT('',(1.980671042677,60.,166.63893237208));
#394 = CARTESIAN_POINT('',(1.999608540783,60.,166.81733829844));
#395 = CARTESIAN_POINT('',(2.000370009358,60.,167.16843399917));
#396 = CARTESIAN_POINT('',(1.983331831587,60.,167.34135840646));
#397 = CARTESIAN_POINT('',(1.948833477966,60.,167.50975213643));
#398 = CARTESIAN_POINT('',(1.898685288411,60.,167.6704113596));
#399 = CARTESIAN_POINT('',(1.835145622747,60.,167.82121943327));
#400 = CARTESIAN_POINT('',(1.760651215894,60.,167.96098277926));
#401 = CARTESIAN_POINT('',(1.632631058863,60.,168.15813039347));
#402 = CARTESIAN_POINT('',(1.585291417214,60.,168.22380195782));
#403 = CARTESIAN_POINT('',(1.535642791762,60.,168.28621128951));
#404 = CARTESIAN_POINT('',(1.483946413047,60.,168.34536213894));
#405 = CARTESIAN_POINT('',(1.430435804522,60.,168.40128290068));
#406 = CARTESIAN_POINT('',(1.375313447285,60.,168.45401989759));
#407 = CARTESIAN_POINT('',(1.241516853531,60.,168.57136514749));
#408 = CARTESIAN_POINT('',(1.16161506112,60.,168.6332547862));
#409 = CARTESIAN_POINT('',(1.079469198494,60.,168.68945397907));
#410 = CARTESIAN_POINT('',(0.995447234371,60.,168.74010297826));
#411 = CARTESIAN_POINT('',(0.909863778921,60.,168.78533615853));
#412 = CARTESIAN_POINT('',(0.822981915948,60.,168.82528026928));
#413 = CARTESIAN_POINT('',(0.631881863474,60.,168.90079501689));
#414 = CARTESIAN_POINT('',(0.527284067745,60.,168.93441516419));
#415 = CARTESIAN_POINT('',(0.421566092459,60.,168.96107924897));
#416 = CARTESIAN_POINT('',(0.315044662489,60.,168.98090641537));
#417 = CARTESIAN_POINT('',(0.208010307812,60.,168.99397817812));
#418 = CARTESIAN_POINT('',(0.100730494769,60.,169.0003405988));
#419 = CARTESIAN_POINT('',(-0.151077606063,60.,168.99951597224));
#420 = CARTESIAN_POINT('',(-0.295524928437,60.,168.98685744035));
#421 = CARTESIAN_POINT('',(-0.439343236468,60.,168.96202982765));
#422 = CARTESIAN_POINT('',(-0.581870625071,60.,168.92485472483));
#423 = CARTESIAN_POINT('',(-0.722337111426,60.,168.8750599607));
#424 = CARTESIAN_POINT('',(-0.859847465878,60.,168.81226888419));
#425 = CARTESIAN_POINT('',(-1.1014793479,60.,168.67399711056));
#426 = CARTESIAN_POINT('',(-1.2068863497,60.,168.60324587688));
#427 = CARTESIAN_POINT('',(-1.309044513129,60.,168.5233075278));
#428 = CARTESIAN_POINT('',(-1.407176382633,60.,168.43384744601));
#429 = CARTESIAN_POINT('',(-1.500271978443,60.,168.33459243274));
#430 = CARTESIAN_POINT('',(-1.587102917312,60.,168.22538449023));
#431 = CARTESIAN_POINT('',(-1.751810642343,60.,167.9772940885));
#432 = CARTESIAN_POINT('',(-1.828536442722,60.,167.83647220291));
#433 = CARTESIAN_POINT('',(-1.894143388663,60.,167.68420338344));
#434 = CARTESIAN_POINT('',(-1.946097306864,60.,167.52167340534));
#435 = CARTESIAN_POINT('',(-1.98203323051,60.,167.35101523077));
#436 = CARTESIAN_POINT('',(-2.,60.,167.17549544766));
#437 = CARTESIAN_POINT('',(-2.,60.,167.));
#438 = PCURVE('',#42,#439);
#439 = DEFINITIONAL_REPRESENTATION('',(#440),#576);
#440 = B_SPLINE_CURVE_WITH_KNOTS('',3,(#441,#442,#443,#444,#445,#446,
    #447,#448,#449,#450,#451,#452,#453,#454,#455,#456,#457,#458,#459,
    #460,#461,#462,#463,#464,#465,#466,#467,#468,#469,#470,#471,#472,
    #473,#474,#475,#476,#477,#478,#479,#480,#481,#482,#483,#484,#485,
    #486,#487,#488,#489,#490,#491,#492,#493,#494,#495,#496,#497,#498,
    #499,#500,#501,#502,#503,#504,#505,#506,#507,#508,#509,#510,#511,
    #512,#513,#514,#515,#516,#517,#518,#519,#520,#521,#522,#523,#524,
    #525,#526,#527,#528,#529,#530,#531,#532,#533,#534,#535,#536,#537,
    #538,#539,#540,#541,#542,#543,#544,#545,#546,#547,#548,#549,#550,
    #551,#552,#553,#554,#555,#556,#557,#558,#559,#560,#561,#562,#563,
    #564,#565,#566,#567,#568,#569,#570,#571,#572,#573,#574,#575),
  .UNSPECIFIED.,.T.,.F.,(4,1,1,1,1,1,1,1,1,1,1,1,1,1,1,1,1,1,1,1,1,1,1,1
    ,1,1,1,1,1,1,1,1,1,1,1,1,1,1,1,1,1,1,1,1,1,1,1,1,1,1,1,1,1,1,1,1,1,1
    ,1,1,1,1,1,1,1,1,1,1,1,1,1,1,1,1,1,1,1,1,1,1,1,1,1,1,1,1,1,1,1,1,1,1
    ,1,1,1,1,1,1,1,1,1,1,1,1,1,1,1,1,1,1,1,1,1,1,1,1,1,1,1,1,1,1,1,1,1,1
    ,1,1,1,1,1,1,4),(0.,1.515391846322E-02,3.030783692644E-02,
    4.546175538966E-02,6.061567385289E-02,7.576959231611E-02,
    9.092351077933E-02,0.106077429243,0.121231347706,0.136385266169,
    0.151539184632,0.166693103095,0.181847021559,0.197000940022,
    0.212154858485,0.227308776948,0.242462695412,0.257616613875,
    0.272770532338,0.287924450801,0.303078369264,0.318232287728,
    0.333386206191,0.348540124654,0.363694043117,0.378847961581,
    0.394001880044,0.409155798507,0.42430971697,0.439463635433,
    0.454617553897,0.46977147236,0.484925390823,0.500079309286,
    0.51523322775,0.530387146213,0.545541064676,0.560694983139,
    0.575848901602,0.591002820066,0.606156738529,0.621310656992,
    0.636464575455,0.651618493919,0.666772412382,0.681926330845,
    0.697080249308,0.712234167771,0.727388086235,0.742542004698,
    0.757695923161,0.772849841624,0.788003760088,0.803157678551,
    0.818311597014,0.833465515477,0.84861943394,0.863773352404,
    0.878927270867,0.89408118933,0.909235107793,0.924389026256,
    0.93954294472,0.954696863183,0.969850781646,0.985004700109,
    1.000158618573,1.015312537036,1.030466455499,1.045620373962,
    1.060774292425,1.075928210889,1.091082129352,1.106236047815,
    1.121389966278,1.136543884742,1.151697803205,1.166851721668,
    1.182005640131,1.197159558594,1.212313477058,1.227467395521,
    1.242621313984,1.257775232447,1.272929150911,1.288083069374,
    1.303236987837,1.3183909063,1.333544824763,1.348698743227,
    1.36385266169,1.379006580153,1.394160498616,1.40931441708,
    1.424468335543,1.439622254006,1.454776172469,1.469930090932,
    1.485084009396,1.500237927859,1.515391846322,1.530545764785,
    1.545699683249,1.560853601712,1.576007520175,1.591161438638,
    1.606315357101,1.621469275565,1.636623194028,1.651777112491,
    1.666931030954,1.682084949418,1.697238867881,1.712392786344,
    1.727546704807,1.74270062327,1.757854541734,1.773008460197,
    1.78816237866,1.803316297123,1.818470215587,1.83362413405,
    1.848778052513,1.863931970976,1.879085889439,1.894239807903,
    1.909393726366,1.924547644829,1.939701563292,1.954855481756,
    1.970009400219,1.985163318682,2.000317237145),
  .QUASI_UNIFORM_KNOTS.);
#441 = CARTESIAN_POINT('',(14.140468227425,0.2125));
#442 = CARTESIAN_POINT('',(14.140567543584,0.212023817531));
#443 = CARTESIAN_POINT('',(14.138404728644,0.211071503737));
#444 = CARTESIAN_POINT('',(14.128233006029,0.209651659781));
#445 = CARTESIAN_POINT('',(14.111254923151,0.208249252115));
#446 = CARTESIAN_POINT('',(14.087716575667,0.206871913403));
#447 = CARTESIAN_POINT('',(14.057926903943,0.205526546463));
#448 = CARTESIAN_POINT('',(14.022255568685,0.204219181532));
#449 = CARTESIAN_POINT('',(13.981125390911,0.202955232831));
#450 = CARTESIAN_POINT('',(13.934975437094,0.201738671876));
#451 = CARTESIAN_POINT('',(13.884205721203,0.200571541282));
#452 = CARTESIAN_POINT('',(13.829212959084,0.199455510076));
#453 = CARTESIAN_POINT('',(13.770377697952,0.198391664774));
#454 = CARTESIAN_POINT('',(13.708062235175,0.197380650759));
#455 = CARTESIAN_POINT('',(13.642606422966,0.196422710564));
#456 = CARTESIAN_POINT('',(13.574324813084,0.195517743903));
#457 = CARTESIAN_POINT('',(13.503503408025,0.194665353165));
#458 = CARTESIAN_POINT('',(13.430398676438,0.193864904445));
#459 = CARTESIAN_POINT('',(13.355229111696,0.193115529808));
#460 = CARTESIAN_POINT('',(13.27822212874,0.192416606223));
#461 = CARTESIAN_POINT('',(13.199562641472,0.191767237454));
#462 = CARTESIAN_POINT('',(13.119425414397,0.191166606118));
#463 = CARTESIAN_POINT('',(13.037970765398,0.19061391431));
#464 = CARTESIAN_POINT('',(12.955345962735,0.190108397397));
#465 = CARTESIAN_POINT('',(12.871685492379,0.189649324522));
#466 = CARTESIAN_POINT('',(12.787109568265,0.189235996509));
#467 = CARTESIAN_POINT('',(12.701730219384,0.188867784922));
#468 = CARTESIAN_POINT('',(12.61566183716,0.188544159386));
#469 = CARTESIAN_POINT('',(12.528998935626,0.188264596115));
#470 = CARTESIAN_POINT('',(12.441836216051,0.188028664032));
#471 = CARTESIAN_POINT('',(12.354263709852,0.187835996065));
#472 = CARTESIAN_POINT('',(12.266368414485,0.187686292239));
#473 = CARTESIAN_POINT('',(12.178233568989,0.187579316714));
#474 = CARTESIAN_POINT('',(12.089940742048,0.187514898893));
#475 = CARTESIAN_POINT('',(12.001562894895,0.187492935938));
#476 = CARTESIAN_POINT('',(11.913190700961,0.187513397217));
#477 = CARTESIAN_POINT('',(11.82490547559,0.187576298258));
#478 = CARTESIAN_POINT('',(11.736777060458,0.18768173742));
#479 = CARTESIAN_POINT('',(11.648883970433,0.187829886399));
#480 = CARTESIAN_POINT('',(11.561308040222,0.188020984326));
#481 = CARTESIAN_POINT('',(11.474135945854,0.188255333568));
#482 = CARTESIAN_POINT('',(11.387458935322,0.188533297684));
#483 = CARTESIAN_POINT('',(11.301373056599,0.188855301625));
#484 = CARTESIAN_POINT('',(11.215979396339,0.189221833397));
#485 = CARTESIAN_POINT('',(11.131383988212,0.18963345019));
#486 = CARTESIAN_POINT('',(11.047699242194,0.190090777778));
#487 = CARTESIAN_POINT('',(10.965039830888,0.190594544904));
#488 = CARTESIAN_POINT('',(10.883539437472,0.191145497077));
#489 = CARTESIAN_POINT('',(10.803367491184,0.191744230853));
#490 = CARTESIAN_POINT('',(10.724661738601,0.19239168824));
#491 = CARTESIAN_POINT('',(10.647595822617,0.193088710222));
#492 = CARTESIAN_POINT('',(10.572362023509,0.193836118487));
#493 = CARTESIAN_POINT('',(10.499175300596,0.194634666616));
#494 = CARTESIAN_POINT('',(10.428271437445,0.195485033395));
#495 = CARTESIAN_POINT('',(10.359907918378,0.196387788409));
#496 = CARTESIAN_POINT('',(10.294360223214,0.197343436614));
#497 = CARTESIAN_POINT('',(10.231934165712,0.19835218496));
#498 = CARTESIAN_POINT('',(10.172919088004,0.199414752054));
#499 = CARTESIAN_POINT('',(10.11767570644,0.200530955761));
#500 = CARTESIAN_POINT('',(10.066640489236,0.201698939559));
#501 = CARTESIAN_POINT('',(10.020241112044,0.202916432462));
#502 = CARTESIAN_POINT('',(9.978907507969,0.20418035238));
#503 = CARTESIAN_POINT('',(9.94305689721,0.205486848202));
#504 = CARTESIAN_POINT('',(9.913084539272,0.206831220576));
#505 = CARTESIAN_POINT('',(9.88935111696,0.208207877259));
#506 = CARTESIAN_POINT('',(9.872168645054,0.209610253389));
#507 = CARTESIAN_POINT('',(9.861783697493,0.211030813268));
#508 = CARTESIAN_POINT('',(9.858358160722,0.21246073074));
#509 = CARTESIAN_POINT('',(9.861945164693,0.213890737432));
#510 = CARTESIAN_POINT('',(9.872484179536,0.215311585176));
#511 = CARTESIAN_POINT('',(9.889807423552,0.216714510984));
#512 = CARTESIAN_POINT('',(9.913663748633,0.218092005433));
#513 = CARTESIAN_POINT('',(9.943737644266,0.219437513946));
#514 = CARTESIAN_POINT('',(9.97966568635,0.220745433734));
#515 = CARTESIAN_POINT('',(10.021050181116,0.222011036096));
#516 = CARTESIAN_POINT('',(10.067471569706,0.223230425628));
#517 = CARTESIAN_POINT('',(10.118496473366,0.224400453437));
#518 = CARTESIAN_POINT('',(10.173695184888,0.225518797578));
#519 = CARTESIAN_POINT('',(10.23261939265,0.226583433749));
#520 = CARTESIAN_POINT('',(10.29497908294,0.227595295249));
#521 = CARTESIAN_POINT('',(10.36044657916,0.228554254289));
#522 = CARTESIAN_POINT('',(10.42871553634,0.229460466871));
#523 = CARTESIAN_POINT('',(10.499504898481,0.230314310703));
#524 = CARTESIAN_POINT('',(10.57256057694,0.231116366794));
#525 = CARTESIAN_POINT('',(10.647653672083,0.231867340658));
#526 = CARTESIAN_POINT('',(10.724568207163,0.232567930105));
#527 = CARTESIAN_POINT('',(10.803120994882,0.233218993765));
#528 = CARTESIAN_POINT('',(10.883138537683,0.233821316081));
#529 = CARTESIAN_POINT('',(10.964461968685,0.234375666816));
#530 = CARTESIAN_POINT('',(11.046945650664,0.234882786901));
#531 = CARTESIAN_POINT('',(11.130456356012,0.235343384572));
#532 = CARTESIAN_POINT('',(11.214877059602,0.235758146642));
#533 = CARTESIAN_POINT('',(11.300092294316,0.236127661523));
#534 = CARTESIAN_POINT('',(11.38599201195,0.236452459298));
#535 = CARTESIAN_POINT('',(11.472481715136,0.236733044557));
#536 = CARTESIAN_POINT('',(11.559467524721,0.236969835892));
#537 = CARTESIAN_POINT('',(11.646859964809,0.237163188997));
#538 = CARTESIAN_POINT('',(11.734572656963,0.237313394918));
#539 = CARTESIAN_POINT('',(11.822522795621,0.237420682589));
#540 = CARTESIAN_POINT('',(11.910629725358,0.237485217583));
#541 = CARTESIAN_POINT('',(11.998819465851,0.237507100229));
#542 = CARTESIAN_POINT('',(12.087007480938,0.237486358567));
#543 = CARTESIAN_POINT('',(12.17510612372,0.237422977312));
#544 = CARTESIAN_POINT('',(12.263048341923,0.237316862422));
#545 = CARTESIAN_POINT('',(12.350756042714,0.237167846681));
#546 = CARTESIAN_POINT('',(12.438148367064,0.236975696997));
#547 = CARTESIAN_POINT('',(12.525139393413,0.236740118618));
#548 = CARTESIAN_POINT('',(12.611638625605,0.236460757539));
#549 = CARTESIAN_POINT('',(12.697550695291,0.236137200733));
#550 = CARTESIAN_POINT('',(12.782775203588,0.235768974426));
#551 = CARTESIAN_POINT('',(12.867206572999,0.235355539911));
#552 = CARTESIAN_POINT('',(12.950733501248,0.234896288669));
#553 = CARTESIAN_POINT('',(13.033239779684,0.234390530258));
#554 = CARTESIAN_POINT('',(13.114599834253,0.233837497347));
#555 = CARTESIAN_POINT('',(13.194639588149,0.23323665624));
#556 = CARTESIAN_POINT('',(13.273223489165,0.232587090239));
#557 = CARTESIAN_POINT('',(13.350180657231,0.231887979031));
#558 = CARTESIAN_POINT('',(13.425321205948,0.231138525863));
#559 = CARTESIAN_POINT('',(13.498432495691,0.230338004229));
#560 = CARTESIAN_POINT('',(13.569280835144,0.229485767678));
#561 = CARTESIAN_POINT('',(13.637611007867,0.228581277622));
#562 = CARTESIAN_POINT('',(13.703148601542,0.227624085973));
#563 = CARTESIAN_POINT('',(13.765592853752,0.226613970428));
#564 = CARTESIAN_POINT('',(13.824644182271,0.225550494312));
#565 = CARTESIAN_POINT('',(13.879973018661,0.224433342627));
#566 = CARTESIAN_POINT('',(13.931132903223,0.223264548464));
#567 = CARTESIAN_POINT('',(13.977696058405,0.22204640504));
#568 = CARTESIAN_POINT('',(14.01923121251,0.220782019183));
#569 = CARTESIAN_POINT('',(14.055320339899,0.21947522646));
#570 = CARTESIAN_POINT('',(14.085566570736,0.218130684582));
#571 = CARTESIAN_POINT('',(14.109605333899,0.216753912171));
#572 = CARTESIAN_POINT('',(14.127121189818,0.215351395648));
#573 = CARTESIAN_POINT('',(14.137851429481,0.213930513739));
#574 = CARTESIAN_POINT('',(14.140385574251,0.212976948995));
#575 = CARTESIAN_POINT('',(14.140468227425,0.2125));
#576 = ( GEOMETRIC_REPRESENTATION_CONTEXT(2) 
PARAMETRIC_REPRESENTATION_CONTEXT() REPRESENTATION_CONTEXT('2D SPACE',''
  ) );
#577 = PCURVE('',#578,#583);
#578 = CYLINDRICAL_SURFACE('',#579,2.);
#579 = AXIS2_PLACEMENT_3D('',#580,#581,#582);
#580 = CARTESIAN_POINT('',(3.918869757272E-15,64.,167.));
#581 = DIRECTION('',(-6.123233995737E-17,-1.,0.));
#582 = DIRECTION('',(-1.,6.123233995737E-17,0.));
#583 = DEFINITIONAL_REPRESENTATION('',(#584),#720);
#584 = B_SPLINE_CURVE_WITH_KNOTS('',3,(#585,#586,#587,#588,#589,#590,
    #591,#592,#593,#594,#595,#596,#597,#598,#599,#600,#601,#602,#603,
    #604,#605,#606,#607,#608,#609,#610,#611,#612,#613,#614,#615,#616,
    #617,#618,#619,#620,#621,#622,#623,#624,#625,#626,#627,#628,#629,
    #630,#631,#632,#633,#634,#635,#636,#637,#638,#639,#640,#641,#642,
    #643,#644,#645,#646,#647,#648,#649,#650,#651,#652,#653,#654,#655,
    #656,#657,#658,#659,#660,#661,#662,#663,#664,#665,#666,#667,#668,
    #669,#670,#671,#672,#673,#674,#675,#676,#677,#678,#679,#680,#681,
    #682,#683,#684,#685,#686,#687,#688,#689,#690,#691,#692,#693,#694,
    #695,#696,#697,#698,#699,#700,#701,#702,#703,#704,#705,#706,#707,
    #708,#709,#710,#711,#712,#713,#714,#715,#716,#717,#718,#719),
  .UNSPECIFIED.,.F.,.F.,(4,1,1,1,1,1,1,1,1,1,1,1,1,1,1,1,1,1,1,1,1,1,1,1
    ,1,1,1,1,1,1,1,1,1,1,1,1,1,1,1,1,1,1,1,1,1,1,1,1,1,1,1,1,1,1,1,1,1,1
    ,1,1,1,1,1,1,1,1,1,1,1,1,1,1,1,1,1,1,1,1,1,1,1,1,1,1,1,1,1,1,1,1,1,1
    ,1,1,1,1,1,1,1,1,1,1,1,1,1,1,1,1,1,1,1,1,1,1,1,1,1,1,1,1,1,1,1,1,1,1
    ,1,1,1,1,1,1,4),(0.,1.515391846322E-02,3.030783692644E-02,
    4.546175538966E-02,6.061567385289E-02,7.576959231611E-02,
    9.092351077933E-02,0.106077429243,0.121231347706,0.136385266169,
    0.151539184632,0.166693103095,0.181847021559,0.197000940022,
    0.212154858485,0.227308776948,0.242462695412,0.257616613875,
    0.272770532338,0.287924450801,0.303078369264,0.318232287728,
    0.333386206191,0.348540124654,0.363694043117,0.378847961581,
    0.394001880044,0.409155798507,0.42430971697,0.439463635433,
    0.454617553897,0.46977147236,0.484925390823,0.500079309286,
    0.51523322775,0.530387146213,0.545541064676,0.560694983139,
    0.575848901602,0.591002820066,0.606156738529,0.621310656992,
    0.636464575455,0.651618493919,0.666772412382,0.681926330845,
    0.697080249308,0.712234167771,0.727388086235,0.742542004698,
    0.757695923161,0.772849841624,0.788003760088,0.803157678551,
    0.818311597014,0.833465515477,0.84861943394,0.863773352404,
    0.878927270867,0.89408118933,0.909235107793,0.924389026256,
    0.93954294472,0.954696863183,0.969850781646,0.985004700109,
    1.000158618573,1.015312537036,1.030466455499,1.045620373962,
    1.060774292425,1.075928210889,1.091082129352,1.106236047815,
    1.121389966278,1.136543884742,1.151697803205,1.166851721668,
    1.182005640131,1.197159558594,1.212313477058,1.227467395521,
    1.242621313984,1.257775232447,1.272929150911,1.288083069374,
    1.303236987837,1.3183909063,1.333544824763,1.348698743227,
    1.36385266169,1.379006580153,1.394160498616,1.40931441708,
    1.424468335543,1.439622254006,1.454776172469,1.469930090932,
    1.485084009396,1.500237927859,1.515391846322,1.530545764785,
    1.545699683249,1.560853601712,1.576007520175,1.591161438638,
    1.606315357101,1.621469275565,1.636623194028,1.651777112491,
    1.666931030954,1.682084949418,1.697238867881,1.712392786344,
    1.727546704807,1.74270062327,1.757854541734,1.773008460197,
    1.78816237866,1.803316297123,1.818470215587,1.83362413405,
    1.848778052513,1.863931970976,1.879085889439,1.894239807903,
    1.909393726366,1.924547644829,1.939701563292,1.954855481756,
    1.970009400219,1.985163318682,2.000317237145),
  .QUASI_UNIFORM_KNOTS.);
#585 = CARTESIAN_POINT('',(0.,4.));
#586 = CARTESIAN_POINT('',(1.904671332912E-02,4.));
#587 = CARTESIAN_POINT('',(5.714015711851E-02,4.));
#588 = CARTESIAN_POINT('',(0.114119685304,4.));
#589 = CARTESIAN_POINT('',(0.170768395964,4.));
#590 = CARTESIAN_POINT('',(0.226949328046,4.));
#591 = CARTESIAN_POINT('',(0.282540276277,4.));
#592 = CARTESIAN_POINT('',(0.337435823216,4.));
#593 = CARTESIAN_POINT('',(0.39153457,4.));
#594 = CARTESIAN_POINT('',(0.444773025467,4.));
#595 = CARTESIAN_POINT('',(0.497151374828,4.));
#596 = CARTESIAN_POINT('',(0.548669580603,4.));
#597 = CARTESIAN_POINT('',(0.599337899413,4.));
#598 = CARTESIAN_POINT('',(0.649172844541,4.));
#599 = CARTESIAN_POINT('',(0.698197610194,4.));
#600 = CARTESIAN_POINT('',(0.746441649252,4.));
#601 = CARTESIAN_POINT('',(0.793941088676,4.));
#602 = CARTESIAN_POINT('',(0.840738155626,4.));
#603 = CARTESIAN_POINT('',(0.88688499252,4.));
#604 = CARTESIAN_POINT('',(0.93241564281,4.));
#605 = CARTESIAN_POINT('',(0.977378749723,4.));
#606 = CARTESIAN_POINT('',(1.0218178926,4.));
#607 = CARTESIAN_POINT('',(1.065775548266,4.));
#608 = CARTESIAN_POINT('',(1.10929305749,4.));
#609 = CARTESIAN_POINT('',(1.152411285451,4.));
#610 = CARTESIAN_POINT('',(1.19517200386,4.));
#611 = CARTESIAN_POINT('',(1.23761537564,4.));
#612 = CARTESIAN_POINT('',(1.279775634773,4.));
#613 = CARTESIAN_POINT('',(1.321692669709,4.));
#614 = CARTESIAN_POINT('',(1.363402630135,4.));
#615 = CARTESIAN_POINT('',(1.404940978748,4.));
#616 = CARTESIAN_POINT('',(1.446342223534,4.));
#617 = CARTESIAN_POINT('',(1.487640767029,4.));
#618 = CARTESIAN_POINT('',(1.528870400751,4.));
#619 = CARTESIAN_POINT('',(1.570067996876,4.));
#620 = CARTESIAN_POINT('',(1.611261715238,4.));
#621 = CARTESIAN_POINT('',(1.652484047035,4.));
#622 = CARTESIAN_POINT('',(1.693773252898,4.));
#623 = CARTESIAN_POINT('',(1.735164480289,4.));
#624 = CARTESIAN_POINT('',(1.776692724703,4.));
#625 = CARTESIAN_POINT('',(1.818392581749,4.));
#626 = CARTESIAN_POINT('',(1.860298842799,4.));
#627 = CARTESIAN_POINT('',(1.90244689057,4.));
#628 = CARTESIAN_POINT('',(1.944873133095,4.));
#629 = CARTESIAN_POINT('',(1.987615682233,4.));
#630 = CARTESIAN_POINT('',(2.030714326844,4.));
#631 = CARTESIAN_POINT('',(2.074213500788,4.));
#632 = CARTESIAN_POINT('',(2.118154491502,4.));
#633 = CARTESIAN_POINT('',(2.162566107003,4.));
#634 = CARTESIAN_POINT('',(2.207502545056,4.));
#635 = CARTESIAN_POINT('',(2.253008070508,4.));
#636 = CARTESIAN_POINT('',(2.299126481319,4.));
#637 = CARTESIAN_POINT('',(2.345899320523,4.));
#638 = CARTESIAN_POINT('',(2.393367331166,4.));
#639 = CARTESIAN_POINT('',(2.44157016842,4.));
#640 = CARTESIAN_POINT('',(2.490549956349,4.));
#641 = CARTESIAN_POINT('',(2.540341469671,4.));
#642 = CARTESIAN_POINT('',(2.591012374316,4.));
#643 = CARTESIAN_POINT('',(2.642594940323,4.));
#644 = CARTESIAN_POINT('',(2.695059894356,4.));
#645 = CARTESIAN_POINT('',(2.74837968064,4.));
#646 = CARTESIAN_POINT('',(2.8025112149,4.));
#647 = CARTESIAN_POINT('',(2.857399235426,4.));
#648 = CARTESIAN_POINT('',(2.912973257571,4.));
#649 = CARTESIAN_POINT('',(2.969145510332,4.));
#650 = CARTESIAN_POINT('',(3.025806589378,4.));
#651 = CARTESIAN_POINT('',(3.082823361566,4.));
#652 = CARTESIAN_POINT('',(3.140022739478,4.));
#653 = CARTESIAN_POINT('',(3.197220544567,4.));
#654 = CARTESIAN_POINT('',(3.254233459195,4.));
#655 = CARTESIAN_POINT('',(3.310891127107,4.));
#656 = CARTESIAN_POINT('',(3.367061842907,4.));
#657 = CARTESIAN_POINT('',(3.422637158292,4.));
#658 = CARTESIAN_POINT('',(3.477529562884,4.));
#659 = CARTESIAN_POINT('',(3.531668142492,4.));
#660 = CARTESIAN_POINT('',(3.584996608959,4.));
#661 = CARTESIAN_POINT('',(3.637469690617,4.));
#662 = CARTESIAN_POINT('',(3.689058386356,4.));
#663 = CARTESIAN_POINT('',(3.739725365651,4.));
#664 = CARTESIAN_POINT('',(3.789558655102,4.));
#665 = CARTESIAN_POINT('',(3.838588338651,4.));
#666 = CARTESIAN_POINT('',(3.886847852979,4.));
#667 = CARTESIAN_POINT('',(3.934373990569,4.));
#668 = CARTESIAN_POINT('',(3.981207946879,4.));
#669 = CARTESIAN_POINT('',(4.027393523721,4.));
#670 = CARTESIAN_POINT('',(4.072970352877,4.));
#671 = CARTESIAN_POINT('',(4.117986321263,4.));
#672 = CARTESIAN_POINT('',(4.162484237551,4.));
#673 = CARTESIAN_POINT('',(4.206506013886,4.));
#674 = CARTESIAN_POINT('',(4.250092625375,4.));
#675 = CARTESIAN_POINT('',(4.293284469086,4.));
#676 = CARTESIAN_POINT('',(4.336123883699,4.));
#677 = CARTESIAN_POINT('',(4.378648345436,4.));
#678 = CARTESIAN_POINT('',(4.420893382014,4.));
#679 = CARTESIAN_POINT('',(4.462898057606,4.));
#680 = CARTESIAN_POINT('',(4.504698153685,4.));
#681 = CARTESIAN_POINT('',(4.546328673191,4.));
#682 = CARTESIAN_POINT('',(4.587823730513,4.));
#683 = CARTESIAN_POINT('',(4.629217276368,4.));
#684 = CARTESIAN_POINT('',(4.670542894985,4.));
#685 = CARTESIAN_POINT('',(4.711836375456,4.));
#686 = CARTESIAN_POINT('',(4.75312811432,4.));
#687 = CARTESIAN_POINT('',(4.794447027317,4.));
#688 = CARTESIAN_POINT('',(4.835832086659,4.));
#689 = CARTESIAN_POINT('',(4.877318016377,4.));
#690 = CARTESIAN_POINT('',(4.918939630419,4.));
#691 = CARTESIAN_POINT('',(4.960731215312,4.));
#692 = CARTESIAN_POINT('',(5.002727224063,4.));
#693 = CARTESIAN_POINT('',(5.044962630692,4.));
#694 = CARTESIAN_POINT('',(5.087473397127,4.));
#695 = CARTESIAN_POINT('',(5.130297012307,4.));
#696 = CARTESIAN_POINT('',(5.173472925823,4.));
#697 = CARTESIAN_POINT('',(5.217043734383,4.));
#698 = CARTESIAN_POINT('',(5.261053963433,4.));
#699 = CARTESIAN_POINT('',(5.305528753442,4.));
#700 = CARTESIAN_POINT('',(5.350522169967,4.));
#701 = CARTESIAN_POINT('',(5.396078608174,4.));
#702 = CARTESIAN_POINT('',(5.442241731183,4.));
#703 = CARTESIAN_POINT('',(5.489052847173,4.));
#704 = CARTESIAN_POINT('',(5.536552231823,4.));
#705 = CARTESIAN_POINT('',(5.584779171584,4.));
#706 = CARTESIAN_POINT('',(5.633774256392,4.));
#707 = CARTESIAN_POINT('',(5.683574173044,4.));
#708 = CARTESIAN_POINT('',(5.734234606361,4.));
#709 = CARTESIAN_POINT('',(5.785812481996,4.));
#710 = CARTESIAN_POINT('',(5.838270337777,4.));
#711 = CARTESIAN_POINT('',(5.891580258474,4.));
#712 = CARTESIAN_POINT('',(5.945698550497,4.));
#713 = CARTESIAN_POINT('',(6.000571040991,4.));
#714 = CARTESIAN_POINT('',(6.056129257219,4.));
#715 = CARTESIAN_POINT('',(6.112288509768,4.));
#716 = CARTESIAN_POINT('',(6.168942732,4.));
#717 = CARTESIAN_POINT('',(6.225964406729,4.));
#718 = CARTESIAN_POINT('',(6.2641079896,4.));
#719 = CARTESIAN_POINT('',(6.28318530718,4.));
#720 = ( GEOMETRIC_REPRESENTATION_CONTEXT(2) 
PARAMETRIC_REPRESENTATION_CONTEXT() REPRESENTATION_CONTEXT('2D SPACE',''
  ) );
#721 = ADVANCED_FACE('',(#722,#1009),#178,.F.);
#722 = FACE_BOUND('',#723,.F.);
#723 = EDGE_LOOP('',(#724,#747,#780,#808,#836,#864,#897,#925,#953,#981,
    #1007,#1008));
#724 = ORIENTED_EDGE('',*,*,#725,.F.);
#725 = EDGE_CURVE('',#726,#280,#728,.T.);
#726 = VERTEX_POINT('',#727);
#727 = CARTESIAN_POINT('',(12.,49.568134925575,230.));
#728 = SURFACE_CURVE('',#729,(#733,#740),.PCURVE_S1.);
#729 = LINE('',#730,#731);
#730 = CARTESIAN_POINT('',(12.,47.,230.));
#731 = VECTOR('',#732,1.);
#732 = DIRECTION('',(1.110223024625E-16,1.,0.));
#733 = PCURVE('',#178,#734);
#734 = DEFINITIONAL_REPRESENTATION('',(#735),#739);
#735 = LINE('',#736,#737);
#736 = CARTESIAN_POINT('',(-1.561936298587E-15,8.460488284015E-16));
#737 = VECTOR('',#738,1.);
#738 = DIRECTION('',(0.476283148541,0.879291966537));
#739 = ( GEOMETRIC_REPRESENTATION_CONTEXT(2) 
PARAMETRIC_REPRESENTATION_CONTEXT() REPRESENTATION_CONTEXT('2D SPACE',''
  ) );
#740 = PCURVE('',#294,#741);
#741 = DEFINITIONAL_REPRESENTATION('',(#742),#746);
#742 = LINE('',#743,#744);
#743 = CARTESIAN_POINT('',(0.,0.));
#744 = VECTOR('',#745,1.);
#745 = DIRECTION('',(1.,0.));
#746 = ( GEOMETRIC_REPRESENTATION_CONTEXT(2) 
PARAMETRIC_REPRESENTATION_CONTEXT() REPRESENTATION_CONTEXT('2D SPACE',''
  ) );
#747 = ORIENTED_EDGE('',*,*,#748,.F.);
#748 = EDGE_CURVE('',#749,#726,#751,.T.);
#749 = VERTEX_POINT('',#750);
#750 = CARTESIAN_POINT('',(11.999999999999,-49.56813492557,230.));
#751 = SURFACE_CURVE('',#752,(#757,#768),.PCURVE_S1.);
#752 = CIRCLE('',#753,51.);
#753 = AXIS2_PLACEMENT_3D('',#754,#755,#756);
#754 = CARTESIAN_POINT('',(0.,0.,230.));
#755 = DIRECTION('',(0.,0.,1.));
#756 = DIRECTION('',(-0.235294117647,0.971924214227,0.));
#757 = PCURVE('',#178,#758);
#758 = DEFINITIONAL_REPRESENTATION('',(#759),#767);
#759 = ( BOUNDED_CURVE() B_SPLINE_CURVE(2,(#760,#761,#762,#763,#764,#765
,#766),.UNSPECIFIED.,.T.,.F.) B_SPLINE_CURVE_WITH_KNOTS((1,2,2,2,2,1),(
    -2.094395102393,0.,2.094395102393,4.188790204786,6.28318530718,
8.377580409573),.UNSPECIFIED.) CURVE() GEOMETRIC_REPRESENTATION_ITEM() 
RATIONAL_B_SPLINE_CURVE((1.,0.5,1.,0.5,1.,0.5,1.)) REPRESENTATION_ITEM(
  '') );
#760 = CARTESIAN_POINT('',(22.326166585113,-9.172655155938));
#761 = CARTESIAN_POINT('',(87.918004113713,-68.33946045774));
#762 = CARTESIAN_POINT('',(3.882128897282,-95.56025538751));
#763 = CARTESIAN_POINT('',(-80.15374631914,-122.7810503172));
#764 = CARTESIAN_POINT('',(-61.70970863131,-36.3934500857));
#765 = CARTESIAN_POINT('',(-43.26567094348,49.994150145867));
#766 = CARTESIAN_POINT('',(22.326166585113,-9.172655155938));
#767 = ( GEOMETRIC_REPRESENTATION_CONTEXT(2) 
PARAMETRIC_REPRESENTATION_CONTEXT() REPRESENTATION_CONTEXT('2D SPACE',''
  ) );
#768 = PCURVE('',#769,#774);
#769 = CYLINDRICAL_SURFACE('',#770,51.);
#770 = AXIS2_PLACEMENT_3D('',#771,#772,#773);
#771 = CARTESIAN_POINT('',(0.,0.,208.));
#772 = DIRECTION('',(-0.,-0.,-1.));
#773 = DIRECTION('',(1.,0.,0.));
#774 = DEFINITIONAL_REPRESENTATION('',(#775),#779);
#775 = LINE('',#776,#777);
#776 = CARTESIAN_POINT('',(-1.808317497576,-22.));
#777 = VECTOR('',#778,1.);
#778 = DIRECTION('',(-1.,0.));
#779 = ( GEOMETRIC_REPRESENTATION_CONTEXT(2) 
PARAMETRIC_REPRESENTATION_CONTEXT() REPRESENTATION_CONTEXT('2D SPACE',''
  ) );
#780 = ORIENTED_EDGE('',*,*,#781,.F.);
#781 = EDGE_CURVE('',#782,#749,#784,.T.);
#782 = VERTEX_POINT('',#783);
#783 = CARTESIAN_POINT('',(12.,-60.,230.));
#784 = SURFACE_CURVE('',#785,(#789,#796),.PCURVE_S1.);
#785 = LINE('',#786,#787);
#786 = CARTESIAN_POINT('',(12.,-60.,230.));
#787 = VECTOR('',#788,1.);
#788 = DIRECTION('',(2.22044604925E-16,1.,0.));
#789 = PCURVE('',#178,#790);
#790 = DEFINITIONAL_REPRESENTATION('',(#791),#795);
#791 = LINE('',#792,#793);
#792 = CARTESIAN_POINT('',(-50.96229689386,-94.08424041943));
#793 = VECTOR('',#794,1.);
#794 = DIRECTION('',(0.476283148541,0.879291966537));
#795 = ( GEOMETRIC_REPRESENTATION_CONTEXT(2) 
PARAMETRIC_REPRESENTATION_CONTEXT() REPRESENTATION_CONTEXT('2D SPACE',''
  ) );
#796 = PCURVE('',#797,#802);
#797 = PLANE('',#798);
#798 = AXIS2_PLACEMENT_3D('',#799,#800,#801);
#799 = CARTESIAN_POINT('',(12.,-60.,230.));
#800 = DIRECTION('',(0.999921884154,-2.220272597229E-16,
    -1.249902355193E-02));
#801 = DIRECTION('',(2.22044604925E-16,1.,0.));
#802 = DEFINITIONAL_REPRESENTATION('',(#803),#807);
#803 = LINE('',#804,#805);
#804 = CARTESIAN_POINT('',(0.,0.));
#805 = VECTOR('',#806,1.);
#806 = DIRECTION('',(1.,0.));
#807 = ( GEOMETRIC_REPRESENTATION_CONTEXT(2) 
PARAMETRIC_REPRESENTATION_CONTEXT() REPRESENTATION_CONTEXT('2D SPACE',''
  ) );
#808 = ORIENTED_EDGE('',*,*,#809,.F.);
#809 = EDGE_CURVE('',#810,#782,#812,.T.);
#810 = VERTEX_POINT('',#811);
#811 = CARTESIAN_POINT('',(-12.,-60.,230.));
#812 = SURFACE_CURVE('',#813,(#817,#824),.PCURVE_S1.);
#813 = LINE('',#814,#815);
#814 = CARTESIAN_POINT('',(-12.,-60.,230.));
#815 = VECTOR('',#816,1.);
#816 = DIRECTION('',(1.,-2.22044604925E-16,0.));
#817 = PCURVE('',#178,#818);
#818 = DEFINITIONAL_REPRESENTATION('',(#819),#823);
#819 = LINE('',#820,#821);
#820 = CARTESIAN_POINT('',(-29.85928969697,-105.5150359844));
#821 = VECTOR('',#822,1.);
#822 = DIRECTION('',(-0.879291966537,0.476283148541));
#823 = ( GEOMETRIC_REPRESENTATION_CONTEXT(2) 
PARAMETRIC_REPRESENTATION_CONTEXT() REPRESENTATION_CONTEXT('2D SPACE',''
  ) );
#824 = PCURVE('',#825,#830);
#825 = B_SPLINE_SURFACE_WITH_KNOTS('',1,1,(
    (#826,#827)
    ,(#828,#829
  )),.UNSPECIFIED.,.F.,.F.,.F.,(2,2),(2,2),(0.,24.),(0.,1.),
  .PIECEWISE_BEZIER_KNOTS.);
#826 = CARTESIAN_POINT('',(-11.,-60.,150.));
#827 = CARTESIAN_POINT('',(-12.,-60.,230.));
#828 = CARTESIAN_POINT('',(11.,-60.,150.));
#829 = CARTESIAN_POINT('',(12.,-60.,230.));
#830 = DEFINITIONAL_REPRESENTATION('',(#831),#835);
#831 = LINE('',#832,#833);
#832 = CARTESIAN_POINT('',(0.,1.));
#833 = VECTOR('',#834,1.);
#834 = DIRECTION('',(1.,0.));
#835 = ( GEOMETRIC_REPRESENTATION_CONTEXT(2) 
PARAMETRIC_REPRESENTATION_CONTEXT() REPRESENTATION_CONTEXT('2D SPACE',''
  ) );
#836 = ORIENTED_EDGE('',*,*,#837,.F.);
#837 = EDGE_CURVE('',#838,#810,#840,.T.);
#838 = VERTEX_POINT('',#839);
#839 = CARTESIAN_POINT('',(-11.99999999999,-49.56813492557,230.));
#840 = SURFACE_CURVE('',#841,(#845,#852),.PCURVE_S1.);
#841 = LINE('',#842,#843);
#842 = CARTESIAN_POINT('',(-12.,-47.,230.));
#843 = VECTOR('',#844,1.);
#844 = DIRECTION('',(-2.22044604925E-16,-1.,0.));
#845 = PCURVE('',#178,#846);
#846 = DEFINITIONAL_REPRESENTATION('',(#847),#851);
#847 = LINE('',#848,#849);
#848 = CARTESIAN_POINT('',(-23.66760876594,-94.08424041943));
#849 = VECTOR('',#850,1.);
#850 = DIRECTION('',(-0.476283148541,-0.879291966537));
#851 = ( GEOMETRIC_REPRESENTATION_CONTEXT(2) 
PARAMETRIC_REPRESENTATION_CONTEXT() REPRESENTATION_CONTEXT('2D SPACE',''
  ) );
#852 = PCURVE('',#853,#858);
#853 = PLANE('',#854);
#854 = AXIS2_PLACEMENT_3D('',#855,#856,#857);
#855 = CARTESIAN_POINT('',(-12.,-47.,230.));
#856 = DIRECTION('',(-0.999921884154,2.220272597229E-16,
    -1.249902355193E-02));
#857 = DIRECTION('',(-2.22044604925E-16,-1.,0.));
#858 = DEFINITIONAL_REPRESENTATION('',(#859),#863);
#859 = LINE('',#860,#861);
#860 = CARTESIAN_POINT('',(0.,0.));
#861 = VECTOR('',#862,1.);
#862 = DIRECTION('',(1.,0.));
#863 = ( GEOMETRIC_REPRESENTATION_CONTEXT(2) 
PARAMETRIC_REPRESENTATION_CONTEXT() REPRESENTATION_CONTEXT('2D SPACE',''
  ) );
#864 = ORIENTED_EDGE('',*,*,#865,.F.);
#865 = EDGE_CURVE('',#866,#838,#868,.T.);
#866 = VERTEX_POINT('',#867);
#867 = CARTESIAN_POINT('',(-49.04079934095,-14.,230.));
#868 = SURFACE_CURVE('',#869,(#874,#885),.PCURVE_S1.);
#869 = CIRCLE('',#870,51.);
#870 = AXIS2_PLACEMENT_3D('',#871,#872,#873);
#871 = CARTESIAN_POINT('',(0.,0.,230.));
#872 = DIRECTION('',(0.,0.,1.));
#873 = DIRECTION('',(-0.235294117647,0.971924214227,0.));
#874 = PCURVE('',#178,#875);
#875 = DEFINITIONAL_REPRESENTATION('',(#876),#884);
#876 = ( BOUNDED_CURVE() B_SPLINE_CURVE(2,(#877,#878,#879,#880,#881,#882
,#883),.UNSPECIFIED.,.T.,.F.) B_SPLINE_CURVE_WITH_KNOTS((1,2,2,2,2,1),(
    -2.094395102393,0.,2.094395102393,4.188790204786,6.28318530718,
8.377580409573),.UNSPECIFIED.) CURVE() GEOMETRIC_REPRESENTATION_ITEM() 
RATIONAL_B_SPLINE_CURVE((1.,0.5,1.,0.5,1.,0.5,1.)) REPRESENTATION_ITEM(
  '') );
#877 = CARTESIAN_POINT('',(22.326166585113,-9.172655155938));
#878 = CARTESIAN_POINT('',(87.918004113713,-68.33946045774));
#879 = CARTESIAN_POINT('',(3.882128897282,-95.56025538751));
#880 = CARTESIAN_POINT('',(-80.15374631914,-122.7810503172));
#881 = CARTESIAN_POINT('',(-61.70970863131,-36.3934500857));
#882 = CARTESIAN_POINT('',(-43.26567094348,49.994150145867));
#883 = CARTESIAN_POINT('',(22.326166585113,-9.172655155938));
#884 = ( GEOMETRIC_REPRESENTATION_CONTEXT(2) 
PARAMETRIC_REPRESENTATION_CONTEXT() REPRESENTATION_CONTEXT('2D SPACE',''
  ) );
#885 = PCURVE('',#886,#891);
#886 = CYLINDRICAL_SURFACE('',#887,51.);
#887 = AXIS2_PLACEMENT_3D('',#888,#889,#890);
#888 = CARTESIAN_POINT('',(0.,0.,208.));
#889 = DIRECTION('',(-0.,-0.,-1.));
#890 = DIRECTION('',(1.,0.,0.));
#891 = DEFINITIONAL_REPRESENTATION('',(#892),#896);
#892 = LINE('',#893,#894);
#893 = CARTESIAN_POINT('',(-1.808317497576,-22.));
#894 = VECTOR('',#895,1.);
#895 = DIRECTION('',(-1.,0.));
#896 = ( GEOMETRIC_REPRESENTATION_CONTEXT(2) 
PARAMETRIC_REPRESENTATION_CONTEXT() REPRESENTATION_CONTEXT('2D SPACE',''
  ) );
#897 = ORIENTED_EDGE('',*,*,#898,.F.);
#898 = EDGE_CURVE('',#899,#866,#901,.T.);
#899 = VERTEX_POINT('',#900);
#900 = CARTESIAN_POINT('',(-58.,-14.,230.));
#901 = SURFACE_CURVE('',#902,(#906,#913),.PCURVE_S1.);
#902 = LINE('',#903,#904);
#903 = CARTESIAN_POINT('',(-58.,-14.,230.));
#904 = VECTOR('',#905,1.);
#905 = DIRECTION('',(1.,-1.224646799147E-16,0.));
#906 = PCURVE('',#178,#907);
#907 = DEFINITIONAL_REPRESENTATION('',(#908),#912);
#908 = LINE('',#909,#910);
#909 = CARTESIAN_POINT('',(32.497165596588,-86.97663035659));
#910 = VECTOR('',#911,1.);
#911 = DIRECTION('',(-0.879291966537,0.476283148541));
#912 = ( GEOMETRIC_REPRESENTATION_CONTEXT(2) 
PARAMETRIC_REPRESENTATION_CONTEXT() REPRESENTATION_CONTEXT('2D SPACE',''
  ) );
#913 = PCURVE('',#914,#919);
#914 = PLANE('',#915);
#915 = AXIS2_PLACEMENT_3D('',#916,#917,#918);
#916 = CARTESIAN_POINT('',(-58.,-14.,230.));
#917 = DIRECTION('',(-1.224646799147E-16,-1.,0.));
#918 = DIRECTION('',(1.,-1.224646799147E-16,0.));
#919 = DEFINITIONAL_REPRESENTATION('',(#920),#924);
#920 = LINE('',#921,#922);
#921 = CARTESIAN_POINT('',(0.,0.));
#922 = VECTOR('',#923,1.);
#923 = DIRECTION('',(1.,0.));
#924 = ( GEOMETRIC_REPRESENTATION_CONTEXT(2) 
PARAMETRIC_REPRESENTATION_CONTEXT() REPRESENTATION_CONTEXT('2D SPACE',''
  ) );
#925 = ORIENTED_EDGE('',*,*,#926,.F.);
#926 = EDGE_CURVE('',#927,#899,#929,.T.);
#927 = VERTEX_POINT('',#928);
#928 = CARTESIAN_POINT('',(-58.,14.,230.));
#929 = SURFACE_CURVE('',#930,(#934,#941),.PCURVE_S1.);
#930 = LINE('',#931,#932);
#931 = CARTESIAN_POINT('',(-58.,14.,230.));
#932 = VECTOR('',#933,1.);
#933 = DIRECTION('',(-1.224646799147E-16,-1.,0.));
#934 = PCURVE('',#178,#935);
#935 = DEFINITIONAL_REPRESENTATION('',(#936),#940);
#936 = LINE('',#937,#938);
#937 = CARTESIAN_POINT('',(45.833093755729,-62.35645529356));
#938 = VECTOR('',#939,1.);
#939 = DIRECTION('',(-0.476283148541,-0.879291966537));
#940 = ( GEOMETRIC_REPRESENTATION_CONTEXT(2) 
PARAMETRIC_REPRESENTATION_CONTEXT() REPRESENTATION_CONTEXT('2D SPACE',''
  ) );
#941 = PCURVE('',#942,#947);
#942 = PLANE('',#943);
#943 = AXIS2_PLACEMENT_3D('',#944,#945,#946);
#944 = CARTESIAN_POINT('',(-58.,9.292841978019E-15,79.));
#945 = DIRECTION('',(-1.,-1.483893486498E-17,-2.160446152871E-34));
#946 = DIRECTION('',(1.483893486498E-17,-1.,2.487136661463E-17));
#947 = DEFINITIONAL_REPRESENTATION('',(#948),#952);
#948 = LINE('',#949,#950);
#949 = CARTESIAN_POINT('',(-14.,151.));
#950 = VECTOR('',#951,1.);
#951 = DIRECTION('',(1.,-2.487136661463E-17));
#952 = ( GEOMETRIC_REPRESENTATION_CONTEXT(2) 
PARAMETRIC_REPRESENTATION_CONTEXT() REPRESENTATION_CONTEXT('2D SPACE',''
  ) );
#953 = ORIENTED_EDGE('',*,*,#954,.F.);
#954 = EDGE_CURVE('',#955,#927,#957,.T.);
#955 = VERTEX_POINT('',#956);
#956 = CARTESIAN_POINT('',(-49.04079934095,14.,230.));
#957 = SURFACE_CURVE('',#958,(#962,#969),.PCURVE_S1.);
#958 = LINE('',#959,#960);
#959 = CARTESIAN_POINT('',(-44.,14.,230.));
#960 = VECTOR('',#961,1.);
#961 = DIRECTION('',(-1.,1.224646799147E-16,0.));
#962 = PCURVE('',#178,#963);
#963 = DEFINITIONAL_REPRESENTATION('',(#964),#968);
#964 = LINE('',#965,#966);
#965 = CARTESIAN_POINT('',(33.523006224215,-55.68849121399));
#966 = VECTOR('',#967,1.);
#967 = DIRECTION('',(0.879291966537,-0.476283148541));
#968 = ( GEOMETRIC_REPRESENTATION_CONTEXT(2) 
PARAMETRIC_REPRESENTATION_CONTEXT() REPRESENTATION_CONTEXT('2D SPACE',''
  ) );
#969 = PCURVE('',#970,#975);
#970 = PLANE('',#971);
#971 = AXIS2_PLACEMENT_3D('',#972,#973,#974);
#972 = CARTESIAN_POINT('',(-44.,14.,230.));
#973 = DIRECTION('',(1.224646799147E-16,1.,0.));
#974 = DIRECTION('',(-1.,1.224646799147E-16,0.));
#975 = DEFINITIONAL_REPRESENTATION('',(#976),#980);
#976 = LINE('',#977,#978);
#977 = CARTESIAN_POINT('',(0.,0.));
#978 = VECTOR('',#979,1.);
#979 = DIRECTION('',(1.,0.));
#980 = ( GEOMETRIC_REPRESENTATION_CONTEXT(2) 
PARAMETRIC_REPRESENTATION_CONTEXT() REPRESENTATION_CONTEXT('2D SPACE',''
  ) );
#981 = ORIENTED_EDGE('',*,*,#982,.F.);
#982 = EDGE_CURVE('',#133,#955,#983,.T.);
#983 = SURFACE_CURVE('',#984,(#989,#1000),.PCURVE_S1.);
#984 = CIRCLE('',#985,51.);
#985 = AXIS2_PLACEMENT_3D('',#986,#987,#988);
#986 = CARTESIAN_POINT('',(0.,0.,230.));
#987 = DIRECTION('',(0.,0.,1.));
#988 = DIRECTION('',(-0.235294117647,0.971924214227,0.));
#989 = PCURVE('',#178,#990);
#990 = DEFINITIONAL_REPRESENTATION('',(#991),#999);
#991 = ( BOUNDED_CURVE() B_SPLINE_CURVE(2,(#992,#993,#994,#995,#996,#997
,#998),.UNSPECIFIED.,.T.,.F.) B_SPLINE_CURVE_WITH_KNOTS((1,2,2,2,2,1),(
    -2.094395102393,0.,2.094395102393,4.188790204786,6.28318530718,
8.377580409573),.UNSPECIFIED.) CURVE() GEOMETRIC_REPRESENTATION_ITEM() 
RATIONAL_B_SPLINE_CURVE((1.,0.5,1.,0.5,1.,0.5,1.)) REPRESENTATION_ITEM(
  '') );
#992 = CARTESIAN_POINT('',(22.326166585113,-9.172655155938));
#993 = CARTESIAN_POINT('',(87.918004113713,-68.33946045774));
#994 = CARTESIAN_POINT('',(3.882128897282,-95.56025538751));
#995 = CARTESIAN_POINT('',(-80.15374631914,-122.7810503172));
#996 = CARTESIAN_POINT('',(-61.70970863131,-36.3934500857));
#997 = CARTESIAN_POINT('',(-43.26567094348,49.994150145867));
#998 = CARTESIAN_POINT('',(22.326166585113,-9.172655155938));
#999 = ( GEOMETRIC_REPRESENTATION_CONTEXT(2) 
PARAMETRIC_REPRESENTATION_CONTEXT() REPRESENTATION_CONTEXT('2D SPACE',''
  ) );
#1000 = PCURVE('',#149,#1001);
#1001 = DEFINITIONAL_REPRESENTATION('',(#1002),#1006);
#1002 = LINE('',#1003,#1004);
#1003 = CARTESIAN_POINT('',(-1.808317497576,-22.));
#1004 = VECTOR('',#1005,1.);
#1005 = DIRECTION('',(-1.,0.));
#1006 = ( GEOMETRIC_REPRESENTATION_CONTEXT(2) 
PARAMETRIC_REPRESENTATION_CONTEXT() REPRESENTATION_CONTEXT('2D SPACE',''
  ) );
#1007 = ORIENTED_EDGE('',*,*,#164,.F.);
#1008 = ORIENTED_EDGE('',*,*,#324,.F.);
#1009 = FACE_BOUND('',#1010,.F.);
#1010 = EDGE_LOOP('',(#1011));
#1011 = ORIENTED_EDGE('',*,*,#1012,.F.);
#1012 = EDGE_CURVE('',#1013,#1013,#1015,.T.);
#1013 = VERTEX_POINT('',#1014);
#1014 = CARTESIAN_POINT('',(43.5,0.,230.));
#1015 = SURFACE_CURVE('',#1016,(#1021,#1028),.PCURVE_S1.);
#1016 = CIRCLE('',#1017,43.5);
#1017 = AXIS2_PLACEMENT_3D('',#1018,#1019,#1020);
#1018 = CARTESIAN_POINT('',(0.,0.,230.));
#1019 = DIRECTION('',(0.,0.,-1.));
#1020 = DIRECTION('',(1.,0.,0.));
#1021 = PCURVE('',#178,#1022);
#1022 = DEFINITIONAL_REPRESENTATION('',(#1023),#1027);
#1023 = CIRCLE('',#1024,43.5);
#1024 = AXIS2_PLACEMENT_2D('',#1025,#1026);
#1025 = CARTESIAN_POINT('',(-11.83380438297,-47.04212020971));
#1026 = DIRECTION('',(-0.879291966537,0.476283148541));
#1027 = ( GEOMETRIC_REPRESENTATION_CONTEXT(2) 
PARAMETRIC_REPRESENTATION_CONTEXT() REPRESENTATION_CONTEXT('2D SPACE',''
  ) );
#1028 = PCURVE('',#1029,#1034);
#1029 = CYLINDRICAL_SURFACE('',#1030,43.5);
#1030 = AXIS2_PLACEMENT_3D('',#1031,#1032,#1033);
#1031 = CARTESIAN_POINT('',(0.,0.,207.));
#1032 = DIRECTION('',(-0.,-0.,-1.));
#1033 = DIRECTION('',(1.,0.,0.));
#1034 = DEFINITIONAL_REPRESENTATION('',(#1035),#1039);
#1035 = LINE('',#1036,#1037);
#1036 = CARTESIAN_POINT('',(-6.28318530718,-23.));
#1037 = VECTOR('',#1038,1.);
#1038 = DIRECTION('',(1.,-0.));
#1039 = ( GEOMETRIC_REPRESENTATION_CONTEXT(2) 
PARAMETRIC_REPRESENTATION_CONTEXT() REPRESENTATION_CONTEXT('2D SPACE',''
  ) );
#1040 = ADVANCED_FACE('',(#1041),#149,.T.);
#1041 = FACE_BOUND('',#1042,.F.);
#1042 = EDGE_LOOP('',(#1043,#1044,#1045,#1066));
#1043 = ORIENTED_EDGE('',*,*,#132,.F.);
#1044 = ORIENTED_EDGE('',*,*,#982,.T.);
#1045 = ORIENTED_EDGE('',*,*,#1046,.T.);
#1046 = EDGE_CURVE('',#955,#1047,#1049,.T.);
#1047 = VERTEX_POINT('',#1048);
#1048 = CARTESIAN_POINT('',(-49.04079934095,14.,208.));
#1049 = SURFACE_CURVE('',#1050,(#1054,#1060),.PCURVE_S1.);
#1050 = LINE('',#1051,#1052);
#1051 = CARTESIAN_POINT('',(-49.04079934095,14.,208.));
#1052 = VECTOR('',#1053,1.);
#1053 = DIRECTION('',(-0.,-0.,-1.));
#1054 = PCURVE('',#149,#1055);
#1055 = DEFINITIONAL_REPRESENTATION('',(#1056),#1059);
#1056 = B_SPLINE_CURVE_WITH_KNOTS('',1,(#1057,#1058),.UNSPECIFIED.,.F.,
  .F.,(2,2),(-22.0000018,1.800000035246E-06),.PIECEWISE_BEZIER_KNOTS.);
#1057 = CARTESIAN_POINT('',(-2.863512767939,-22.0000018));
#1058 = CARTESIAN_POINT('',(-2.863512767939,1.800000035246E-06));
#1059 = ( GEOMETRIC_REPRESENTATION_CONTEXT(2) 
PARAMETRIC_REPRESENTATION_CONTEXT() REPRESENTATION_CONTEXT('2D SPACE',''
  ) );
#1060 = PCURVE('',#970,#1061);
#1061 = DEFINITIONAL_REPRESENTATION('',(#1062),#1065);
#1062 = B_SPLINE_CURVE_WITH_KNOTS('',1,(#1063,#1064),.UNSPECIFIED.,.F.,
  .F.,(2,2),(-22.0000018,1.800000035246E-06),.PIECEWISE_BEZIER_KNOTS.);
#1063 = CARTESIAN_POINT('',(5.040799340957,1.800001967922E-06));
#1064 = CARTESIAN_POINT('',(5.040799340957,-22.0000018));
#1065 = ( GEOMETRIC_REPRESENTATION_CONTEXT(2) 
PARAMETRIC_REPRESENTATION_CONTEXT() REPRESENTATION_CONTEXT('2D SPACE',''
  ) );
#1066 = ORIENTED_EDGE('',*,*,#1067,.F.);
#1067 = EDGE_CURVE('',#107,#1047,#1068,.T.);
#1068 = SURFACE_CURVE('',#1069,(#1074,#1081),.PCURVE_S1.);
#1069 = CIRCLE('',#1070,51.);
#1070 = AXIS2_PLACEMENT_3D('',#1071,#1072,#1073);
#1071 = CARTESIAN_POINT('',(0.,0.,208.));
#1072 = DIRECTION('',(0.,0.,1.));
#1073 = DIRECTION('',(-0.229901960784,0.973213793792,0.));
#1074 = PCURVE('',#149,#1075);
#1075 = DEFINITIONAL_REPRESENTATION('',(#1076),#1080);
#1076 = LINE('',#1077,#1078);
#1077 = CARTESIAN_POINT('',(-1.802773270865,0.));
#1078 = VECTOR('',#1079,1.);
#1079 = DIRECTION('',(-1.,0.));
#1080 = ( GEOMETRIC_REPRESENTATION_CONTEXT(2) 
PARAMETRIC_REPRESENTATION_CONTEXT() REPRESENTATION_CONTEXT('2D SPACE',''
  ) );
#1081 = PCURVE('',#121,#1082);
#1082 = DEFINITIONAL_REPRESENTATION('',(#1083),#1087);
#1083 = CIRCLE('',#1084,51.);
#1084 = AXIS2_PLACEMENT_2D('',#1085,#1086);
#1085 = CARTESIAN_POINT('',(1.716003303579E-15,3.658962549716E-16));
#1086 = DIRECTION('',(-0.229901960784,0.973213793792));
#1087 = ( GEOMETRIC_REPRESENTATION_CONTEXT(2) 
PARAMETRIC_REPRESENTATION_CONTEXT() REPRESENTATION_CONTEXT('2D SPACE',''
  ) );
#1088 = ADVANCED_FACE('',(#1089,#1315),#121,.F.);
#1089 = FACE_BOUND('',#1090,.F.);
#1090 = EDGE_LOOP('',(#1091,#1092,#1093,#1114,#1140,#1161,#1185,#1206,
    #1231,#1252,#1276,#1297));
#1091 = ORIENTED_EDGE('',*,*,#106,.F.);
#1092 = ORIENTED_EDGE('',*,*,#1067,.T.);
#1093 = ORIENTED_EDGE('',*,*,#1094,.F.);
#1094 = EDGE_CURVE('',#1095,#1047,#1097,.T.);
#1095 = VERTEX_POINT('',#1096);
#1096 = CARTESIAN_POINT('',(-44.,14.,208.));
#1097 = SURFACE_CURVE('',#1098,(#1102,#1108),.PCURVE_S1.);
#1098 = LINE('',#1099,#1100);
#1099 = CARTESIAN_POINT('',(-22.,14.,208.));
#1100 = VECTOR('',#1101,1.);
#1101 = DIRECTION('',(-1.,1.224646799147E-16,0.));
#1102 = PCURVE('',#121,#1103);
#1103 = DEFINITIONAL_REPRESENTATION('',(#1104),#1107);
#1104 = B_SPLINE_CURVE_WITH_KNOTS('',1,(#1105,#1106),.UNSPECIFIED.,.F.,
  .F.,(2,2),(22.,29.),.PIECEWISE_BEZIER_KNOTS.);
#1105 = CARTESIAN_POINT('',(-44.,14.));
#1106 = CARTESIAN_POINT('',(-51.,14.));
#1107 = ( GEOMETRIC_REPRESENTATION_CONTEXT(2) 
PARAMETRIC_REPRESENTATION_CONTEXT() REPRESENTATION_CONTEXT('2D SPACE',''
  ) );
#1108 = PCURVE('',#970,#1109);
#1109 = DEFINITIONAL_REPRESENTATION('',(#1110),#1113);
#1110 = B_SPLINE_CURVE_WITH_KNOTS('',1,(#1111,#1112),.UNSPECIFIED.,.F.,
  .F.,(2,2),(22.,29.),.PIECEWISE_BEZIER_KNOTS.);
#1111 = CARTESIAN_POINT('',(0.,-22.));
#1112 = CARTESIAN_POINT('',(7.,-22.));
#1113 = ( GEOMETRIC_REPRESENTATION_CONTEXT(2) 
PARAMETRIC_REPRESENTATION_CONTEXT() REPRESENTATION_CONTEXT('2D SPACE',''
  ) );
#1114 = ORIENTED_EDGE('',*,*,#1115,.F.);
#1115 = EDGE_CURVE('',#1116,#1095,#1118,.T.);
#1116 = VERTEX_POINT('',#1117);
#1117 = CARTESIAN_POINT('',(-44.,-14.,208.));
#1118 = SURFACE_CURVE('',#1119,(#1123,#1129),.PCURVE_S1.);
#1119 = LINE('',#1120,#1121);
#1120 = CARTESIAN_POINT('',(-44.,-7.,208.));
#1121 = VECTOR('',#1122,1.);
#1122 = DIRECTION('',(1.224646799147E-16,1.,-0.));
#1123 = PCURVE('',#121,#1124);
#1124 = DEFINITIONAL_REPRESENTATION('',(#1125),#1128);
#1125 = B_SPLINE_CURVE_WITH_KNOTS('',1,(#1126,#1127),.UNSPECIFIED.,.F.,
  .F.,(2,2),(-7.,21.),.PIECEWISE_BEZIER_KNOTS.);
#1126 = CARTESIAN_POINT('',(-44.,-14.));
#1127 = CARTESIAN_POINT('',(-44.,14.));
#1128 = ( GEOMETRIC_REPRESENTATION_CONTEXT(2) 
PARAMETRIC_REPRESENTATION_CONTEXT() REPRESENTATION_CONTEXT('2D SPACE',''
  ) );
#1129 = PCURVE('',#1130,#1135);
#1130 = PLANE('',#1131);
#1131 = AXIS2_PLACEMENT_3D('',#1132,#1133,#1134);
#1132 = CARTESIAN_POINT('',(-44.,-14.,230.));
#1133 = DIRECTION('',(1.,-1.224646799147E-16,0.));
#1134 = DIRECTION('',(1.224646799147E-16,1.,0.));
#1135 = DEFINITIONAL_REPRESENTATION('',(#1136),#1139);
#1136 = B_SPLINE_CURVE_WITH_KNOTS('',1,(#1137,#1138),.UNSPECIFIED.,.F.,
  .F.,(2,2),(-7.,21.),.PIECEWISE_BEZIER_KNOTS.);
#1137 = CARTESIAN_POINT('',(0.,-22.));
#1138 = CARTESIAN_POINT('',(28.,-22.));
#1139 = ( GEOMETRIC_REPRESENTATION_CONTEXT(2) 
PARAMETRIC_REPRESENTATION_CONTEXT() REPRESENTATION_CONTEXT('2D SPACE',''
  ) );
#1140 = ORIENTED_EDGE('',*,*,#1141,.F.);
#1141 = EDGE_CURVE('',#1142,#1116,#1144,.T.);
#1142 = VERTEX_POINT('',#1143);
#1143 = CARTESIAN_POINT('',(-49.04079934095,-14.,208.));
#1144 = SURFACE_CURVE('',#1145,(#1149,#1155),.PCURVE_S1.);
#1145 = LINE('',#1146,#1147);
#1146 = CARTESIAN_POINT('',(-29.,-14.,208.));
#1147 = VECTOR('',#1148,1.);
#1148 = DIRECTION('',(1.,-1.224646799147E-16,0.));
#1149 = PCURVE('',#121,#1150);
#1150 = DEFINITIONAL_REPRESENTATION('',(#1151),#1154);
#1151 = B_SPLINE_CURVE_WITH_KNOTS('',1,(#1152,#1153),.UNSPECIFIED.,.F.,
  .F.,(2,2),(-22.,-15.),.PIECEWISE_BEZIER_KNOTS.);
#1152 = CARTESIAN_POINT('',(-51.,-14.));
#1153 = CARTESIAN_POINT('',(-44.,-14.));
#1154 = ( GEOMETRIC_REPRESENTATION_CONTEXT(2) 
PARAMETRIC_REPRESENTATION_CONTEXT() REPRESENTATION_CONTEXT('2D SPACE',''
  ) );
#1155 = PCURVE('',#914,#1156);
#1156 = DEFINITIONAL_REPRESENTATION('',(#1157),#1160);
#1157 = B_SPLINE_CURVE_WITH_KNOTS('',1,(#1158,#1159),.UNSPECIFIED.,.F.,
  .F.,(2,2),(-22.,-15.),.PIECEWISE_BEZIER_KNOTS.);
#1158 = CARTESIAN_POINT('',(7.,-22.));
#1159 = CARTESIAN_POINT('',(14.,-22.));
#1160 = ( GEOMETRIC_REPRESENTATION_CONTEXT(2) 
PARAMETRIC_REPRESENTATION_CONTEXT() REPRESENTATION_CONTEXT('2D SPACE',''
  ) );
#1161 = ORIENTED_EDGE('',*,*,#1162,.T.);
#1162 = EDGE_CURVE('',#1142,#1163,#1165,.T.);
#1163 = VERTEX_POINT('',#1164);
#1164 = CARTESIAN_POINT('',(-11.725,-49.6339034834,208.));
#1165 = SURFACE_CURVE('',#1166,(#1171,#1178),.PCURVE_S1.);
#1166 = CIRCLE('',#1167,51.);
#1167 = AXIS2_PLACEMENT_3D('',#1168,#1169,#1170);
#1168 = CARTESIAN_POINT('',(0.,0.,208.));
#1169 = DIRECTION('',(0.,0.,1.));
#1170 = DIRECTION('',(-0.229901960784,0.973213793792,0.));
#1171 = PCURVE('',#121,#1172);
#1172 = DEFINITIONAL_REPRESENTATION('',(#1173),#1177);
#1173 = CIRCLE('',#1174,51.);
#1174 = AXIS2_PLACEMENT_2D('',#1175,#1176);
#1175 = CARTESIAN_POINT('',(1.716003303579E-15,3.658962549716E-16));
#1176 = DIRECTION('',(-0.229901960784,0.973213793792));
#1177 = ( GEOMETRIC_REPRESENTATION_CONTEXT(2) 
PARAMETRIC_REPRESENTATION_CONTEXT() REPRESENTATION_CONTEXT('2D SPACE',''
  ) );
#1178 = PCURVE('',#886,#1179);
#1179 = DEFINITIONAL_REPRESENTATION('',(#1180),#1184);
#1180 = LINE('',#1181,#1182);
#1181 = CARTESIAN_POINT('',(-1.802773270865,0.));
#1182 = VECTOR('',#1183,1.);
#1183 = DIRECTION('',(-1.,0.));
#1184 = ( GEOMETRIC_REPRESENTATION_CONTEXT(2) 
PARAMETRIC_REPRESENTATION_CONTEXT() REPRESENTATION_CONTEXT('2D SPACE',''
  ) );
#1185 = ORIENTED_EDGE('',*,*,#1186,.F.);
#1186 = EDGE_CURVE('',#1187,#1163,#1189,.T.);
#1187 = VERTEX_POINT('',#1188);
#1188 = CARTESIAN_POINT('',(-11.725,-47.,208.));
#1189 = SURFACE_CURVE('',#1190,(#1194,#1200),.PCURVE_S1.);
#1190 = LINE('',#1191,#1192);
#1191 = CARTESIAN_POINT('',(-11.725,-23.5,208.));
#1192 = VECTOR('',#1193,1.);
#1193 = DIRECTION('',(-2.22044604925E-16,-1.,0.));
#1194 = PCURVE('',#121,#1195);
#1195 = DEFINITIONAL_REPRESENTATION('',(#1196),#1199);
#1196 = B_SPLINE_CURVE_WITH_KNOTS('',1,(#1197,#1198),.UNSPECIFIED.,.F.,
  .F.,(2,2),(23.5,27.5),.PIECEWISE_BEZIER_KNOTS.);
#1197 = CARTESIAN_POINT('',(-11.725,-47.));
#1198 = CARTESIAN_POINT('',(-11.725,-51.));
#1199 = ( GEOMETRIC_REPRESENTATION_CONTEXT(2) 
PARAMETRIC_REPRESENTATION_CONTEXT() REPRESENTATION_CONTEXT('2D SPACE',''
  ) );
#1200 = PCURVE('',#853,#1201);
#1201 = DEFINITIONAL_REPRESENTATION('',(#1202),#1205);
#1202 = B_SPLINE_CURVE_WITH_KNOTS('',1,(#1203,#1204),.UNSPECIFIED.,.F.,
  .F.,(2,2),(23.5,27.5),.PIECEWISE_BEZIER_KNOTS.);
#1203 = CARTESIAN_POINT('',(0.,-22.00171868286));
#1204 = CARTESIAN_POINT('',(4.,-22.00171868286));
#1205 = ( GEOMETRIC_REPRESENTATION_CONTEXT(2) 
PARAMETRIC_REPRESENTATION_CONTEXT() REPRESENTATION_CONTEXT('2D SPACE',''
  ) );
#1206 = ORIENTED_EDGE('',*,*,#1207,.T.);
#1207 = EDGE_CURVE('',#1187,#1208,#1210,.T.);
#1208 = VERTEX_POINT('',#1209);
#1209 = CARTESIAN_POINT('',(11.725,-47.,208.));
#1210 = SURFACE_CURVE('',#1211,(#1214,#1220),.PCURVE_S1.);
#1211 = B_SPLINE_CURVE_WITH_KNOTS('',1,(#1212,#1213),.UNSPECIFIED.,.F.,
  .F.,(2,2),(0.,1.),.PIECEWISE_BEZIER_KNOTS.);
#1212 = CARTESIAN_POINT('',(-11.725,-47.,208.));
#1213 = CARTESIAN_POINT('',(11.725,-47.,208.));
#1214 = PCURVE('',#121,#1215);
#1215 = DEFINITIONAL_REPRESENTATION('',(#1216),#1219);
#1216 = B_SPLINE_CURVE_WITH_KNOTS('',1,(#1217,#1218),.UNSPECIFIED.,.F.,
  .F.,(2,2),(0.,1.),.PIECEWISE_BEZIER_KNOTS.);
#1217 = CARTESIAN_POINT('',(-11.725,-47.));
#1218 = CARTESIAN_POINT('',(11.725,-47.));
#1219 = ( GEOMETRIC_REPRESENTATION_CONTEXT(2) 
PARAMETRIC_REPRESENTATION_CONTEXT() REPRESENTATION_CONTEXT('2D SPACE',''
  ) );
#1220 = PCURVE('',#1221,#1226);
#1221 = B_SPLINE_SURFACE_WITH_KNOTS('',1,1,(
    (#1222,#1223)
    ,(#1224,#1225
    )),.UNSPECIFIED.,.F.,.F.,.F.,(2,2),(2,2),(0.,24.),(0.,1.),
  .PIECEWISE_BEZIER_KNOTS.);
#1222 = CARTESIAN_POINT('',(11.,-47.,150.));
#1223 = CARTESIAN_POINT('',(12.,-47.,230.));
#1224 = CARTESIAN_POINT('',(-11.,-47.,150.));
#1225 = CARTESIAN_POINT('',(-12.,-47.,230.));
#1226 = DEFINITIONAL_REPRESENTATION('',(#1227),#1230);
#1227 = B_SPLINE_CURVE_WITH_KNOTS('',1,(#1228,#1229),.UNSPECIFIED.,.F.,
  .F.,(2,2),(0.,1.),.PIECEWISE_BEZIER_KNOTS.);
#1228 = CARTESIAN_POINT('',(24.,0.725));
#1229 = CARTESIAN_POINT('',(0.,0.725));
#1230 = ( GEOMETRIC_REPRESENTATION_CONTEXT(2) 
PARAMETRIC_REPRESENTATION_CONTEXT() REPRESENTATION_CONTEXT('2D SPACE',''
  ) );
#1231 = ORIENTED_EDGE('',*,*,#1232,.F.);
#1232 = EDGE_CURVE('',#1233,#1208,#1235,.T.);
#1233 = VERTEX_POINT('',#1234);
#1234 = CARTESIAN_POINT('',(11.725,-49.6339034834,208.));
#1235 = SURFACE_CURVE('',#1236,(#1240,#1246),.PCURVE_S1.);
#1236 = LINE('',#1237,#1238);
#1237 = CARTESIAN_POINT('',(11.725,-30.,208.));
#1238 = VECTOR('',#1239,1.);
#1239 = DIRECTION('',(2.22044604925E-16,1.,-0.));
#1240 = PCURVE('',#121,#1241);
#1241 = DEFINITIONAL_REPRESENTATION('',(#1242),#1245);
#1242 = B_SPLINE_CURVE_WITH_KNOTS('',1,(#1243,#1244),.UNSPECIFIED.,.F.,
  .F.,(2,2),(-21.,-17.),.PIECEWISE_BEZIER_KNOTS.);
#1243 = CARTESIAN_POINT('',(11.725,-51.));
#1244 = CARTESIAN_POINT('',(11.725,-47.));
#1245 = ( GEOMETRIC_REPRESENTATION_CONTEXT(2) 
PARAMETRIC_REPRESENTATION_CONTEXT() REPRESENTATION_CONTEXT('2D SPACE',''
  ) );
#1246 = PCURVE('',#797,#1247);
#1247 = DEFINITIONAL_REPRESENTATION('',(#1248),#1251);
#1248 = B_SPLINE_CURVE_WITH_KNOTS('',1,(#1249,#1250),.UNSPECIFIED.,.F.,
  .F.,(2,2),(-21.,-17.),.PIECEWISE_BEZIER_KNOTS.);
#1249 = CARTESIAN_POINT('',(9.,-22.00171868286));
#1250 = CARTESIAN_POINT('',(13.,-22.00171868286));
#1251 = ( GEOMETRIC_REPRESENTATION_CONTEXT(2) 
PARAMETRIC_REPRESENTATION_CONTEXT() REPRESENTATION_CONTEXT('2D SPACE',''
  ) );
#1252 = ORIENTED_EDGE('',*,*,#1253,.T.);
#1253 = EDGE_CURVE('',#1233,#1254,#1256,.T.);
#1254 = VERTEX_POINT('',#1255);
#1255 = CARTESIAN_POINT('',(11.725,49.633903483405,208.));
#1256 = SURFACE_CURVE('',#1257,(#1262,#1269),.PCURVE_S1.);
#1257 = CIRCLE('',#1258,51.);
#1258 = AXIS2_PLACEMENT_3D('',#1259,#1260,#1261);
#1259 = CARTESIAN_POINT('',(0.,0.,208.));
#1260 = DIRECTION('',(0.,0.,1.));
#1261 = DIRECTION('',(-0.229901960784,0.973213793792,0.));
#1262 = PCURVE('',#121,#1263);
#1263 = DEFINITIONAL_REPRESENTATION('',(#1264),#1268);
#1264 = CIRCLE('',#1265,51.);
#1265 = AXIS2_PLACEMENT_2D('',#1266,#1267);
#1266 = CARTESIAN_POINT('',(1.716003303579E-15,3.658962549716E-16));
#1267 = DIRECTION('',(-0.229901960784,0.973213793792));
#1268 = ( GEOMETRIC_REPRESENTATION_CONTEXT(2) 
PARAMETRIC_REPRESENTATION_CONTEXT() REPRESENTATION_CONTEXT('2D SPACE',''
  ) );
#1269 = PCURVE('',#769,#1270);
#1270 = DEFINITIONAL_REPRESENTATION('',(#1271),#1275);
#1271 = LINE('',#1272,#1273);
#1272 = CARTESIAN_POINT('',(-1.802773270865,0.));
#1273 = VECTOR('',#1274,1.);
#1274 = DIRECTION('',(-1.,0.));
#1275 = ( GEOMETRIC_REPRESENTATION_CONTEXT(2) 
PARAMETRIC_REPRESENTATION_CONTEXT() REPRESENTATION_CONTEXT('2D SPACE',''
  ) );
#1276 = ORIENTED_EDGE('',*,*,#1277,.F.);
#1277 = EDGE_CURVE('',#1278,#1254,#1280,.T.);
#1278 = VERTEX_POINT('',#1279);
#1279 = CARTESIAN_POINT('',(11.725,47.,208.));
#1280 = SURFACE_CURVE('',#1281,(#1285,#1291),.PCURVE_S1.);
#1281 = LINE('',#1282,#1283);
#1282 = CARTESIAN_POINT('',(11.725,23.5,208.));
#1283 = VECTOR('',#1284,1.);
#1284 = DIRECTION('',(1.110223024625E-16,1.,-0.));
#1285 = PCURVE('',#121,#1286);
#1286 = DEFINITIONAL_REPRESENTATION('',(#1287),#1290);
#1287 = B_SPLINE_CURVE_WITH_KNOTS('',1,(#1288,#1289),.UNSPECIFIED.,.F.,
  .F.,(2,2),(23.5,27.5),.PIECEWISE_BEZIER_KNOTS.);
#1288 = CARTESIAN_POINT('',(11.725,47.));
#1289 = CARTESIAN_POINT('',(11.725,51.));
#1290 = ( GEOMETRIC_REPRESENTATION_CONTEXT(2) 
PARAMETRIC_REPRESENTATION_CONTEXT() REPRESENTATION_CONTEXT('2D SPACE',''
  ) );
#1291 = PCURVE('',#294,#1292);
#1292 = DEFINITIONAL_REPRESENTATION('',(#1293),#1296);
#1293 = B_SPLINE_CURVE_WITH_KNOTS('',1,(#1294,#1295),.UNSPECIFIED.,.F.,
  .F.,(2,2),(23.5,27.5),.PIECEWISE_BEZIER_KNOTS.);
#1294 = CARTESIAN_POINT('',(0.,-22.00171868286));
#1295 = CARTESIAN_POINT('',(4.,-22.00171868286));
#1296 = ( GEOMETRIC_REPRESENTATION_CONTEXT(2) 
PARAMETRIC_REPRESENTATION_CONTEXT() REPRESENTATION_CONTEXT('2D SPACE',''
  ) );
#1297 = ORIENTED_EDGE('',*,*,#1298,.T.);
#1298 = EDGE_CURVE('',#1278,#81,#1299,.T.);
#1299 = SURFACE_CURVE('',#1300,(#1303,#1309),.PCURVE_S1.);
#1300 = B_SPLINE_CURVE_WITH_KNOTS('',1,(#1301,#1302),.UNSPECIFIED.,.F.,
  .F.,(2,2),(0.,1.),.PIECEWISE_BEZIER_KNOTS.);
#1301 = CARTESIAN_POINT('',(11.725,47.,208.));
#1302 = CARTESIAN_POINT('',(-11.725,47.,208.));
#1303 = PCURVE('',#121,#1304);
#1304 = DEFINITIONAL_REPRESENTATION('',(#1305),#1308);
#1305 = B_SPLINE_CURVE_WITH_KNOTS('',1,(#1306,#1307),.UNSPECIFIED.,.F.,
  .F.,(2,2),(0.,1.),.PIECEWISE_BEZIER_KNOTS.);
#1306 = CARTESIAN_POINT('',(11.725,47.));
#1307 = CARTESIAN_POINT('',(-11.725,47.));
#1308 = ( GEOMETRIC_REPRESENTATION_CONTEXT(2) 
PARAMETRIC_REPRESENTATION_CONTEXT() REPRESENTATION_CONTEXT('2D SPACE',''
  ) );
#1309 = PCURVE('',#94,#1310);
#1310 = DEFINITIONAL_REPRESENTATION('',(#1311),#1314);
#1311 = B_SPLINE_CURVE_WITH_KNOTS('',1,(#1312,#1313),.UNSPECIFIED.,.F.,
  .F.,(2,2),(0.,1.),.PIECEWISE_BEZIER_KNOTS.);
#1312 = CARTESIAN_POINT('',(24.,0.725));
#1313 = CARTESIAN_POINT('',(0.,0.725));
#1314 = ( GEOMETRIC_REPRESENTATION_CONTEXT(2) 
PARAMETRIC_REPRESENTATION_CONTEXT() REPRESENTATION_CONTEXT('2D SPACE',''
  ) );
#1315 = FACE_BOUND('',#1316,.F.);
#1316 = EDGE_LOOP('',(#1317));
#1317 = ORIENTED_EDGE('',*,*,#1318,.T.);
#1318 = EDGE_CURVE('',#1319,#1319,#1321,.T.);
#1319 = VERTEX_POINT('',#1320);
#1320 = CARTESIAN_POINT('',(43.5,0.,208.));
#1321 = SURFACE_CURVE('',#1322,(#1327,#1338),.PCURVE_S1.);
#1322 = CIRCLE('',#1323,43.5);
#1323 = AXIS2_PLACEMENT_3D('',#1324,#1325,#1326);
#1324 = CARTESIAN_POINT('',(0.,0.,208.));
#1325 = DIRECTION('',(0.,0.,-1.));
#1326 = DIRECTION('',(1.,0.,0.));
#1327 = PCURVE('',#121,#1328);
#1328 = DEFINITIONAL_REPRESENTATION('',(#1329),#1337);
#1329 = ( BOUNDED_CURVE() B_SPLINE_CURVE(2,(#1330,#1331,#1332,#1333,
#1334,#1335,#1336),.UNSPECIFIED.,.T.,.F.) B_SPLINE_CURVE_WITH_KNOTS((1,2
    ,2,2,2,1),(-2.094395102393,0.,2.094395102393,4.188790204786,
6.28318530718,8.377580409573),.UNSPECIFIED.) CURVE() 
GEOMETRIC_REPRESENTATION_ITEM() RATIONAL_B_SPLINE_CURVE((1.,0.5,1.,0.5,
1.,0.5,1.)) REPRESENTATION_ITEM('') );
#1330 = CARTESIAN_POINT('',(43.5,3.658962549716E-16));
#1331 = CARTESIAN_POINT('',(43.5,-75.34421012924));
#1332 = CARTESIAN_POINT('',(-21.75,-37.67210506462));
#1333 = CARTESIAN_POINT('',(-87.,-1.028853089761E-14));
#1334 = CARTESIAN_POINT('',(-21.75,37.672105064623));
#1335 = CARTESIAN_POINT('',(43.5,75.344210129246));
#1336 = CARTESIAN_POINT('',(43.5,3.658962549716E-16));
#1337 = ( GEOMETRIC_REPRESENTATION_CONTEXT(2) 
PARAMETRIC_REPRESENTATION_CONTEXT() REPRESENTATION_CONTEXT('2D SPACE',''
  ) );
#1338 = PCURVE('',#1029,#1339);
#1339 = DEFINITIONAL_REPRESENTATION('',(#1340),#1344);
#1340 = LINE('',#1341,#1342);
#1341 = CARTESIAN_POINT('',(-6.28318530718,-1.));
#1342 = VECTOR('',#1343,1.);
#1343 = DIRECTION('',(1.,-0.));
#1344 = ( GEOMETRIC_REPRESENTATION_CONTEXT(2) 
PARAMETRIC_REPRESENTATION_CONTEXT() REPRESENTATION_CONTEXT('2D SPACE',''
  ) );
#1345 = ADVANCED_FACE('',(#1346,#1389),#94,.T.);
#1346 = FACE_BOUND('',#1347,.T.);
#1347 = EDGE_LOOP('',(#1348,#1349,#1369,#1388));
#1348 = ORIENTED_EDGE('',*,*,#80,.F.);
#1349 = ORIENTED_EDGE('',*,*,#1350,.F.);
#1350 = EDGE_CURVE('',#1351,#55,#1353,.T.);
#1351 = VERTEX_POINT('',#1352);
#1352 = CARTESIAN_POINT('',(11.1,47.,158.));
#1353 = SURFACE_CURVE('',#1354,(#1357,#1363),.PCURVE_S1.);
#1354 = B_SPLINE_CURVE_WITH_KNOTS('',1,(#1355,#1356),.UNSPECIFIED.,.F.,
  .F.,(2,2),(0.,1.),.PIECEWISE_BEZIER_KNOTS.);
#1355 = CARTESIAN_POINT('',(11.1,47.,158.));
#1356 = CARTESIAN_POINT('',(-11.1,47.,158.));
#1357 = PCURVE('',#94,#1358);
#1358 = DEFINITIONAL_REPRESENTATION('',(#1359),#1362);
#1359 = B_SPLINE_CURVE_WITH_KNOTS('',1,(#1360,#1361),.UNSPECIFIED.,.F.,
  .F.,(2,2),(0.,1.),.PIECEWISE_BEZIER_KNOTS.);
#1360 = CARTESIAN_POINT('',(24.,0.1));
#1361 = CARTESIAN_POINT('',(0.,1.E-01));
#1362 = ( GEOMETRIC_REPRESENTATION_CONTEXT(2) 
PARAMETRIC_REPRESENTATION_CONTEXT() REPRESENTATION_CONTEXT('2D SPACE',''
  ) );
#1363 = PCURVE('',#69,#1364);
#1364 = DEFINITIONAL_REPRESENTATION('',(#1365),#1368);
#1365 = B_SPLINE_CURVE_WITH_KNOTS('',1,(#1366,#1367),.UNSPECIFIED.,.F.,
  .F.,(2,2),(0.,1.),.PIECEWISE_BEZIER_KNOTS.);
#1366 = CARTESIAN_POINT('',(261.1,297.));
#1367 = CARTESIAN_POINT('',(238.9,297.));
#1368 = ( GEOMETRIC_REPRESENTATION_CONTEXT(2) 
PARAMETRIC_REPRESENTATION_CONTEXT() REPRESENTATION_CONTEXT('2D SPACE',''
  ) );
#1369 = ORIENTED_EDGE('',*,*,#1370,.T.);
#1370 = EDGE_CURVE('',#1351,#1278,#1371,.T.);
#1371 = SURFACE_CURVE('',#1372,(#1375,#1382),.PCURVE_S1.);
#1372 = B_SPLINE_CURVE_WITH_KNOTS('',1,(#1373,#1374),.UNSPECIFIED.,.F.,
  .F.,(2,2),(0.,1.),.PIECEWISE_BEZIER_KNOTS.);
#1373 = CARTESIAN_POINT('',(11.,47.,150.));
#1374 = CARTESIAN_POINT('',(12.,47.,230.));
#1375 = PCURVE('',#94,#1376);
#1376 = DEFINITIONAL_REPRESENTATION('',(#1377),#1381);
#1377 = LINE('',#1378,#1379);
#1378 = CARTESIAN_POINT('',(24.,0.));
#1379 = VECTOR('',#1380,1.);
#1380 = DIRECTION('',(0.,1.));
#1381 = ( GEOMETRIC_REPRESENTATION_CONTEXT(2) 
PARAMETRIC_REPRESENTATION_CONTEXT() REPRESENTATION_CONTEXT('2D SPACE',''
  ) );
#1382 = PCURVE('',#294,#1383);
#1383 = DEFINITIONAL_REPRESENTATION('',(#1384),#1387);
#1384 = B_SPLINE_CURVE_WITH_KNOTS('',1,(#1385,#1386),.UNSPECIFIED.,.F.,
  .F.,(2,2),(0.,1.),.PIECEWISE_BEZIER_KNOTS.);
#1385 = CARTESIAN_POINT('',(0.,-80.00624975587));
#1386 = CARTESIAN_POINT('',(0.,0.));
#1387 = ( GEOMETRIC_REPRESENTATION_CONTEXT(2) 
PARAMETRIC_REPRESENTATION_CONTEXT() REPRESENTATION_CONTEXT('2D SPACE',''
  ) );
#1388 = ORIENTED_EDGE('',*,*,#1298,.T.);
#1389 = FACE_BOUND('',#1390,.T.);
#1390 = EDGE_LOOP('',(#1391,#1691));
#1391 = ORIENTED_EDGE('',*,*,#1392,.T.);
#1392 = EDGE_CURVE('',#1393,#1395,#1397,.T.);
#1393 = VERTEX_POINT('',#1394);
#1394 = CARTESIAN_POINT('',(-2.,47.,167.));
#1395 = VERTEX_POINT('',#1396);
#1396 = CARTESIAN_POINT('',(-1.999995764116,47.,166.99588374975));
#1397 = SURFACE_CURVE('',#1398,(#1492,#1589),.PCURVE_S1.);
#1398 = B_SPLINE_CURVE_WITH_KNOTS('',8,(#1399,#1400,#1401,#1402,#1403,
    #1404,#1405,#1406,#1407,#1408,#1409,#1410,#1411,#1412,#1413,#1414,
    #1415,#1416,#1417,#1418,#1419,#1420,#1421,#1422,#1423,#1424,#1425,
    #1426,#1427,#1428,#1429,#1430,#1431,#1432,#1433,#1434,#1435,#1436,
    #1437,#1438,#1439,#1440,#1441,#1442,#1443,#1444,#1445,#1446,#1447,
    #1448,#1449,#1450,#1451,#1452,#1453,#1454,#1455,#1456,#1457,#1458,
    #1459,#1460,#1461,#1462,#1463,#1464,#1465,#1466,#1467,#1468,#1469,
    #1470,#1471,#1472,#1473,#1474,#1475,#1476,#1477,#1478,#1479,#1480,
    #1481,#1482,#1483,#1484,#1485,#1486,#1487,#1488,#1489,#1490,#1491),
  .UNSPECIFIED.,.F.,.F.,(9,7,7,7,7,7,7,7,7,7,7,7,7,9),(0.,
    5.123846823241E-02,0.124763546391,0.250159212937,0.318438902405,
    0.377219003237,0.467482693599,0.533199054076,0.624358124476,
    0.749580721571,0.817542965879,0.876077763509,0.950564468893,1.),
  .UNSPECIFIED.);
#1399 = CARTESIAN_POINT('',(-2.,47.,167.));
#1400 = CARTESIAN_POINT('',(-2.,47.,167.09660434434));
#1401 = CARTESIAN_POINT('',(-1.994667047325,47.,167.19323291374));
#1402 = CARTESIAN_POINT('',(-1.983997215892,47.,167.28915459594));
#1403 = CARTESIAN_POINT('',(-1.968130813783,47.,167.38373317902));
#1404 = CARTESIAN_POINT('',(-1.947310885967,47.,167.47642240162));
#1405 = CARTESIAN_POINT('',(-1.921850840618,47.,167.56676111084));
#1406 = CARTESIAN_POINT('',(-1.892111199008,47.,167.65436852761));
#1407 = CARTESIAN_POINT('',(-1.810233940124,47.,167.86029563155));
#1408 = CARTESIAN_POINT('',(-1.753982699654,47.,167.97539278237));
#1409 = CARTESIAN_POINT('',(-1.690764817208,47.,168.08365731162));
#1410 = CARTESIAN_POINT('',(-1.621596729508,47.,168.18480091576));
#1411 = CARTESIAN_POINT('',(-1.547404888363,47.,168.27873141011));
#1412 = CARTESIAN_POINT('',(-1.468989792989,47.,168.36550018486));
#1413 = CARTESIAN_POINT('',(-1.387003955468,47.,168.44526213784));
#1414 = CARTESIAN_POINT('',(-1.156811823146,47.,168.64265848188));
#1415 = CARTESIAN_POINT('',(-1.003025394801,47.,168.74702912239));
#1416 = CARTESIAN_POINT('',(-0.84284943744,47.,168.83262876106));
#1417 = CARTESIAN_POINT('',(-0.678078773831,47.,168.90015811231));
#1418 = CARTESIAN_POINT('',(-0.510234131432,47.,168.95028364571));
#1419 = CARTESIAN_POINT('',(-0.340528215662,47.,168.98347951691));
#1420 = CARTESIAN_POINT('',(-0.169914483674,47.,169.00007940852));
#1421 = CARTESIAN_POINT('',(9.396049612286E-02,47.,168.99995642545));
#1422 = CARTESIAN_POINT('',(0.186979195114,47.,168.99496774126));
#1423 = CARTESIAN_POINT('',(0.279838851296,47.,168.98503528276));
#1424 = CARTESIAN_POINT('',(0.372379197766,47.,168.97013637218));
#1425 = CARTESIAN_POINT('',(0.464428798611,47.,168.95022942824));
#1426 = CARTESIAN_POINT('',(0.555804207484,47.,168.9252552097));
#1427 = CARTESIAN_POINT('',(0.646308563837,47.,168.89513397589));
#1428 = CARTESIAN_POINT('',(0.812709752795,47.,168.82930484784));
#1429 = CARTESIAN_POINT('',(0.888871858829,47.,168.7949631747));
#1430 = CARTESIAN_POINT('',(0.964084923622,47.,168.75666634421));
#1431 = CARTESIAN_POINT('',(1.03819103941,47.,168.71433746462));
#1432 = CARTESIAN_POINT('',(1.111006217571,47.,168.66789437421));
#1433 = CARTESIAN_POINT('',(1.182320199494,47.,168.61725155598));
#1434 = CARTESIAN_POINT('',(1.251895272688,47.,168.56231954562));
#1435 = CARTESIAN_POINT('',(1.423223883462,47.,168.41191257676));
#1436 = CARTESIAN_POINT('',(1.522210795601,47.,168.31051810889));
#1437 = CARTESIAN_POINT('',(1.6155298923,47.,168.19842238924));
#1438 = CARTESIAN_POINT('',(1.701851098624,47.,168.0753796786));
#1439 = CARTESIAN_POINT('',(1.779486561985,47.,167.94143649811));
#1440 = CARTESIAN_POINT('',(1.846533068607,47.,167.79708989646));
#1441 = CARTESIAN_POINT('',(1.900936688437,47.,167.64339869728));
#1442 = CARTESIAN_POINT('',(1.970083705533,47.,167.36518277263));
#1443 = CARTESIAN_POINT('',(1.991604177853,47.,167.24403290391));
#1444 = CARTESIAN_POINT('',(2.004698960255,47.,167.12023838874));
#1445 = CARTESIAN_POINT('',(2.008909226913,47.,166.99512715143));
#1446 = CARTESIAN_POINT('',(2.004090411356,47.,166.87004461878));
#1447 = CARTESIAN_POINT('',(1.9903975857,47.,166.74633276565));
#1448 = CARTESIAN_POINT('',(1.968296786773,47.,166.62530927977));
#1449 = CARTESIAN_POINT('',(1.897411286072,47.,166.34586258432));
#1450 = CARTESIAN_POINT('',(1.841589848605,47.,166.19102793178));
#1451 = CARTESIAN_POINT('',(1.772955975927,47.,166.04583228316));
#1452 = CARTESIAN_POINT('',(1.693642515746,47.,165.91134123622));
#1453 = CARTESIAN_POINT('',(1.605615264988,47.,165.78803831699));
#1454 = CARTESIAN_POINT('',(1.510609286408,47.,165.67594166755));
#1455 = CARTESIAN_POINT('',(1.409980570742,47.,165.57477190282));
#1456 = CARTESIAN_POINT('',(1.159906897591,47.,165.35955099359));
#1457 = CARTESIAN_POINT('',(1.006570053472,47.,165.2550695412));
#1458 = CARTESIAN_POINT('',(0.846907671762,47.,165.16932834675));
#1459 = CARTESIAN_POINT('',(0.682706923829,47.,165.10160028577));
#1460 = CARTESIAN_POINT('',(0.515474494302,47.,165.05119556216));
#1461 = CARTESIAN_POINT('',(0.346402938444,47.,165.01762258617));
#1462 = CARTESIAN_POINT('',(0.176420652019,47.,165.00053487998));
#1463 = CARTESIAN_POINT('',(-8.622790429499E-02,47.,164.99972439401));
#1464 = CARTESIAN_POINT('',(-0.178627121064,47.,165.004318033));
#1465 = CARTESIAN_POINT('',(-0.270882134261,47.,165.01378793581));
#1466 = CARTESIAN_POINT('',(-0.362838612712,47.,165.02815595116));
#1467 = CARTESIAN_POINT('',(-0.454331494347,47.,165.04746308162));
#1468 = CARTESIAN_POINT('',(-0.545184149457,47.,165.07176830269));
#1469 = CARTESIAN_POINT('',(-0.635207013839,47.,165.10115139889));
#1470 = CARTESIAN_POINT('',(-0.800840221577,47.,165.16549304484));
#1471 = CARTESIAN_POINT('',(-0.876702553395,47.,165.19910704539));
#1472 = CARTESIAN_POINT('',(-0.951656249825,47.,165.23662924136));
#1473 = CARTESIAN_POINT('',(-1.025548598727,47.,165.27813707076));
#1474 = CARTESIAN_POINT('',(-1.098201338372,47.,165.32371371495));
#1475 = CARTESIAN_POINT('',(-1.169410414527,47.,165.3734462819));
#1476 = CARTESIAN_POINT('',(-1.238944769504,47.,165.42742644501));
#1477 = CARTESIAN_POINT('',(-1.392565749048,47.,165.55997593356));
#1478 = CARTESIAN_POINT('',(-1.475411971189,47.,165.64120131733));
#1479 = CARTESIAN_POINT('',(-1.554585096607,47.,165.72965081863));
#1480 = CARTESIAN_POINT('',(-1.629393496619,47.,165.82548848118));
#1481 = CARTESIAN_POINT('',(-1.698987295609,47.,165.92876364728));
#1482 = CARTESIAN_POINT('',(-1.762382251262,47.,166.0393668336));
#1483 = CARTESIAN_POINT('',(-1.818500938005,47.,166.15697004638));
#1484 = CARTESIAN_POINT('',(-1.89795736702,47.,166.36318756311));
#1485 = CARTESIAN_POINT('',(-1.925967582283,47.,166.44823636354));
#1486 = CARTESIAN_POINT('',(-1.949937817908,47.,166.53577768135));
#1487 = CARTESIAN_POINT('',(-1.969547748696,47.,166.62545498603));
#1488 = CARTESIAN_POINT('',(-1.984521565505,47.,166.71684253067));
#1489 = CARTESIAN_POINT('',(-1.994647323054,47.,166.80944126715));
#1490 = CARTESIAN_POINT('',(-1.99980392755,47.,166.90267456725));
#1491 = CARTESIAN_POINT('',(-1.999995764116,47.,166.99588374975));
#1492 = PCURVE('',#94,#1493);
#1493 = DEFINITIONAL_REPRESENTATION('',(#1494),#1588);
#1494 = B_SPLINE_CURVE_WITH_KNOTS('',8,(#1495,#1496,#1497,#1498,#1499,
    #1500,#1501,#1502,#1503,#1504,#1505,#1506,#1507,#1508,#1509,#1510,
    #1511,#1512,#1513,#1514,#1515,#1516,#1517,#1518,#1519,#1520,#1521,
    #1522,#1523,#1524,#1525,#1526,#1527,#1528,#1529,#1530,#1531,#1532,
    #1533,#1534,#1535,#1536,#1537,#1538,#1539,#1540,#1541,#1542,#1543,
    #1544,#1545,#1546,#1547,#1548,#1549,#1550,#1551,#1552,#1553,#1554,
    #1555,#1556,#1557,#1558,#1559,#1560,#1561,#1562,#1563,#1564,#1565,
    #1566,#1567,#1568,#1569,#1570,#1571,#1572,#1573,#1574,#1575,#1576,
    #1577,#1578,#1579,#1580,#1581,#1582,#1583,#1584,#1585,#1586,#1587),
  .UNSPECIFIED.,.F.,.F.,(9,7,7,7,7,7,7,7,7,7,7,7,7,9),(0.,
    5.123846823241E-02,0.124763546391,0.250159212937,0.318438902405,
    0.377219003237,0.467482693599,0.533199054076,0.624358124476,
    0.749580721571,0.817542965879,0.876077763509,0.950564468893,1.),
  .UNSPECIFIED.);
#1495 = CARTESIAN_POINT('',(9.859531772575,0.2125));
#1496 = CARTESIAN_POINT('',(9.859762294905,0.213707554304));
#1497 = CARTESIAN_POINT('',(9.865700326901,0.214915411422));
#1498 = CARTESIAN_POINT('',(9.877345863645,0.216114432449));
#1499 = CARTESIAN_POINT('',(9.894544770499,0.217296664738));
#1500 = CARTESIAN_POINT('',(9.917033464517,0.21845528002));
#1501 = CARTESIAN_POINT('',(9.94447372471,0.219584513886));
#1502 = CARTESIAN_POINT('',(9.976477631134,0.220679606595));
#1503 = CARTESIAN_POINT('',(10.064489212127,0.223253695394));
#1504 = CARTESIAN_POINT('',(10.124880427837,0.22469240978));
#1505 = CARTESIAN_POINT('',(10.192687125953,0.226045716395));
#1506 = CARTESIAN_POINT('',(10.266820425506,0.227310011447));
#1507 = CARTESIAN_POINT('',(10.346289651824,0.228484142626));
#1508 = CARTESIAN_POINT('',(10.430240164455,0.229568752311));
#1509 = CARTESIAN_POINT('',(10.517976316971,0.230565776723));
#1510 = CARTESIAN_POINT('',(10.764225108059,0.233033231024));
#1511 = CARTESIAN_POINT('',(10.928646926843,0.23433786403));
#1512 = CARTESIAN_POINT('',(11.099826058193,0.235407859513));
#1513 = CARTESIAN_POINT('',(11.275857755588,0.236251976404));
#1514 = CARTESIAN_POINT('',(11.455131494574,0.236878545571));
#1515 = CARTESIAN_POINT('',(11.636365919897,0.237293493961));
#1516 = CARTESIAN_POINT('',(11.818556279815,0.237500992607));
#1517 = CARTESIAN_POINT('',(12.10033601373,0.237499455318));
#1518 = CARTESIAN_POINT('',(12.19966634307,0.237437096766));
#1519 = CARTESIAN_POINT('',(12.29882903946,0.237312941035));
#1520 = CARTESIAN_POINT('',(12.397655147391,0.237126704652));
#1521 = CARTESIAN_POINT('',(12.495963782218,0.236877867853));
#1522 = CARTESIAN_POINT('',(12.593561223637,0.236565690121));
#1523 = CARTESIAN_POINT('',(12.690239404201,0.236189174699));
#1524 = CARTESIAN_POINT('',(12.868016712264,0.235366310598));
#1525 = CARTESIAN_POINT('',(12.949395738028,0.234937039684));
#1526 = CARTESIAN_POINT('',(13.029772301093,0.234458329303));
#1527 = CARTESIAN_POINT('',(13.108979094024,0.233929218308));
#1528 = CARTESIAN_POINT('',(13.18682090598,0.233348679678));
#1529 = CARTESIAN_POINT('',(13.263074384616,0.23271564445));
#1530 = CARTESIAN_POINT('',(13.337486724921,0.23202899432));
#1531 = CARTESIAN_POINT('',(13.520777716419,0.23014890721));
#1532 = CARTESIAN_POINT('',(13.626724486472,0.228881476361));
#1533 = CARTESIAN_POINT('',(13.726661064667,0.227480279866));
#1534 = CARTESIAN_POINT('',(13.819168829953,0.225942245983));
#1535 = CARTESIAN_POINT('',(13.902444397041,0.224267956226));
#1536 = CARTESIAN_POINT('',(13.974450182016,0.222463623706));
#1537 = CARTESIAN_POINT('',(14.032981329201,0.220542483716));
#1538 = CARTESIAN_POINT('',(14.107588648605,0.217064784658));
#1539 = CARTESIAN_POINT('',(14.130897848075,0.215550411299));
#1540 = CARTESIAN_POINT('',(14.145206260862,0.214002979859));
#1541 = CARTESIAN_POINT('',(14.150014874039,0.212439089393));
#1542 = CARTESIAN_POINT('',(14.145160125464,0.210875557735));
#1543 = CARTESIAN_POINT('',(14.130799149086,0.209329159571));
#1544 = CARTESIAN_POINT('',(14.107422784419,0.207816365997));
#1545 = CARTESIAN_POINT('',(14.032164159041,0.204323282304));
#1546 = CARTESIAN_POINT('',(13.97272980291,0.202387849147));
#1547 = CARTESIAN_POINT('',(13.899525286236,0.20057290354));
#1548 = CARTESIAN_POINT('',(13.81482653407,0.198891765453));
#1549 = CARTESIAN_POINT('',(13.720736910633,0.197350478962));
#1550 = CARTESIAN_POINT('',(13.619116657281,0.195949270844));
#1551 = CARTESIAN_POINT('',(13.511422181733,0.194684648785));
#1552 = CARTESIAN_POINT('',(13.2436678873,0.19199438742));
#1553 = CARTESIAN_POINT('',(13.079397686364,0.190688369265));
#1554 = CARTESIAN_POINT('',(12.908276393837,0.189616604334));
#1555 = CARTESIAN_POINT('',(12.732232847808,0.188770003572));
#1556 = CARTESIAN_POINT('',(12.552896556462,0.188139944527));
#1557 = CARTESIAN_POINT('',(12.371560313897,0.187720282327));
#1558 = CARTESIAN_POINT('',(12.189233319171,0.187506686));
#1559 = CARTESIAN_POINT('',(11.907509737034,0.187496554925));
#1560 = CARTESIAN_POINT('',(11.808399857763,0.187553975413));
#1561 = CARTESIAN_POINT('',(11.709446706911,0.187672349198));
#1562 = CARTESIAN_POINT('',(11.610817985362,0.18785194939));
#1563 = CARTESIAN_POINT('',(11.512692902735,0.18809328852));
#1564 = CARTESIAN_POINT('',(11.415263067873,0.188397103784));
#1565 = CARTESIAN_POINT('',(11.318733943751,0.188764392486));
#1566 = CARTESIAN_POINT('',(11.141154272332,0.18956866306));
#1567 = CARTESIAN_POINT('',(11.059830136025,0.189988838067));
#1568 = CARTESIAN_POINT('',(10.979491412973,0.190457865517));
#1569 = CARTESIAN_POINT('',(10.900303216239,0.190976713385));
#1570 = CARTESIAN_POINT('',(10.822458015021,0.191546421437));
#1571 = CARTESIAN_POINT('',(10.746175860589,0.192168078524));
#1572 = CARTESIAN_POINT('',(10.671705639998,0.192842830563));
#1573 = CARTESIAN_POINT('',(10.507224539837,0.19449969917));
#1574 = CARTESIAN_POINT('',(10.418554253322,0.195515016467));
#1575 = CARTESIAN_POINT('',(10.333852182741,0.196620635233));
#1576 = CARTESIAN_POINT('',(10.253861333756,0.197818606015));
#1577 = CARTESIAN_POINT('',(10.179493396221,0.199109545591));
#1578 = CARTESIAN_POINT('',(10.111802494639,0.20049208542));
#1579 = CARTESIAN_POINT('',(10.051940379508,0.20196212558));
#1580 = CARTESIAN_POINT('',(9.967295092585,0.204539844539));
#1581 = CARTESIAN_POINT('',(9.937490319726,0.205602954544));
#1582 = CARTESIAN_POINT('',(9.912024344735,0.206697221017));
#1583 = CARTESIAN_POINT('',(9.891238012662,0.207818187325));
#1584 = CARTESIAN_POINT('',(9.875423904532,0.208960531633));
#1585 = CARTESIAN_POINT('',(9.864805687243,0.210118015839));
#1586 = CARTESIAN_POINT('',(9.859509372319,0.211283432091));
#1587 = CARTESIAN_POINT('',(9.859526483527,0.212448546872));
#1588 = ( GEOMETRIC_REPRESENTATION_CONTEXT(2) 
PARAMETRIC_REPRESENTATION_CONTEXT() REPRESENTATION_CONTEXT('2D SPACE',''
  ) );
#1589 = PCURVE('',#1590,#1595);
#1590 = CYLINDRICAL_SURFACE('',#1591,2.);
#1591 = AXIS2_PLACEMENT_3D('',#1592,#1593,#1594);
#1592 = CARTESIAN_POINT('',(3.918869757272E-15,64.,167.));
#1593 = DIRECTION('',(-6.123233995737E-17,-1.,0.));
#1594 = DIRECTION('',(-1.,6.123233995737E-17,0.));
#1595 = DEFINITIONAL_REPRESENTATION('',(#1596),#1690);
#1596 = B_SPLINE_CURVE_WITH_KNOTS('',8,(#1597,#1598,#1599,#1600,#1601,
    #1602,#1603,#1604,#1605,#1606,#1607,#1608,#1609,#1610,#1611,#1612,
    #1613,#1614,#1615,#1616,#1617,#1618,#1619,#1620,#1621,#1622,#1623,
    #1624,#1625,#1626,#1627,#1628,#1629,#1630,#1631,#1632,#1633,#1634,
    #1635,#1636,#1637,#1638,#1639,#1640,#1641,#1642,#1643,#1644,#1645,
    #1646,#1647,#1648,#1649,#1650,#1651,#1652,#1653,#1654,#1655,#1656,
    #1657,#1658,#1659,#1660,#1661,#1662,#1663,#1664,#1665,#1666,#1667,
    #1668,#1669,#1670,#1671,#1672,#1673,#1674,#1675,#1676,#1677,#1678,
    #1679,#1680,#1681,#1682,#1683,#1684,#1685,#1686,#1687,#1688,#1689),
  .UNSPECIFIED.,.F.,.F.,(9,7,7,7,7,7,7,7,7,7,7,7,7,9),(0.,
    5.123846823241E-02,0.124763546391,0.250159212937,0.318438902405,
    0.377219003237,0.467482693599,0.533199054076,0.624358124476,
    0.749580721571,0.817542965879,0.876077763509,0.950564468893,1.),
  .UNSPECIFIED.);
#1597 = CARTESIAN_POINT('',(6.28318530718,17.));
#1598 = CARTESIAN_POINT('',(6.234883135005,17.));
#1599 = CARTESIAN_POINT('',(6.186568929987,17.));
#1600 = CARTESIAN_POINT('',(6.13843612698,17.));
#1601 = CARTESIAN_POINT('',(6.090631502374,17.));
#1602 = CARTESIAN_POINT('',(6.043270931028,17.));
#1603 = CARTESIAN_POINT('',(5.99645040231,17.));
#1604 = CARTESIAN_POINT('',(5.950252295245,17.));
#1605 = CARTESIAN_POINT('',(5.839448575022,17.));
#1606 = CARTESIAN_POINT('',(5.775580465779,17.));
#1607 = CARTESIAN_POINT('',(5.713175402792,17.));
#1608 = CARTESIAN_POINT('',(5.65220990948,17.));
#1609 = CARTESIAN_POINT('',(5.592630723184,17.));
#1610 = CARTESIAN_POINT('',(5.53435834238,17.));
#1611 = CARTESIAN_POINT('',(5.477279143402,17.));
#1612 = CARTESIAN_POINT('',(5.325659772587,17.));
#1613 = CARTESIAN_POINT('',(5.233318455788,17.));
#1614 = CARTESIAN_POINT('',(5.143332541216,17.));
#1615 = CARTESIAN_POINT('',(5.05519611443,17.));
#1616 = CARTESIAN_POINT('',(4.968443162935,17.));
#1617 = CARTESIAN_POINT('',(4.882649456812,17.));
#1618 = CARTESIAN_POINT('',(4.797346231483,17.));
#1619 = CARTESIAN_POINT('',(4.665408727255,17.));
#1620 = CARTESIAN_POINT('',(4.618898164676,17.));
#1621 = CARTESIAN_POINT('',(4.572312817357,17.));
#1622 = CARTESIAN_POINT('',(4.525579146799,17.));
#1623 = CARTESIAN_POINT('',(4.478625534812,17.));
#1624 = CARTESIAN_POINT('',(4.431378671888,17.));
#1625 = CARTESIAN_POINT('',(4.383759284768,17.));
#1626 = CARTESIAN_POINT('',(4.29428466576,17.));
#1627 = CARTESIAN_POINT('',(4.252557301931,17.));
#1628 = CARTESIAN_POINT('',(4.210435758078,17.));
#1629 = CARTESIAN_POINT('',(4.167863645051,17.));
#1630 = CARTESIAN_POINT('',(4.124785815363,17.));
#1631 = CARTESIAN_POINT('',(4.081145848817,17.));
#1632 = CARTESIAN_POINT('',(4.036882746576,17.));
#1633 = CARTESIAN_POINT('',(3.922891793917,17.));
#1634 = CARTESIAN_POINT('',(3.852250912547,17.));
#1635 = CARTESIAN_POINT('',(3.779707800466,17.));
#1636 = CARTESIAN_POINT('',(3.70508439779,17.));
#1637 = CARTESIAN_POINT('',(3.628279295255,17.));
#1638 = CARTESIAN_POINT('',(3.549280936953,17.));
#1639 = CARTESIAN_POINT('',(3.468143171389,17.));
#1640 = CARTESIAN_POINT('',(3.32480318159,17.));
#1641 = CARTESIAN_POINT('',(3.263421675203,17.));
#1642 = CARTESIAN_POINT('',(3.201436181162,17.));
#1643 = CARTESIAN_POINT('',(3.139167080347,17.));
#1644 = CARTESIAN_POINT('',(3.076901250107,17.));
#1645 = CARTESIAN_POINT('',(3.014924491318,17.));
#1646 = CARTESIAN_POINT('',(2.953553691694,17.));
#1647 = CARTESIAN_POINT('',(2.809405148686,17.));
#1648 = CARTESIAN_POINT('',(2.727501930273,17.));
#1649 = CARTESIAN_POINT('',(2.647798994805,17.));
#1650 = CARTESIAN_POINT('',(2.570349232751,17.));
#1651 = CARTESIAN_POINT('',(2.495139039188,17.));
#1652 = CARTESIAN_POINT('',(2.422061033522,17.));
#1653 = CARTESIAN_POINT('',(2.35092819356,17.));
#1654 = CARTESIAN_POINT('',(2.185960862116,17.));
#1655 = CARTESIAN_POINT('',(2.093772558207,17.));
#1656 = CARTESIAN_POINT('',(2.003974876726,17.));
#1657 = CARTESIAN_POINT('',(1.916057573025,17.));
#1658 = CARTESIAN_POINT('',(1.829550138679,17.));
#1659 = CARTESIAN_POINT('',(1.744024406091,17.));
#1660 = CARTESIAN_POINT('',(1.65900706299,17.));
#1661 = CARTESIAN_POINT('',(1.527682159582,17.));
#1662 = CARTESIAN_POINT('',(1.481489804822,17.));
#1663 = CARTESIAN_POINT('',(1.435227002314,17.));
#1664 = CARTESIAN_POINT('',(1.388820489647,17.));
#1665 = CARTESIAN_POINT('',(1.34219889399,17.));
#1666 = CARTESIAN_POINT('',(1.295289167691,17.));
#1667 = CARTESIAN_POINT('',(1.248012377164,17.));
#1668 = CARTESIAN_POINT('',(1.159166714765,17.));
#1669 = CARTESIAN_POINT('',(1.117723741627,17.));
#1670 = CARTESIAN_POINT('',(1.075890914561,17.));
#1671 = CARTESIAN_POINT('',(1.033612097539,17.));
#1672 = CARTESIAN_POINT('',(0.990832334512,17.));
#1673 = CARTESIAN_POINT('',(0.947495378028,17.));
#1674 = CARTESIAN_POINT('',(0.903540441531,17.));
#1675 = CARTESIAN_POINT('',(0.802089995165,17.));
#1676 = CARTESIAN_POINT('',(0.744196383492,17.));
#1677 = CARTESIAN_POINT('',(0.685054626075,17.));
#1678 = CARTESIAN_POINT('',(0.624547581382,17.));
#1679 = CARTESIAN_POINT('',(0.56259581305,17.));
#1680 = CARTESIAN_POINT('',(0.499149007184,17.));
#1681 = CARTESIAN_POINT('',(0.434191101126,17.));
#1682 = CARTESIAN_POINT('',(0.323693376807,17.));
#1683 = CARTESIAN_POINT('',(0.278977284232,17.));
#1684 = CARTESIAN_POINT('',(0.233693716683,17.));
#1685 = CARTESIAN_POINT('',(0.187920896496,17.));
#1686 = CARTESIAN_POINT('',(0.141748740167,17.));
#1687 = CARTESIAN_POINT('',(9.528459786494E-02,17.));
#1688 = CARTESIAN_POINT('',(4.866281653096E-02,17.));
#1689 = CARTESIAN_POINT('',(2.05812657695E-03,17.));
#1690 = ( GEOMETRIC_REPRESENTATION_CONTEXT(2) 
PARAMETRIC_REPRESENTATION_CONTEXT() REPRESENTATION_CONTEXT('2D SPACE',''
  ) );
#1691 = ORIENTED_EDGE('',*,*,#1692,.T.);
#1692 = EDGE_CURVE('',#1395,#1393,#1693,.T.);
#1693 = SURFACE_CURVE('',#1694,(#1697,#1703),.PCURVE_S1.);
#1694 = B_SPLINE_CURVE_WITH_KNOTS('',1,(#1695,#1696),.UNSPECIFIED.,.F.,
  .F.,(2,2),(0.,1.),.PIECEWISE_BEZIER_KNOTS.);
#1695 = CARTESIAN_POINT('',(-1.999995764116,47.,166.99588374975));
#1696 = CARTESIAN_POINT('',(-2.,47.,167.));
#1697 = PCURVE('',#94,#1698);
#1698 = DEFINITIONAL_REPRESENTATION('',(#1699),#1702);
#1699 = B_SPLINE_CURVE_WITH_KNOTS('',1,(#1700,#1701),.UNSPECIFIED.,.F.,
  .F.,(2,2),(0.,1.),.PIECEWISE_BEZIER_KNOTS.);
#1700 = CARTESIAN_POINT('',(9.859526483527,0.212448546872));
#1701 = CARTESIAN_POINT('',(9.859531772575,0.2125));
#1702 = ( GEOMETRIC_REPRESENTATION_CONTEXT(2) 
PARAMETRIC_REPRESENTATION_CONTEXT() REPRESENTATION_CONTEXT('2D SPACE',''
  ) );
#1703 = PCURVE('',#1590,#1704);
#1704 = DEFINITIONAL_REPRESENTATION('',(#1705),#1708);
#1705 = B_SPLINE_CURVE_WITH_KNOTS('',1,(#1706,#1707),.UNSPECIFIED.,.F.,
  .F.,(2,2),(0.,1.),.PIECEWISE_BEZIER_KNOTS.);
#1706 = CARTESIAN_POINT('',(2.05812657695E-03,17.));
#1707 = CARTESIAN_POINT('',(0.,17.));
#1708 = ( GEOMETRIC_REPRESENTATION_CONTEXT(2) 
PARAMETRIC_REPRESENTATION_CONTEXT() REPRESENTATION_CONTEXT('2D SPACE',''
  ) );
#1709 = ADVANCED_FACE('',(#1710,#1734),#69,.F.);
#1710 = FACE_BOUND('',#1711,.F.);
#1711 = EDGE_LOOP('',(#1712,#1713,#1714,#1733));
#1712 = ORIENTED_EDGE('',*,*,#54,.F.);
#1713 = ORIENTED_EDGE('',*,*,#1350,.F.);
#1714 = ORIENTED_EDGE('',*,*,#1715,.F.);
#1715 = EDGE_CURVE('',#278,#1351,#1716,.T.);
#1716 = SURFACE_CURVE('',#1717,(#1721,#1727),.PCURVE_S1.);
#1717 = LINE('',#1718,#1719);
#1718 = CARTESIAN_POINT('',(11.1,-101.5,158.));
#1719 = VECTOR('',#1720,1.);
#1720 = DIRECTION('',(-1.110223024625E-16,-1.,0.));
#1721 = PCURVE('',#69,#1722);
#1722 = DEFINITIONAL_REPRESENTATION('',(#1723),#1726);
#1723 = B_SPLINE_CURVE_WITH_KNOTS('',1,(#1724,#1725),.UNSPECIFIED.,.F.,
  .F.,(2,2),(-161.5,-148.5),.PIECEWISE_BEZIER_KNOTS.);
#1724 = CARTESIAN_POINT('',(261.1,310.));
#1725 = CARTESIAN_POINT('',(261.1,297.));
#1726 = ( GEOMETRIC_REPRESENTATION_CONTEXT(2) 
PARAMETRIC_REPRESENTATION_CONTEXT() REPRESENTATION_CONTEXT('2D SPACE',''
  ) );
#1727 = PCURVE('',#294,#1728);
#1728 = DEFINITIONAL_REPRESENTATION('',(#1729),#1732);
#1729 = B_SPLINE_CURVE_WITH_KNOTS('',1,(#1730,#1731),.UNSPECIFIED.,.F.,
  .F.,(2,2),(-161.5,-148.5),.PIECEWISE_BEZIER_KNOTS.);
#1730 = CARTESIAN_POINT('',(13.,-72.00562478029));
#1731 = CARTESIAN_POINT('',(0.,-72.00562478029));
#1732 = ( GEOMETRIC_REPRESENTATION_CONTEXT(2) 
PARAMETRIC_REPRESENTATION_CONTEXT() REPRESENTATION_CONTEXT('2D SPACE',''
  ) );
#1733 = ORIENTED_EDGE('',*,*,#305,.F.);
#1734 = FACE_BOUND('',#1735,.F.);
#1735 = EDGE_LOOP('',(#1736,#1764,#1790,#1816));
#1736 = ORIENTED_EDGE('',*,*,#1737,.F.);
#1737 = EDGE_CURVE('',#1738,#1740,#1742,.T.);
#1738 = VERTEX_POINT('',#1739);
#1739 = CARTESIAN_POINT('',(-5.95,56.2,158.));
#1740 = VERTEX_POINT('',#1741);
#1741 = CARTESIAN_POINT('',(-7.2,50.8,158.));
#1742 = SURFACE_CURVE('',#1743,(#1747,#1753),.PCURVE_S1.);
#1743 = LINE('',#1744,#1745);
#1744 = CARTESIAN_POINT('',(-46.41840670518,-118.6235169663,158.));
#1745 = VECTOR('',#1746,1.);
#1746 = DIRECTION('',(-0.225518272727,-0.97423893818,0.));
#1747 = PCURVE('',#69,#1748);
#1748 = DEFINITIONAL_REPRESENTATION('',(#1749),#1752);
#1749 = B_SPLINE_CURVE_WITH_KNOTS('',1,(#1750,#1751),.UNSPECIFIED.,.F.,
  .F.,(2,2),(-179.4462427184,-173.9034546113),.PIECEWISE_BEZIER_KNOTS.);
#1750 = CARTESIAN_POINT('',(244.05,306.2));
#1751 = CARTESIAN_POINT('',(242.8,300.8));
#1752 = ( GEOMETRIC_REPRESENTATION_CONTEXT(2) 
PARAMETRIC_REPRESENTATION_CONTEXT() REPRESENTATION_CONTEXT('2D SPACE',''
  ) );
#1753 = PCURVE('',#1754,#1759);
#1754 = PLANE('',#1755);
#1755 = AXIS2_PLACEMENT_3D('',#1756,#1757,#1758);
#1756 = CARTESIAN_POINT('',(-7.2,50.8,157.));
#1757 = DIRECTION('',(-0.97423893818,0.225518272727,0.));
#1758 = DIRECTION('',(0.225518272727,0.97423893818,0.));
#1759 = DEFINITIONAL_REPRESENTATION('',(#1760),#1763);
#1760 = B_SPLINE_CURVE_WITH_KNOTS('',1,(#1761,#1762),.UNSPECIFIED.,.F.,
  .F.,(2,2),(-179.4462427184,-173.9034546113),.PIECEWISE_BEZIER_KNOTS.);
#1761 = CARTESIAN_POINT('',(5.542788107081,-1.));
#1762 = CARTESIAN_POINT('',(0.,-1.));
#1763 = ( GEOMETRIC_REPRESENTATION_CONTEXT(2) 
PARAMETRIC_REPRESENTATION_CONTEXT() REPRESENTATION_CONTEXT('2D SPACE',''
  ) );
#1764 = ORIENTED_EDGE('',*,*,#1765,.F.);
#1765 = EDGE_CURVE('',#1766,#1738,#1768,.T.);
#1766 = VERTEX_POINT('',#1767);
#1767 = CARTESIAN_POINT('',(5.95,56.2,158.));
#1768 = SURFACE_CURVE('',#1769,(#1773,#1779),.PCURVE_S1.);
#1769 = LINE('',#1770,#1771);
#1770 = CARTESIAN_POINT('',(-127.975,56.2,158.));
#1771 = VECTOR('',#1772,1.);
#1772 = DIRECTION('',(-1.,1.110223024625E-16,0.));
#1773 = PCURVE('',#69,#1774);
#1774 = DEFINITIONAL_REPRESENTATION('',(#1775),#1778);
#1775 = B_SPLINE_CURVE_WITH_KNOTS('',1,(#1776,#1777),.UNSPECIFIED.,.F.,
  .F.,(2,2),(-133.925,-122.025),.PIECEWISE_BEZIER_KNOTS.);
#1776 = CARTESIAN_POINT('',(255.95,306.2));
#1777 = CARTESIAN_POINT('',(244.05,306.2));
#1778 = ( GEOMETRIC_REPRESENTATION_CONTEXT(2) 
PARAMETRIC_REPRESENTATION_CONTEXT() REPRESENTATION_CONTEXT('2D SPACE',''
  ) );
#1779 = PCURVE('',#1780,#1785);
#1780 = PLANE('',#1781);
#1781 = AXIS2_PLACEMENT_3D('',#1782,#1783,#1784);
#1782 = CARTESIAN_POINT('',(-5.95,56.2,157.));
#1783 = DIRECTION('',(1.110223024625E-16,1.,0.));
#1784 = DIRECTION('',(1.,-1.110223024625E-16,0.));
#1785 = DEFINITIONAL_REPRESENTATION('',(#1786),#1789);
#1786 = B_SPLINE_CURVE_WITH_KNOTS('',1,(#1787,#1788),.UNSPECIFIED.,.F.,
  .F.,(2,2),(-133.925,-122.025),.PIECEWISE_BEZIER_KNOTS.);
#1787 = CARTESIAN_POINT('',(11.9,-1.));
#1788 = CARTESIAN_POINT('',(0.,-1.));
#1789 = ( GEOMETRIC_REPRESENTATION_CONTEXT(2) 
PARAMETRIC_REPRESENTATION_CONTEXT() REPRESENTATION_CONTEXT('2D SPACE',''
  ) );
#1790 = ORIENTED_EDGE('',*,*,#1791,.F.);
#1791 = EDGE_CURVE('',#1792,#1766,#1794,.T.);
#1792 = VERTEX_POINT('',#1793);
#1793 = CARTESIAN_POINT('',(7.2,50.8,158.));
#1794 = SURFACE_CURVE('',#1795,(#1799,#1805),.PCURVE_S1.);
#1795 = LINE('',#1796,#1797);
#1796 = CARTESIAN_POINT('',(33.078783871755,-60.99634632598,158.));
#1797 = VECTOR('',#1798,1.);
#1798 = DIRECTION('',(-0.225518272727,0.97423893818,0.));
#1799 = PCURVE('',#69,#1800);
#1800 = DEFINITIONAL_REPRESENTATION('',(#1801),#1804);
#1801 = B_SPLINE_CURVE_WITH_KNOTS('',1,(#1802,#1803),.UNSPECIFIED.,.F.,
  .F.,(2,2),(114.75249237607,120.29528048315),.PIECEWISE_BEZIER_KNOTS.);
#1802 = CARTESIAN_POINT('',(257.2,300.8));
#1803 = CARTESIAN_POINT('',(255.95,306.2));
#1804 = ( GEOMETRIC_REPRESENTATION_CONTEXT(2) 
PARAMETRIC_REPRESENTATION_CONTEXT() REPRESENTATION_CONTEXT('2D SPACE',''
  ) );
#1805 = PCURVE('',#1806,#1811);
#1806 = PLANE('',#1807);
#1807 = AXIS2_PLACEMENT_3D('',#1808,#1809,#1810);
#1808 = CARTESIAN_POINT('',(5.95,56.2,157.));
#1809 = DIRECTION('',(0.97423893818,0.225518272727,0.));
#1810 = DIRECTION('',(0.225518272727,-0.97423893818,0.));
#1811 = DEFINITIONAL_REPRESENTATION('',(#1812),#1815);
#1812 = B_SPLINE_CURVE_WITH_KNOTS('',1,(#1813,#1814),.UNSPECIFIED.,.F.,
  .F.,(2,2),(114.75249237607,120.29528048315),.PIECEWISE_BEZIER_KNOTS.);
#1813 = CARTESIAN_POINT('',(5.542788107081,-1.));
#1814 = CARTESIAN_POINT('',(0.,-1.));
#1815 = ( GEOMETRIC_REPRESENTATION_CONTEXT(2) 
PARAMETRIC_REPRESENTATION_CONTEXT() REPRESENTATION_CONTEXT('2D SPACE',''
  ) );
#1816 = ORIENTED_EDGE('',*,*,#1817,.F.);
#1817 = EDGE_CURVE('',#1740,#1792,#1818,.T.);
#1818 = SURFACE_CURVE('',#1819,(#1823,#1829),.PCURVE_S1.);
#1819 = LINE('',#1820,#1821);
#1820 = CARTESIAN_POINT('',(-121.4,50.8,158.));
#1821 = VECTOR('',#1822,1.);
#1822 = DIRECTION('',(1.,-1.110223024625E-16,0.));
#1823 = PCURVE('',#69,#1824);
#1824 = DEFINITIONAL_REPRESENTATION('',(#1825),#1828);
#1825 = B_SPLINE_CURVE_WITH_KNOTS('',1,(#1826,#1827),.UNSPECIFIED.,.F.,
  .F.,(2,2),(114.2,128.6),.PIECEWISE_BEZIER_KNOTS.);
#1826 = CARTESIAN_POINT('',(242.8,300.8));
#1827 = CARTESIAN_POINT('',(257.2,300.8));
#1828 = ( GEOMETRIC_REPRESENTATION_CONTEXT(2) 
PARAMETRIC_REPRESENTATION_CONTEXT() REPRESENTATION_CONTEXT('2D SPACE',''
  ) );
#1829 = PCURVE('',#1830,#1835);
#1830 = PLANE('',#1831);
#1831 = AXIS2_PLACEMENT_3D('',#1832,#1833,#1834);
#1832 = CARTESIAN_POINT('',(7.2,50.8,157.));
#1833 = DIRECTION('',(-1.110223024625E-16,-1.,0.));
#1834 = DIRECTION('',(-1.,1.110223024625E-16,0.));
#1835 = DEFINITIONAL_REPRESENTATION('',(#1836),#1839);
#1836 = B_SPLINE_CURVE_WITH_KNOTS('',1,(#1837,#1838),.UNSPECIFIED.,.F.,
  .F.,(2,2),(114.2,128.6),.PIECEWISE_BEZIER_KNOTS.);
#1837 = CARTESIAN_POINT('',(14.4,-1.));
#1838 = CARTESIAN_POINT('',(0.,-1.));
#1839 = ( GEOMETRIC_REPRESENTATION_CONTEXT(2) 
PARAMETRIC_REPRESENTATION_CONTEXT() REPRESENTATION_CONTEXT('2D SPACE',''
  ) );
#1840 = ADVANCED_FACE('',(#1841),#209,.F.);
#1841 = FACE_BOUND('',#1842,.F.);
#1842 = EDGE_LOOP('',(#1843,#1878,#1899,#1900));
#1843 = ORIENTED_EDGE('',*,*,#1844,.F.);
#1844 = EDGE_CURVE('',#1845,#1845,#1847,.T.);
#1845 = VERTEX_POINT('',#1846);
#1846 = CARTESIAN_POINT('',(11.50625,53.5,190.5));
#1847 = SURFACE_CURVE('',#1848,(#1853,#1871),.PCURVE_S1.);
#1848 = ELLIPSE('',#1849,2.500195304871,2.5);
#1849 = AXIS2_PLACEMENT_3D('',#1850,#1851,#1852);
#1850 = CARTESIAN_POINT('',(11.475,53.5,188.));
#1851 = DIRECTION('',(0.999921884154,-1.110136298614E-16,
    -1.249902355193E-02));
#1852 = DIRECTION('',(1.249902355193E-02,8.881090388915E-15,
    0.999921884154));
#1853 = PCURVE('',#209,#1854);
#1854 = DEFINITIONAL_REPRESENTATION('',(#1855),#1870);
#1855 = B_SPLINE_CURVE_WITH_KNOTS('',7,(#1856,#1857,#1858,#1859,#1860,
    #1861,#1862,#1863,#1864,#1865,#1866,#1867,#1868,#1869),
  .UNSPECIFIED.,.F.,.F.,(8,6,8),(0.,3.14159265359,6.28318530718),
  .UNSPECIFIED.);
#1856 = CARTESIAN_POINT('',(-8.881784197001E-15,101.50625));
#1857 = CARTESIAN_POINT('',(0.448798950513,101.50625));
#1858 = CARTESIAN_POINT('',(0.897597901027,101.49890530868));
#1859 = CARTESIAN_POINT('',(1.346396851537,101.48422939238));
#1860 = CARTESIAN_POINT('',(1.795195802055,101.46577060762));
#1861 = CARTESIAN_POINT('',(2.243994752563,101.4510946913));
#1862 = CARTESIAN_POINT('',(2.692793703077,101.44375));
#1863 = CARTESIAN_POINT('',(3.590391604103,101.44375));
#1864 = CARTESIAN_POINT('',(4.039190554616,101.45109469129));
#1865 = CARTESIAN_POINT('',(4.487989505128,101.46577060762));
#1866 = CARTESIAN_POINT('',(4.936788455648,101.4842293924));
#1867 = CARTESIAN_POINT('',(5.385587406154,101.49890530869));
#1868 = CARTESIAN_POINT('',(5.834386356667,101.50625));
#1869 = CARTESIAN_POINT('',(6.28318530718,101.50625));
#1870 = ( GEOMETRIC_REPRESENTATION_CONTEXT(2) 
PARAMETRIC_REPRESENTATION_CONTEXT() REPRESENTATION_CONTEXT('2D SPACE',''
  ) );
#1871 = PCURVE('',#294,#1872);
#1872 = DEFINITIONAL_REPRESENTATION('',(#1873),#1877);
#1873 = ELLIPSE('',#1874,2.500195304871,2.5);
#1874 = AXIS2_PLACEMENT_2D('',#1875,#1876);
#1875 = CARTESIAN_POINT('',(6.5,-42.00328112183));
#1876 = DIRECTION('',(8.882478059289E-15,1.));
#1877 = ( GEOMETRIC_REPRESENTATION_CONTEXT(2) 
PARAMETRIC_REPRESENTATION_CONTEXT() REPRESENTATION_CONTEXT('2D SPACE',''
  ) );
#1878 = ORIENTED_EDGE('',*,*,#1879,.F.);
#1879 = EDGE_CURVE('',#193,#1845,#1880,.T.);
#1880 = SEAM_CURVE('',#1881,(#1885,#1892),.PCURVE_S1.);
#1881 = LINE('',#1882,#1883);
#1882 = CARTESIAN_POINT('',(-90.,53.5,190.5));
#1883 = VECTOR('',#1884,1.);
#1884 = DIRECTION('',(1.,0.,0.));
#1885 = PCURVE('',#209,#1886);
#1886 = DEFINITIONAL_REPRESENTATION('',(#1887),#1891);
#1887 = LINE('',#1888,#1889);
#1888 = CARTESIAN_POINT('',(6.28318530718,-0.));
#1889 = VECTOR('',#1890,1.);
#1890 = DIRECTION('',(0.,1.));
#1891 = ( GEOMETRIC_REPRESENTATION_CONTEXT(2) 
PARAMETRIC_REPRESENTATION_CONTEXT() REPRESENTATION_CONTEXT('2D SPACE',''
  ) );
#1892 = PCURVE('',#209,#1893);
#1893 = DEFINITIONAL_REPRESENTATION('',(#1894),#1898);
#1894 = LINE('',#1895,#1896);
#1895 = CARTESIAN_POINT('',(0.,-0.));
#1896 = VECTOR('',#1897,1.);
#1897 = DIRECTION('',(0.,1.));
#1898 = ( GEOMETRIC_REPRESENTATION_CONTEXT(2) 
PARAMETRIC_REPRESENTATION_CONTEXT() REPRESENTATION_CONTEXT('2D SPACE',''
  ) );
#1899 = ORIENTED_EDGE('',*,*,#192,.F.);
#1900 = ORIENTED_EDGE('',*,*,#1879,.T.);
#1901 = ADVANCED_FACE('',(#1902),#251,.F.);
#1902 = FACE_BOUND('',#1903,.F.);
#1903 = EDGE_LOOP('',(#1904,#1939,#1960,#1961));
#1904 = ORIENTED_EDGE('',*,*,#1905,.F.);
#1905 = EDGE_CURVE('',#1906,#1906,#1908,.T.);
#1906 = VERTEX_POINT('',#1907);
#1907 = CARTESIAN_POINT('',(11.95625,53.5,226.5));
#1908 = SURFACE_CURVE('',#1909,(#1914,#1932),.PCURVE_S1.);
#1909 = ELLIPSE('',#1910,2.500195304871,2.5);
#1910 = AXIS2_PLACEMENT_3D('',#1911,#1912,#1913);
#1911 = CARTESIAN_POINT('',(11.925,53.5,224.));
#1912 = DIRECTION('',(0.999921884154,-1.110136298614E-16,
    -1.249902355193E-02));
#1913 = DIRECTION('',(1.249902355193E-02,8.881090388915E-15,
    0.999921884154));
#1914 = PCURVE('',#251,#1915);
#1915 = DEFINITIONAL_REPRESENTATION('',(#1916),#1931);
#1916 = B_SPLINE_CURVE_WITH_KNOTS('',7,(#1917,#1918,#1919,#1920,#1921,
    #1922,#1923,#1924,#1925,#1926,#1927,#1928,#1929,#1930),
  .UNSPECIFIED.,.F.,.F.,(8,6,8),(0.,3.14159265359,6.28318530718),
  .UNSPECIFIED.);
#1917 = CARTESIAN_POINT('',(-8.881784197001E-15,101.95625));
#1918 = CARTESIAN_POINT('',(0.448798950513,101.95625));
#1919 = CARTESIAN_POINT('',(0.897597901027,101.94890530869));
#1920 = CARTESIAN_POINT('',(1.346396851537,101.93422939235));
#1921 = CARTESIAN_POINT('',(1.795195802055,101.91577060762));
#1922 = CARTESIAN_POINT('',(2.243994752563,101.90109469129));
#1923 = CARTESIAN_POINT('',(2.692793703077,101.89375));
#1924 = CARTESIAN_POINT('',(3.590391604103,101.89375));
#1925 = CARTESIAN_POINT('',(4.039190554616,101.9010946913));
#1926 = CARTESIAN_POINT('',(4.487989505128,101.91577060763));
#1927 = CARTESIAN_POINT('',(4.936788455648,101.93422939235));
#1928 = CARTESIAN_POINT('',(5.385587406154,101.9489053087));
#1929 = CARTESIAN_POINT('',(5.834386356667,101.95625));
#1930 = CARTESIAN_POINT('',(6.28318530718,101.95625));
#1931 = ( GEOMETRIC_REPRESENTATION_CONTEXT(2) 
PARAMETRIC_REPRESENTATION_CONTEXT() REPRESENTATION_CONTEXT('2D SPACE',''
  ) );
#1932 = PCURVE('',#294,#1933);
#1933 = DEFINITIONAL_REPRESENTATION('',(#1934),#1938);
#1934 = ELLIPSE('',#1935,2.500195304871,2.5);
#1935 = AXIS2_PLACEMENT_2D('',#1936,#1937);
#1936 = CARTESIAN_POINT('',(6.5,-6.000468731691));
#1937 = DIRECTION('',(8.882478059289E-15,1.));
#1938 = ( GEOMETRIC_REPRESENTATION_CONTEXT(2) 
PARAMETRIC_REPRESENTATION_CONTEXT() REPRESENTATION_CONTEXT('2D SPACE',''
  ) );
#1939 = ORIENTED_EDGE('',*,*,#1940,.F.);
#1940 = EDGE_CURVE('',#235,#1906,#1941,.T.);
#1941 = SEAM_CURVE('',#1942,(#1946,#1953),.PCURVE_S1.);
#1942 = LINE('',#1943,#1944);
#1943 = CARTESIAN_POINT('',(-90.,53.5,226.5));
#1944 = VECTOR('',#1945,1.);
#1945 = DIRECTION('',(1.,0.,0.));
#1946 = PCURVE('',#251,#1947);
#1947 = DEFINITIONAL_REPRESENTATION('',(#1948),#1952);
#1948 = LINE('',#1949,#1950);
#1949 = CARTESIAN_POINT('',(6.28318530718,-0.));
#1950 = VECTOR('',#1951,1.);
#1951 = DIRECTION('',(0.,1.));
#1952 = ( GEOMETRIC_REPRESENTATION_CONTEXT(2) 
PARAMETRIC_REPRESENTATION_CONTEXT() REPRESENTATION_CONTEXT('2D SPACE',''
  ) );
#1953 = PCURVE('',#251,#1954);
#1954 = DEFINITIONAL_REPRESENTATION('',(#1955),#1959);
#1955 = LINE('',#1956,#1957);
#1956 = CARTESIAN_POINT('',(0.,-0.));
#1957 = VECTOR('',#1958,1.);
#1958 = DIRECTION('',(0.,1.));
#1959 = ( GEOMETRIC_REPRESENTATION_CONTEXT(2) 
PARAMETRIC_REPRESENTATION_CONTEXT() REPRESENTATION_CONTEXT('2D SPACE',''
  ) );
#1960 = ORIENTED_EDGE('',*,*,#234,.F.);
#1961 = ORIENTED_EDGE('',*,*,#1940,.T.);
#1962 = ADVANCED_FACE('',(#1963,#1995,#1998),#294,.T.);
#1963 = FACE_BOUND('',#1964,.T.);
#1964 = EDGE_LOOP('',(#1965,#1966,#1967,#1968,#1969,#1994));
#1965 = ORIENTED_EDGE('',*,*,#1370,.F.);
#1966 = ORIENTED_EDGE('',*,*,#1715,.F.);
#1967 = ORIENTED_EDGE('',*,*,#277,.T.);
#1968 = ORIENTED_EDGE('',*,*,#725,.F.);
#1969 = ORIENTED_EDGE('',*,*,#1970,.F.);
#1970 = EDGE_CURVE('',#1254,#726,#1971,.T.);
#1971 = SURFACE_CURVE('',#1972,(#1977,#1984),.PCURVE_S1.);
#1972 = ELLIPSE('',#1973,4.08031873755E+03,51.);
#1973 = AXIS2_PLACEMENT_3D('',#1974,#1975,#1976);
#1974 = CARTESIAN_POINT('',(0.,0.,-730.));
#1975 = DIRECTION('',(0.999921884154,-1.110136298614E-16,
    -1.249902355193E-02));
#1976 = DIRECTION('',(-1.249902355193E-02,1.387670373268E-18,
    -0.999921884154));
#1977 = PCURVE('',#294,#1978);
#1978 = DEFINITIONAL_REPRESENTATION('',(#1979),#1983);
#1979 = ELLIPSE('',#1980,4.08031873755E+03,51.);
#1980 = AXIS2_PLACEMENT_2D('',#1981,#1982);
#1981 = CARTESIAN_POINT('',(-47.,-960.0749970705));
#1982 = DIRECTION('',(0.,-1.));
#1983 = ( GEOMETRIC_REPRESENTATION_CONTEXT(2) 
PARAMETRIC_REPRESENTATION_CONTEXT() REPRESENTATION_CONTEXT('2D SPACE',''
  ) );
#1984 = PCURVE('',#769,#1985);
#1985 = DEFINITIONAL_REPRESENTATION('',(#1986),#1993);
#1986 = B_SPLINE_CURVE_WITH_KNOTS('',5,(#1987,#1988,#1989,#1990,#1991,
    #1992),.UNSPECIFIED.,.F.,.F.,(6,6),(1.802773270714,1.808317497728),
  .PIECEWISE_BEZIER_KNOTS.);
#1987 = CARTESIAN_POINT('',(-7.622004690055,5.999997938488E-07));
#1988 = CARTESIAN_POINT('',(-7.620895844653,-4.402905455906));
#1989 = CARTESIAN_POINT('',(-7.61978699925,-8.804369878359));
#1990 = CARTESIAN_POINT('',(-7.618678153847,-13.20438138915));
#1991 = CARTESIAN_POINT('',(-7.617569308444,-17.60292871745));
#1992 = CARTESIAN_POINT('',(-7.616460463042,-22.0000006));
#1993 = ( GEOMETRIC_REPRESENTATION_CONTEXT(2) 
PARAMETRIC_REPRESENTATION_CONTEXT() REPRESENTATION_CONTEXT('2D SPACE',''
  ) );
#1994 = ORIENTED_EDGE('',*,*,#1277,.F.);
#1995 = FACE_BOUND('',#1996,.T.);
#1996 = EDGE_LOOP('',(#1997));
#1997 = ORIENTED_EDGE('',*,*,#1844,.F.);
#1998 = FACE_BOUND('',#1999,.T.);
#1999 = EDGE_LOOP('',(#2000));
#2000 = ORIENTED_EDGE('',*,*,#1905,.F.);
#2001 = ADVANCED_FACE('',(#2002),#578,.F.);
#2002 = FACE_BOUND('',#2003,.F.);
#2003 = EDGE_LOOP('',(#2004,#2032,#2053,#2054));
#2004 = ORIENTED_EDGE('',*,*,#2005,.F.);
#2005 = EDGE_CURVE('',#2006,#2006,#2008,.T.);
#2006 = VERTEX_POINT('',#2007);
#2007 = CARTESIAN_POINT('',(-2.,56.2,167.));
#2008 = SURFACE_CURVE('',#2009,(#2014,#2021),.PCURVE_S1.);
#2009 = CIRCLE('',#2010,2.);
#2010 = AXIS2_PLACEMENT_3D('',#2011,#2012,#2013);
#2011 = CARTESIAN_POINT('',(3.441257505604E-15,56.2,167.));
#2012 = DIRECTION('',(-6.123233995737E-17,-1.,0.));
#2013 = DIRECTION('',(-1.,6.123233995737E-17,0.));
#2014 = PCURVE('',#578,#2015);
#2015 = DEFINITIONAL_REPRESENTATION('',(#2016),#2020);
#2016 = LINE('',#2017,#2018);
#2017 = CARTESIAN_POINT('',(0.,7.8));
#2018 = VECTOR('',#2019,1.);
#2019 = DIRECTION('',(1.,0.));
#2020 = ( GEOMETRIC_REPRESENTATION_CONTEXT(2) 
PARAMETRIC_REPRESENTATION_CONTEXT() REPRESENTATION_CONTEXT('2D SPACE',''
  ) );
#2021 = PCURVE('',#1780,#2022);
#2022 = DEFINITIONAL_REPRESENTATION('',(#2023),#2031);
#2023 = ( BOUNDED_CURVE() B_SPLINE_CURVE(2,(#2024,#2025,#2026,#2027,
#2028,#2029,#2030),.UNSPECIFIED.,.T.,.F.) B_SPLINE_CURVE_WITH_KNOTS((1,2
    ,2,2,2,1),(-2.094395102393,0.,2.094395102393,4.188790204786,
6.28318530718,8.377580409573),.UNSPECIFIED.) CURVE() 
GEOMETRIC_REPRESENTATION_ITEM() RATIONAL_B_SPLINE_CURVE((1.,0.5,1.,0.5,
1.,0.5,1.)) REPRESENTATION_ITEM('') );
#2024 = CARTESIAN_POINT('',(3.95,-10.));
#2025 = CARTESIAN_POINT('',(3.95,-6.535898384862));
#2026 = CARTESIAN_POINT('',(6.95,-8.267949192431));
#2027 = CARTESIAN_POINT('',(9.95,-10.));
#2028 = CARTESIAN_POINT('',(6.95,-11.73205080756));
#2029 = CARTESIAN_POINT('',(3.95,-13.46410161513));
#2030 = CARTESIAN_POINT('',(3.95,-10.));
#2031 = ( GEOMETRIC_REPRESENTATION_CONTEXT(2) 
PARAMETRIC_REPRESENTATION_CONTEXT() REPRESENTATION_CONTEXT('2D SPACE',''
  ) );
#2032 = ORIENTED_EDGE('',*,*,#2033,.F.);
#2033 = EDGE_CURVE('',#348,#2006,#2034,.T.);
#2034 = SEAM_CURVE('',#2035,(#2039,#2046),.PCURVE_S1.);
#2035 = LINE('',#2036,#2037);
#2036 = CARTESIAN_POINT('',(-2.,64.,167.));
#2037 = VECTOR('',#2038,1.);
#2038 = DIRECTION('',(-6.123233995737E-17,-1.,0.));
#2039 = PCURVE('',#578,#2040);
#2040 = DEFINITIONAL_REPRESENTATION('',(#2041),#2045);
#2041 = LINE('',#2042,#2043);
#2042 = CARTESIAN_POINT('',(0.,-0.));
#2043 = VECTOR('',#2044,1.);
#2044 = DIRECTION('',(0.,1.));
#2045 = ( GEOMETRIC_REPRESENTATION_CONTEXT(2) 
PARAMETRIC_REPRESENTATION_CONTEXT() REPRESENTATION_CONTEXT('2D SPACE',''
  ) );
#2046 = PCURVE('',#578,#2047);
#2047 = DEFINITIONAL_REPRESENTATION('',(#2048),#2052);
#2048 = LINE('',#2049,#2050);
#2049 = CARTESIAN_POINT('',(6.28318530718,-0.));
#2050 = VECTOR('',#2051,1.);
#2051 = DIRECTION('',(0.,1.));
#2052 = ( GEOMETRIC_REPRESENTATION_CONTEXT(2) 
PARAMETRIC_REPRESENTATION_CONTEXT() REPRESENTATION_CONTEXT('2D SPACE',''
  ) );
#2053 = ORIENTED_EDGE('',*,*,#347,.T.);
#2054 = ORIENTED_EDGE('',*,*,#2033,.T.);
#2055 = ADVANCED_FACE('',(#2056),#769,.T.);
#2056 = FACE_BOUND('',#2057,.F.);
#2057 = EDGE_LOOP('',(#2058,#2083,#2084,#2085));
#2058 = ORIENTED_EDGE('',*,*,#2059,.F.);
#2059 = EDGE_CURVE('',#749,#1233,#2060,.T.);
#2060 = SURFACE_CURVE('',#2061,(#2066,#2076),.PCURVE_S1.);
#2061 = ELLIPSE('',#2062,4.08031873755E+03,51.);
#2062 = AXIS2_PLACEMENT_3D('',#2063,#2064,#2065);
#2063 = CARTESIAN_POINT('',(0.,0.,-730.));
#2064 = DIRECTION('',(0.999921884154,-2.220272597229E-16,
    -1.249902355193E-02));
#2065 = DIRECTION('',(-1.249902355193E-02,2.775340746536E-18,
    -0.999921884154));
#2066 = PCURVE('',#769,#2067);
#2067 = DEFINITIONAL_REPRESENTATION('',(#2068),#2075);
#2068 = B_SPLINE_CURVE_WITH_KNOTS('',5,(#2069,#2070,#2071,#2072,#2073,
    #2074),.UNSPECIFIED.,.F.,.F.,(6,6),(4.474867809301,4.480412036617),
  .PIECEWISE_BEZIER_KNOTS.);
#2069 = CARTESIAN_POINT('',(-4.949910151469,-22.0000012));
#2070 = CARTESIAN_POINT('',(-4.948801306006,-17.60292907777));
#2071 = CARTESIAN_POINT('',(-4.947692460542,-13.20438150963));
#2072 = CARTESIAN_POINT('',(-4.946583615079,-8.804369758837));
#2073 = CARTESIAN_POINT('',(-4.945474769616,-4.402905096224));
#2074 = CARTESIAN_POINT('',(-4.944365924153,1.199998905577E-06));
#2075 = ( GEOMETRIC_REPRESENTATION_CONTEXT(2) 
PARAMETRIC_REPRESENTATION_CONTEXT() REPRESENTATION_CONTEXT('2D SPACE',''
  ) );
#2076 = PCURVE('',#797,#2077);
#2077 = DEFINITIONAL_REPRESENTATION('',(#2078),#2082);
#2078 = ELLIPSE('',#2079,4.08031873755E+03,51.);
#2079 = AXIS2_PLACEMENT_2D('',#2080,#2081);
#2080 = CARTESIAN_POINT('',(60.,-960.0749970705));
#2081 = DIRECTION('',(0.,-1.));
#2082 = ( GEOMETRIC_REPRESENTATION_CONTEXT(2) 
PARAMETRIC_REPRESENTATION_CONTEXT() REPRESENTATION_CONTEXT('2D SPACE',''
  ) );
#2083 = ORIENTED_EDGE('',*,*,#748,.T.);
#2084 = ORIENTED_EDGE('',*,*,#1970,.F.);
#2085 = ORIENTED_EDGE('',*,*,#1253,.F.);
#2086 = ADVANCED_FACE('',(#2087,#2158,#2200),#797,.T.);
#2087 = FACE_BOUND('',#2088,.T.);
#2088 = EDGE_LOOP('',(#2089,#2110,#2136,#2155,#2156,#2157));
#2089 = ORIENTED_EDGE('',*,*,#2090,.F.);
#2090 = EDGE_CURVE('',#2091,#782,#2093,.T.);
#2091 = VERTEX_POINT('',#2092);
#2092 = CARTESIAN_POINT('',(11.1,-60.,158.));
#2093 = SURFACE_CURVE('',#2094,(#2097,#2103),.PCURVE_S1.);
#2094 = B_SPLINE_CURVE_WITH_KNOTS('',1,(#2095,#2096),.UNSPECIFIED.,.F.,
  .F.,(2,2),(0.,1.),.PIECEWISE_BEZIER_KNOTS.);
#2095 = CARTESIAN_POINT('',(11.,-60.,150.));
#2096 = CARTESIAN_POINT('',(12.,-60.,230.));
#2097 = PCURVE('',#797,#2098);
#2098 = DEFINITIONAL_REPRESENTATION('',(#2099),#2102);
#2099 = B_SPLINE_CURVE_WITH_KNOTS('',1,(#2100,#2101),.UNSPECIFIED.,.F.,
  .F.,(2,2),(0.,1.),.PIECEWISE_BEZIER_KNOTS.);
#2100 = CARTESIAN_POINT('',(0.,-80.00624975587));
#2101 = CARTESIAN_POINT('',(0.,0.));
#2102 = ( GEOMETRIC_REPRESENTATION_CONTEXT(2) 
PARAMETRIC_REPRESENTATION_CONTEXT() REPRESENTATION_CONTEXT('2D SPACE',''
  ) );
#2103 = PCURVE('',#825,#2104);
#2104 = DEFINITIONAL_REPRESENTATION('',(#2105),#2109);
#2105 = LINE('',#2106,#2107);
#2106 = CARTESIAN_POINT('',(24.,0.));
#2107 = VECTOR('',#2108,1.);
#2108 = DIRECTION('',(0.,1.));
#2109 = ( GEOMETRIC_REPRESENTATION_CONTEXT(2) 
PARAMETRIC_REPRESENTATION_CONTEXT() REPRESENTATION_CONTEXT('2D SPACE',''
  ) );
#2110 = ORIENTED_EDGE('',*,*,#2111,.F.);
#2111 = EDGE_CURVE('',#2112,#2091,#2114,.T.);
#2112 = VERTEX_POINT('',#2113);
#2113 = CARTESIAN_POINT('',(11.1,-47.,158.));
#2114 = SURFACE_CURVE('',#2115,(#2119,#2125),.PCURVE_S1.);
#2115 = LINE('',#2116,#2117);
#2116 = CARTESIAN_POINT('',(11.1,-155.,158.));
#2117 = VECTOR('',#2118,1.);
#2118 = DIRECTION('',(-2.22044604925E-16,-1.,0.));
#2119 = PCURVE('',#797,#2120);
#2120 = DEFINITIONAL_REPRESENTATION('',(#2121),#2124);
#2121 = B_SPLINE_CURVE_WITH_KNOTS('',1,(#2122,#2123),.UNSPECIFIED.,.F.,
  .F.,(2,2),(-108.,-95.),.PIECEWISE_BEZIER_KNOTS.);
#2122 = CARTESIAN_POINT('',(13.,-72.00562478029));
#2123 = CARTESIAN_POINT('',(0.,-72.00562478029));
#2124 = ( GEOMETRIC_REPRESENTATION_CONTEXT(2) 
PARAMETRIC_REPRESENTATION_CONTEXT() REPRESENTATION_CONTEXT('2D SPACE',''
  ) );
#2125 = PCURVE('',#2126,#2131);
#2126 = PLANE('',#2127);
#2127 = AXIS2_PLACEMENT_3D('',#2128,#2129,#2130);
#2128 = CARTESIAN_POINT('',(-250.,-250.,158.));
#2129 = DIRECTION('',(0.,0.,1.));
#2130 = DIRECTION('',(1.,0.,0.));
#2131 = DEFINITIONAL_REPRESENTATION('',(#2132),#2135);
#2132 = B_SPLINE_CURVE_WITH_KNOTS('',1,(#2133,#2134),.UNSPECIFIED.,.F.,
  .F.,(2,2),(-108.,-95.),.PIECEWISE_BEZIER_KNOTS.);
#2133 = CARTESIAN_POINT('',(261.1,203.));
#2134 = CARTESIAN_POINT('',(261.1,190.));
#2135 = ( GEOMETRIC_REPRESENTATION_CONTEXT(2) 
PARAMETRIC_REPRESENTATION_CONTEXT() REPRESENTATION_CONTEXT('2D SPACE',''
  ) );
#2136 = ORIENTED_EDGE('',*,*,#2137,.T.);
#2137 = EDGE_CURVE('',#2112,#1208,#2138,.T.);
#2138 = SURFACE_CURVE('',#2139,(#2142,#2148),.PCURVE_S1.);
#2139 = B_SPLINE_CURVE_WITH_KNOTS('',1,(#2140,#2141),.UNSPECIFIED.,.F.,
  .F.,(2,2),(0.,1.),.PIECEWISE_BEZIER_KNOTS.);
#2140 = CARTESIAN_POINT('',(11.,-47.,150.));
#2141 = CARTESIAN_POINT('',(12.,-47.,230.));
#2142 = PCURVE('',#797,#2143);
#2143 = DEFINITIONAL_REPRESENTATION('',(#2144),#2147);
#2144 = B_SPLINE_CURVE_WITH_KNOTS('',1,(#2145,#2146),.UNSPECIFIED.,.F.,
  .F.,(2,2),(0.,1.),.PIECEWISE_BEZIER_KNOTS.);
#2145 = CARTESIAN_POINT('',(13.,-80.00624975587));
#2146 = CARTESIAN_POINT('',(13.,0.));
#2147 = ( GEOMETRIC_REPRESENTATION_CONTEXT(2) 
PARAMETRIC_REPRESENTATION_CONTEXT() REPRESENTATION_CONTEXT('2D SPACE',''
  ) );
#2148 = PCURVE('',#1221,#2149);
#2149 = DEFINITIONAL_REPRESENTATION('',(#2150),#2154);
#2150 = LINE('',#2151,#2152);
#2151 = CARTESIAN_POINT('',(0.,0.));
#2152 = VECTOR('',#2153,1.);
#2153 = DIRECTION('',(0.,1.));
#2154 = ( GEOMETRIC_REPRESENTATION_CONTEXT(2) 
PARAMETRIC_REPRESENTATION_CONTEXT() REPRESENTATION_CONTEXT('2D SPACE',''
  ) );
#2155 = ORIENTED_EDGE('',*,*,#1232,.F.);
#2156 = ORIENTED_EDGE('',*,*,#2059,.F.);
#2157 = ORIENTED_EDGE('',*,*,#781,.F.);
#2158 = FACE_BOUND('',#2159,.T.);
#2159 = EDGE_LOOP('',(#2160));
#2160 = ORIENTED_EDGE('',*,*,#2161,.F.);
#2161 = EDGE_CURVE('',#2162,#2162,#2164,.T.);
#2162 = VERTEX_POINT('',#2163);
#2163 = CARTESIAN_POINT('',(11.50625,-53.5,190.5));
#2164 = SURFACE_CURVE('',#2165,(#2170,#2177),.PCURVE_S1.);
#2165 = ELLIPSE('',#2166,2.500195304871,2.5);
#2166 = AXIS2_PLACEMENT_3D('',#2167,#2168,#2169);
#2167 = CARTESIAN_POINT('',(11.475,-53.5,188.));
#2168 = DIRECTION('',(0.999921884154,-2.220272597229E-16,
    -1.249902355193E-02));
#2169 = DIRECTION('',(1.249902355193E-02,1.776218077783E-14,
    0.999921884154));
#2170 = PCURVE('',#797,#2171);
#2171 = DEFINITIONAL_REPRESENTATION('',(#2172),#2176);
#2172 = ELLIPSE('',#2173,2.500195304871,2.5);
#2173 = AXIS2_PLACEMENT_2D('',#2174,#2175);
#2174 = CARTESIAN_POINT('',(6.5,-42.00328112183));
#2175 = DIRECTION('',(1.776495611858E-14,1.));
#2176 = ( GEOMETRIC_REPRESENTATION_CONTEXT(2) 
PARAMETRIC_REPRESENTATION_CONTEXT() REPRESENTATION_CONTEXT('2D SPACE',''
  ) );
#2177 = PCURVE('',#2178,#2183);
#2178 = CYLINDRICAL_SURFACE('',#2179,2.5);
#2179 = AXIS2_PLACEMENT_3D('',#2180,#2181,#2182);
#2180 = CARTESIAN_POINT('',(-90.,-53.5,188.));
#2181 = DIRECTION('',(1.,0.,0.));
#2182 = DIRECTION('',(-0.,0.,1.));
#2183 = DEFINITIONAL_REPRESENTATION('',(#2184),#2199);
#2184 = B_SPLINE_CURVE_WITH_KNOTS('',7,(#2185,#2186,#2187,#2188,#2189,
    #2190,#2191,#2192,#2193,#2194,#2195,#2196,#2197,#2198),
  .UNSPECIFIED.,.F.,.F.,(8,6,8),(0.,3.14159265359,6.28318530718),
  .UNSPECIFIED.);
#2185 = CARTESIAN_POINT('',(-1.68753899743E-14,101.50625));
#2186 = CARTESIAN_POINT('',(0.448798950513,101.50625));
#2187 = CARTESIAN_POINT('',(0.897597901025,101.49890530869));
#2188 = CARTESIAN_POINT('',(1.346396851545,101.48422939241));
#2189 = CARTESIAN_POINT('',(1.795195802049,101.46577060759));
#2190 = CARTESIAN_POINT('',(2.243994752565,101.4510946913));
#2191 = CARTESIAN_POINT('',(2.692793703077,101.44375));
#2192 = CARTESIAN_POINT('',(3.590391604103,101.44375));
#2193 = CARTESIAN_POINT('',(4.039190554615,101.45109469129));
#2194 = CARTESIAN_POINT('',(4.487989505128,101.46577060761));
#2195 = CARTESIAN_POINT('',(4.936788455643,101.48422939238));
#2196 = CARTESIAN_POINT('',(5.385587406154,101.4989053087));
#2197 = CARTESIAN_POINT('',(5.834386356667,101.50625));
#2198 = CARTESIAN_POINT('',(6.28318530718,101.50625));
#2199 = ( GEOMETRIC_REPRESENTATION_CONTEXT(2) 
PARAMETRIC_REPRESENTATION_CONTEXT() REPRESENTATION_CONTEXT('2D SPACE',''
  ) );
#2200 = FACE_BOUND('',#2201,.T.);
#2201 = EDGE_LOOP('',(#2202));
#2202 = ORIENTED_EDGE('',*,*,#2203,.F.);
#2203 = EDGE_CURVE('',#2204,#2204,#2206,.T.);
#2204 = VERTEX_POINT('',#2205);
#2205 = CARTESIAN_POINT('',(11.95625,-53.5,226.5));
#2206 = SURFACE_CURVE('',#2207,(#2212,#2219),.PCURVE_S1.);
#2207 = ELLIPSE('',#2208,2.500195304871,2.5);
#2208 = AXIS2_PLACEMENT_3D('',#2209,#2210,#2211);
#2209 = CARTESIAN_POINT('',(11.925,-53.5,224.));
#2210 = DIRECTION('',(0.999921884154,-2.220272597229E-16,
    -1.249902355193E-02));
#2211 = DIRECTION('',(1.249902355193E-02,1.776218077783E-14,
    0.999921884154));
#2212 = PCURVE('',#797,#2213);
#2213 = DEFINITIONAL_REPRESENTATION('',(#2214),#2218);
#2214 = ELLIPSE('',#2215,2.500195304871,2.5);
#2215 = AXIS2_PLACEMENT_2D('',#2216,#2217);
#2216 = CARTESIAN_POINT('',(6.5,-6.000468731691));
#2217 = DIRECTION('',(1.776495611858E-14,1.));
#2218 = ( GEOMETRIC_REPRESENTATION_CONTEXT(2) 
PARAMETRIC_REPRESENTATION_CONTEXT() REPRESENTATION_CONTEXT('2D SPACE',''
  ) );
#2219 = PCURVE('',#2220,#2225);
#2220 = CYLINDRICAL_SURFACE('',#2221,2.5);
#2221 = AXIS2_PLACEMENT_3D('',#2222,#2223,#2224);
#2222 = CARTESIAN_POINT('',(-90.,-53.5,224.));
#2223 = DIRECTION('',(1.,0.,0.));
#2224 = DIRECTION('',(-0.,0.,1.));
#2225 = DEFINITIONAL_REPRESENTATION('',(#2226),#2241);
#2226 = B_SPLINE_CURVE_WITH_KNOTS('',7,(#2227,#2228,#2229,#2230,#2231,
    #2232,#2233,#2234,#2235,#2236,#2237,#2238,#2239,#2240),
  .UNSPECIFIED.,.F.,.F.,(8,6,8),(0.,3.14159265359,6.28318530718),
  .UNSPECIFIED.);
#2227 = CARTESIAN_POINT('',(-1.68753899743E-14,101.95625));
#2228 = CARTESIAN_POINT('',(0.448798950513,101.95625));
#2229 = CARTESIAN_POINT('',(0.897597901025,101.94890530869));
#2230 = CARTESIAN_POINT('',(1.346396851545,101.93422939242));
#2231 = CARTESIAN_POINT('',(1.795195802049,101.91577060757));
#2232 = CARTESIAN_POINT('',(2.243994752565,101.90109469131));
#2233 = CARTESIAN_POINT('',(2.692793703077,101.89375));
#2234 = CARTESIAN_POINT('',(3.590391604103,101.89375));
#2235 = CARTESIAN_POINT('',(4.039190554615,101.9010946913));
#2236 = CARTESIAN_POINT('',(4.487989505128,101.91577060762));
#2237 = CARTESIAN_POINT('',(4.936788455643,101.93422939238));
#2238 = CARTESIAN_POINT('',(5.385587406154,101.94890530869));
#2239 = CARTESIAN_POINT('',(5.834386356667,101.95625));
#2240 = CARTESIAN_POINT('',(6.28318530718,101.95625));
#2241 = ( GEOMETRIC_REPRESENTATION_CONTEXT(2) 
PARAMETRIC_REPRESENTATION_CONTEXT() REPRESENTATION_CONTEXT('2D SPACE',''
  ) );
#2242 = ADVANCED_FACE('',(#2243,#2286),#825,.T.);
#2243 = FACE_BOUND('',#2244,.T.);
#2244 = EDGE_LOOP('',(#2245,#2266,#2284,#2285));
#2245 = ORIENTED_EDGE('',*,*,#2246,.F.);
#2246 = EDGE_CURVE('',#2247,#810,#2249,.T.);
#2247 = VERTEX_POINT('',#2248);
#2248 = CARTESIAN_POINT('',(-11.1,-60.,158.));
#2249 = SURFACE_CURVE('',#2250,(#2253,#2260),.PCURVE_S1.);
#2250 = B_SPLINE_CURVE_WITH_KNOTS('',1,(#2251,#2252),.UNSPECIFIED.,.F.,
  .F.,(2,2),(0.,1.),.PIECEWISE_BEZIER_KNOTS.);
#2251 = CARTESIAN_POINT('',(-11.,-60.,150.));
#2252 = CARTESIAN_POINT('',(-12.,-60.,230.));
#2253 = PCURVE('',#825,#2254);
#2254 = DEFINITIONAL_REPRESENTATION('',(#2255),#2259);
#2255 = LINE('',#2256,#2257);
#2256 = CARTESIAN_POINT('',(0.,0.));
#2257 = VECTOR('',#2258,1.);
#2258 = DIRECTION('',(0.,1.));
#2259 = ( GEOMETRIC_REPRESENTATION_CONTEXT(2) 
PARAMETRIC_REPRESENTATION_CONTEXT() REPRESENTATION_CONTEXT('2D SPACE',''
  ) );
#2260 = PCURVE('',#853,#2261);
#2261 = DEFINITIONAL_REPRESENTATION('',(#2262),#2265);
#2262 = B_SPLINE_CURVE_WITH_KNOTS('',1,(#2263,#2264),.UNSPECIFIED.,.F.,
  .F.,(2,2),(0.,1.),.PIECEWISE_BEZIER_KNOTS.);
#2263 = CARTESIAN_POINT('',(13.,-80.00624975587));
#2264 = CARTESIAN_POINT('',(13.,0.));
#2265 = ( GEOMETRIC_REPRESENTATION_CONTEXT(2) 
PARAMETRIC_REPRESENTATION_CONTEXT() REPRESENTATION_CONTEXT('2D SPACE',''
  ) );
#2266 = ORIENTED_EDGE('',*,*,#2267,.F.);
#2267 = EDGE_CURVE('',#2091,#2247,#2268,.T.);
#2268 = SURFACE_CURVE('',#2269,(#2272,#2278),.PCURVE_S1.);
#2269 = B_SPLINE_CURVE_WITH_KNOTS('',1,(#2270,#2271),.UNSPECIFIED.,.F.,
  .F.,(2,2),(0.,1.),.PIECEWISE_BEZIER_KNOTS.);
#2270 = CARTESIAN_POINT('',(11.1,-60.,158.));
#2271 = CARTESIAN_POINT('',(-11.1,-60.,158.));
#2272 = PCURVE('',#825,#2273);
#2273 = DEFINITIONAL_REPRESENTATION('',(#2274),#2277);
#2274 = B_SPLINE_CURVE_WITH_KNOTS('',1,(#2275,#2276),.UNSPECIFIED.,.F.,
  .F.,(2,2),(0.,1.),.PIECEWISE_BEZIER_KNOTS.);
#2275 = CARTESIAN_POINT('',(24.,0.1));
#2276 = CARTESIAN_POINT('',(0.,1.E-01));
#2277 = ( GEOMETRIC_REPRESENTATION_CONTEXT(2) 
PARAMETRIC_REPRESENTATION_CONTEXT() REPRESENTATION_CONTEXT('2D SPACE',''
  ) );
#2278 = PCURVE('',#2126,#2279);
#2279 = DEFINITIONAL_REPRESENTATION('',(#2280),#2283);
#2280 = B_SPLINE_CURVE_WITH_KNOTS('',1,(#2281,#2282),.UNSPECIFIED.,.F.,
  .F.,(2,2),(0.,1.),.PIECEWISE_BEZIER_KNOTS.);
#2281 = CARTESIAN_POINT('',(261.1,190.));
#2282 = CARTESIAN_POINT('',(238.9,190.));
#2283 = ( GEOMETRIC_REPRESENTATION_CONTEXT(2) 
PARAMETRIC_REPRESENTATION_CONTEXT() REPRESENTATION_CONTEXT('2D SPACE',''
  ) );
#2284 = ORIENTED_EDGE('',*,*,#2090,.T.);
#2285 = ORIENTED_EDGE('',*,*,#809,.F.);
#2286 = FACE_BOUND('',#2287,.T.);
#2287 = EDGE_LOOP('',(#2288));
#2288 = ORIENTED_EDGE('',*,*,#2289,.T.);
#2289 = EDGE_CURVE('',#2290,#2290,#2292,.T.);
#2290 = VERTEX_POINT('',#2291);
#2291 = CARTESIAN_POINT('',(2.,-60.,167.));
#2292 = SURFACE_CURVE('',#2293,(#2380,#2519),.PCURVE_S1.);
#2293 = B_SPLINE_CURVE_WITH_KNOTS('',7,(#2294,#2295,#2296,#2297,#2298,
    #2299,#2300,#2301,#2302,#2303,#2304,#2305,#2306,#2307,#2308,#2309,
    #2310,#2311,#2312,#2313,#2314,#2315,#2316,#2317,#2318,#2319,#2320,
    #2321,#2322,#2323,#2324,#2325,#2326,#2327,#2328,#2329,#2330,#2331,
    #2332,#2333,#2334,#2335,#2336,#2337,#2338,#2339,#2340,#2341,#2342,
    #2343,#2344,#2345,#2346,#2347,#2348,#2349,#2350,#2351,#2352,#2353,
    #2354,#2355,#2356,#2357,#2358,#2359,#2360,#2361,#2362,#2363,#2364,
    #2365,#2366,#2367,#2368,#2369,#2370,#2371,#2372,#2373,#2374,#2375,
    #2376,#2377,#2378,#2379),.UNSPECIFIED.,.T.,.F.,(8,6,6,6,6,6,6,6,6,6,
    6,6,6,6,8),(0.,0.100087788067,0.249154517553,0.366166067833,
    0.499475234283,0.684967164783,0.834392801073,1.,1.160185753191,
    1.246256025577,1.36376936286,1.501531557558,1.687125166833,
    1.837466969796,2.000095583682),.UNSPECIFIED.);
#2294 = CARTESIAN_POINT('',(2.,-60.,167.));
#2295 = CARTESIAN_POINT('',(2.,-60.,166.89218753784));
#2296 = CARTESIAN_POINT('',(1.993219461295,-60.,166.78431927415));
#2297 = CARTESIAN_POINT('',(1.979646648428,-60.,166.67747848652));
#2298 = CARTESIAN_POINT('',(1.959530513719,-60.,166.57258651574));
#2299 = CARTESIAN_POINT('',(1.9332874948,-60.,166.47041147562));
#2300 = CARTESIAN_POINT('',(1.901438769005,-60.,166.37157704594));
#2301 = CARTESIAN_POINT('',(1.809678963808,-60.,166.13507368042));
#2302 = CARTESIAN_POINT('',(1.743664832814,-60.,166.00207743124));
#2303 = CARTESIAN_POINT('',(1.668270473114,-60.,165.87860819983));
#2304 = CARTESIAN_POINT('',(1.585214365705,-60.,165.7650522286));
#2305 = CARTESIAN_POINT('',(1.495969420774,-60.,165.66143167198));
#2306 = CARTESIAN_POINT('',(1.401715488234,-60.,165.56750374857));
#2307 = CARTESIAN_POINT('',(1.225950478255,-60.,165.41651368724));
#2308 = CARTESIAN_POINT('',(1.146092390836,-60.,165.35589697648));
#2309 = CARTESIAN_POINT('',(1.064084871947,-60.,165.30090470463));
#2310 = CARTESIAN_POINT('',(0.980283621618,-60.,165.25139363218));
#2311 = CARTESIAN_POINT('',(0.894992223651,-60.,165.20722779561));
#2312 = CARTESIAN_POINT('',(0.808464088265,-60.,165.16828000949));
#2313 = CARTESIAN_POINT('',(0.621140991052,-60.,165.09589340572));
#2314 = CARTESIAN_POINT('',(0.520062532811,-60.,165.06398698341));
#2315 = CARTESIAN_POINT('',(0.417973535958,-60.,165.03856307635));
#2316 = CARTESIAN_POINT('',(0.315154621631,-60.,165.0195114375));
#2317 = CARTESIAN_POINT('',(0.211863309103,-60.,165.00675617896));
#2318 = CARTESIAN_POINT('',(0.108336693777,-60.,165.00025384353));
#2319 = CARTESIAN_POINT('',(-0.139283991195,-60.,164.99966052136));
#2320 = CARTESIAN_POINT('',(-0.283316311687,-60.,165.01142473813));
#2321 = CARTESIAN_POINT('',(-0.426772100266,-60.,165.03527565418));
#2322 = CARTESIAN_POINT('',(-0.569008269949,-60.,165.07138870645));
#2323 = CARTESIAN_POINT('',(-0.70927599955,-60.,165.12003698209));
#2324 = CARTESIAN_POINT('',(-0.84670353382,-60.,165.18160255568));
#2325 = CARTESIAN_POINT('',(-1.087843091958,-60.,165.31719523995));
#2326 = CARTESIAN_POINT('',(-1.192821395334,-60.,165.38641991514));
#2327 = CARTESIAN_POINT('',(-1.294694758823,-60.,165.46469010198));
#2328 = CARTESIAN_POINT('',(-1.392714873126,-60.,165.55234359426));
#2329 = CARTESIAN_POINT('',(-1.485907217525,-60.,165.64966382864));
#2330 = CARTESIAN_POINT('',(-1.573082813047,-60.,165.75682915501));
#2331 = CARTESIAN_POINT('',(-1.741227701031,-60.,166.00362153754));
#2332 = CARTESIAN_POINT('',(-1.820674169059,-60.,166.145760618));
#2333 = CARTESIAN_POINT('',(-1.88882230678,-60.,166.29989441929));
#2334 = CARTESIAN_POINT('',(-1.942977899377,-60.,166.46483496118));
#2335 = CARTESIAN_POINT('',(-1.980608197788,-60.,166.6383671056));
#2336 = CARTESIAN_POINT('',(-1.99960790309,-60.,166.81704312256));
#2337 = CARTESIAN_POINT('',(-2.000370007373,-60.,167.16843419628));
#2338 = CARTESIAN_POINT('',(-1.983331793448,-60.,167.34135877206));
#2339 = CARTESIAN_POINT('',(-1.948833369789,-60.,167.50975265607));
#2340 = CARTESIAN_POINT('',(-1.89868508368,-60.,167.67041201155));
#2341 = CARTESIAN_POINT('',(-1.835145302285,-60.,167.82122019237));
#2342 = CARTESIAN_POINT('',(-1.760650767615,-60.,167.96098361997));
#2343 = CARTESIAN_POINT('',(-1.632630463761,-60.,168.15813122912));
#2344 = CARTESIAN_POINT('',(-1.585290815072,-60.,168.22380273292));
#2345 = CARTESIAN_POINT('',(-1.535642186749,-60.,168.28621200656));
#2346 = CARTESIAN_POINT('',(-1.483945808806,-60.,168.34536280067));
#2347 = CARTESIAN_POINT('',(-1.430435204212,-60.,168.4012835099));
#2348 = CARTESIAN_POINT('',(-1.375312853654,-60.,168.45402045713));
#2349 = CARTESIAN_POINT('',(-1.241516261691,-60.,168.57136561344));
#2350 = CARTESIAN_POINT('',(-1.16161446508,-60.,168.63325520771));
#2351 = CARTESIAN_POINT('',(-1.079468600854,-60.,168.68945435837));
#2352 = CARTESIAN_POINT('',(-0.995446637305,-60.,168.74010331756));
#2353 = CARTESIAN_POINT('',(-0.909863184259,-60.,168.7853364599));
#2354 = CARTESIAN_POINT('',(-0.822981325259,-60.,168.8252805347));
#2355 = CARTESIAN_POINT('',(-0.631881274143,-60.,168.90079521225));
#2356 = CARTESIAN_POINT('',(-0.527283475994,-60.,168.93441532473));
#2357 = CARTESIAN_POINT('',(-0.421565499663,-60.,168.96107937565));
#2358 = CARTESIAN_POINT('',(-0.315044069868,-60.,168.98090650902));
#2359 = CARTESIAN_POINT('',(-0.20800971648,-60.,168.99397823941));
#2360 = CARTESIAN_POINT('',(-0.100729905779,-60.,169.00034062829));
#2361 = CARTESIAN_POINT('',(0.151078239168,-60.,168.99951592785));
#2362 = CARTESIAN_POINT('',(0.295525607,-60.,168.98685734547));
#2363 = CARTESIAN_POINT('',(0.439343958047,-60.,168.96202967396));
#2364 = CARTESIAN_POINT('',(0.581871386436,-60.,168.92485450342));
#2365 = CARTESIAN_POINT('',(0.722337908227,-60.,168.875059662));
#2366 = CARTESIAN_POINT('',(0.859848292267,-60.,168.81226849788));
#2367 = CARTESIAN_POINT('',(1.101480222048,-60.,168.6739965402));
#2368 = CARTESIAN_POINT('',(1.206887244076,-60.,168.60324521281));
#2369 = CARTESIAN_POINT('',(1.309045420883,-60.,168.52330676066));
#2370 = CARTESIAN_POINT('',(1.407177295038,-60.,168.43384656594));
#2371 = CARTESIAN_POINT('',(1.50027288419,-60.,168.33459142987));
#2372 = CARTESIAN_POINT('',(1.587103801967,-60.,168.22538335544));
#2373 = CARTESIAN_POINT('',(1.751811290144,-60.,167.97729289887));
#2374 = CARTESIAN_POINT('',(1.828536904881,-60.,167.83647113071));
#2375 = CARTESIAN_POINT('',(1.894143681766,-60.,167.68420246704));
#2376 = CARTESIAN_POINT('',(1.946097458519,-60.,167.52167268381));
#2377 = CARTESIAN_POINT('',(1.982033280899,-60.,167.35101473726));
#2378 = CARTESIAN_POINT('',(2.,-60.,167.17549520155));
#2379 = CARTESIAN_POINT('',(2.,-60.,167.));
#2380 = PCURVE('',#825,#2381);
#2381 = DEFINITIONAL_REPRESENTATION('',(#2382),#2518);
#2382 = B_SPLINE_CURVE_WITH_KNOTS('',3,(#2383,#2384,#2385,#2386,#2387,
    #2388,#2389,#2390,#2391,#2392,#2393,#2394,#2395,#2396,#2397,#2398,
    #2399,#2400,#2401,#2402,#2403,#2404,#2405,#2406,#2407,#2408,#2409,
    #2410,#2411,#2412,#2413,#2414,#2415,#2416,#2417,#2418,#2419,#2420,
    #2421,#2422,#2423,#2424,#2425,#2426,#2427,#2428,#2429,#2430,#2431,
    #2432,#2433,#2434,#2435,#2436,#2437,#2438,#2439,#2440,#2441,#2442,
    #2443,#2444,#2445,#2446,#2447,#2448,#2449,#2450,#2451,#2452,#2453,
    #2454,#2455,#2456,#2457,#2458,#2459,#2460,#2461,#2462,#2463,#2464,
    #2465,#2466,#2467,#2468,#2469,#2470,#2471,#2472,#2473,#2474,#2475,
    #2476,#2477,#2478,#2479,#2480,#2481,#2482,#2483,#2484,#2485,#2486,
    #2487,#2488,#2489,#2490,#2491,#2492,#2493,#2494,#2495,#2496,#2497,
    #2498,#2499,#2500,#2501,#2502,#2503,#2504,#2505,#2506,#2507,#2508,
    #2509,#2510,#2511,#2512,#2513,#2514,#2515,#2516,#2517),
  .UNSPECIFIED.,.T.,.F.,(4,1,1,1,1,1,1,1,1,1,1,1,1,1,1,1,1,1,1,1,1,1,1,1
    ,1,1,1,1,1,1,1,1,1,1,1,1,1,1,1,1,1,1,1,1,1,1,1,1,1,1,1,1,1,1,1,1,1,1
    ,1,1,1,1,1,1,1,1,1,1,1,1,1,1,1,1,1,1,1,1,1,1,1,1,1,1,1,1,1,1,1,1,1,1
    ,1,1,1,1,1,1,1,1,1,1,1,1,1,1,1,1,1,1,1,1,1,1,1,1,1,1,1,1,1,1,1,1,1,1
    ,1,1,1,1,1,1,4),(0.,1.515223927032E-02,3.030447854063E-02,
    4.545671781095E-02,6.060895708127E-02,7.576119635158E-02,
    9.09134356219E-02,0.106065674892,0.121217914163,0.136370153433,
    0.151522392703,0.166674631973,0.181826871244,0.196979110514,
    0.212131349784,0.227283589055,0.242435828325,0.257588067595,
    0.272740306866,0.287892546136,0.303044785406,0.318197024677,
    0.333349263947,0.348501503217,0.363653742488,0.378805981758,
    0.393958221028,0.409110460299,0.424262699569,0.439414938839,
    0.454567178109,0.46971941738,0.48487165665,0.50002389592,
    0.515176135191,0.530328374461,0.545480613731,0.560632853002,
    0.575785092272,0.590937331542,0.606089570813,0.621241810083,
    0.636394049353,0.651546288624,0.666698527894,0.681850767164,
    0.697003006435,0.712155245705,0.727307484975,0.742459724246,
    0.757611963516,0.772764202786,0.787916442056,0.803068681327,
    0.818220920597,0.833373159867,0.848525399138,0.863677638408,
    0.878829877678,0.893982116949,0.909134356219,0.924286595489,
    0.93943883476,0.95459107403,0.9697433133,0.984895552571,
    1.000047791841,1.015200031111,1.030352270382,1.045504509652,
    1.060656748922,1.075808988192,1.090961227463,1.106113466733,
    1.121265706003,1.136417945274,1.151570184544,1.166722423814,
    1.181874663085,1.197026902355,1.212179141625,1.227331380896,
    1.242483620166,1.257635859436,1.272788098707,1.287940337977,
    1.303092577247,1.318244816518,1.333397055788,1.348549295058,
    1.363701534328,1.378853773599,1.394006012869,1.409158252139,
    1.42431049141,1.43946273068,1.45461496995,1.469767209221,
    1.484919448491,1.500071687761,1.515223927032,1.530376166302,
    1.545528405572,1.560680644843,1.575832884113,1.590985123383,
    1.606137362654,1.621289601924,1.636441841194,1.651594080464,
    1.666746319735,1.681898559005,1.697050798275,1.712203037546,
    1.727355276816,1.742507516086,1.757659755357,1.772811994627,
    1.787964233897,1.803116473168,1.818268712438,1.833420951708,
    1.848573190979,1.863725430249,1.878877669519,1.89402990879,
    1.90918214806,1.92433438733,1.939486626601,1.954638865871,
    1.969791105141,1.984943344411,2.000095583682),
  .QUASI_UNIFORM_KNOTS.);
#2383 = CARTESIAN_POINT('',(14.140468227425,0.2125));
#2384 = CARTESIAN_POINT('',(14.140567527391,0.21202387894));
#2385 = CARTESIAN_POINT('',(14.138405297839,0.211071687961));
#2386 = CARTESIAN_POINT('',(14.1282362234,0.209652024887));
#2387 = CARTESIAN_POINT('',(14.11126249248,0.208249791114));
#2388 = CARTESIAN_POINT('',(14.08773007519,0.206872616794));
#2389 = CARTESIAN_POINT('',(14.057947772767,0.205527402967));
#2390 = CARTESIAN_POINT('',(14.02228508901,0.204220178532));
#2391 = CARTESIAN_POINT('',(13.981164732462,0.202956357948));
#2392 = CARTESIAN_POINT('',(13.9350254863,0.201739908576));
#2393 = CARTESIAN_POINT('',(13.884267211024,0.200572873543));
#2394 = CARTESIAN_POINT('',(13.8292864962,0.199456922503));
#2395 = CARTESIAN_POINT('',(13.770463775674,0.198393142569));
#2396 = CARTESIAN_POINT('',(13.708161248196,0.197382179731));
#2397 = CARTESIAN_POINT('',(13.642718680212,0.196424277108));
#2398 = CARTESIAN_POINT('',(13.574450549516,0.19551933498));
#2399 = CARTESIAN_POINT('',(13.503642797049,0.194666956277));
#2400 = CARTESIAN_POINT('',(13.43055183609,0.193866507557));
#2401 = CARTESIAN_POINT('',(13.355396130275,0.193117121446));
#2402 = CARTESIAN_POINT('',(13.278403042269,0.19241817518));
#2403 = CARTESIAN_POINT('',(13.199757448545,0.191768772826));
#2404 = CARTESIAN_POINT('',(13.119634086989,0.191168097318));
#2405 = CARTESIAN_POINT('',(13.038193249617,0.190615351001));
#2406 = CARTESIAN_POINT('',(12.955582182603,0.190109769445));
#2407 = CARTESIAN_POINT('',(12.871935350313,0.189650621947));
#2408 = CARTESIAN_POINT('',(12.78737295482,0.189237209461));
#2409 = CARTESIAN_POINT('',(12.702006988617,0.188868903532));
#2410 = CARTESIAN_POINT('',(12.61595183949,0.188545173889));
#2411 = CARTESIAN_POINT('',(12.529301999849,0.188265496703));
#2412 = CARTESIAN_POINT('',(12.442152150631,0.188029440837));
#2413 = CARTESIAN_POINT('',(12.354592302449,0.187836639124));
#2414 = CARTESIAN_POINT('',(12.266709430949,0.187686791464));
#2415 = CARTESIAN_POINT('',(12.178586756022,0.187579661858));
#2416 = CARTESIAN_POINT('',(12.09030581554,0.187515079516));
#2417 = CARTESIAN_POINT('',(12.001939581705,0.187492941343));
#2418 = CARTESIAN_POINT('',(11.913578570008,0.18751321648));
#2419 = CARTESIAN_POINT('',(11.825304158709,0.187575920236));
#2420 = CARTESIAN_POINT('',(11.737186149028,0.187681150607));
#2421 = CARTESIAN_POINT('',(11.649303030907,0.187829078903));
#2422 = CARTESIAN_POINT('',(11.561736598092,0.188019943823));
#2423 = CARTESIAN_POINT('',(11.474573478148,0.18825404728));
#2424 = CARTESIAN_POINT('',(11.387904861044,0.18853175236));
#2425 = CARTESIAN_POINT('',(11.301826726748,0.188853483533));
#2426 = CARTESIAN_POINT('',(11.216440086871,0.189219728302));
#2427 = CARTESIAN_POINT('',(11.131850880243,0.189631043409));
#2428 = CARTESIAN_POINT('',(11.048171448202,0.190088053937));
#2429 = CARTESIAN_POINT('',(10.965516246926,0.190591488826));
#2430 = CARTESIAN_POINT('',(10.884019241977,0.191142090403));
#2431 = CARTESIAN_POINT('',(10.803849295817,0.191740457546));
#2432 = CARTESIAN_POINT('',(10.725144132853,0.192387531072));
#2433 = CARTESIAN_POINT('',(10.648077261763,0.193084151302));
#2434 = CARTESIAN_POINT('',(10.572840793459,0.193831139515));
#2435 = CARTESIAN_POINT('',(10.499649478904,0.194629249126));
#2436 = CARTESIAN_POINT('',(10.428738818515,0.195479159874));
#2437 = CARTESIAN_POINT('',(10.360366114224,0.196381440558));
#2438 = CARTESIAN_POINT('',(10.294806129052,0.197336604843));
#2439 = CARTESIAN_POINT('',(10.232365824657,0.19834483654));
#2440 = CARTESIAN_POINT('',(10.173328631216,0.199406954176));
#2441 = CARTESIAN_POINT('',(10.118055228939,0.20052280931));
#2442 = CARTESIAN_POINT('',(10.066987160024,0.201690464414));
#2443 = CARTESIAN_POINT('',(10.020553124267,0.202907623214));
#2444 = CARTESIAN_POINT('',(9.979183304458,0.204171188245));
#2445 = CARTESIAN_POINT('',(9.943294279275,0.205477314298));
#2446 = CARTESIAN_POINT('',(9.913280504035,0.20682132405));
#2447 = CARTESIAN_POINT('',(9.889502100261,0.208197660148));
#2448 = CARTESIAN_POINT('',(9.872271131575,0.20959980309));
#2449 = CARTESIAN_POINT('',(9.861835038962,0.21102025599));
#2450 = CARTESIAN_POINT('',(9.858357491442,0.212450255263));
#2451 = CARTESIAN_POINT('',(9.861894081254,0.213880462755));
#2452 = CARTESIAN_POINT('',(9.872385062754,0.215301563901));
#2453 = CARTESIAN_POINT('',(9.889663289596,0.216704799485));
#2454 = CARTESIAN_POINT('',(9.913478042803,0.218082646364));
#2455 = CARTESIAN_POINT('',(9.943514093907,0.219428542112));
#2456 = CARTESIAN_POINT('',(9.979408175492,0.220736875617));
#2457 = CARTESIAN_POINT('',(10.020762647915,0.222002910942));
#2458 = CARTESIAN_POINT('',(10.067157929865,0.2232227462));
#2459 = CARTESIAN_POINT('',(10.118160528151,0.224393226225));
#2460 = CARTESIAN_POINT('',(10.173340650715,0.22551202522));
#2461 = CARTESIAN_POINT('',(10.232249522621,0.226577108936));
#2462 = CARTESIAN_POINT('',(10.29459630009,0.22758940036));
#2463 = CARTESIAN_POINT('',(10.360053585871,0.228548779462));
#2464 = CARTESIAN_POINT('',(10.428314647086,0.229455398264));
#2465 = CARTESIAN_POINT('',(10.499098231041,0.230309634136));
#2466 = CARTESIAN_POINT('',(10.572149968707,0.231112066787));
#2467 = CARTESIAN_POINT('',(10.647240842351,0.231863402379));
#2468 = CARTESIAN_POINT('',(10.72415461307,0.232564337813));
#2469 = CARTESIAN_POINT('',(10.802707953652,0.233215732193));
#2470 = CARTESIAN_POINT('',(10.882727237333,0.233818370361));
#2471 = CARTESIAN_POINT('',(10.964053475902,0.234373022474));
#2472 = CARTESIAN_POINT('',(11.04654091393,0.234880429838));
#2473 = CARTESIAN_POINT('',(11.130056226681,0.23534130113));
#2474 = CARTESIAN_POINT('',(11.21448224241,0.235756323401));
#2475 = CARTESIAN_POINT('',(11.299703559107,0.236126086175));
#2476 = CARTESIAN_POINT('',(11.385609929145,0.236451119366));
#2477 = CARTESIAN_POINT('',(11.472106844938,0.236731928263));
#2478 = CARTESIAN_POINT('',(11.559100369976,0.236968931845));
#2479 = CARTESIAN_POINT('',(11.646500986367,0.237162486217));
#2480 = CARTESIAN_POINT('',(11.734222273261,0.237312882775));
#2481 = CARTESIAN_POINT('',(11.822181381752,0.237420350787));
#2482 = CARTESIAN_POINT('',(11.91029762897,0.237485056128));
#2483 = CARTESIAN_POINT('',(11.998496955296,0.237507099434));
#2484 = CARTESIAN_POINT('',(12.086694946739,0.23748650897));
#2485 = CARTESIAN_POINT('',(12.174803767244,0.237423269639));
#2486 = CARTESIAN_POINT('',(12.262756391548,0.237317287663));
#2487 = CARTESIAN_POINT('',(12.350474707087,0.237168395996));
#2488 = CARTESIAN_POINT('',(12.437877845268,0.23697636168));
#2489 = CARTESIAN_POINT('',(12.524879869978,0.236740890054));
#2490 = CARTESIAN_POINT('',(12.611390269724,0.236461627172));
#2491 = CARTESIAN_POINT('',(12.697313658711,0.236138160048));
#2492 = CARTESIAN_POINT('',(12.782549619783,0.235770014922));
#2493 = CARTESIAN_POINT('',(12.866992552591,0.235356653105));
#2494 = CARTESIAN_POINT('',(12.950531141038,0.234897466014));
#2495 = CARTESIAN_POINT('',(13.033049120755,0.2343917634));
#2496 = CARTESIAN_POINT('',(13.114421009785,0.233838777104));
#2497 = CARTESIAN_POINT('',(13.194472624718,0.233237973743));
#2498 = CARTESIAN_POINT('',(13.273068388714,0.23258843653));
#2499 = CARTESIAN_POINT('',(13.350037419369,0.23188934475));
#2500 = CARTESIAN_POINT('',(13.42518980783,0.231139901295));
#2501 = CARTESIAN_POINT('',(13.49831288401,0.230339379274));
#2502 = CARTESIAN_POINT('',(13.569172914671,0.229487131874));
#2503 = CARTESIAN_POINT('',(13.637514633966,0.228582620118));
#2504 = CARTESIAN_POINT('',(13.703063562238,0.227625395718));
#2505 = CARTESIAN_POINT('',(13.765518891283,0.226615235617));
#2506 = CARTESIAN_POINT('',(13.824580868536,0.22555170464));
#2507 = CARTESIAN_POINT('',(13.879920006197,0.224434484576));
#2508 = CARTESIAN_POINT('',(13.931089696839,0.223265608547));
#2509 = CARTESIAN_POINT('',(13.977662023777,0.222047369888));
#2510 = CARTESIAN_POINT('',(14.019205565252,0.220782875856));
#2511 = CARTESIAN_POINT('',(14.055302144972,0.219475962727));
#2512 = CARTESIAN_POINT('',(14.085554744684,0.21813128925));
#2513 = CARTESIAN_POINT('',(14.10959865235,0.216754375426));
#2514 = CARTESIAN_POINT('',(14.127118302576,0.215351709457));
#2515 = CARTESIAN_POINT('',(14.137850878319,0.213930672223));
#2516 = CARTESIAN_POINT('',(14.140385567616,0.212977001874));
#2517 = CARTESIAN_POINT('',(14.140468227425,0.2125));
#2518 = ( GEOMETRIC_REPRESENTATION_CONTEXT(2) 
PARAMETRIC_REPRESENTATION_CONTEXT() REPRESENTATION_CONTEXT('2D SPACE',''
  ) );
#2519 = PCURVE('',#2520,#2525);
#2520 = CYLINDRICAL_SURFACE('',#2521,2.);
#2521 = AXIS2_PLACEMENT_3D('',#2522,#2523,#2524);
#2522 = CARTESIAN_POINT('',(-1.175660927181E-14,-64.,167.));
#2523 = DIRECTION('',(1.836970198721E-16,1.,0.));
#2524 = DIRECTION('',(1.,-1.836970198721E-16,0.));
#2525 = DEFINITIONAL_REPRESENTATION('',(#2526),#2662);
#2526 = B_SPLINE_CURVE_WITH_KNOTS('',3,(#2527,#2528,#2529,#2530,#2531,
    #2532,#2533,#2534,#2535,#2536,#2537,#2538,#2539,#2540,#2541,#2542,
    #2543,#2544,#2545,#2546,#2547,#2548,#2549,#2550,#2551,#2552,#2553,
    #2554,#2555,#2556,#2557,#2558,#2559,#2560,#2561,#2562,#2563,#2564,
    #2565,#2566,#2567,#2568,#2569,#2570,#2571,#2572,#2573,#2574,#2575,
    #2576,#2577,#2578,#2579,#2580,#2581,#2582,#2583,#2584,#2585,#2586,
    #2587,#2588,#2589,#2590,#2591,#2592,#2593,#2594,#2595,#2596,#2597,
    #2598,#2599,#2600,#2601,#2602,#2603,#2604,#2605,#2606,#2607,#2608,
    #2609,#2610,#2611,#2612,#2613,#2614,#2615,#2616,#2617,#2618,#2619,
    #2620,#2621,#2622,#2623,#2624,#2625,#2626,#2627,#2628,#2629,#2630,
    #2631,#2632,#2633,#2634,#2635,#2636,#2637,#2638,#2639,#2640,#2641,
    #2642,#2643,#2644,#2645,#2646,#2647,#2648,#2649,#2650,#2651,#2652,
    #2653,#2654,#2655,#2656,#2657,#2658,#2659,#2660,#2661),
  .UNSPECIFIED.,.F.,.F.,(4,1,1,1,1,1,1,1,1,1,1,1,1,1,1,1,1,1,1,1,1,1,1,1
    ,1,1,1,1,1,1,1,1,1,1,1,1,1,1,1,1,1,1,1,1,1,1,1,1,1,1,1,1,1,1,1,1,1,1
    ,1,1,1,1,1,1,1,1,1,1,1,1,1,1,1,1,1,1,1,1,1,1,1,1,1,1,1,1,1,1,1,1,1,1
    ,1,1,1,1,1,1,1,1,1,1,1,1,1,1,1,1,1,1,1,1,1,1,1,1,1,1,1,1,1,1,1,1,1,1
    ,1,1,1,1,1,1,4),(0.,1.515223927032E-02,3.030447854063E-02,
    4.545671781095E-02,6.060895708127E-02,7.576119635158E-02,
    9.09134356219E-02,0.106065674892,0.121217914163,0.136370153433,
    0.151522392703,0.166674631973,0.181826871244,0.196979110514,
    0.212131349784,0.227283589055,0.242435828325,0.257588067595,
    0.272740306866,0.287892546136,0.303044785406,0.318197024677,
    0.333349263947,0.348501503217,0.363653742488,0.378805981758,
    0.393958221028,0.409110460299,0.424262699569,0.439414938839,
    0.454567178109,0.46971941738,0.48487165665,0.50002389592,
    0.515176135191,0.530328374461,0.545480613731,0.560632853002,
    0.575785092272,0.590937331542,0.606089570813,0.621241810083,
    0.636394049353,0.651546288624,0.666698527894,0.681850767164,
    0.697003006435,0.712155245705,0.727307484975,0.742459724246,
    0.757611963516,0.772764202786,0.787916442056,0.803068681327,
    0.818220920597,0.833373159867,0.848525399138,0.863677638408,
    0.878829877678,0.893982116949,0.909134356219,0.924286595489,
    0.93943883476,0.95459107403,0.9697433133,0.984895552571,
    1.000047791841,1.015200031111,1.030352270382,1.045504509652,
    1.060656748922,1.075808988192,1.090961227463,1.106113466733,
    1.121265706003,1.136417945274,1.151570184544,1.166722423814,
    1.181874663085,1.197026902355,1.212179141625,1.227331380896,
    1.242483620166,1.257635859436,1.272788098707,1.287940337977,
    1.303092577247,1.318244816518,1.333397055788,1.348549295058,
    1.363701534328,1.378853773599,1.394006012869,1.409158252139,
    1.42431049141,1.43946273068,1.45461496995,1.469767209221,
    1.484919448491,1.500071687761,1.515223927032,1.530376166302,
    1.545528405572,1.560680644843,1.575832884113,1.590985123383,
    1.606137362654,1.621289601924,1.636441841194,1.651594080464,
    1.666746319735,1.681898559005,1.697050798275,1.712203037546,
    1.727355276816,1.742507516086,1.757659755357,1.772811994627,
    1.787964233897,1.803116473168,1.818268712438,1.833420951708,
    1.848573190979,1.863725430249,1.878877669519,1.89402990879,
    1.90918214806,1.92433438733,1.939486626601,1.954638865871,
    1.969791105141,1.984943344411,2.000095583682),
  .QUASI_UNIFORM_KNOTS.);
#2527 = CARTESIAN_POINT('',(0.,4.));
#2528 = CARTESIAN_POINT('',(1.904425732307E-02,4.));
#2529 = CARTESIAN_POINT('',(5.713278794292E-02,4.));
#2530 = CARTESIAN_POINT('',(0.114105009181,4.));
#2531 = CARTESIAN_POINT('',(0.170746552452,4.));
#2532 = CARTESIAN_POINT('',(0.226920496802,4.));
#2533 = CARTESIAN_POINT('',(0.282504655723,4.));
#2534 = CARTESIAN_POINT('',(0.337393622704,4.));
#2535 = CARTESIAN_POINT('',(0.391485951006,4.));
#2536 = CARTESIAN_POINT('',(0.444718302154,4.));
#2537 = CARTESIAN_POINT('',(0.497090826604,4.));
#2538 = CARTESIAN_POINT('',(0.548603451363,4.));
#2539 = CARTESIAN_POINT('',(0.599266402494,4.));
#2540 = CARTESIAN_POINT('',(0.649096165385,4.));
#2541 = CARTESIAN_POINT('',(0.698115908907,4.));
#2542 = CARTESIAN_POINT('',(0.746355062792,4.));
#2543 = CARTESIAN_POINT('',(0.793849731745,4.));
#2544 = CARTESIAN_POINT('',(0.840642124432,4.));
#2545 = CARTESIAN_POINT('',(0.886784355959,4.));
#2546 = CARTESIAN_POINT('',(0.932310460464,4.));
#2547 = CARTESIAN_POINT('',(0.977269067416,4.));
#2548 = CARTESIAN_POINT('',(1.021703739338,4.));
#2549 = CARTESIAN_POINT('',(1.065656938701,4.));
#2550 = CARTESIAN_POINT('',(1.109169992081,4.));
#2551 = CARTESIAN_POINT('',(1.152283751906,4.));
#2552 = CARTESIAN_POINT('',(1.195039973635,4.));
#2553 = CARTESIAN_POINT('',(1.237478817015,4.));
#2554 = CARTESIAN_POINT('',(1.279634496587,4.));
#2555 = CARTESIAN_POINT('',(1.321546890995,4.));
#2556 = CARTESIAN_POINT('',(1.363252139102,4.));
#2557 = CARTESIAN_POINT('',(1.404785692641,4.));
#2558 = CARTESIAN_POINT('',(1.446182048455,4.));
#2559 = CARTESIAN_POINT('',(1.487475595851,4.));
#2560 = CARTESIAN_POINT('',(1.52870011746,4.));
#2561 = CARTESIAN_POINT('',(1.569892455732,4.));
#2562 = CARTESIAN_POINT('',(1.611080817779,4.));
#2563 = CARTESIAN_POINT('',(1.652297637541,4.));
#2564 = CARTESIAN_POINT('',(1.693581164308,4.));
#2565 = CARTESIAN_POINT('',(1.73496652429,4.));
#2566 = CARTESIAN_POINT('',(1.776488696198,4.));
#2567 = CARTESIAN_POINT('',(1.818182259038,4.));
#2568 = CARTESIAN_POINT('',(1.86008198838,4.));
#2569 = CARTESIAN_POINT('',(1.902223251846,4.));
#2570 = CARTESIAN_POINT('',(1.944642441066,4.));
#2571 = CARTESIAN_POINT('',(1.987377656511,4.));
#2572 = CARTESIAN_POINT('',(2.030468655348,4.));
#2573 = CARTESIAN_POINT('',(2.073959911951,4.));
#2574 = CARTESIAN_POINT('',(2.117892478763,4.));
#2575 = CARTESIAN_POINT('',(2.162295375275,4.));
#2576 = CARTESIAN_POINT('',(2.207222712743,4.));
#2577 = CARTESIAN_POINT('',(2.252718716552,4.));
#2578 = CARTESIAN_POINT('',(2.298827155033,4.));
#2579 = CARTESIAN_POINT('',(2.345589551422,4.));
#2580 = CARTESIAN_POINT('',(2.393046674747,4.));
#2581 = CARTESIAN_POINT('',(2.441238110084,4.));
#2582 = CARTESIAN_POINT('',(2.490206352459,4.));
#2583 = CARTESIAN_POINT('',(2.539984991756,4.));
#2584 = CARTESIAN_POINT('',(2.590646417659,4.));
#2585 = CARTESIAN_POINT('',(2.642223918889,4.));
#2586 = CARTESIAN_POINT('',(2.694684134478,4.));
#2587 = CARTESIAN_POINT('',(2.747998302807,4.));
#2588 = CARTESIAN_POINT('',(2.802122630911,4.));
#2589 = CARTESIAN_POINT('',(2.85700207319,4.));
#2590 = CARTESIAN_POINT('',(2.912566974975,4.));
#2591 = CARTESIAN_POINT('',(2.968730854433,4.));
#2592 = CARTESIAN_POINT('',(3.025385966584,4.));
#2593 = CARTESIAN_POINT('',(3.082400566564,4.));
#2594 = CARTESIAN_POINT('',(3.139603949462,4.));
#2595 = CARTESIAN_POINT('',(3.19680914119,4.));
#2596 = CARTESIAN_POINT('',(3.253830259667,4.));
#2597 = CARTESIAN_POINT('',(3.310497224213,4.));
#2598 = CARTESIAN_POINT('',(3.366677931604,4.));
#2599 = CARTESIAN_POINT('',(3.422263783016,4.));
#2600 = CARTESIAN_POINT('',(3.477167102399,4.));
#2601 = CARTESIAN_POINT('',(3.531316850612,4.));
#2602 = CARTESIAN_POINT('',(3.584656637579,4.));
#2603 = CARTESIAN_POINT('',(3.63714108402,4.));
#2604 = CARTESIAN_POINT('',(3.688741173869,4.));
#2605 = CARTESIAN_POINT('',(3.7394192613,4.));
#2606 = CARTESIAN_POINT('',(3.789262943415,4.));
#2607 = CARTESIAN_POINT('',(3.838302747296,4.));
#2608 = CARTESIAN_POINT('',(3.886571978578,4.));
#2609 = CARTESIAN_POINT('',(3.934107457977,4.));
#2610 = CARTESIAN_POINT('',(3.98095034334,4.));
#2611 = CARTESIAN_POINT('',(4.027144497631,4.));
#2612 = CARTESIAN_POINT('',(4.072729512812,4.));
#2613 = CARTESIAN_POINT('',(4.117753306566,4.));
#2614 = CARTESIAN_POINT('',(4.16225871228,4.));
#2615 = CARTESIAN_POINT('',(4.206287662626,4.));
#2616 = CARTESIAN_POINT('',(4.249881147401,4.));
#2617 = CARTESIAN_POINT('',(4.293079582528,4.));
#2618 = CARTESIAN_POINT('',(4.33592529542,4.));
#2619 = CARTESIAN_POINT('',(4.378455851001,4.));
#2620 = CARTESIAN_POINT('',(4.420706727334,4.));
#2621 = CARTESIAN_POINT('',(4.462717030095,4.));
#2622 = CARTESIAN_POINT('',(4.5045225538,4.));
#2623 = CARTESIAN_POINT('',(4.54615831846,4.));
#2624 = CARTESIAN_POINT('',(4.587658451996,4.));
#2625 = CARTESIAN_POINT('',(4.629056915499,4.));
#2626 = CARTESIAN_POINT('',(4.670387308567,4.));
#2627 = CARTESIAN_POINT('',(4.711685409221,4.));
#2628 = CARTESIAN_POINT('',(4.752981695266,4.));
#2629 = CARTESIAN_POINT('',(4.794305016525,4.));
#2630 = CARTESIAN_POINT('',(4.835694378888,4.));
#2631 = CARTESIAN_POINT('',(4.877184516936,4.));
#2632 = CARTESIAN_POINT('',(4.918810259016,4.));
#2633 = CARTESIAN_POINT('',(4.960605903065,4.));
#2634 = CARTESIAN_POINT('',(5.002605912678,4.));
#2635 = CARTESIAN_POINT('',(5.044845271164,4.));
#2636 = CARTESIAN_POINT('',(5.087359949244,4.));
#2637 = CARTESIAN_POINT('',(5.130187442261,4.));
#2638 = CARTESIAN_POINT('',(5.173367211289,4.));
#2639 = CARTESIAN_POINT('',(5.216941842299,4.));
#2640 = CARTESIAN_POINT('',(5.260955930283,4.));
#2641 = CARTESIAN_POINT('',(5.305434582558,4.));
#2642 = CARTESIAN_POINT('',(5.350431873381,4.));
#2643 = CARTESIAN_POINT('',(5.395992223001,4.));
#2644 = CARTESIAN_POINT('',(5.442159312039,4.));
#2645 = CARTESIAN_POINT('',(5.488974465697,4.));
#2646 = CARTESIAN_POINT('',(5.536477974113,4.));
#2647 = CARTESIAN_POINT('',(5.584709138915,4.));
#2648 = CARTESIAN_POINT('',(5.633708556715,4.));
#2649 = CARTESIAN_POINT('',(5.683512947845,4.));
#2650 = CARTESIAN_POINT('',(5.73417792706,4.));
#2651 = CARTESIAN_POINT('',(5.785760575457,4.));
#2652 = CARTESIAN_POINT('',(5.8382234255,4.));
#2653 = CARTESIAN_POINT('',(5.891538562783,4.));
#2654 = CARTESIAN_POINT('',(5.945662288136,4.));
#2655 = CARTESIAN_POINT('',(6.000540419905,4.));
#2656 = CARTESIAN_POINT('',(6.056104471778,4.));
#2657 = CARTESIAN_POINT('',(6.112269735396,4.));
#2658 = CARTESIAN_POINT('',(6.168930117659,4.));
#2659 = CARTESIAN_POINT('',(6.225958067211,4.));
#2660 = CARTESIAN_POINT('',(6.264105874772,4.));
#2661 = CARTESIAN_POINT('',(6.28318530718,4.));
#2662 = ( GEOMETRIC_REPRESENTATION_CONTEXT(2) 
PARAMETRIC_REPRESENTATION_CONTEXT() REPRESENTATION_CONTEXT('2D SPACE',''
  ) );
#2663 = ADVANCED_FACE('',(#2664,#2734,#2771),#853,.T.);
#2664 = FACE_BOUND('',#2665,.T.);
#2665 = EDGE_LOOP('',(#2666,#2687,#2706,#2707,#2708,#2733));
#2666 = ORIENTED_EDGE('',*,*,#2667,.F.);
#2667 = EDGE_CURVE('',#2668,#1187,#2670,.T.);
#2668 = VERTEX_POINT('',#2669);
#2669 = CARTESIAN_POINT('',(-11.1,-47.,158.));
#2670 = SURFACE_CURVE('',#2671,(#2674,#2680),.PCURVE_S1.);
#2671 = B_SPLINE_CURVE_WITH_KNOTS('',1,(#2672,#2673),.UNSPECIFIED.,.F.,
  .F.,(2,2),(0.,1.),.PIECEWISE_BEZIER_KNOTS.);
#2672 = CARTESIAN_POINT('',(-11.,-47.,150.));
#2673 = CARTESIAN_POINT('',(-12.,-47.,230.));
#2674 = PCURVE('',#853,#2675);
#2675 = DEFINITIONAL_REPRESENTATION('',(#2676),#2679);
#2676 = B_SPLINE_CURVE_WITH_KNOTS('',1,(#2677,#2678),.UNSPECIFIED.,.F.,
  .F.,(2,2),(0.,1.),.PIECEWISE_BEZIER_KNOTS.);
#2677 = CARTESIAN_POINT('',(0.,-80.00624975587));
#2678 = CARTESIAN_POINT('',(0.,0.));
#2679 = ( GEOMETRIC_REPRESENTATION_CONTEXT(2) 
PARAMETRIC_REPRESENTATION_CONTEXT() REPRESENTATION_CONTEXT('2D SPACE',''
  ) );
#2680 = PCURVE('',#1221,#2681);
#2681 = DEFINITIONAL_REPRESENTATION('',(#2682),#2686);
#2682 = LINE('',#2683,#2684);
#2683 = CARTESIAN_POINT('',(24.,0.));
#2684 = VECTOR('',#2685,1.);
#2685 = DIRECTION('',(0.,1.));
#2686 = ( GEOMETRIC_REPRESENTATION_CONTEXT(2) 
PARAMETRIC_REPRESENTATION_CONTEXT() REPRESENTATION_CONTEXT('2D SPACE',''
  ) );
#2687 = ORIENTED_EDGE('',*,*,#2688,.F.);
#2688 = EDGE_CURVE('',#2247,#2668,#2689,.T.);
#2689 = SURFACE_CURVE('',#2690,(#2694,#2700),.PCURVE_S1.);
#2690 = LINE('',#2691,#2692);
#2691 = CARTESIAN_POINT('',(-11.1,-148.5,158.));
#2692 = VECTOR('',#2693,1.);
#2693 = DIRECTION('',(2.22044604925E-16,1.,-0.));
#2694 = PCURVE('',#853,#2695);
#2695 = DEFINITIONAL_REPRESENTATION('',(#2696),#2699);
#2696 = B_SPLINE_CURVE_WITH_KNOTS('',1,(#2697,#2698),.UNSPECIFIED.,.F.,
  .F.,(2,2),(88.5,101.5),.PIECEWISE_BEZIER_KNOTS.);
#2697 = CARTESIAN_POINT('',(13.,-72.00562478029));
#2698 = CARTESIAN_POINT('',(0.,-72.00562478029));
#2699 = ( GEOMETRIC_REPRESENTATION_CONTEXT(2) 
PARAMETRIC_REPRESENTATION_CONTEXT() REPRESENTATION_CONTEXT('2D SPACE',''
  ) );
#2700 = PCURVE('',#2126,#2701);
#2701 = DEFINITIONAL_REPRESENTATION('',(#2702),#2705);
#2702 = B_SPLINE_CURVE_WITH_KNOTS('',1,(#2703,#2704),.UNSPECIFIED.,.F.,
  .F.,(2,2),(88.5,101.5),.PIECEWISE_BEZIER_KNOTS.);
#2703 = CARTESIAN_POINT('',(238.9,190.));
#2704 = CARTESIAN_POINT('',(238.9,203.));
#2705 = ( GEOMETRIC_REPRESENTATION_CONTEXT(2) 
PARAMETRIC_REPRESENTATION_CONTEXT() REPRESENTATION_CONTEXT('2D SPACE',''
  ) );
#2706 = ORIENTED_EDGE('',*,*,#2246,.T.);
#2707 = ORIENTED_EDGE('',*,*,#837,.F.);
#2708 = ORIENTED_EDGE('',*,*,#2709,.F.);
#2709 = EDGE_CURVE('',#1163,#838,#2710,.T.);
#2710 = SURFACE_CURVE('',#2711,(#2716,#2723),.PCURVE_S1.);
#2711 = ELLIPSE('',#2712,4.08031873755E+03,51.);
#2712 = AXIS2_PLACEMENT_3D('',#2713,#2714,#2715);
#2713 = CARTESIAN_POINT('',(0.,0.,-730.));
#2714 = DIRECTION('',(-0.999921884154,2.220272597229E-16,
    -1.249902355193E-02));
#2715 = DIRECTION('',(1.249902355193E-02,-2.775340746536E-18,
    -0.999921884154));
#2716 = PCURVE('',#853,#2717);
#2717 = DEFINITIONAL_REPRESENTATION('',(#2718),#2722);
#2718 = ELLIPSE('',#2719,4.08031873755E+03,51.);
#2719 = AXIS2_PLACEMENT_2D('',#2720,#2721);
#2720 = CARTESIAN_POINT('',(-47.,-960.0749970705));
#2721 = DIRECTION('',(0.,-1.));
#2722 = ( GEOMETRIC_REPRESENTATION_CONTEXT(2) 
PARAMETRIC_REPRESENTATION_CONTEXT() REPRESENTATION_CONTEXT('2D SPACE',''
  ) );
#2723 = PCURVE('',#886,#2724);
#2724 = DEFINITIONAL_REPRESENTATION('',(#2725),#2732);
#2725 = B_SPLINE_CURVE_WITH_KNOTS('',5,(#2726,#2727,#2728,#2729,#2730,
    #2731),.UNSPECIFIED.,.F.,.F.,(6,6),(1.802773270563,1.808317497879),
  .PIECEWISE_BEZIER_KNOTS.);
#2726 = CARTESIAN_POINT('',(-4.480412036617,1.200000042445E-06));
#2727 = CARTESIAN_POINT('',(-4.479303191153,-4.402905096223));
#2728 = CARTESIAN_POINT('',(-4.47819434569,-8.804369758836));
#2729 = CARTESIAN_POINT('',(-4.477085500227,-13.20438150963));
#2730 = CARTESIAN_POINT('',(-4.475976654764,-17.60292907777));
#2731 = CARTESIAN_POINT('',(-4.474867809301,-22.0000012));
#2732 = ( GEOMETRIC_REPRESENTATION_CONTEXT(2) 
PARAMETRIC_REPRESENTATION_CONTEXT() REPRESENTATION_CONTEXT('2D SPACE',''
  ) );
#2733 = ORIENTED_EDGE('',*,*,#1186,.F.);
#2734 = FACE_BOUND('',#2735,.T.);
#2735 = EDGE_LOOP('',(#2736));
#2736 = ORIENTED_EDGE('',*,*,#2737,.F.);
#2737 = EDGE_CURVE('',#2738,#2738,#2740,.T.);
#2738 = VERTEX_POINT('',#2739);
#2739 = CARTESIAN_POINT('',(-11.50625,-53.5,190.5));
#2740 = SURFACE_CURVE('',#2741,(#2746,#2753),.PCURVE_S1.);
#2741 = ELLIPSE('',#2742,2.500195304871,2.5);
#2742 = AXIS2_PLACEMENT_3D('',#2743,#2744,#2745);
#2743 = CARTESIAN_POINT('',(-11.475,-53.5,188.));
#2744 = DIRECTION('',(-0.999921884154,2.220272597229E-16,
    -1.249902355193E-02));
#2745 = DIRECTION('',(1.249902355193E-02,1.776218077783E-14,
    -0.999921884154));
#2746 = PCURVE('',#853,#2747);
#2747 = DEFINITIONAL_REPRESENTATION('',(#2748),#2752);
#2748 = ELLIPSE('',#2749,2.500195304871,2.5);
#2749 = AXIS2_PLACEMENT_2D('',#2750,#2751);
#2750 = CARTESIAN_POINT('',(6.5,-42.00328112183));
#2751 = DIRECTION('',(-1.776495611858E-14,-1.));
#2752 = ( GEOMETRIC_REPRESENTATION_CONTEXT(2) 
PARAMETRIC_REPRESENTATION_CONTEXT() REPRESENTATION_CONTEXT('2D SPACE',''
  ) );
#2753 = PCURVE('',#2178,#2754);
#2754 = DEFINITIONAL_REPRESENTATION('',(#2755),#2770);
#2755 = B_SPLINE_CURVE_WITH_KNOTS('',7,(#2756,#2757,#2758,#2759,#2760,
    #2761,#2762,#2763,#2764,#2765,#2766,#2767,#2768,#2769),
  .UNSPECIFIED.,.F.,.F.,(8,6,8),(3.14159265359,6.28318530718,
    9.424777960769),.UNSPECIFIED.);
#2756 = CARTESIAN_POINT('',(6.28318530718,78.49375));
#2757 = CARTESIAN_POINT('',(5.834386356667,78.49375));
#2758 = CARTESIAN_POINT('',(5.385587406154,78.501094691299));
#2759 = CARTESIAN_POINT('',(4.936788455641,78.515770607628));
#2760 = CARTESIAN_POINT('',(4.487989505128,78.53422939239));
#2761 = CARTESIAN_POINT('',(4.039190554616,78.5489053087));
#2762 = CARTESIAN_POINT('',(3.590391604103,78.55625));
#2763 = CARTESIAN_POINT('',(2.692793703077,78.55625));
#2764 = CARTESIAN_POINT('',(2.243994752564,78.548905308693));
#2765 = CARTESIAN_POINT('',(1.795195802052,78.534229392404));
#2766 = CARTESIAN_POINT('',(1.346396851537,78.515770607628));
#2767 = CARTESIAN_POINT('',(0.897597901027,78.501094691295));
#2768 = CARTESIAN_POINT('',(0.448798950513,78.49375));
#2769 = CARTESIAN_POINT('',(1.68753899743E-14,78.49375));
#2770 = ( GEOMETRIC_REPRESENTATION_CONTEXT(2) 
PARAMETRIC_REPRESENTATION_CONTEXT() REPRESENTATION_CONTEXT('2D SPACE',''
  ) );
#2771 = FACE_BOUND('',#2772,.T.);
#2772 = EDGE_LOOP('',(#2773));
#2773 = ORIENTED_EDGE('',*,*,#2774,.F.);
#2774 = EDGE_CURVE('',#2775,#2775,#2777,.T.);
#2775 = VERTEX_POINT('',#2776);
#2776 = CARTESIAN_POINT('',(-11.95625,-53.5,226.5));
#2777 = SURFACE_CURVE('',#2778,(#2783,#2790),.PCURVE_S1.);
#2778 = ELLIPSE('',#2779,2.500195304871,2.5);
#2779 = AXIS2_PLACEMENT_3D('',#2780,#2781,#2782);
#2780 = CARTESIAN_POINT('',(-11.925,-53.5,224.));
#2781 = DIRECTION('',(-0.999921884154,2.220272597229E-16,
    -1.249902355193E-02));
#2782 = DIRECTION('',(1.249902355193E-02,1.776218077783E-14,
    -0.999921884154));
#2783 = PCURVE('',#853,#2784);
#2784 = DEFINITIONAL_REPRESENTATION('',(#2785),#2789);
#2785 = ELLIPSE('',#2786,2.500195304871,2.5);
#2786 = AXIS2_PLACEMENT_2D('',#2787,#2788);
#2787 = CARTESIAN_POINT('',(6.5,-6.000468731691));
#2788 = DIRECTION('',(-1.776495611858E-14,-1.));
#2789 = ( GEOMETRIC_REPRESENTATION_CONTEXT(2) 
PARAMETRIC_REPRESENTATION_CONTEXT() REPRESENTATION_CONTEXT('2D SPACE',''
  ) );
#2790 = PCURVE('',#2220,#2791);
#2791 = DEFINITIONAL_REPRESENTATION('',(#2792),#2807);
#2792 = B_SPLINE_CURVE_WITH_KNOTS('',7,(#2793,#2794,#2795,#2796,#2797,
    #2798,#2799,#2800,#2801,#2802,#2803,#2804,#2805,#2806),
  .UNSPECIFIED.,.F.,.F.,(8,6,8),(3.14159265359,6.28318530718,
    9.424777960769),.UNSPECIFIED.);
#2793 = CARTESIAN_POINT('',(6.28318530718,78.04375));
#2794 = CARTESIAN_POINT('',(5.834386356667,78.04375));
#2795 = CARTESIAN_POINT('',(5.385587406154,78.051094691313));
#2796 = CARTESIAN_POINT('',(4.936788455641,78.065770607594));
#2797 = CARTESIAN_POINT('',(4.487989505128,78.084229392436));
#2798 = CARTESIAN_POINT('',(4.039190554616,78.098905308692));
#2799 = CARTESIAN_POINT('',(3.590391604103,78.10625));
#2800 = CARTESIAN_POINT('',(2.692793703077,78.10625));
#2801 = CARTESIAN_POINT('',(2.243994752564,78.098905308711));
#2802 = CARTESIAN_POINT('',(1.795195802052,78.084229392363));
#2803 = CARTESIAN_POINT('',(1.346396851537,78.065770607624));
#2804 = CARTESIAN_POINT('',(0.897597901027,78.051094691284));
#2805 = CARTESIAN_POINT('',(0.448798950513,78.04375));
#2806 = CARTESIAN_POINT('',(1.68753899743E-14,78.04375));
#2807 = ( GEOMETRIC_REPRESENTATION_CONTEXT(2) 
PARAMETRIC_REPRESENTATION_CONTEXT() REPRESENTATION_CONTEXT('2D SPACE',''
  ) );
#2808 = ADVANCED_FACE('',(#2809),#886,.T.);
#2809 = FACE_BOUND('',#2810,.F.);
#2810 = EDGE_LOOP('',(#2811,#2830,#2831,#2832));
#2811 = ORIENTED_EDGE('',*,*,#2812,.F.);
#2812 = EDGE_CURVE('',#866,#1142,#2813,.T.);
#2813 = SURFACE_CURVE('',#2814,(#2818,#2824),.PCURVE_S1.);
#2814 = LINE('',#2815,#2816);
#2815 = CARTESIAN_POINT('',(-49.04079934095,-14.,208.));
#2816 = VECTOR('',#2817,1.);
#2817 = DIRECTION('',(-0.,-0.,-1.));
#2818 = PCURVE('',#886,#2819);
#2819 = DEFINITIONAL_REPRESENTATION('',(#2820),#2823);
#2820 = B_SPLINE_CURVE_WITH_KNOTS('',1,(#2821,#2822),.UNSPECIFIED.,.F.,
  .F.,(2,2),(-22.0000018,1.800000035246E-06),.PIECEWISE_BEZIER_KNOTS.);
#2821 = CARTESIAN_POINT('',(-3.419672539241,-22.0000018));
#2822 = CARTESIAN_POINT('',(-3.419672539241,1.800000035246E-06));
#2823 = ( GEOMETRIC_REPRESENTATION_CONTEXT(2) 
PARAMETRIC_REPRESENTATION_CONTEXT() REPRESENTATION_CONTEXT('2D SPACE',''
  ) );
#2824 = PCURVE('',#914,#2825);
#2825 = DEFINITIONAL_REPRESENTATION('',(#2826),#2829);
#2826 = B_SPLINE_CURVE_WITH_KNOTS('',1,(#2827,#2828),.UNSPECIFIED.,.F.,
  .F.,(2,2),(-22.0000018,1.800000035246E-06),.PIECEWISE_BEZIER_KNOTS.);
#2827 = CARTESIAN_POINT('',(8.959200659043,1.800001967922E-06));
#2828 = CARTESIAN_POINT('',(8.959200659043,-22.0000018));
#2829 = ( GEOMETRIC_REPRESENTATION_CONTEXT(2) 
PARAMETRIC_REPRESENTATION_CONTEXT() REPRESENTATION_CONTEXT('2D SPACE',''
  ) );
#2830 = ORIENTED_EDGE('',*,*,#865,.T.);
#2831 = ORIENTED_EDGE('',*,*,#2709,.F.);
#2832 = ORIENTED_EDGE('',*,*,#1162,.F.);
#2833 = ADVANCED_FACE('',(#2834),#914,.T.);
#2834 = FACE_BOUND('',#2835,.T.);
#2835 = EDGE_LOOP('',(#2836,#2856,#2882,#2900,#2901,#2902));
#2836 = ORIENTED_EDGE('',*,*,#2837,.F.);
#2837 = EDGE_CURVE('',#2838,#899,#2840,.T.);
#2838 = VERTEX_POINT('',#2839);
#2839 = CARTESIAN_POINT('',(-58.,-14.,158.));
#2840 = SURFACE_CURVE('',#2841,(#2844,#2850),.PCURVE_S1.);
#2841 = B_SPLINE_CURVE_WITH_KNOTS('',1,(#2842,#2843),.UNSPECIFIED.,.F.,
  .F.,(2,2),(0.,1.),.PIECEWISE_BEZIER_KNOTS.);
#2842 = CARTESIAN_POINT('',(-58.,-14.,90.));
#2843 = CARTESIAN_POINT('',(-58.,-14.,230.));
#2844 = PCURVE('',#914,#2845);
#2845 = DEFINITIONAL_REPRESENTATION('',(#2846),#2849);
#2846 = B_SPLINE_CURVE_WITH_KNOTS('',1,(#2847,#2848),.UNSPECIFIED.,.F.,
  .F.,(2,2),(0.,1.),.PIECEWISE_BEZIER_KNOTS.);
#2847 = CARTESIAN_POINT('',(0.,-140.));
#2848 = CARTESIAN_POINT('',(0.,0.));
#2849 = ( GEOMETRIC_REPRESENTATION_CONTEXT(2) 
PARAMETRIC_REPRESENTATION_CONTEXT() REPRESENTATION_CONTEXT('2D SPACE',''
  ) );
#2850 = PCURVE('',#942,#2851);
#2851 = DEFINITIONAL_REPRESENTATION('',(#2852),#2855);
#2852 = B_SPLINE_CURVE_WITH_KNOTS('',1,(#2853,#2854),.UNSPECIFIED.,.F.,
  .F.,(2,2),(0.,1.),.PIECEWISE_BEZIER_KNOTS.);
#2853 = CARTESIAN_POINT('',(14.,11.));
#2854 = CARTESIAN_POINT('',(14.,151.));
#2855 = ( GEOMETRIC_REPRESENTATION_CONTEXT(2) 
PARAMETRIC_REPRESENTATION_CONTEXT() REPRESENTATION_CONTEXT('2D SPACE',''
  ) );
#2856 = ORIENTED_EDGE('',*,*,#2857,.F.);
#2857 = EDGE_CURVE('',#2858,#2838,#2860,.T.);
#2858 = VERTEX_POINT('',#2859);
#2859 = CARTESIAN_POINT('',(-44.,-14.,158.));
#2860 = SURFACE_CURVE('',#2861,(#2865,#2871),.PCURVE_S1.);
#2861 = LINE('',#2862,#2863);
#2862 = CARTESIAN_POINT('',(-154.,-14.,158.));
#2863 = VECTOR('',#2864,1.);
#2864 = DIRECTION('',(-1.,1.224646799147E-16,0.));
#2865 = PCURVE('',#914,#2866);
#2866 = DEFINITIONAL_REPRESENTATION('',(#2867),#2870);
#2867 = B_SPLINE_CURVE_WITH_KNOTS('',1,(#2868,#2869),.UNSPECIFIED.,.F.,
  .F.,(2,2),(-110.,-96.),.PIECEWISE_BEZIER_KNOTS.);
#2868 = CARTESIAN_POINT('',(14.,-72.));
#2869 = CARTESIAN_POINT('',(0.,-72.));
#2870 = ( GEOMETRIC_REPRESENTATION_CONTEXT(2) 
PARAMETRIC_REPRESENTATION_CONTEXT() REPRESENTATION_CONTEXT('2D SPACE',''
  ) );
#2871 = PCURVE('',#2872,#2877);
#2872 = PLANE('',#2873);
#2873 = AXIS2_PLACEMENT_3D('',#2874,#2875,#2876);
#2874 = CARTESIAN_POINT('',(-250.,-250.,158.));
#2875 = DIRECTION('',(0.,0.,1.));
#2876 = DIRECTION('',(1.,0.,0.));
#2877 = DEFINITIONAL_REPRESENTATION('',(#2878),#2881);
#2878 = B_SPLINE_CURVE_WITH_KNOTS('',1,(#2879,#2880),.UNSPECIFIED.,.F.,
  .F.,(2,2),(-110.,-96.),.PIECEWISE_BEZIER_KNOTS.);
#2879 = CARTESIAN_POINT('',(206.,236.));
#2880 = CARTESIAN_POINT('',(192.,236.));
#2881 = ( GEOMETRIC_REPRESENTATION_CONTEXT(2) 
PARAMETRIC_REPRESENTATION_CONTEXT() REPRESENTATION_CONTEXT('2D SPACE',''
  ) );
#2882 = ORIENTED_EDGE('',*,*,#2883,.T.);
#2883 = EDGE_CURVE('',#2858,#1116,#2884,.T.);
#2884 = SURFACE_CURVE('',#2885,(#2888,#2894),.PCURVE_S1.);
#2885 = B_SPLINE_CURVE_WITH_KNOTS('',1,(#2886,#2887),.UNSPECIFIED.,.F.,
  .F.,(2,2),(0.,1.),.PIECEWISE_BEZIER_KNOTS.);
#2886 = CARTESIAN_POINT('',(-44.,-14.,90.));
#2887 = CARTESIAN_POINT('',(-44.,-14.,230.));
#2888 = PCURVE('',#914,#2889);
#2889 = DEFINITIONAL_REPRESENTATION('',(#2890),#2893);
#2890 = B_SPLINE_CURVE_WITH_KNOTS('',1,(#2891,#2892),.UNSPECIFIED.,.F.,
  .F.,(2,2),(0.,1.),.PIECEWISE_BEZIER_KNOTS.);
#2891 = CARTESIAN_POINT('',(14.,-140.));
#2892 = CARTESIAN_POINT('',(14.,0.));
#2893 = ( GEOMETRIC_REPRESENTATION_CONTEXT(2) 
PARAMETRIC_REPRESENTATION_CONTEXT() REPRESENTATION_CONTEXT('2D SPACE',''
  ) );
#2894 = PCURVE('',#1130,#2895);
#2895 = DEFINITIONAL_REPRESENTATION('',(#2896),#2899);
#2896 = B_SPLINE_CURVE_WITH_KNOTS('',1,(#2897,#2898),.UNSPECIFIED.,.F.,
  .F.,(2,2),(0.,1.),.PIECEWISE_BEZIER_KNOTS.);
#2897 = CARTESIAN_POINT('',(0.,-140.));
#2898 = CARTESIAN_POINT('',(0.,0.));
#2899 = ( GEOMETRIC_REPRESENTATION_CONTEXT(2) 
PARAMETRIC_REPRESENTATION_CONTEXT() REPRESENTATION_CONTEXT('2D SPACE',''
  ) );
#2900 = ORIENTED_EDGE('',*,*,#1141,.F.);
#2901 = ORIENTED_EDGE('',*,*,#2812,.F.);
#2902 = ORIENTED_EDGE('',*,*,#898,.F.);
#2903 = ADVANCED_FACE('',(#2904),#942,.T.);
#2904 = FACE_BOUND('',#2905,.T.);
#2905 = EDGE_LOOP('',(#2906,#2926,#2947,#2973,#2998,#3024,#3043,#3044));
#2906 = ORIENTED_EDGE('',*,*,#2907,.F.);
#2907 = EDGE_CURVE('',#2908,#927,#2910,.T.);
#2908 = VERTEX_POINT('',#2909);
#2909 = CARTESIAN_POINT('',(-58.,14.,158.));
#2910 = SURFACE_CURVE('',#2911,(#2914,#2920),.PCURVE_S1.);
#2911 = B_SPLINE_CURVE_WITH_KNOTS('',1,(#2912,#2913),.UNSPECIFIED.,.F.,
  .F.,(2,2),(0.,1.),.PIECEWISE_BEZIER_KNOTS.);
#2912 = CARTESIAN_POINT('',(-58.,14.,90.));
#2913 = CARTESIAN_POINT('',(-58.,14.,230.));
#2914 = PCURVE('',#942,#2915);
#2915 = DEFINITIONAL_REPRESENTATION('',(#2916),#2919);
#2916 = B_SPLINE_CURVE_WITH_KNOTS('',1,(#2917,#2918),.UNSPECIFIED.,.F.,
  .F.,(2,2),(0.,1.),.PIECEWISE_BEZIER_KNOTS.);
#2917 = CARTESIAN_POINT('',(-14.,11.));
#2918 = CARTESIAN_POINT('',(-14.,151.));
#2919 = ( GEOMETRIC_REPRESENTATION_CONTEXT(2) 
PARAMETRIC_REPRESENTATION_CONTEXT() REPRESENTATION_CONTEXT('2D SPACE',''
  ) );
#2920 = PCURVE('',#970,#2921);
#2921 = DEFINITIONAL_REPRESENTATION('',(#2922),#2925);
#2922 = B_SPLINE_CURVE_WITH_KNOTS('',1,(#2923,#2924),.UNSPECIFIED.,.F.,
  .F.,(2,2),(0.,1.),.PIECEWISE_BEZIER_KNOTS.);
#2923 = CARTESIAN_POINT('',(14.,-140.));
#2924 = CARTESIAN_POINT('',(14.,0.));
#2925 = ( GEOMETRIC_REPRESENTATION_CONTEXT(2) 
PARAMETRIC_REPRESENTATION_CONTEXT() REPRESENTATION_CONTEXT('2D SPACE',''
  ) );
#2926 = ORIENTED_EDGE('',*,*,#2927,.F.);
#2927 = EDGE_CURVE('',#2928,#2908,#2930,.T.);
#2928 = VERTEX_POINT('',#2929);
#2929 = CARTESIAN_POINT('',(-58.,8.5,158.));
#2930 = SURFACE_CURVE('',#2931,(#2935,#2941),.PCURVE_S1.);
#2931 = LINE('',#2932,#2933);
#2932 = CARTESIAN_POINT('',(-58.,-125.,158.));
#2933 = VECTOR('',#2934,1.);
#2934 = DIRECTION('',(-1.483893486498E-17,1.,0.));
#2935 = PCURVE('',#942,#2936);
#2936 = DEFINITIONAL_REPRESENTATION('',(#2937),#2940);
#2937 = B_SPLINE_CURVE_WITH_KNOTS('',1,(#2938,#2939),.UNSPECIFIED.,.F.,
  .F.,(2,2),(111.,139.),.PIECEWISE_BEZIER_KNOTS.);
#2938 = CARTESIAN_POINT('',(14.,79.));
#2939 = CARTESIAN_POINT('',(-14.,79.));
#2940 = ( GEOMETRIC_REPRESENTATION_CONTEXT(2) 
PARAMETRIC_REPRESENTATION_CONTEXT() REPRESENTATION_CONTEXT('2D SPACE',''
  ) );
#2941 = PCURVE('',#2872,#2942);
#2942 = DEFINITIONAL_REPRESENTATION('',(#2943),#2946);
#2943 = B_SPLINE_CURVE_WITH_KNOTS('',1,(#2944,#2945),.UNSPECIFIED.,.F.,
  .F.,(2,2),(111.,139.),.PIECEWISE_BEZIER_KNOTS.);
#2944 = CARTESIAN_POINT('',(192.,236.));
#2945 = CARTESIAN_POINT('',(192.,264.));
#2946 = ( GEOMETRIC_REPRESENTATION_CONTEXT(2) 
PARAMETRIC_REPRESENTATION_CONTEXT() REPRESENTATION_CONTEXT('2D SPACE',''
  ) );
#2947 = ORIENTED_EDGE('',*,*,#2948,.T.);
#2948 = EDGE_CURVE('',#2928,#2949,#2951,.T.);
#2949 = VERTEX_POINT('',#2950);
#2950 = CARTESIAN_POINT('',(-58.,8.5,226.));
#2951 = SURFACE_CURVE('',#2952,(#2956,#2962),.PCURVE_S1.);
#2952 = LINE('',#2953,#2954);
#2953 = CARTESIAN_POINT('',(-58.,8.5,75.5));
#2954 = VECTOR('',#2955,1.);
#2955 = DIRECTION('',(-2.160446152871E-34,1.080223076436E-34,1.));
#2956 = PCURVE('',#942,#2957);
#2957 = DEFINITIONAL_REPRESENTATION('',(#2958),#2961);
#2958 = B_SPLINE_CURVE_WITH_KNOTS('',1,(#2959,#2960),.UNSPECIFIED.,.F.,
  .F.,(2,2),(-3.5,150.5),.PIECEWISE_BEZIER_KNOTS.);
#2959 = CARTESIAN_POINT('',(-8.5,-7.));
#2960 = CARTESIAN_POINT('',(-8.5,147.));
#2961 = ( GEOMETRIC_REPRESENTATION_CONTEXT(2) 
PARAMETRIC_REPRESENTATION_CONTEXT() REPRESENTATION_CONTEXT('2D SPACE',''
  ) );
#2962 = PCURVE('',#2963,#2968);
#2963 = PLANE('',#2964);
#2964 = AXIS2_PLACEMENT_3D('',#2965,#2966,#2967);
#2965 = CARTESIAN_POINT('',(-67.,13.,72.));
#2966 = DIRECTION('',(-0.4472135955,-0.894427191,0.));
#2967 = DIRECTION('',(0.,0.,1.));
#2968 = DEFINITIONAL_REPRESENTATION('',(#2969),#2972);
#2969 = B_SPLINE_CURVE_WITH_KNOTS('',1,(#2970,#2971),.UNSPECIFIED.,.F.,
  .F.,(2,2),(-3.5,150.5),.PIECEWISE_BEZIER_KNOTS.);
#2970 = CARTESIAN_POINT('',(0.,-10.06230589874));
#2971 = CARTESIAN_POINT('',(154.,-10.06230589874));
#2972 = ( GEOMETRIC_REPRESENTATION_CONTEXT(2) 
PARAMETRIC_REPRESENTATION_CONTEXT() REPRESENTATION_CONTEXT('2D SPACE',''
  ) );
#2973 = ORIENTED_EDGE('',*,*,#2974,.F.);
#2974 = EDGE_CURVE('',#2975,#2949,#2977,.T.);
#2975 = VERTEX_POINT('',#2976);
#2976 = CARTESIAN_POINT('',(-58.,-8.5,226.));
#2977 = SURFACE_CURVE('',#2978,(#2981,#2987),.PCURVE_S1.);
#2978 = B_SPLINE_CURVE_WITH_KNOTS('',1,(#2979,#2980),.UNSPECIFIED.,.F.,
  .F.,(2,2),(0.,1.),.PIECEWISE_BEZIER_KNOTS.);
#2979 = CARTESIAN_POINT('',(-58.,-8.5,226.));
#2980 = CARTESIAN_POINT('',(-58.,8.5,226.));
#2981 = PCURVE('',#942,#2982);
#2982 = DEFINITIONAL_REPRESENTATION('',(#2983),#2986);
#2983 = B_SPLINE_CURVE_WITH_KNOTS('',1,(#2984,#2985),.UNSPECIFIED.,.F.,
  .F.,(2,2),(0.,1.),.PIECEWISE_BEZIER_KNOTS.);
#2984 = CARTESIAN_POINT('',(8.5,147.));
#2985 = CARTESIAN_POINT('',(-8.5,147.));
#2986 = ( GEOMETRIC_REPRESENTATION_CONTEXT(2) 
PARAMETRIC_REPRESENTATION_CONTEXT() REPRESENTATION_CONTEXT('2D SPACE',''
  ) );
#2987 = PCURVE('',#2988,#2993);
#2988 = B_SPLINE_SURFACE_WITH_KNOTS('',1,1,(
    (#2989,#2990)
    ,(#2991,#2992
    )),.UNSPECIFIED.,.F.,.F.,.F.,(2,2),(2,2),(0.,26.),(0.,1.),
  .PIECEWISE_BEZIER_KNOTS.);
#2989 = CARTESIAN_POINT('',(-57.,8.,226.));
#2990 = CARTESIAN_POINT('',(-67.,13.,226.));
#2991 = CARTESIAN_POINT('',(-57.,-8.,226.));
#2992 = CARTESIAN_POINT('',(-67.,-13.,226.));
#2993 = DEFINITIONAL_REPRESENTATION('',(#2994),#2997);
#2994 = B_SPLINE_CURVE_WITH_KNOTS('',1,(#2995,#2996),.UNSPECIFIED.,.F.,
  .F.,(2,2),(0.,1.),.PIECEWISE_BEZIER_KNOTS.);
#2995 = CARTESIAN_POINT('',(26.,0.1));
#2996 = CARTESIAN_POINT('',(0.,1.E-01));
#2997 = ( GEOMETRIC_REPRESENTATION_CONTEXT(2) 
PARAMETRIC_REPRESENTATION_CONTEXT() REPRESENTATION_CONTEXT('2D SPACE',''
  ) );
#2998 = ORIENTED_EDGE('',*,*,#2999,.T.);
#2999 = EDGE_CURVE('',#2975,#3000,#3002,.T.);
#3000 = VERTEX_POINT('',#3001);
#3001 = CARTESIAN_POINT('',(-58.,-8.5,158.));
#3002 = SURFACE_CURVE('',#3003,(#3007,#3013),.PCURVE_S1.);
#3003 = LINE('',#3004,#3005);
#3004 = CARTESIAN_POINT('',(-58.,-8.5,152.5));
#3005 = VECTOR('',#3006,1.);
#3006 = DIRECTION('',(2.160446152871E-34,1.080223076436E-34,-1.));
#3007 = PCURVE('',#942,#3008);
#3008 = DEFINITIONAL_REPRESENTATION('',(#3009),#3012);
#3009 = B_SPLINE_CURVE_WITH_KNOTS('',1,(#3010,#3011),.UNSPECIFIED.,.F.,
  .F.,(2,2),(-73.5,80.5),.PIECEWISE_BEZIER_KNOTS.);
#3010 = CARTESIAN_POINT('',(8.5,147.));
#3011 = CARTESIAN_POINT('',(8.5,-7.));
#3012 = ( GEOMETRIC_REPRESENTATION_CONTEXT(2) 
PARAMETRIC_REPRESENTATION_CONTEXT() REPRESENTATION_CONTEXT('2D SPACE',''
  ) );
#3013 = PCURVE('',#3014,#3019);
#3014 = PLANE('',#3015);
#3015 = AXIS2_PLACEMENT_3D('',#3016,#3017,#3018);
#3016 = CARTESIAN_POINT('',(-67.,-13.,226.));
#3017 = DIRECTION('',(-0.4472135955,0.894427191,0.));
#3018 = DIRECTION('',(0.,0.,-1.));
#3019 = DEFINITIONAL_REPRESENTATION('',(#3020),#3023);
#3020 = B_SPLINE_CURVE_WITH_KNOTS('',1,(#3021,#3022),.UNSPECIFIED.,.F.,
  .F.,(2,2),(-73.5,80.5),.PIECEWISE_BEZIER_KNOTS.);
#3021 = CARTESIAN_POINT('',(0.,-10.06230589874));
#3022 = CARTESIAN_POINT('',(154.,-10.06230589874));
#3023 = ( GEOMETRIC_REPRESENTATION_CONTEXT(2) 
PARAMETRIC_REPRESENTATION_CONTEXT() REPRESENTATION_CONTEXT('2D SPACE',''
  ) );
#3024 = ORIENTED_EDGE('',*,*,#3025,.F.);
#3025 = EDGE_CURVE('',#2838,#3000,#3026,.T.);
#3026 = SURFACE_CURVE('',#3027,(#3031,#3037),.PCURVE_S1.);
#3027 = LINE('',#3028,#3029);
#3028 = CARTESIAN_POINT('',(-58.,-125.,158.));
#3029 = VECTOR('',#3030,1.);
#3030 = DIRECTION('',(-1.483893486498E-17,1.,0.));
#3031 = PCURVE('',#942,#3032);
#3032 = DEFINITIONAL_REPRESENTATION('',(#3033),#3036);
#3033 = B_SPLINE_CURVE_WITH_KNOTS('',1,(#3034,#3035),.UNSPECIFIED.,.F.,
  .F.,(2,2),(111.,139.),.PIECEWISE_BEZIER_KNOTS.);
#3034 = CARTESIAN_POINT('',(14.,79.));
#3035 = CARTESIAN_POINT('',(-14.,79.));
#3036 = ( GEOMETRIC_REPRESENTATION_CONTEXT(2) 
PARAMETRIC_REPRESENTATION_CONTEXT() REPRESENTATION_CONTEXT('2D SPACE',''
  ) );
#3037 = PCURVE('',#2872,#3038);
#3038 = DEFINITIONAL_REPRESENTATION('',(#3039),#3042);
#3039 = B_SPLINE_CURVE_WITH_KNOTS('',1,(#3040,#3041),.UNSPECIFIED.,.F.,
  .F.,(2,2),(111.,139.),.PIECEWISE_BEZIER_KNOTS.);
#3040 = CARTESIAN_POINT('',(192.,236.));
#3041 = CARTESIAN_POINT('',(192.,264.));
#3042 = ( GEOMETRIC_REPRESENTATION_CONTEXT(2) 
PARAMETRIC_REPRESENTATION_CONTEXT() REPRESENTATION_CONTEXT('2D SPACE',''
  ) );
#3043 = ORIENTED_EDGE('',*,*,#2837,.T.);
#3044 = ORIENTED_EDGE('',*,*,#926,.F.);
#3045 = ADVANCED_FACE('',(#3046),#970,.T.);
#3046 = FACE_BOUND('',#3047,.T.);
#3047 = EDGE_LOOP('',(#3048,#3069,#3070,#3071,#3072,#3073));
#3048 = ORIENTED_EDGE('',*,*,#3049,.F.);
#3049 = EDGE_CURVE('',#2908,#3050,#3052,.T.);
#3050 = VERTEX_POINT('',#3051);
#3051 = CARTESIAN_POINT('',(-44.,14.,158.));
#3052 = SURFACE_CURVE('',#3053,(#3057,#3063),.PCURVE_S1.);
#3053 = LINE('',#3054,#3055);
#3054 = CARTESIAN_POINT('',(-147.,14.,158.));
#3055 = VECTOR('',#3056,1.);
#3056 = DIRECTION('',(1.,-1.224646799147E-16,0.));
#3057 = PCURVE('',#970,#3058);
#3058 = DEFINITIONAL_REPRESENTATION('',(#3059),#3062);
#3059 = B_SPLINE_CURVE_WITH_KNOTS('',1,(#3060,#3061),.UNSPECIFIED.,.F.,
  .F.,(2,2),(89.,103.),.PIECEWISE_BEZIER_KNOTS.);
#3060 = CARTESIAN_POINT('',(14.,-72.));
#3061 = CARTESIAN_POINT('',(0.,-72.));
#3062 = ( GEOMETRIC_REPRESENTATION_CONTEXT(2) 
PARAMETRIC_REPRESENTATION_CONTEXT() REPRESENTATION_CONTEXT('2D SPACE',''
  ) );
#3063 = PCURVE('',#2872,#3064);
#3064 = DEFINITIONAL_REPRESENTATION('',(#3065),#3068);
#3065 = B_SPLINE_CURVE_WITH_KNOTS('',1,(#3066,#3067),.UNSPECIFIED.,.F.,
  .F.,(2,2),(89.,103.),.PIECEWISE_BEZIER_KNOTS.);
#3066 = CARTESIAN_POINT('',(192.,264.));
#3067 = CARTESIAN_POINT('',(206.,264.));
#3068 = ( GEOMETRIC_REPRESENTATION_CONTEXT(2) 
PARAMETRIC_REPRESENTATION_CONTEXT() REPRESENTATION_CONTEXT('2D SPACE',''
  ) );
#3069 = ORIENTED_EDGE('',*,*,#2907,.T.);
#3070 = ORIENTED_EDGE('',*,*,#954,.F.);
#3071 = ORIENTED_EDGE('',*,*,#1046,.T.);
#3072 = ORIENTED_EDGE('',*,*,#1094,.F.);
#3073 = ORIENTED_EDGE('',*,*,#3074,.F.);
#3074 = EDGE_CURVE('',#3050,#1095,#3075,.T.);
#3075 = SURFACE_CURVE('',#3076,(#3079,#3085),.PCURVE_S1.);
#3076 = B_SPLINE_CURVE_WITH_KNOTS('',1,(#3077,#3078),.UNSPECIFIED.,.F.,
  .F.,(2,2),(0.,1.),.PIECEWISE_BEZIER_KNOTS.);
#3077 = CARTESIAN_POINT('',(-44.,14.,90.));
#3078 = CARTESIAN_POINT('',(-44.,14.,230.));
#3079 = PCURVE('',#970,#3080);
#3080 = DEFINITIONAL_REPRESENTATION('',(#3081),#3084);
#3081 = B_SPLINE_CURVE_WITH_KNOTS('',1,(#3082,#3083),.UNSPECIFIED.,.F.,
  .F.,(2,2),(0.,1.),.PIECEWISE_BEZIER_KNOTS.);
#3082 = CARTESIAN_POINT('',(0.,-140.));
#3083 = CARTESIAN_POINT('',(0.,0.));
#3084 = ( GEOMETRIC_REPRESENTATION_CONTEXT(2) 
PARAMETRIC_REPRESENTATION_CONTEXT() REPRESENTATION_CONTEXT('2D SPACE',''
  ) );
#3085 = PCURVE('',#1130,#3086);
#3086 = DEFINITIONAL_REPRESENTATION('',(#3087),#3090);
#3087 = B_SPLINE_CURVE_WITH_KNOTS('',1,(#3088,#3089),.UNSPECIFIED.,.F.,
  .F.,(2,2),(0.,1.),.PIECEWISE_BEZIER_KNOTS.);
#3088 = CARTESIAN_POINT('',(28.,-140.));
#3089 = CARTESIAN_POINT('',(28.,0.));
#3090 = ( GEOMETRIC_REPRESENTATION_CONTEXT(2) 
PARAMETRIC_REPRESENTATION_CONTEXT() REPRESENTATION_CONTEXT('2D SPACE',''
  ) );
#3091 = ADVANCED_FACE('',(#3092),#1029,.F.);
#3092 = FACE_BOUND('',#3093,.T.);
#3093 = EDGE_LOOP('',(#3094,#3095,#3116,#3117));
#3094 = ORIENTED_EDGE('',*,*,#1318,.T.);
#3095 = ORIENTED_EDGE('',*,*,#3096,.T.);
#3096 = EDGE_CURVE('',#1319,#1013,#3097,.T.);
#3097 = SEAM_CURVE('',#3098,(#3102,#3109),.PCURVE_S1.);
#3098 = LINE('',#3099,#3100);
#3099 = CARTESIAN_POINT('',(43.5,0.,207.));
#3100 = VECTOR('',#3101,1.);
#3101 = DIRECTION('',(0.,0.,1.));
#3102 = PCURVE('',#1029,#3103);
#3103 = DEFINITIONAL_REPRESENTATION('',(#3104),#3108);
#3104 = LINE('',#3105,#3106);
#3105 = CARTESIAN_POINT('',(-6.28318530718,0.));
#3106 = VECTOR('',#3107,1.);
#3107 = DIRECTION('',(-0.,-1.));
#3108 = ( GEOMETRIC_REPRESENTATION_CONTEXT(2) 
PARAMETRIC_REPRESENTATION_CONTEXT() REPRESENTATION_CONTEXT('2D SPACE',''
  ) );
#3109 = PCURVE('',#1029,#3110);
#3110 = DEFINITIONAL_REPRESENTATION('',(#3111),#3115);
#3111 = LINE('',#3112,#3113);
#3112 = CARTESIAN_POINT('',(-0.,0.));
#3113 = VECTOR('',#3114,1.);
#3114 = DIRECTION('',(-0.,-1.));
#3115 = ( GEOMETRIC_REPRESENTATION_CONTEXT(2) 
PARAMETRIC_REPRESENTATION_CONTEXT() REPRESENTATION_CONTEXT('2D SPACE',''
  ) );
#3116 = ORIENTED_EDGE('',*,*,#1012,.F.);
#3117 = ORIENTED_EDGE('',*,*,#3096,.F.);
#3118 = ADVANCED_FACE('',(#3119,#3142),#1221,.T.);
#3119 = FACE_BOUND('',#3120,.T.);
#3120 = EDGE_LOOP('',(#3121,#3122,#3140,#3141));
#3121 = ORIENTED_EDGE('',*,*,#2137,.F.);
#3122 = ORIENTED_EDGE('',*,*,#3123,.F.);
#3123 = EDGE_CURVE('',#2668,#2112,#3124,.T.);
#3124 = SURFACE_CURVE('',#3125,(#3128,#3134),.PCURVE_S1.);
#3125 = B_SPLINE_CURVE_WITH_KNOTS('',1,(#3126,#3127),.UNSPECIFIED.,.F.,
  .F.,(2,2),(0.,1.),.PIECEWISE_BEZIER_KNOTS.);
#3126 = CARTESIAN_POINT('',(-11.1,-47.,158.));
#3127 = CARTESIAN_POINT('',(11.1,-47.,158.));
#3128 = PCURVE('',#1221,#3129);
#3129 = DEFINITIONAL_REPRESENTATION('',(#3130),#3133);
#3130 = B_SPLINE_CURVE_WITH_KNOTS('',1,(#3131,#3132),.UNSPECIFIED.,.F.,
  .F.,(2,2),(0.,1.),.PIECEWISE_BEZIER_KNOTS.);
#3131 = CARTESIAN_POINT('',(24.,0.1));
#3132 = CARTESIAN_POINT('',(0.,1.E-01));
#3133 = ( GEOMETRIC_REPRESENTATION_CONTEXT(2) 
PARAMETRIC_REPRESENTATION_CONTEXT() REPRESENTATION_CONTEXT('2D SPACE',''
  ) );
#3134 = PCURVE('',#2126,#3135);
#3135 = DEFINITIONAL_REPRESENTATION('',(#3136),#3139);
#3136 = B_SPLINE_CURVE_WITH_KNOTS('',1,(#3137,#3138),.UNSPECIFIED.,.F.,
  .F.,(2,2),(0.,1.),.PIECEWISE_BEZIER_KNOTS.);
#3137 = CARTESIAN_POINT('',(238.9,203.));
#3138 = CARTESIAN_POINT('',(261.1,203.));
#3139 = ( GEOMETRIC_REPRESENTATION_CONTEXT(2) 
PARAMETRIC_REPRESENTATION_CONTEXT() REPRESENTATION_CONTEXT('2D SPACE',''
  ) );
#3140 = ORIENTED_EDGE('',*,*,#2667,.T.);
#3141 = ORIENTED_EDGE('',*,*,#1207,.T.);
#3142 = FACE_BOUND('',#3143,.T.);
#3143 = EDGE_LOOP('',(#3144,#3444));
#3144 = ORIENTED_EDGE('',*,*,#3145,.T.);
#3145 = EDGE_CURVE('',#3146,#3148,#3150,.T.);
#3146 = VERTEX_POINT('',#3147);
#3147 = CARTESIAN_POINT('',(2.,-47.,167.));
#3148 = VERTEX_POINT('',#3149);
#3149 = CARTESIAN_POINT('',(1.999995765888,-47.,166.99588461051));
#3150 = SURFACE_CURVE('',#3151,(#3245,#3342),.PCURVE_S1.);
#3151 = B_SPLINE_CURVE_WITH_KNOTS('',8,(#3152,#3153,#3154,#3155,#3156,
    #3157,#3158,#3159,#3160,#3161,#3162,#3163,#3164,#3165,#3166,#3167,
    #3168,#3169,#3170,#3171,#3172,#3173,#3174,#3175,#3176,#3177,#3178,
    #3179,#3180,#3181,#3182,#3183,#3184,#3185,#3186,#3187,#3188,#3189,
    #3190,#3191,#3192,#3193,#3194,#3195,#3196,#3197,#3198,#3199,#3200,
    #3201,#3202,#3203,#3204,#3205,#3206,#3207,#3208,#3209,#3210,#3211,
    #3212,#3213,#3214,#3215,#3216,#3217,#3218,#3219,#3220,#3221,#3222,
    #3223,#3224,#3225,#3226,#3227,#3228,#3229,#3230,#3231,#3232,#3233,
    #3234,#3235,#3236,#3237,#3238,#3239,#3240,#3241,#3242,#3243,#3244),
  .UNSPECIFIED.,.F.,.F.,(9,7,7,7,7,7,7,7,7,7,7,7,7,9),(0.,
    5.123889431575E-02,0.124762862294,0.250157101453,0.318436947335,
    0.377216620793,0.467480170412,0.532911848361,0.624152931097,
    0.75146844128,0.817795766316,0.876364909516,0.951022526317,1.),
  .UNSPECIFIED.);
#3152 = CARTESIAN_POINT('',(2.,-47.,167.));
#3153 = CARTESIAN_POINT('',(2.,-47.,167.09660617304));
#3154 = CARTESIAN_POINT('',(1.994666845404,-47.,167.19323657289));
#3155 = CARTESIAN_POINT('',(1.983996609808,-47.,167.28916004419));
#3156 = CARTESIAN_POINT('',(1.968129612243,-47.,167.3837403403));
#3157 = CARTESIAN_POINT('',(1.9473089156,-47.,167.4764311728));
#3158 = CARTESIAN_POINT('',(1.9218479497,-47.,167.56677136865));
#3159 = CARTESIAN_POINT('',(1.892107259021,-47.,167.65438013492));
#3160 = CARTESIAN_POINT('',(1.810228320189,-47.,167.86030732932));
#3161 = CARTESIAN_POINT('',(1.753976709555,-47.,167.97540336744));
#3162 = CARTESIAN_POINT('',(1.690758598008,-47.,168.08366681857));
#3163 = CARTESIAN_POINT('',(1.621590401878,-47.,168.18480939928));
#3164 = CARTESIAN_POINT('',(1.547398552405,-47.,168.27873893649));
#3165 = CARTESIAN_POINT('',(1.468983530258,-47.,168.36550682577));
#3166 = CARTESIAN_POINT('',(1.386997831991,-47.,168.44526796547));
#3167 = CARTESIAN_POINT('',(1.156805686776,-47.,168.6426627606));
#3168 = CARTESIAN_POINT('',(1.003019143352,-47.,168.74703265528));
#3169 = CARTESIAN_POINT('',(0.84284313926,-47.,168.83263160152));
#3170 = CARTESIAN_POINT('',(0.678072480789,-47.,168.90016031028));
#3171 = CARTESIAN_POINT('',(0.510227882574,-47.,168.9502852446));
#3172 = CARTESIAN_POINT('',(0.340522042144,-47.,168.98348055365));
#3173 = CARTESIAN_POINT('',(0.169908412882,-47.,169.00007991305));
#3174 = CARTESIAN_POINT('',(-9.396763613683E-02,-47.,168.99995614584));
#3175 = CARTESIAN_POINT('',(-0.186987527211,-47.,168.99496705719));
#3176 = CARTESIAN_POINT('',(-0.279848361687,-47.,168.98503406589));
#3177 = CARTESIAN_POINT('',(-0.372389866368,-47.,168.97013449214));
#3178 = CARTESIAN_POINT('',(-0.464440598074,-47.,168.95022675166));
#3179 = CARTESIAN_POINT('',(-0.555817102172,-47.,168.92525159942));
#3180 = CARTESIAN_POINT('',(-0.646322508683,-47.,168.89512928991));
#3181 = CARTESIAN_POINT('',(-0.812724811898,-47.,168.82929817516));
#3182 = CARTESIAN_POINT('',(-0.888887011215,-47.,168.7949557043));
#3183 = CARTESIAN_POINT('',(-0.964100139821,-47.,168.75665803884));
#3184 = CARTESIAN_POINT('',(-1.03820628601,-47.,168.71432828504));
#3185 = CARTESIAN_POINT('',(-1.111021456164,-47.,168.66788427941));
#3186 = CARTESIAN_POINT('',(-1.182335385662,-47.,168.61724050362));
#3187 = CARTESIAN_POINT('',(-1.251910354972,-47.,168.56230749255));
#3188 = CARTESIAN_POINT('',(-1.423239143906,-47.,168.411897356));
#3189 = CARTESIAN_POINT('',(-1.522226212749,-47.,168.31050053639));
#3190 = CARTESIAN_POINT('',(-1.615545226906,-47.,168.19840223163));
#3191 = CARTESIAN_POINT('',(-1.701866037642,-47.,168.07535671658));
#3192 = CARTESIAN_POINT('',(-1.779500705655,-47.,167.94141055459));
#3193 = CARTESIAN_POINT('',(-1.846545935805,-47.,167.79706087666));
#3194 = CARTESIAN_POINT('',(-1.900947726502,-47.,167.64336663505));
#3195 = CARTESIAN_POINT('',(-1.969964489044,-47.,167.36565349049));
#3196 = CARTESIAN_POINT('',(-1.99142196722,-47.,167.24504580003));
#3197 = CARTESIAN_POINT('',(-2.00453038071,-47.,167.12181109807));
#3198 = CARTESIAN_POINT('',(-2.008835348603,-47.,166.99725871411));
#3199 = CARTESIAN_POINT('',(-2.004190982324,-47.,166.87271638701));
#3200 = CARTESIAN_POINT('',(-1.990746160838,-47.,166.74950979409));
#3201 = CARTESIAN_POINT('',(-1.96895611995,-47.,166.62894215258));
#3202 = CARTESIAN_POINT('',(-1.898710758875,-47.,166.34958605461));
#3203 = CARTESIAN_POINT('',(-1.843111203118,-47.,166.19441587971));
#3204 = CARTESIAN_POINT('',(-1.774637202948,-47.,166.04887803283));
#3205 = CARTESIAN_POINT('',(-1.695429394512,-47.,165.91405317035));
#3206 = CARTESIAN_POINT('',(-1.60746262691,-47.,165.79043451834));
#3207 = CARTESIAN_POINT('',(-1.512481766398,-47.,165.67804525922));
#3208 = CARTESIAN_POINT('',(-1.411851207515,-47.,165.57660776543));
#3209 = CARTESIAN_POINT('',(-1.159436976518,-47.,165.35883600148));
#3210 = CARTESIAN_POINT('',(-1.003475762559,-47.,165.25274149696));
#3211 = CARTESIAN_POINT('',(-0.840997220369,-47.,165.16599933485));
#3212 = CARTESIAN_POINT('',(-0.673868964442,-47.,165.0978550974));
#3213 = CARTESIAN_POINT('',(-0.503666159214,-47.,165.04758715931));
#3214 = CARTESIAN_POINT('',(-0.331632079385,-47.,165.01468970617));
#3215 = CARTESIAN_POINT('',(-0.158734095547,-47.,164.99880882389));
#3216 = CARTESIAN_POINT('',(0.104534427835,-47.,165.00069896042));
#3217 = CARTESIAN_POINT('',(0.19468569963,-47.,165.00599325691));
#3218 = CARTESIAN_POINT('',(0.28467825861,-47.,165.01593496319));
#3219 = CARTESIAN_POINT('',(0.374368049515,-47.,165.03054648788));
#3220 = CARTESIAN_POINT('',(0.46360087859,-47.,165.04986762749));
#3221 = CARTESIAN_POINT('',(0.552211667796,-47.,165.07395456729));
#3222 = CARTESIAN_POINT('',(0.640023234466,-47.,165.10288237308));
#3223 = CARTESIAN_POINT('',(0.803510627775,-47.,165.1666580288));
#3224 = CARTESIAN_POINT('',(0.879389889069,-47.,165.20041200746));
#3225 = CARTESIAN_POINT('',(0.954355456302,-47.,165.23808070907));
#3226 = CARTESIAN_POINT('',(1.028253935616,-47.,165.27974193844));
#3227 = CARTESIAN_POINT('',(1.100906200091,-47.,165.32547919844));
#3228 = CARTESIAN_POINT('',(1.172107151638,-47.,165.37537984741));
#3229 = CARTESIAN_POINT('',(1.241624507986,-47.,165.42953572165));
#3230 = CARTESIAN_POINT('',(1.395330237025,-47.,165.56262908945));
#3231 = CARTESIAN_POINT('',(1.478261141867,-47.,165.64425143711));
#3232 = CARTESIAN_POINT('',(1.557485963952,-47.,165.73313564963));
#3233 = CARTESIAN_POINT('',(1.632304910887,-47.,165.82944552104));
#3234 = CARTESIAN_POINT('',(1.701858391465,-47.,165.93322757143));
#3235 = CARTESIAN_POINT('',(1.765151404116,-47.,166.04436620783));
#3236 = CARTESIAN_POINT('',(1.821095925326,-47.,166.16252277582));
#3237 = CARTESIAN_POINT('',(1.899766541262,-47.,166.36870779667));
#3238 = CARTESIAN_POINT('',(1.92729423043,-47.,166.45310478486));
#3239 = CARTESIAN_POINT('',(1.95084223696,-47.,166.5399330092));
#3240 = CARTESIAN_POINT('',(1.970100309293,-47.,166.62884270501));
#3241 = CARTESIAN_POINT('',(1.984801844763,-47.,166.71941726436));
#3242 = CARTESIAN_POINT('',(1.9947424808,-47.,166.81116959852));
#3243 = CARTESIAN_POINT('',(1.999805745264,-47.,166.90353844376));
#3244 = CARTESIAN_POINT('',(1.999995765888,-47.,166.99588461051));
#3245 = PCURVE('',#1221,#3246);
#3246 = DEFINITIONAL_REPRESENTATION('',(#3247),#3341);
#3247 = B_SPLINE_CURVE_WITH_KNOTS('',8,(#3248,#3249,#3250,#3251,#3252,
    #3253,#3254,#3255,#3256,#3257,#3258,#3259,#3260,#3261,#3262,#3263,
    #3264,#3265,#3266,#3267,#3268,#3269,#3270,#3271,#3272,#3273,#3274,
    #3275,#3276,#3277,#3278,#3279,#3280,#3281,#3282,#3283,#3284,#3285,
    #3286,#3287,#3288,#3289,#3290,#3291,#3292,#3293,#3294,#3295,#3296,
    #3297,#3298,#3299,#3300,#3301,#3302,#3303,#3304,#3305,#3306,#3307,
    #3308,#3309,#3310,#3311,#3312,#3313,#3314,#3315,#3316,#3317,#3318,
    #3319,#3320,#3321,#3322,#3323,#3324,#3325,#3326,#3327,#3328,#3329,
    #3330,#3331,#3332,#3333,#3334,#3335,#3336,#3337,#3338,#3339,#3340),
  .UNSPECIFIED.,.F.,.F.,(9,7,7,7,7,7,7,7,7,7,7,7,7,9),(0.,
    5.123889431575E-02,0.124762862294,0.250157101453,0.318436947335,
    0.377216620793,0.467480170412,0.532911848361,0.624152931097,
    0.75146844128,0.817795766316,0.876364909516,0.951022526317,1.),
  .UNSPECIFIED.);
#3248 = CARTESIAN_POINT('',(9.859531772575,0.2125));
#3249 = CARTESIAN_POINT('',(9.859762299269,0.213707577163));
#3250 = CARTESIAN_POINT('',(9.865700551733,0.214915457161));
#3251 = CARTESIAN_POINT('',(9.877346525151,0.216114500552));
#3252 = CARTESIAN_POINT('',(9.894546072944,0.217296754254));
#3253 = CARTESIAN_POINT('',(9.917035592812,0.21845538966));
#3254 = CARTESIAN_POINT('',(9.944476840476,0.219584642108));
#3255 = CARTESIAN_POINT('',(9.9764818711,0.220679751687));
#3256 = CARTESIAN_POINT('',(10.064495246238,0.223253841617));
#3257 = CARTESIAN_POINT('',(10.124886853732,0.224692542093));
#3258 = CARTESIAN_POINT('',(10.19269379292,0.226045835232));
#3259 = CARTESIAN_POINT('',(10.266827204802,0.227310117491));
#3260 = CARTESIAN_POINT('',(10.346296436792,0.228484236706));
#3261 = CARTESIAN_POINT('',(10.430246868299,0.229568835322));
#3262 = CARTESIAN_POINT('',(10.517982869504,0.230565849568));
#3263 = CARTESIAN_POINT('',(10.764231669181,0.233033284508));
#3264 = CARTESIAN_POINT('',(10.928653608346,0.234337908191));
#3265 = CARTESIAN_POINT('',(11.099832787544,0.235407895019));
#3266 = CARTESIAN_POINT('',(11.275864477863,0.236252003879));
#3267 = CARTESIAN_POINT('',(11.45513816852,0.236878565558));
#3268 = CARTESIAN_POINT('',(11.636372512657,0.237293506921));
#3269 = CARTESIAN_POINT('',(11.818562762529,0.237500998913));
#3270 = CARTESIAN_POINT('',(12.100343638217,0.237499451823));
#3271 = CARTESIAN_POINT('',(12.199675240633,0.237437088215));
#3272 = CARTESIAN_POINT('',(12.298839195564,0.237312925824));
#3273 = CARTESIAN_POINT('',(12.397666540864,0.237126681152));
#3274 = CARTESIAN_POINT('',(12.495976384212,0.236877834396));
#3275 = CARTESIAN_POINT('',(12.593574996541,0.236565644993));
#3276 = CARTESIAN_POINT('',(12.690254300413,0.236189116124));
#3277 = CARTESIAN_POINT('',(12.868032802598,0.23536622719));
#3278 = CARTESIAN_POINT('',(12.949411930002,0.234936946304));
#3279 = CARTESIAN_POINT('',(13.029788563507,0.234458225486));
#3280 = CARTESIAN_POINT('',(13.108995391475,0.233929103563));
#3281 = CARTESIAN_POINT('',(13.186837197736,0.233348553493));
#3282 = CARTESIAN_POINT('',(13.263090623524,0.232715506295));
#3283 = CARTESIAN_POINT('',(13.337502856299,0.232028843657));
#3284 = CARTESIAN_POINT('',(13.520794048465,0.23014871695));
#3285 = CARTESIAN_POINT('',(13.626740993668,0.228881256705));
#3286 = CARTESIAN_POINT('',(13.726677492552,0.227480027895));
#3287 = CARTESIAN_POINT('',(13.819184845081,0.225941958957));
#3288 = CARTESIAN_POINT('',(13.902459572985,0.224267631932));
#3289 = CARTESIAN_POINT('',(13.974464004701,0.222463260958));
#3290 = CARTESIAN_POINT('',(14.032993206983,0.220542082938));
#3291 = CARTESIAN_POINT('',(14.107460041145,0.217070668631));
#3292 = CARTESIAN_POINT('',(14.130700524984,0.2155630725));
#3293 = CARTESIAN_POINT('',(14.145022108626,0.214022638726));
#3294 = CARTESIAN_POINT('',(14.149930651033,0.212465733926));
#3295 = CARTESIAN_POINT('',(14.145261297888,0.210908954838));
#3296 = CARTESIAN_POINT('',(14.131164665501,0.209368872426));
#3297 = CARTESIAN_POINT('',(14.108120115027,0.207861776907));
#3298 = CARTESIAN_POINT('',(14.03354742636,0.204369825683));
#3299 = CARTESIAN_POINT('',(13.974351987614,0.202430198496));
#3300 = CARTESIAN_POINT('',(13.901320060964,0.20061097541));
#3301 = CARTESIAN_POINT('',(13.816735786132,0.198925664629));
#3302 = CARTESIAN_POINT('',(13.722712149814,0.197380431479));
#3303 = CARTESIAN_POINT('',(13.621119859906,0.19597556574));
#3304 = CARTESIAN_POINT('',(13.51342431768,0.194707597068));
#3305 = CARTESIAN_POINT('',(13.243165783858,0.191985450019));
#3306 = CARTESIAN_POINT('',(13.076083473186,0.190659268712));
#3307 = CARTESIAN_POINT('',(12.901942187198,0.189574991686));
#3308 = CARTESIAN_POINT('',(12.722757674265,0.188723188718));
#3309 = CARTESIAN_POINT('',(12.540233614138,0.188094839491));
#3310 = CARTESIAN_POINT('',(12.355717910687,0.187683621327));
#3311 = CARTESIAN_POINT('',(12.170262238894,0.187485110299));
#3312 = CARTESIAN_POINT('',(11.887873703943,0.187508737005));
#3313 = CARTESIAN_POINT('',(11.791175389878,0.187574915711));
#3314 = CARTESIAN_POINT('',(11.694649563151,0.18769918704));
#3315 = CARTESIAN_POINT('',(11.598452749972,0.187881831099));
#3316 = CARTESIAN_POINT('',(11.502752349618,0.188123345344));
#3317 = CARTESIAN_POINT('',(11.407727427838,0.188424432091));
#3318 = CARTESIAN_POINT('',(11.31357001549,0.188786029664));
#3319 = CARTESIAN_POINT('',(11.13829156396,0.18958322536));
#3320 = CARTESIAN_POINT('',(11.056949623479,0.190005150093));
#3321 = CARTESIAN_POINT('',(10.976598569734,0.190476008863));
#3322 = CARTESIAN_POINT('',(10.897404248446,0.190996774231));
#3323 = CARTESIAN_POINT('',(10.819560057644,0.191568489981));
#3324 = CARTESIAN_POINT('',(10.743287168052,0.192192248093));
#3325 = CARTESIAN_POINT('',(10.668835778523,0.192869196521));
#3326 = CARTESIAN_POINT('',(10.504265517333,0.194532863618));
#3327 = CARTESIAN_POINT('',(10.415505661652,0.195553142964));
#3328 = CARTESIAN_POINT('',(10.33074956715,0.19666419562));
#3329 = CARTESIAN_POINT('',(10.250748984768,0.197868069013));
#3330 = CARTESIAN_POINT('',(10.176425994806,0.199165344643));
#3331 = CARTESIAN_POINT('',(10.10884620029,0.200554577598));
#3332 = CARTESIAN_POINT('',(10.049172617199,0.202031534698));
#3333 = CARTESIAN_POINT('',(9.965370081156,0.204608847458));
#3334 = CARTESIAN_POINT('',(9.936080950121,0.205663809811));
#3335 = CARTESIAN_POINT('',(9.911065718532,0.206749162615));
#3336 = CARTESIAN_POINT('',(9.890654481521,0.207860533813));
#3337 = CARTESIAN_POINT('',(9.87513002203,0.208992715805));
#3338 = CARTESIAN_POINT('',(9.864707970106,0.210139619982));
#3339 = CARTESIAN_POINT('',(9.859509488373,0.211294230547));
#3340 = CARTESIAN_POINT('',(9.859526483685,0.212448557631));
#3341 = ( GEOMETRIC_REPRESENTATION_CONTEXT(2) 
PARAMETRIC_REPRESENTATION_CONTEXT() REPRESENTATION_CONTEXT('2D SPACE',''
  ) );
#3342 = PCURVE('',#3343,#3348);
#3343 = CYLINDRICAL_SURFACE('',#3344,2.);
#3344 = AXIS2_PLACEMENT_3D('',#3345,#3346,#3347);
#3345 = CARTESIAN_POINT('',(-1.175660927181E-14,-64.,167.));
#3346 = DIRECTION('',(1.836970198721E-16,1.,0.));
#3347 = DIRECTION('',(1.,-1.836970198721E-16,0.));
#3348 = DEFINITIONAL_REPRESENTATION('',(#3349),#3443);
#3349 = B_SPLINE_CURVE_WITH_KNOTS('',8,(#3350,#3351,#3352,#3353,#3354,
    #3355,#3356,#3357,#3358,#3359,#3360,#3361,#3362,#3363,#3364,#3365,
    #3366,#3367,#3368,#3369,#3370,#3371,#3372,#3373,#3374,#3375,#3376,
    #3377,#3378,#3379,#3380,#3381,#3382,#3383,#3384,#3385,#3386,#3387,
    #3388,#3389,#3390,#3391,#3392,#3393,#3394,#3395,#3396,#3397,#3398,
    #3399,#3400,#3401,#3402,#3403,#3404,#3405,#3406,#3407,#3408,#3409,
    #3410,#3411,#3412,#3413,#3414,#3415,#3416,#3417,#3418,#3419,#3420,
    #3421,#3422,#3423,#3424,#3425,#3426,#3427,#3428,#3429,#3430,#3431,
    #3432,#3433,#3434,#3435,#3436,#3437,#3438,#3439,#3440,#3441,#3442),
  .UNSPECIFIED.,.F.,.F.,(9,7,7,7,7,7,7,7,7,7,7,7,7,9),(0.,
    5.123889431575E-02,0.124762862294,0.250157101453,0.318436947335,
    0.377216620793,0.467480170412,0.532911848361,0.624152931097,
    0.75146844128,0.817795766316,0.876364909516,0.951022526317,1.),
  .UNSPECIFIED.);
#3350 = CARTESIAN_POINT('',(6.28318530718,17.));
#3351 = CARTESIAN_POINT('',(6.234882220659,17.));
#3352 = CARTESIAN_POINT('',(6.186567100421,17.));
#3353 = CARTESIAN_POINT('',(6.138433393079,17.));
#3354 = CARTESIAN_POINT('',(6.090627882691,17.));
#3355 = CARTESIAN_POINT('',(6.043266449283,17.));
#3356 = CARTESIAN_POINT('',(5.996445085932,17.));
#3357 = CARTESIAN_POINT('',(5.950246174388,17.));
#3358 = CARTESIAN_POINT('',(5.839442101788,17.));
#3359 = CARTESIAN_POINT('',(5.775574407547,17.));
#3360 = CARTESIAN_POINT('',(5.713169746762,17.));
#3361 = CARTESIAN_POINT('',(5.652204639433,17.));
#3362 = CARTESIAN_POINT('',(5.592625821171,17.));
#3363 = CARTESIAN_POINT('',(5.534353789818,17.));
#3364 = CARTESIAN_POINT('',(5.477274922422,17.));
#3365 = CARTESIAN_POINT('',(5.325656050853,17.));
#3366 = CARTESIAN_POINT('',(5.233314892359,17.));
#3367 = CARTESIAN_POINT('',(5.143329116352,17.));
#3368 = CARTESIAN_POINT('',(5.055192809951,17.));
#3369 = CARTESIAN_POINT('',(4.968439962538,17.));
#3370 = CARTESIAN_POINT('',(4.882646345524,17.));
#3371 = CARTESIAN_POINT('',(4.797343196205,17.));
#3372 = CARTESIAN_POINT('',(4.665405157183,17.));
#3373 = CARTESIAN_POINT('',(4.618893991119,17.));
#3374 = CARTESIAN_POINT('',(4.57230803392,17.));
#3375 = CARTESIAN_POINT('',(4.525573744138,17.));
#3376 = CARTESIAN_POINT('',(4.478619500766,17.));
#3377 = CARTESIAN_POINT('',(4.431371991371,17.));
#3378 = CARTESIAN_POINT('',(4.383751939354,17.));
#3379 = CARTESIAN_POINT('',(4.294276436863,17.));
#3380 = CARTESIAN_POINT('',(4.252548867203,17.));
#3381 = CARTESIAN_POINT('',(4.210427106666,17.));
#3382 = CARTESIAN_POINT('',(4.167854765217,17.));
#3383 = CARTESIAN_POINT('',(4.124776694597,17.));
#3384 = CARTESIAN_POINT('',(4.081136473887,17.));
#3385 = CARTESIAN_POINT('',(4.036873103507,17.));
#3386 = CARTESIAN_POINT('',(3.922881038985,17.));
#3387 = CARTESIAN_POINT('',(3.852239268919,17.));
#3388 = CARTESIAN_POINT('',(3.779695204433,17.));
#3389 = CARTESIAN_POINT('',(3.705070789093,17.));
#3390 = CARTESIAN_POINT('',(3.62826462163,17.));
#3391 = CARTESIAN_POINT('',(3.549265162469,17.));
#3392 = CARTESIAN_POINT('',(3.468126282407,17.));
#3393 = CARTESIAN_POINT('',(3.325045969148,17.));
#3394 = CARTESIAN_POINT('',(3.263935061631,17.));
#3395 = CARTESIAN_POINT('',(3.202223765834,17.));
#3396 = CARTESIAN_POINT('',(3.140228014668,17.));
#3397 = CARTESIAN_POINT('',(3.078231214674,17.));
#3398 = CARTESIAN_POINT('',(3.016515953559,17.));
#3399 = CARTESIAN_POINT('',(2.955395554078,17.));
#3400 = CARTESIAN_POINT('',(2.811369306275,17.));
#3401 = CARTESIAN_POINT('',(2.729347276785,17.));
#3402 = CARTESIAN_POINT('',(2.649526455961,17.));
#3403 = CARTESIAN_POINT('',(2.571962430821,17.));
#3404 = CARTESIAN_POINT('',(2.496643600931,17.));
#3405 = CARTESIAN_POINT('',(2.423463610201,17.));
#3406 = CARTESIAN_POINT('',(2.352235948527,17.));
#3407 = CARTESIAN_POINT('',(2.185549502479,17.));
#3408 = CARTESIAN_POINT('',(2.091853565483,17.));
#3409 = CARTESIAN_POINT('',(2.000617823568,17.));
#3410 = CARTESIAN_POINT('',(1.911310444334,17.));
#3411 = CARTESIAN_POINT('',(1.823438617516,17.));
#3412 = CARTESIAN_POINT('',(1.736555575134,17.));
#3413 = CARTESIAN_POINT('',(1.650165543391,17.));
#3414 = CARTESIAN_POINT('',(1.518527889184,17.));
#3415 = CARTESIAN_POINT('',(1.473434364243,17.));
#3416 = CARTESIAN_POINT('',(1.428263990991,17.));
#3417 = CARTESIAN_POINT('',(1.382948570869,17.));
#3418 = CARTESIAN_POINT('',(1.337421498095,17.));
#3419 = CARTESIAN_POINT('',(1.291614589502,17.));
#3420 = CARTESIAN_POINT('',(1.245454336568,17.));
#3421 = CARTESIAN_POINT('',(1.157711157297,17.));
#3422 = CARTESIAN_POINT('',(1.116232158847,17.));
#3423 = CARTESIAN_POINT('',(1.074361389882,17.));
#3424 = CARTESIAN_POINT('',(1.032042558548,17.));
#3425 = CARTESIAN_POINT('',(0.989220572926,17.));
#3426 = CARTESIAN_POINT('',(0.945839058744,17.));
#3427 = CARTESIAN_POINT('',(0.9018370974,17.));
#3428 = CARTESIAN_POINT('',(0.800176761367,17.));
#3429 = CARTESIAN_POINT('',(0.742114835179,17.));
#3430 = CARTESIAN_POINT('',(0.682795625596,17.));
#3431 = CARTESIAN_POINT('',(0.622101646804,17.));
#3432 = CARTESIAN_POINT('',(0.559953823886,17.));
#3433 = CARTESIAN_POINT('',(0.496302770347,17.));
#3434 = CARTESIAN_POINT('',(0.431134242593,17.));
#3435 = CARTESIAN_POINT('',(0.320792354993,17.));
#3436 = CARTESIAN_POINT('',(0.276459734587,17.));
#3437 = CARTESIAN_POINT('',(0.231573166699,17.));
#3438 = CARTESIAN_POINT('',(0.18620945712,17.));
#3439 = CARTESIAN_POINT('',(0.140456828855,17.));
#3440 = CARTESIAN_POINT('',(9.442034139595E-02,17.));
#3441 = CARTESIAN_POINT('',(4.823087732033E-02,17.));
#3442 = CARTESIAN_POINT('',(2.057696194122E-03,17.));
#3443 = ( GEOMETRIC_REPRESENTATION_CONTEXT(2) 
PARAMETRIC_REPRESENTATION_CONTEXT() REPRESENTATION_CONTEXT('2D SPACE',''
  ) );
#3444 = ORIENTED_EDGE('',*,*,#3445,.T.);
#3445 = EDGE_CURVE('',#3148,#3146,#3446,.T.);
#3446 = SURFACE_CURVE('',#3447,(#3450,#3456),.PCURVE_S1.);
#3447 = B_SPLINE_CURVE_WITH_KNOTS('',1,(#3448,#3449),.UNSPECIFIED.,.F.,
  .F.,(2,2),(0.,1.),.PIECEWISE_BEZIER_KNOTS.);
#3448 = CARTESIAN_POINT('',(1.999995765888,-47.,166.99588461051));
#3449 = CARTESIAN_POINT('',(2.,-47.,167.));
#3450 = PCURVE('',#1221,#3451);
#3451 = DEFINITIONAL_REPRESENTATION('',(#3452),#3455);
#3452 = B_SPLINE_CURVE_WITH_KNOTS('',1,(#3453,#3454),.UNSPECIFIED.,.F.,
  .F.,(2,2),(0.,1.),.PIECEWISE_BEZIER_KNOTS.);
#3453 = CARTESIAN_POINT('',(9.859526483685,0.212448557631));
#3454 = CARTESIAN_POINT('',(9.859531772575,0.2125));
#3455 = ( GEOMETRIC_REPRESENTATION_CONTEXT(2) 
PARAMETRIC_REPRESENTATION_CONTEXT() REPRESENTATION_CONTEXT('2D SPACE',''
  ) );
#3456 = PCURVE('',#3343,#3457);
#3457 = DEFINITIONAL_REPRESENTATION('',(#3458),#3461);
#3458 = B_SPLINE_CURVE_WITH_KNOTS('',1,(#3459,#3460),.UNSPECIFIED.,.F.,
  .F.,(2,2),(0.,1.),.PIECEWISE_BEZIER_KNOTS.);
#3459 = CARTESIAN_POINT('',(2.057696194121E-03,17.));
#3460 = CARTESIAN_POINT('',(0.,17.));
#3461 = ( GEOMETRIC_REPRESENTATION_CONTEXT(2) 
PARAMETRIC_REPRESENTATION_CONTEXT() REPRESENTATION_CONTEXT('2D SPACE',''
  ) );
#3462 = ADVANCED_FACE('',(#3463,#3487),#1130,.T.);
#3463 = FACE_BOUND('',#3464,.T.);
#3464 = EDGE_LOOP('',(#3465,#3466,#3485,#3486));
#3465 = ORIENTED_EDGE('',*,*,#2883,.F.);
#3466 = ORIENTED_EDGE('',*,*,#3467,.F.);
#3467 = EDGE_CURVE('',#3050,#2858,#3468,.T.);
#3468 = SURFACE_CURVE('',#3469,(#3473,#3479),.PCURVE_S1.);
#3469 = LINE('',#3470,#3471);
#3470 = CARTESIAN_POINT('',(-44.,-132.,158.));
#3471 = VECTOR('',#3472,1.);
#3472 = DIRECTION('',(-1.224646799147E-16,-1.,0.));
#3473 = PCURVE('',#1130,#3474);
#3474 = DEFINITIONAL_REPRESENTATION('',(#3475),#3478);
#3475 = B_SPLINE_CURVE_WITH_KNOTS('',1,(#3476,#3477),.UNSPECIFIED.,.F.,
  .F.,(2,2),(-146.,-118.),.PIECEWISE_BEZIER_KNOTS.);
#3476 = CARTESIAN_POINT('',(28.,-72.));
#3477 = CARTESIAN_POINT('',(0.,-72.));
#3478 = ( GEOMETRIC_REPRESENTATION_CONTEXT(2) 
PARAMETRIC_REPRESENTATION_CONTEXT() REPRESENTATION_CONTEXT('2D SPACE',''
  ) );
#3479 = PCURVE('',#2872,#3480);
#3480 = DEFINITIONAL_REPRESENTATION('',(#3481),#3484);
#3481 = B_SPLINE_CURVE_WITH_KNOTS('',1,(#3482,#3483),.UNSPECIFIED.,.F.,
  .F.,(2,2),(-146.,-118.),.PIECEWISE_BEZIER_KNOTS.);
#3482 = CARTESIAN_POINT('',(206.,264.));
#3483 = CARTESIAN_POINT('',(206.,236.));
#3484 = ( GEOMETRIC_REPRESENTATION_CONTEXT(2) 
PARAMETRIC_REPRESENTATION_CONTEXT() REPRESENTATION_CONTEXT('2D SPACE',''
  ) );
#3485 = ORIENTED_EDGE('',*,*,#3074,.T.);
#3486 = ORIENTED_EDGE('',*,*,#1115,.F.);
#3487 = FACE_BOUND('',#3488,.T.);
#3488 = EDGE_LOOP('',(#3489));
#3489 = ORIENTED_EDGE('',*,*,#3490,.F.);
#3490 = EDGE_CURVE('',#3491,#3491,#3493,.T.);
#3491 = VERTEX_POINT('',#3492);
#3492 = CARTESIAN_POINT('',(-44.,2.,167.));
#3493 = SURFACE_CURVE('',#3494,(#3499,#3506),.PCURVE_S1.);
#3494 = CIRCLE('',#3495,2.);
#3495 = AXIS2_PLACEMENT_3D('',#3496,#3497,#3498);
#3496 = CARTESIAN_POINT('',(-44.,5.388445916248E-15,167.));
#3497 = DIRECTION('',(1.,-1.224646799147E-16,0.));
#3498 = DIRECTION('',(1.224646799147E-16,1.,0.));
#3499 = PCURVE('',#1130,#3500);
#3500 = DEFINITIONAL_REPRESENTATION('',(#3501),#3505);
#3501 = CIRCLE('',#3502,2.);
#3502 = AXIS2_PLACEMENT_2D('',#3503,#3504);
#3503 = CARTESIAN_POINT('',(14.,-63.));
#3504 = DIRECTION('',(1.,0.));
#3505 = ( GEOMETRIC_REPRESENTATION_CONTEXT(2) 
PARAMETRIC_REPRESENTATION_CONTEXT() REPRESENTATION_CONTEXT('2D SPACE',''
  ) );
#3506 = PCURVE('',#3507,#3512);
#3507 = CYLINDRICAL_SURFACE('',#3508,2.);
#3508 = AXIS2_PLACEMENT_3D('',#3509,#3510,#3511);
#3509 = CARTESIAN_POINT('',(-62.,7.592810154714E-15,167.));
#3510 = DIRECTION('',(1.,-1.224646799147E-16,0.));
#3511 = DIRECTION('',(1.224646799147E-16,1.,0.));
#3512 = DEFINITIONAL_REPRESENTATION('',(#3513),#3517);
#3513 = LINE('',#3514,#3515);
#3514 = CARTESIAN_POINT('',(0.,18.));
#3515 = VECTOR('',#3516,1.);
#3516 = DIRECTION('',(1.,0.));
#3517 = ( GEOMETRIC_REPRESENTATION_CONTEXT(2) 
PARAMETRIC_REPRESENTATION_CONTEXT() REPRESENTATION_CONTEXT('2D SPACE',''
  ) );
#3518 = ADVANCED_FACE('',(#3519),#1590,.F.);
#3519 = FACE_BOUND('',#3520,.F.);
#3520 = EDGE_LOOP('',(#3521,#3522,#3545,#3567,#3568));
#3521 = ORIENTED_EDGE('',*,*,#1692,.T.);
#3522 = ORIENTED_EDGE('',*,*,#3523,.F.);
#3523 = EDGE_CURVE('',#3524,#1393,#3526,.T.);
#3524 = VERTEX_POINT('',#3525);
#3525 = CARTESIAN_POINT('',(-2.,50.8,167.));
#3526 = SEAM_CURVE('',#3527,(#3531,#3538),.PCURVE_S1.);
#3527 = LINE('',#3528,#3529);
#3528 = CARTESIAN_POINT('',(-2.,64.,167.));
#3529 = VECTOR('',#3530,1.);
#3530 = DIRECTION('',(-6.123233995737E-17,-1.,0.));
#3531 = PCURVE('',#1590,#3532);
#3532 = DEFINITIONAL_REPRESENTATION('',(#3533),#3537);
#3533 = LINE('',#3534,#3535);
#3534 = CARTESIAN_POINT('',(6.28318530718,-0.));
#3535 = VECTOR('',#3536,1.);
#3536 = DIRECTION('',(0.,1.));
#3537 = ( GEOMETRIC_REPRESENTATION_CONTEXT(2) 
PARAMETRIC_REPRESENTATION_CONTEXT() REPRESENTATION_CONTEXT('2D SPACE',''
  ) );
#3538 = PCURVE('',#1590,#3539);
#3539 = DEFINITIONAL_REPRESENTATION('',(#3540),#3544);
#3540 = LINE('',#3541,#3542);
#3541 = CARTESIAN_POINT('',(0.,-0.));
#3542 = VECTOR('',#3543,1.);
#3543 = DIRECTION('',(0.,1.));
#3544 = ( GEOMETRIC_REPRESENTATION_CONTEXT(2) 
PARAMETRIC_REPRESENTATION_CONTEXT() REPRESENTATION_CONTEXT('2D SPACE',''
  ) );
#3545 = ORIENTED_EDGE('',*,*,#3546,.T.);
#3546 = EDGE_CURVE('',#3524,#3524,#3547,.T.);
#3547 = SURFACE_CURVE('',#3548,(#3553,#3560),.PCURVE_S1.);
#3548 = CIRCLE('',#3549,2.);
#3549 = AXIS2_PLACEMENT_3D('',#3550,#3551,#3552);
#3550 = CARTESIAN_POINT('',(3.110602869834E-15,50.8,167.));
#3551 = DIRECTION('',(-6.123233995737E-17,-1.,0.));
#3552 = DIRECTION('',(-1.,6.123233995737E-17,0.));
#3553 = PCURVE('',#1590,#3554);
#3554 = DEFINITIONAL_REPRESENTATION('',(#3555),#3559);
#3555 = LINE('',#3556,#3557);
#3556 = CARTESIAN_POINT('',(0.,13.2));
#3557 = VECTOR('',#3558,1.);
#3558 = DIRECTION('',(1.,0.));
#3559 = ( GEOMETRIC_REPRESENTATION_CONTEXT(2) 
PARAMETRIC_REPRESENTATION_CONTEXT() REPRESENTATION_CONTEXT('2D SPACE',''
  ) );
#3560 = PCURVE('',#1830,#3561);
#3561 = DEFINITIONAL_REPRESENTATION('',(#3562),#3566);
#3562 = CIRCLE('',#3563,2.);
#3563 = AXIS2_PLACEMENT_2D('',#3564,#3565);
#3564 = CARTESIAN_POINT('',(7.2,-10.));
#3565 = DIRECTION('',(1.,0.));
#3566 = ( GEOMETRIC_REPRESENTATION_CONTEXT(2) 
PARAMETRIC_REPRESENTATION_CONTEXT() REPRESENTATION_CONTEXT('2D SPACE',''
  ) );
#3567 = ORIENTED_EDGE('',*,*,#3523,.T.);
#3568 = ORIENTED_EDGE('',*,*,#1392,.T.);
#3569 = ADVANCED_FACE('',(#3570),#1754,.F.);
#3570 = FACE_BOUND('',#3571,.F.);
#3571 = EDGE_LOOP('',(#3572,#3573,#3596,#3624));
#3572 = ORIENTED_EDGE('',*,*,#1737,.T.);
#3573 = ORIENTED_EDGE('',*,*,#3574,.T.);
#3574 = EDGE_CURVE('',#1740,#3575,#3577,.T.);
#3575 = VERTEX_POINT('',#3576);
#3576 = CARTESIAN_POINT('',(-7.2,50.8,176.2));
#3577 = SURFACE_CURVE('',#3578,(#3582,#3589),.PCURVE_S1.);
#3578 = LINE('',#3579,#3580);
#3579 = CARTESIAN_POINT('',(-7.2,50.8,157.));
#3580 = VECTOR('',#3581,1.);
#3581 = DIRECTION('',(0.,0.,1.));
#3582 = PCURVE('',#1754,#3583);
#3583 = DEFINITIONAL_REPRESENTATION('',(#3584),#3588);
#3584 = LINE('',#3585,#3586);
#3585 = CARTESIAN_POINT('',(0.,0.));
#3586 = VECTOR('',#3587,1.);
#3587 = DIRECTION('',(0.,-1.));
#3588 = ( GEOMETRIC_REPRESENTATION_CONTEXT(2) 
PARAMETRIC_REPRESENTATION_CONTEXT() REPRESENTATION_CONTEXT('2D SPACE',''
  ) );
#3589 = PCURVE('',#1830,#3590);
#3590 = DEFINITIONAL_REPRESENTATION('',(#3591),#3595);
#3591 = LINE('',#3592,#3593);
#3592 = CARTESIAN_POINT('',(14.4,0.));
#3593 = VECTOR('',#3594,1.);
#3594 = DIRECTION('',(0.,-1.));
#3595 = ( GEOMETRIC_REPRESENTATION_CONTEXT(2) 
PARAMETRIC_REPRESENTATION_CONTEXT() REPRESENTATION_CONTEXT('2D SPACE',''
  ) );
#3596 = ORIENTED_EDGE('',*,*,#3597,.T.);
#3597 = EDGE_CURVE('',#3575,#3598,#3600,.T.);
#3598 = VERTEX_POINT('',#3599);
#3599 = CARTESIAN_POINT('',(-5.95,56.2,176.2));
#3600 = SURFACE_CURVE('',#3601,(#3605,#3612),.PCURVE_S1.);
#3601 = LINE('',#3602,#3603);
#3602 = CARTESIAN_POINT('',(-7.2,50.8,176.2));
#3603 = VECTOR('',#3604,1.);
#3604 = DIRECTION('',(0.225518272727,0.97423893818,0.));
#3605 = PCURVE('',#1754,#3606);
#3606 = DEFINITIONAL_REPRESENTATION('',(#3607),#3611);
#3607 = LINE('',#3608,#3609);
#3608 = CARTESIAN_POINT('',(0.,-19.2));
#3609 = VECTOR('',#3610,1.);
#3610 = DIRECTION('',(1.,0.));
#3611 = ( GEOMETRIC_REPRESENTATION_CONTEXT(2) 
PARAMETRIC_REPRESENTATION_CONTEXT() REPRESENTATION_CONTEXT('2D SPACE',''
  ) );
#3612 = PCURVE('',#3613,#3618);
#3613 = PLANE('',#3614);
#3614 = AXIS2_PLACEMENT_3D('',#3615,#3616,#3617);
#3615 = CARTESIAN_POINT('',(5.91964800343E-15,53.31944908482,176.2));
#3616 = DIRECTION('',(0.,-0.,-1.));
#3617 = DIRECTION('',(-1.110223024625E-16,-1.,0.));
#3618 = DEFINITIONAL_REPRESENTATION('',(#3619),#3623);
#3619 = LINE('',#3620,#3621);
#3620 = CARTESIAN_POINT('',(2.51944908482,7.2));
#3621 = VECTOR('',#3622,1.);
#3622 = DIRECTION('',(-0.97423893818,-0.225518272727));
#3623 = ( GEOMETRIC_REPRESENTATION_CONTEXT(2) 
PARAMETRIC_REPRESENTATION_CONTEXT() REPRESENTATION_CONTEXT('2D SPACE',''
  ) );
#3624 = ORIENTED_EDGE('',*,*,#3625,.F.);
#3625 = EDGE_CURVE('',#1738,#3598,#3626,.T.);
#3626 = SURFACE_CURVE('',#3627,(#3631,#3638),.PCURVE_S1.);
#3627 = LINE('',#3628,#3629);
#3628 = CARTESIAN_POINT('',(-5.95,56.2,157.));
#3629 = VECTOR('',#3630,1.);
#3630 = DIRECTION('',(0.,0.,1.));
#3631 = PCURVE('',#1754,#3632);
#3632 = DEFINITIONAL_REPRESENTATION('',(#3633),#3637);
#3633 = LINE('',#3634,#3635);
#3634 = CARTESIAN_POINT('',(5.542788107081,0.));
#3635 = VECTOR('',#3636,1.);
#3636 = DIRECTION('',(0.,-1.));
#3637 = ( GEOMETRIC_REPRESENTATION_CONTEXT(2) 
PARAMETRIC_REPRESENTATION_CONTEXT() REPRESENTATION_CONTEXT('2D SPACE',''
  ) );
#3638 = PCURVE('',#1780,#3639);
#3639 = DEFINITIONAL_REPRESENTATION('',(#3640),#3644);
#3640 = LINE('',#3641,#3642);
#3641 = CARTESIAN_POINT('',(0.,0.));
#3642 = VECTOR('',#3643,1.);
#3643 = DIRECTION('',(0.,-1.));
#3644 = ( GEOMETRIC_REPRESENTATION_CONTEXT(2) 
PARAMETRIC_REPRESENTATION_CONTEXT() REPRESENTATION_CONTEXT('2D SPACE',''
  ) );
#3645 = ADVANCED_FACE('',(#3646,#3694),#1830,.F.);
#3646 = FACE_BOUND('',#3647,.F.);
#3647 = EDGE_LOOP('',(#3648,#3649,#3672,#3693));
#3648 = ORIENTED_EDGE('',*,*,#1817,.T.);
#3649 = ORIENTED_EDGE('',*,*,#3650,.T.);
#3650 = EDGE_CURVE('',#1792,#3651,#3653,.T.);
#3651 = VERTEX_POINT('',#3652);
#3652 = CARTESIAN_POINT('',(7.2,50.8,176.2));
#3653 = SURFACE_CURVE('',#3654,(#3658,#3665),.PCURVE_S1.);
#3654 = LINE('',#3655,#3656);
#3655 = CARTESIAN_POINT('',(7.2,50.8,157.));
#3656 = VECTOR('',#3657,1.);
#3657 = DIRECTION('',(0.,0.,1.));
#3658 = PCURVE('',#1830,#3659);
#3659 = DEFINITIONAL_REPRESENTATION('',(#3660),#3664);
#3660 = LINE('',#3661,#3662);
#3661 = CARTESIAN_POINT('',(0.,0.));
#3662 = VECTOR('',#3663,1.);
#3663 = DIRECTION('',(0.,-1.));
#3664 = ( GEOMETRIC_REPRESENTATION_CONTEXT(2) 
PARAMETRIC_REPRESENTATION_CONTEXT() REPRESENTATION_CONTEXT('2D SPACE',''
  ) );
#3665 = PCURVE('',#1806,#3666);
#3666 = DEFINITIONAL_REPRESENTATION('',(#3667),#3671);
#3667 = LINE('',#3668,#3669);
#3668 = CARTESIAN_POINT('',(5.542788107081,0.));
#3669 = VECTOR('',#3670,1.);
#3670 = DIRECTION('',(0.,-1.));
#3671 = ( GEOMETRIC_REPRESENTATION_CONTEXT(2) 
PARAMETRIC_REPRESENTATION_CONTEXT() REPRESENTATION_CONTEXT('2D SPACE',''
  ) );
#3672 = ORIENTED_EDGE('',*,*,#3673,.T.);
#3673 = EDGE_CURVE('',#3651,#3575,#3674,.T.);
#3674 = SURFACE_CURVE('',#3675,(#3679,#3686),.PCURVE_S1.);
#3675 = LINE('',#3676,#3677);
#3676 = CARTESIAN_POINT('',(7.2,50.8,176.2));
#3677 = VECTOR('',#3678,1.);
#3678 = DIRECTION('',(-1.,1.110223024625E-16,0.));
#3679 = PCURVE('',#1830,#3680);
#3680 = DEFINITIONAL_REPRESENTATION('',(#3681),#3685);
#3681 = LINE('',#3682,#3683);
#3682 = CARTESIAN_POINT('',(0.,-19.2));
#3683 = VECTOR('',#3684,1.);
#3684 = DIRECTION('',(1.,0.));
#3685 = ( GEOMETRIC_REPRESENTATION_CONTEXT(2) 
PARAMETRIC_REPRESENTATION_CONTEXT() REPRESENTATION_CONTEXT('2D SPACE',''
  ) );
#3686 = PCURVE('',#3613,#3687);
#3687 = DEFINITIONAL_REPRESENTATION('',(#3688),#3692);
#3688 = LINE('',#3689,#3690);
#3689 = CARTESIAN_POINT('',(2.51944908482,-7.2));
#3690 = VECTOR('',#3691,1.);
#3691 = DIRECTION('',(0.,1.));
#3692 = ( GEOMETRIC_REPRESENTATION_CONTEXT(2) 
PARAMETRIC_REPRESENTATION_CONTEXT() REPRESENTATION_CONTEXT('2D SPACE',''
  ) );
#3693 = ORIENTED_EDGE('',*,*,#3574,.F.);
#3694 = FACE_BOUND('',#3695,.F.);
#3695 = EDGE_LOOP('',(#3696));
#3696 = ORIENTED_EDGE('',*,*,#3546,.F.);
#3697 = ADVANCED_FACE('',(#3698),#1806,.F.);
#3698 = FACE_BOUND('',#3699,.F.);
#3699 = EDGE_LOOP('',(#3700,#3701,#3724,#3745));
#3700 = ORIENTED_EDGE('',*,*,#1791,.T.);
#3701 = ORIENTED_EDGE('',*,*,#3702,.T.);
#3702 = EDGE_CURVE('',#1766,#3703,#3705,.T.);
#3703 = VERTEX_POINT('',#3704);
#3704 = CARTESIAN_POINT('',(5.95,56.2,176.2));
#3705 = SURFACE_CURVE('',#3706,(#3710,#3717),.PCURVE_S1.);
#3706 = LINE('',#3707,#3708);
#3707 = CARTESIAN_POINT('',(5.95,56.2,157.));
#3708 = VECTOR('',#3709,1.);
#3709 = DIRECTION('',(0.,0.,1.));
#3710 = PCURVE('',#1806,#3711);
#3711 = DEFINITIONAL_REPRESENTATION('',(#3712),#3716);
#3712 = LINE('',#3713,#3714);
#3713 = CARTESIAN_POINT('',(0.,0.));
#3714 = VECTOR('',#3715,1.);
#3715 = DIRECTION('',(0.,-1.));
#3716 = ( GEOMETRIC_REPRESENTATION_CONTEXT(2) 
PARAMETRIC_REPRESENTATION_CONTEXT() REPRESENTATION_CONTEXT('2D SPACE',''
  ) );
#3717 = PCURVE('',#1780,#3718);
#3718 = DEFINITIONAL_REPRESENTATION('',(#3719),#3723);
#3719 = LINE('',#3720,#3721);
#3720 = CARTESIAN_POINT('',(11.9,0.));
#3721 = VECTOR('',#3722,1.);
#3722 = DIRECTION('',(0.,-1.));
#3723 = ( GEOMETRIC_REPRESENTATION_CONTEXT(2) 
PARAMETRIC_REPRESENTATION_CONTEXT() REPRESENTATION_CONTEXT('2D SPACE',''
  ) );
#3724 = ORIENTED_EDGE('',*,*,#3725,.T.);
#3725 = EDGE_CURVE('',#3703,#3651,#3726,.T.);
#3726 = SURFACE_CURVE('',#3727,(#3731,#3738),.PCURVE_S1.);
#3727 = LINE('',#3728,#3729);
#3728 = CARTESIAN_POINT('',(5.95,56.2,176.2));
#3729 = VECTOR('',#3730,1.);
#3730 = DIRECTION('',(0.225518272727,-0.97423893818,0.));
#3731 = PCURVE('',#1806,#3732);
#3732 = DEFINITIONAL_REPRESENTATION('',(#3733),#3737);
#3733 = LINE('',#3734,#3735);
#3734 = CARTESIAN_POINT('',(0.,-19.2));
#3735 = VECTOR('',#3736,1.);
#3736 = DIRECTION('',(1.,0.));
#3737 = ( GEOMETRIC_REPRESENTATION_CONTEXT(2) 
PARAMETRIC_REPRESENTATION_CONTEXT() REPRESENTATION_CONTEXT('2D SPACE',''
  ) );
#3738 = PCURVE('',#3613,#3739);
#3739 = DEFINITIONAL_REPRESENTATION('',(#3740),#3744);
#3740 = LINE('',#3741,#3742);
#3741 = CARTESIAN_POINT('',(-2.88055091518,-5.95));
#3742 = VECTOR('',#3743,1.);
#3743 = DIRECTION('',(0.97423893818,-0.225518272727));
#3744 = ( GEOMETRIC_REPRESENTATION_CONTEXT(2) 
PARAMETRIC_REPRESENTATION_CONTEXT() REPRESENTATION_CONTEXT('2D SPACE',''
  ) );
#3745 = ORIENTED_EDGE('',*,*,#3650,.F.);
#3746 = ADVANCED_FACE('',(#3747,#3773),#1780,.F.);
#3747 = FACE_BOUND('',#3748,.F.);
#3748 = EDGE_LOOP('',(#3749,#3750,#3751,#3772));
#3749 = ORIENTED_EDGE('',*,*,#1765,.T.);
#3750 = ORIENTED_EDGE('',*,*,#3625,.T.);
#3751 = ORIENTED_EDGE('',*,*,#3752,.T.);
#3752 = EDGE_CURVE('',#3598,#3703,#3753,.T.);
#3753 = SURFACE_CURVE('',#3754,(#3758,#3765),.PCURVE_S1.);
#3754 = LINE('',#3755,#3756);
#3755 = CARTESIAN_POINT('',(-5.95,56.2,176.2));
#3756 = VECTOR('',#3757,1.);
#3757 = DIRECTION('',(1.,-1.110223024625E-16,0.));
#3758 = PCURVE('',#1780,#3759);
#3759 = DEFINITIONAL_REPRESENTATION('',(#3760),#3764);
#3760 = LINE('',#3761,#3762);
#3761 = CARTESIAN_POINT('',(0.,-19.2));
#3762 = VECTOR('',#3763,1.);
#3763 = DIRECTION('',(1.,0.));
#3764 = ( GEOMETRIC_REPRESENTATION_CONTEXT(2) 
PARAMETRIC_REPRESENTATION_CONTEXT() REPRESENTATION_CONTEXT('2D SPACE',''
  ) );
#3765 = PCURVE('',#3613,#3766);
#3766 = DEFINITIONAL_REPRESENTATION('',(#3767),#3771);
#3767 = LINE('',#3768,#3769);
#3768 = CARTESIAN_POINT('',(-2.88055091518,5.95));
#3769 = VECTOR('',#3770,1.);
#3770 = DIRECTION('',(0.,-1.));
#3771 = ( GEOMETRIC_REPRESENTATION_CONTEXT(2) 
PARAMETRIC_REPRESENTATION_CONTEXT() REPRESENTATION_CONTEXT('2D SPACE',''
  ) );
#3772 = ORIENTED_EDGE('',*,*,#3702,.F.);
#3773 = FACE_BOUND('',#3774,.F.);
#3774 = EDGE_LOOP('',(#3775));
#3775 = ORIENTED_EDGE('',*,*,#2005,.T.);
#3776 = ADVANCED_FACE('',(#3777,#3783),#2126,.F.);
#3777 = FACE_BOUND('',#3778,.F.);
#3778 = EDGE_LOOP('',(#3779,#3780,#3781,#3782));
#3779 = ORIENTED_EDGE('',*,*,#2111,.F.);
#3780 = ORIENTED_EDGE('',*,*,#3123,.F.);
#3781 = ORIENTED_EDGE('',*,*,#2688,.F.);
#3782 = ORIENTED_EDGE('',*,*,#2267,.F.);
#3783 = FACE_BOUND('',#3784,.F.);
#3784 = EDGE_LOOP('',(#3785,#3813,#3839,#3865));
#3785 = ORIENTED_EDGE('',*,*,#3786,.F.);
#3786 = EDGE_CURVE('',#3787,#3789,#3791,.T.);
#3787 = VERTEX_POINT('',#3788);
#3788 = CARTESIAN_POINT('',(5.95,-56.2,158.));
#3789 = VERTEX_POINT('',#3790);
#3790 = CARTESIAN_POINT('',(7.2,-50.8,158.));
#3791 = SURFACE_CURVE('',#3792,(#3796,#3802),.PCURVE_S1.);
#3792 = LINE('',#3793,#3794);
#3793 = CARTESIAN_POINT('',(-21.22338676865,-173.5890308405,158.));
#3794 = VECTOR('',#3795,1.);
#3795 = DIRECTION('',(0.225518272727,0.97423893818,-0.));
#3796 = PCURVE('',#2126,#3797);
#3797 = DEFINITIONAL_REPRESENTATION('',(#3798),#3801);
#3798 = B_SPLINE_CURVE_WITH_KNOTS('',1,(#3799,#3800),.UNSPECIFIED.,.F.,
  .F.,(2,2),(120.49306000833,126.03584811541),.PIECEWISE_BEZIER_KNOTS.);
#3799 = CARTESIAN_POINT('',(255.95,193.8));
#3800 = CARTESIAN_POINT('',(257.2,199.2));
#3801 = ( GEOMETRIC_REPRESENTATION_CONTEXT(2) 
PARAMETRIC_REPRESENTATION_CONTEXT() REPRESENTATION_CONTEXT('2D SPACE',''
  ) );
#3802 = PCURVE('',#3803,#3808);
#3803 = PLANE('',#3804);
#3804 = AXIS2_PLACEMENT_3D('',#3805,#3806,#3807);
#3805 = CARTESIAN_POINT('',(7.2,-50.8,157.));
#3806 = DIRECTION('',(0.97423893818,-0.225518272727,0.));
#3807 = DIRECTION('',(-0.225518272727,-0.97423893818,0.));
#3808 = DEFINITIONAL_REPRESENTATION('',(#3809),#3812);
#3809 = B_SPLINE_CURVE_WITH_KNOTS('',1,(#3810,#3811),.UNSPECIFIED.,.F.,
  .F.,(2,2),(120.49306000833,126.03584811541),.PIECEWISE_BEZIER_KNOTS.);
#3810 = CARTESIAN_POINT('',(5.542788107081,-1.));
#3811 = CARTESIAN_POINT('',(0.,-1.));
#3812 = ( GEOMETRIC_REPRESENTATION_CONTEXT(2) 
PARAMETRIC_REPRESENTATION_CONTEXT() REPRESENTATION_CONTEXT('2D SPACE',''
  ) );
#3813 = ORIENTED_EDGE('',*,*,#3814,.F.);
#3814 = EDGE_CURVE('',#3815,#3787,#3817,.T.);
#3815 = VERTEX_POINT('',#3816);
#3816 = CARTESIAN_POINT('',(-5.95,-56.2,158.));
#3817 = SURFACE_CURVE('',#3818,(#3822,#3828),.PCURVE_S1.);
#3818 = LINE('',#3819,#3820);
#3819 = CARTESIAN_POINT('',(-122.025,-56.2,158.));
#3820 = VECTOR('',#3821,1.);
#3821 = DIRECTION('',(1.,-2.22044604925E-16,0.));
#3822 = PCURVE('',#2126,#3823);
#3823 = DEFINITIONAL_REPRESENTATION('',(#3824),#3827);
#3824 = B_SPLINE_CURVE_WITH_KNOTS('',1,(#3825,#3826),.UNSPECIFIED.,.F.,
  .F.,(2,2),(116.075,127.975),.PIECEWISE_BEZIER_KNOTS.);
#3825 = CARTESIAN_POINT('',(244.05,193.8));
#3826 = CARTESIAN_POINT('',(255.95,193.8));
#3827 = ( GEOMETRIC_REPRESENTATION_CONTEXT(2) 
PARAMETRIC_REPRESENTATION_CONTEXT() REPRESENTATION_CONTEXT('2D SPACE',''
  ) );
#3828 = PCURVE('',#3829,#3834);
#3829 = PLANE('',#3830);
#3830 = AXIS2_PLACEMENT_3D('',#3831,#3832,#3833);
#3831 = CARTESIAN_POINT('',(5.95,-56.2,157.));
#3832 = DIRECTION('',(-2.22044604925E-16,-1.,0.));
#3833 = DIRECTION('',(-1.,2.22044604925E-16,0.));
#3834 = DEFINITIONAL_REPRESENTATION('',(#3835),#3838);
#3835 = B_SPLINE_CURVE_WITH_KNOTS('',1,(#3836,#3837),.UNSPECIFIED.,.F.,
  .F.,(2,2),(116.075,127.975),.PIECEWISE_BEZIER_KNOTS.);
#3836 = CARTESIAN_POINT('',(11.9,-1.));
#3837 = CARTESIAN_POINT('',(0.,-1.));
#3838 = ( GEOMETRIC_REPRESENTATION_CONTEXT(2) 
PARAMETRIC_REPRESENTATION_CONTEXT() REPRESENTATION_CONTEXT('2D SPACE',''
  ) );
#3839 = ORIENTED_EDGE('',*,*,#3840,.F.);
#3840 = EDGE_CURVE('',#3841,#3815,#3843,.T.);
#3841 = VERTEX_POINT('',#3842);
#3842 = CARTESIAN_POINT('',(-7.2,-50.8,158.));
#3843 = SURFACE_CURVE('',#3844,(#3848,#3854),.PCURVE_S1.);
#3844 = LINE('',#3845,#3846);
#3845 = CARTESIAN_POINT('',(9.133763935227,-121.3618602001,158.));
#3846 = VECTOR('',#3847,1.);
#3847 = DIRECTION('',(0.225518272727,-0.97423893818,0.));
#3848 = PCURVE('',#2126,#3849);
#3849 = DEFINITIONAL_REPRESENTATION('',(#3850),#3853);
#3850 = B_SPLINE_CURVE_WITH_KNOTS('',1,(#3851,#3852),.UNSPECIFIED.,.F.,
  .F.,(2,2),(-72.42767398723,-66.88488588015),.PIECEWISE_BEZIER_KNOTS.);
#3851 = CARTESIAN_POINT('',(242.8,199.2));
#3852 = CARTESIAN_POINT('',(244.05,193.8));
#3853 = ( GEOMETRIC_REPRESENTATION_CONTEXT(2) 
PARAMETRIC_REPRESENTATION_CONTEXT() REPRESENTATION_CONTEXT('2D SPACE',''
  ) );
#3854 = PCURVE('',#3855,#3860);
#3855 = PLANE('',#3856);
#3856 = AXIS2_PLACEMENT_3D('',#3857,#3858,#3859);
#3857 = CARTESIAN_POINT('',(-5.95,-56.2,157.));
#3858 = DIRECTION('',(-0.97423893818,-0.225518272727,0.));
#3859 = DIRECTION('',(-0.225518272727,0.97423893818,0.));
#3860 = DEFINITIONAL_REPRESENTATION('',(#3861),#3864);
#3861 = B_SPLINE_CURVE_WITH_KNOTS('',1,(#3862,#3863),.UNSPECIFIED.,.F.,
  .F.,(2,2),(-72.42767398723,-66.88488588015),.PIECEWISE_BEZIER_KNOTS.);
#3862 = CARTESIAN_POINT('',(5.542788107081,-1.));
#3863 = CARTESIAN_POINT('',(0.,-1.));
#3864 = ( GEOMETRIC_REPRESENTATION_CONTEXT(2) 
PARAMETRIC_REPRESENTATION_CONTEXT() REPRESENTATION_CONTEXT('2D SPACE',''
  ) );
#3865 = ORIENTED_EDGE('',*,*,#3866,.F.);
#3866 = EDGE_CURVE('',#3789,#3841,#3867,.T.);
#3867 = SURFACE_CURVE('',#3868,(#3872,#3878),.PCURVE_S1.);
#3868 = LINE('',#3869,#3870);
#3869 = CARTESIAN_POINT('',(-128.6,-50.8,158.));
#3870 = VECTOR('',#3871,1.);
#3871 = DIRECTION('',(-1.,2.22044604925E-16,0.));
#3872 = PCURVE('',#2126,#3873);
#3873 = DEFINITIONAL_REPRESENTATION('',(#3874),#3877);
#3874 = B_SPLINE_CURVE_WITH_KNOTS('',1,(#3875,#3876),.UNSPECIFIED.,.F.,
  .F.,(2,2),(-135.8,-121.4),.PIECEWISE_BEZIER_KNOTS.);
#3875 = CARTESIAN_POINT('',(257.2,199.2));
#3876 = CARTESIAN_POINT('',(242.8,199.2));
#3877 = ( GEOMETRIC_REPRESENTATION_CONTEXT(2) 
PARAMETRIC_REPRESENTATION_CONTEXT() REPRESENTATION_CONTEXT('2D SPACE',''
  ) );
#3878 = PCURVE('',#3879,#3884);
#3879 = PLANE('',#3880);
#3880 = AXIS2_PLACEMENT_3D('',#3881,#3882,#3883);
#3881 = CARTESIAN_POINT('',(-7.2,-50.8,157.));
#3882 = DIRECTION('',(2.22044604925E-16,1.,0.));
#3883 = DIRECTION('',(1.,-2.22044604925E-16,0.));
#3884 = DEFINITIONAL_REPRESENTATION('',(#3885),#3888);
#3885 = B_SPLINE_CURVE_WITH_KNOTS('',1,(#3886,#3887),.UNSPECIFIED.,.F.,
  .F.,(2,2),(-135.8,-121.4),.PIECEWISE_BEZIER_KNOTS.);
#3886 = CARTESIAN_POINT('',(14.4,-1.));
#3887 = CARTESIAN_POINT('',(0.,-1.));
#3888 = ( GEOMETRIC_REPRESENTATION_CONTEXT(2) 
PARAMETRIC_REPRESENTATION_CONTEXT() REPRESENTATION_CONTEXT('2D SPACE',''
  ) );
#3889 = ADVANCED_FACE('',(#3890),#2178,.F.);
#3890 = FACE_BOUND('',#3891,.F.);
#3891 = EDGE_LOOP('',(#3892,#3893,#3914,#3915));
#3892 = ORIENTED_EDGE('',*,*,#2161,.F.);
#3893 = ORIENTED_EDGE('',*,*,#3894,.F.);
#3894 = EDGE_CURVE('',#2738,#2162,#3895,.T.);
#3895 = SEAM_CURVE('',#3896,(#3900,#3907),.PCURVE_S1.);
#3896 = LINE('',#3897,#3898);
#3897 = CARTESIAN_POINT('',(-90.,-53.5,190.5));
#3898 = VECTOR('',#3899,1.);
#3899 = DIRECTION('',(1.,0.,0.));
#3900 = PCURVE('',#2178,#3901);
#3901 = DEFINITIONAL_REPRESENTATION('',(#3902),#3906);
#3902 = LINE('',#3903,#3904);
#3903 = CARTESIAN_POINT('',(6.28318530718,-0.));
#3904 = VECTOR('',#3905,1.);
#3905 = DIRECTION('',(0.,1.));
#3906 = ( GEOMETRIC_REPRESENTATION_CONTEXT(2) 
PARAMETRIC_REPRESENTATION_CONTEXT() REPRESENTATION_CONTEXT('2D SPACE',''
  ) );
#3907 = PCURVE('',#2178,#3908);
#3908 = DEFINITIONAL_REPRESENTATION('',(#3909),#3913);
#3909 = LINE('',#3910,#3911);
#3910 = CARTESIAN_POINT('',(0.,-0.));
#3911 = VECTOR('',#3912,1.);
#3912 = DIRECTION('',(0.,1.));
#3913 = ( GEOMETRIC_REPRESENTATION_CONTEXT(2) 
PARAMETRIC_REPRESENTATION_CONTEXT() REPRESENTATION_CONTEXT('2D SPACE',''
  ) );
#3914 = ORIENTED_EDGE('',*,*,#2737,.F.);
#3915 = ORIENTED_EDGE('',*,*,#3894,.T.);
#3916 = ADVANCED_FACE('',(#3917),#2220,.F.);
#3917 = FACE_BOUND('',#3918,.F.);
#3918 = EDGE_LOOP('',(#3919,#3920,#3941,#3942));
#3919 = ORIENTED_EDGE('',*,*,#2203,.F.);
#3920 = ORIENTED_EDGE('',*,*,#3921,.F.);
#3921 = EDGE_CURVE('',#2775,#2204,#3922,.T.);
#3922 = SEAM_CURVE('',#3923,(#3927,#3934),.PCURVE_S1.);
#3923 = LINE('',#3924,#3925);
#3924 = CARTESIAN_POINT('',(-90.,-53.5,226.5));
#3925 = VECTOR('',#3926,1.);
#3926 = DIRECTION('',(1.,0.,0.));
#3927 = PCURVE('',#2220,#3928);
#3928 = DEFINITIONAL_REPRESENTATION('',(#3929),#3933);
#3929 = LINE('',#3930,#3931);
#3930 = CARTESIAN_POINT('',(6.28318530718,-0.));
#3931 = VECTOR('',#3932,1.);
#3932 = DIRECTION('',(0.,1.));
#3933 = ( GEOMETRIC_REPRESENTATION_CONTEXT(2) 
PARAMETRIC_REPRESENTATION_CONTEXT() REPRESENTATION_CONTEXT('2D SPACE',''
  ) );
#3934 = PCURVE('',#2220,#3935);
#3935 = DEFINITIONAL_REPRESENTATION('',(#3936),#3940);
#3936 = LINE('',#3937,#3938);
#3937 = CARTESIAN_POINT('',(0.,-0.));
#3938 = VECTOR('',#3939,1.);
#3939 = DIRECTION('',(0.,1.));
#3940 = ( GEOMETRIC_REPRESENTATION_CONTEXT(2) 
PARAMETRIC_REPRESENTATION_CONTEXT() REPRESENTATION_CONTEXT('2D SPACE',''
  ) );
#3941 = ORIENTED_EDGE('',*,*,#2774,.F.);
#3942 = ORIENTED_EDGE('',*,*,#3921,.T.);
#3943 = ADVANCED_FACE('',(#3944),#2520,.F.);
#3944 = FACE_BOUND('',#3945,.F.);
#3945 = EDGE_LOOP('',(#3946,#3974,#3995,#3996));
#3946 = ORIENTED_EDGE('',*,*,#3947,.F.);
#3947 = EDGE_CURVE('',#3948,#3948,#3950,.T.);
#3948 = VERTEX_POINT('',#3949);
#3949 = CARTESIAN_POINT('',(2.,-56.2,167.));
#3950 = SURFACE_CURVE('',#3951,(#3956,#3963),.PCURVE_S1.);
#3951 = CIRCLE('',#3952,2.);
#3952 = AXIS2_PLACEMENT_3D('',#3953,#3954,#3955);
#3953 = CARTESIAN_POINT('',(-1.032377251681E-14,-56.2,167.));
#3954 = DIRECTION('',(1.836970198721E-16,1.,0.));
#3955 = DIRECTION('',(1.,-1.836970198721E-16,0.));
#3956 = PCURVE('',#2520,#3957);
#3957 = DEFINITIONAL_REPRESENTATION('',(#3958),#3962);
#3958 = LINE('',#3959,#3960);
#3959 = CARTESIAN_POINT('',(0.,7.8));
#3960 = VECTOR('',#3961,1.);
#3961 = DIRECTION('',(1.,0.));
#3962 = ( GEOMETRIC_REPRESENTATION_CONTEXT(2) 
PARAMETRIC_REPRESENTATION_CONTEXT() REPRESENTATION_CONTEXT('2D SPACE',''
  ) );
#3963 = PCURVE('',#3829,#3964);
#3964 = DEFINITIONAL_REPRESENTATION('',(#3965),#3973);
#3965 = ( BOUNDED_CURVE() B_SPLINE_CURVE(2,(#3966,#3967,#3968,#3969,
#3970,#3971,#3972),.UNSPECIFIED.,.T.,.F.) B_SPLINE_CURVE_WITH_KNOTS((1,2
    ,2,2,2,1),(-2.094395102393,0.,2.094395102393,4.188790204786,
6.28318530718,8.377580409573),.UNSPECIFIED.) CURVE() 
GEOMETRIC_REPRESENTATION_ITEM() RATIONAL_B_SPLINE_CURVE((1.,0.5,1.,0.5,
1.,0.5,1.)) REPRESENTATION_ITEM('') );
#3966 = CARTESIAN_POINT('',(3.95,-10.));
#3967 = CARTESIAN_POINT('',(3.95,-6.535898384862));
#3968 = CARTESIAN_POINT('',(6.95,-8.267949192431));
#3969 = CARTESIAN_POINT('',(9.95,-10.));
#3970 = CARTESIAN_POINT('',(6.95,-11.73205080756));
#3971 = CARTESIAN_POINT('',(3.95,-13.46410161513));
#3972 = CARTESIAN_POINT('',(3.95,-10.));
#3973 = ( GEOMETRIC_REPRESENTATION_CONTEXT(2) 
PARAMETRIC_REPRESENTATION_CONTEXT() REPRESENTATION_CONTEXT('2D SPACE',''
  ) );
#3974 = ORIENTED_EDGE('',*,*,#3975,.F.);
#3975 = EDGE_CURVE('',#2290,#3948,#3976,.T.);
#3976 = SEAM_CURVE('',#3977,(#3981,#3988),.PCURVE_S1.);
#3977 = LINE('',#3978,#3979);
#3978 = CARTESIAN_POINT('',(2.,-64.,167.));
#3979 = VECTOR('',#3980,1.);
#3980 = DIRECTION('',(1.836970198721E-16,1.,0.));
#3981 = PCURVE('',#2520,#3982);
#3982 = DEFINITIONAL_REPRESENTATION('',(#3983),#3987);
#3983 = LINE('',#3984,#3985);
#3984 = CARTESIAN_POINT('',(0.,-0.));
#3985 = VECTOR('',#3986,1.);
#3986 = DIRECTION('',(0.,1.));
#3987 = ( GEOMETRIC_REPRESENTATION_CONTEXT(2) 
PARAMETRIC_REPRESENTATION_CONTEXT() REPRESENTATION_CONTEXT('2D SPACE',''
  ) );
#3988 = PCURVE('',#2520,#3989);
#3989 = DEFINITIONAL_REPRESENTATION('',(#3990),#3994);
#3990 = LINE('',#3991,#3992);
#3991 = CARTESIAN_POINT('',(6.28318530718,-0.));
#3992 = VECTOR('',#3993,1.);
#3993 = DIRECTION('',(0.,1.));
#3994 = ( GEOMETRIC_REPRESENTATION_CONTEXT(2) 
PARAMETRIC_REPRESENTATION_CONTEXT() REPRESENTATION_CONTEXT('2D SPACE',''
  ) );
#3995 = ORIENTED_EDGE('',*,*,#2289,.T.);
#3996 = ORIENTED_EDGE('',*,*,#3975,.T.);
#3997 = ADVANCED_FACE('',(#3998,#4071),#2872,.F.);
#3998 = FACE_BOUND('',#3999,.F.);
#3999 = EDGE_LOOP('',(#4000,#4001,#4002,#4023,#4049,#4068,#4069,#4070));
#4000 = ORIENTED_EDGE('',*,*,#3049,.F.);
#4001 = ORIENTED_EDGE('',*,*,#2927,.F.);
#4002 = ORIENTED_EDGE('',*,*,#4003,.T.);
#4003 = EDGE_CURVE('',#2928,#4004,#4006,.T.);
#4004 = VERTEX_POINT('',#4005);
#4005 = CARTESIAN_POINT('',(-67.,13.,158.));
#4006 = SURFACE_CURVE('',#4007,(#4011,#4017),.PCURVE_S1.);
#4007 = LINE('',#4008,#4009);
#4008 = CARTESIAN_POINT('',(-87.6,23.3,158.));
#4009 = VECTOR('',#4010,1.);
#4010 = DIRECTION('',(-0.894427191,0.4472135955,0.));
#4011 = PCURVE('',#2872,#4012);
#4012 = DEFINITIONAL_REPRESENTATION('',(#4013),#4016);
#4013 = B_SPLINE_CURVE_WITH_KNOTS('',1,(#4014,#4015),.UNSPECIFIED.,.F.,
  .F.,(2,2),(-33.09380606699,-23.03150016824),.PIECEWISE_BEZIER_KNOTS.);
#4014 = CARTESIAN_POINT('',(192.,258.5));
#4015 = CARTESIAN_POINT('',(183.,263.));
#4016 = ( GEOMETRIC_REPRESENTATION_CONTEXT(2) 
PARAMETRIC_REPRESENTATION_CONTEXT() REPRESENTATION_CONTEXT('2D SPACE',''
  ) );
#4017 = PCURVE('',#2963,#4018);
#4018 = DEFINITIONAL_REPRESENTATION('',(#4019),#4022);
#4019 = B_SPLINE_CURVE_WITH_KNOTS('',1,(#4020,#4021),.UNSPECIFIED.,.F.,
  .F.,(2,2),(-33.09380606699,-23.03150016824),.PIECEWISE_BEZIER_KNOTS.);
#4020 = CARTESIAN_POINT('',(86.,-10.06230589874));
#4021 = CARTESIAN_POINT('',(86.,0.));
#4022 = ( GEOMETRIC_REPRESENTATION_CONTEXT(2) 
PARAMETRIC_REPRESENTATION_CONTEXT() REPRESENTATION_CONTEXT('2D SPACE',''
  ) );
#4023 = ORIENTED_EDGE('',*,*,#4024,.F.);
#4024 = EDGE_CURVE('',#4025,#4004,#4027,.T.);
#4025 = VERTEX_POINT('',#4026);
#4026 = CARTESIAN_POINT('',(-67.,-13.,158.));
#4027 = SURFACE_CURVE('',#4028,(#4032,#4038),.PCURVE_S1.);
#4028 = LINE('',#4029,#4030);
#4029 = CARTESIAN_POINT('',(-67.,-131.5,158.));
#4030 = VECTOR('',#4031,1.);
#4031 = DIRECTION('',(0.,1.,-0.));
#4032 = PCURVE('',#2872,#4033);
#4033 = DEFINITIONAL_REPRESENTATION('',(#4034),#4037);
#4034 = B_SPLINE_CURVE_WITH_KNOTS('',1,(#4035,#4036),.UNSPECIFIED.,.F.,
  .F.,(2,2),(107.01948051948,159.01948051948),.PIECEWISE_BEZIER_KNOTS.);
#4035 = CARTESIAN_POINT('',(183.,225.51948051948));
#4036 = CARTESIAN_POINT('',(183.,277.51948051948));
#4037 = ( GEOMETRIC_REPRESENTATION_CONTEXT(2) 
PARAMETRIC_REPRESENTATION_CONTEXT() REPRESENTATION_CONTEXT('2D SPACE',''
  ) );
#4038 = PCURVE('',#4039,#4044);
#4039 = PLANE('',#4040);
#4040 = AXIS2_PLACEMENT_3D('',#4041,#4042,#4043);
#4041 = CARTESIAN_POINT('',(-67.,-13.,72.));
#4042 = DIRECTION('',(-1.,0.,0.));
#4043 = DIRECTION('',(0.,0.166475237173,0.986045635561));
#4044 = DEFINITIONAL_REPRESENTATION('',(#4045),#4048);
#4045 = B_SPLINE_CURVE_WITH_KNOTS('',1,(#4046,#4047),.UNSPECIFIED.,.F.,
  .F.,(2,2),(107.01948051948,159.01948051948),.PIECEWISE_BEZIER_KNOTS.);
#4046 = CARTESIAN_POINT('',(82.888702454837,-25.63718652457));
#4047 = CARTESIAN_POINT('',(91.545414787812,25.637186524579));
#4048 = ( GEOMETRIC_REPRESENTATION_CONTEXT(2) 
PARAMETRIC_REPRESENTATION_CONTEXT() REPRESENTATION_CONTEXT('2D SPACE',''
  ) );
#4049 = ORIENTED_EDGE('',*,*,#4050,.T.);
#4050 = EDGE_CURVE('',#4025,#3000,#4051,.T.);
#4051 = SURFACE_CURVE('',#4052,(#4056,#4062),.PCURVE_S1.);
#4052 = LINE('',#4053,#4054);
#4053 = CARTESIAN_POINT('',(-187.6,-73.3,158.));
#4054 = VECTOR('',#4055,1.);
#4055 = DIRECTION('',(0.894427191,0.4472135955,-0.));
#4056 = PCURVE('',#2872,#4057);
#4057 = DEFINITIONAL_REPRESENTATION('',(#4058),#4061);
#4058 = B_SPLINE_CURVE_WITH_KNOTS('',1,(#4059,#4060),.UNSPECIFIED.,.F.,
  .F.,(2,2),(134.83489904323,144.89720494198),.PIECEWISE_BEZIER_KNOTS.);
#4059 = CARTESIAN_POINT('',(183.,237.));
#4060 = CARTESIAN_POINT('',(192.,241.5));
#4061 = ( GEOMETRIC_REPRESENTATION_CONTEXT(2) 
PARAMETRIC_REPRESENTATION_CONTEXT() REPRESENTATION_CONTEXT('2D SPACE',''
  ) );
#4062 = PCURVE('',#3014,#4063);
#4063 = DEFINITIONAL_REPRESENTATION('',(#4064),#4067);
#4064 = B_SPLINE_CURVE_WITH_KNOTS('',1,(#4065,#4066),.UNSPECIFIED.,.F.,
  .F.,(2,2),(134.83489904323,144.89720494198),.PIECEWISE_BEZIER_KNOTS.);
#4065 = CARTESIAN_POINT('',(68.,0.));
#4066 = CARTESIAN_POINT('',(68.,-10.06230589874));
#4067 = ( GEOMETRIC_REPRESENTATION_CONTEXT(2) 
PARAMETRIC_REPRESENTATION_CONTEXT() REPRESENTATION_CONTEXT('2D SPACE',''
  ) );
#4068 = ORIENTED_EDGE('',*,*,#3025,.F.);
#4069 = ORIENTED_EDGE('',*,*,#2857,.F.);
#4070 = ORIENTED_EDGE('',*,*,#3467,.F.);
#4071 = FACE_BOUND('',#4072,.F.);
#4072 = EDGE_LOOP('',(#4073,#4101,#4127,#4153));
#4073 = ORIENTED_EDGE('',*,*,#4074,.F.);
#4074 = EDGE_CURVE('',#4075,#4077,#4079,.T.);
#4075 = VERTEX_POINT('',#4076);
#4076 = CARTESIAN_POINT('',(-55.2,-7.45,158.));
#4077 = VERTEX_POINT('',#4078);
#4078 = CARTESIAN_POINT('',(-47.8,-9.2,158.));
#4079 = SURFACE_CURVE('',#4080,(#4084,#4090),.PCURVE_S1.);
#4080 = LINE('',#4081,#4082);
#4081 = CARTESIAN_POINT('',(-116.5804228457,7.065640537853,158.));
#4082 = VECTOR('',#4083,1.);
#4083 = DIRECTION('',(0.973157843484,-0.230138679202,0.));
#4084 = PCURVE('',#2872,#4085);
#4085 = DEFINITIONAL_REPRESENTATION('',(#4086),#4089);
#4086 = B_SPLINE_CURVE_WITH_KNOTS('',1,(#4087,#4088),.UNSPECIFIED.,.F.,
  .F.,(2,2),(63.073450269909,70.677561000297),.PIECEWISE_BEZIER_KNOTS.);
#4087 = CARTESIAN_POINT('',(194.8,242.55));
#4088 = CARTESIAN_POINT('',(202.2,240.8));
#4089 = ( GEOMETRIC_REPRESENTATION_CONTEXT(2) 
PARAMETRIC_REPRESENTATION_CONTEXT() REPRESENTATION_CONTEXT('2D SPACE',''
  ) );
#4090 = PCURVE('',#4091,#4096);
#4091 = PLANE('',#4092);
#4092 = AXIS2_PLACEMENT_3D('',#4093,#4094,#4095);
#4093 = CARTESIAN_POINT('',(-47.8,-9.2,157.));
#4094 = DIRECTION('',(-0.230138679202,-0.973157843484,0.));
#4095 = DIRECTION('',(-0.973157843484,0.230138679202,0.));
#4096 = DEFINITIONAL_REPRESENTATION('',(#4097),#4100);
#4097 = B_SPLINE_CURVE_WITH_KNOTS('',1,(#4098,#4099),.UNSPECIFIED.,.F.,
  .F.,(2,2),(63.073450269909,70.677561000297),.PIECEWISE_BEZIER_KNOTS.);
#4098 = CARTESIAN_POINT('',(7.604110730388,-1.));
#4099 = CARTESIAN_POINT('',(0.,-1.));
#4100 = ( GEOMETRIC_REPRESENTATION_CONTEXT(2) 
PARAMETRIC_REPRESENTATION_CONTEXT() REPRESENTATION_CONTEXT('2D SPACE',''
  ) );
#4101 = ORIENTED_EDGE('',*,*,#4102,.F.);
#4102 = EDGE_CURVE('',#4103,#4075,#4105,.T.);
#4103 = VERTEX_POINT('',#4104);
#4104 = CARTESIAN_POINT('',(-55.2,7.45,158.));
#4105 = SURFACE_CURVE('',#4106,(#4110,#4116),.PCURVE_S1.);
#4106 = LINE('',#4107,#4108);
#4107 = CARTESIAN_POINT('',(-55.2,-128.725,158.));
#4108 = VECTOR('',#4109,1.);
#4109 = DIRECTION('',(-1.224646799147E-16,-1.,0.));
#4110 = PCURVE('',#2872,#4111);
#4111 = DEFINITIONAL_REPRESENTATION('',(#4112),#4115);
#4112 = B_SPLINE_CURVE_WITH_KNOTS('',1,(#4113,#4114),.UNSPECIFIED.,.F.,
  .F.,(2,2),(-136.175,-121.275),.PIECEWISE_BEZIER_KNOTS.);
#4113 = CARTESIAN_POINT('',(194.8,257.45));
#4114 = CARTESIAN_POINT('',(194.8,242.55));
#4115 = ( GEOMETRIC_REPRESENTATION_CONTEXT(2) 
PARAMETRIC_REPRESENTATION_CONTEXT() REPRESENTATION_CONTEXT('2D SPACE',''
  ) );
#4116 = PCURVE('',#4117,#4122);
#4117 = PLANE('',#4118);
#4118 = AXIS2_PLACEMENT_3D('',#4119,#4120,#4121);
#4119 = CARTESIAN_POINT('',(-55.2,-7.45,157.));
#4120 = DIRECTION('',(-1.,1.224646799147E-16,0.));
#4121 = DIRECTION('',(1.224646799147E-16,1.,0.));
#4122 = DEFINITIONAL_REPRESENTATION('',(#4123),#4126);
#4123 = B_SPLINE_CURVE_WITH_KNOTS('',1,(#4124,#4125),.UNSPECIFIED.,.F.,
  .F.,(2,2),(-136.175,-121.275),.PIECEWISE_BEZIER_KNOTS.);
#4124 = CARTESIAN_POINT('',(14.9,-1.));
#4125 = CARTESIAN_POINT('',(0.,-1.));
#4126 = ( GEOMETRIC_REPRESENTATION_CONTEXT(2) 
PARAMETRIC_REPRESENTATION_CONTEXT() REPRESENTATION_CONTEXT('2D SPACE',''
  ) );
#4127 = ORIENTED_EDGE('',*,*,#4128,.F.);
#4128 = EDGE_CURVE('',#4129,#4103,#4131,.T.);
#4129 = VERTEX_POINT('',#4130);
#4130 = CARTESIAN_POINT('',(-47.8,9.2,158.));
#4131 = SURFACE_CURVE('',#4132,(#4136,#4142),.PCURVE_S1.);
#4132 = LINE('',#4133,#4134);
#4133 = CARTESIAN_POINT('',(-176.2707380345,-21.1815934541,158.));
#4134 = VECTOR('',#4135,1.);
#4135 = DIRECTION('',(-0.973157843484,-0.230138679202,0.));
#4136 = PCURVE('',#2872,#4137);
#4137 = DEFINITIONAL_REPRESENTATION('',(#4138),#4141);
#4138 = B_SPLINE_CURVE_WITH_KNOTS('',1,(#4139,#4140),.UNSPECIFIED.,.F.,
  .F.,(2,2),(-132.014286166,-124.4101754356),.PIECEWISE_BEZIER_KNOTS.);
#4139 = CARTESIAN_POINT('',(202.2,259.2));
#4140 = CARTESIAN_POINT('',(194.8,257.45));
#4141 = ( GEOMETRIC_REPRESENTATION_CONTEXT(2) 
PARAMETRIC_REPRESENTATION_CONTEXT() REPRESENTATION_CONTEXT('2D SPACE',''
  ) );
#4142 = PCURVE('',#4143,#4148);
#4143 = PLANE('',#4144);
#4144 = AXIS2_PLACEMENT_3D('',#4145,#4146,#4147);
#4145 = CARTESIAN_POINT('',(-55.2,7.45,157.));
#4146 = DIRECTION('',(-0.230138679202,0.973157843484,0.));
#4147 = DIRECTION('',(0.973157843484,0.230138679202,0.));
#4148 = DEFINITIONAL_REPRESENTATION('',(#4149),#4152);
#4149 = B_SPLINE_CURVE_WITH_KNOTS('',1,(#4150,#4151),.UNSPECIFIED.,.F.,
  .F.,(2,2),(-132.014286166,-124.4101754356),.PIECEWISE_BEZIER_KNOTS.);
#4150 = CARTESIAN_POINT('',(7.604110730388,-1.));
#4151 = CARTESIAN_POINT('',(0.,-1.));
#4152 = ( GEOMETRIC_REPRESENTATION_CONTEXT(2) 
PARAMETRIC_REPRESENTATION_CONTEXT() REPRESENTATION_CONTEXT('2D SPACE',''
  ) );
#4153 = ORIENTED_EDGE('',*,*,#4154,.F.);
#4154 = EDGE_CURVE('',#4077,#4129,#4155,.T.);
#4155 = SURFACE_CURVE('',#4156,(#4160,#4166),.PCURVE_S1.);
#4156 = LINE('',#4157,#4158);
#4157 = CARTESIAN_POINT('',(-47.8,-120.4,158.));
#4158 = VECTOR('',#4159,1.);
#4159 = DIRECTION('',(1.224646799147E-16,1.,-0.));
#4160 = PCURVE('',#2872,#4161);
#4161 = DEFINITIONAL_REPRESENTATION('',(#4162),#4165);
#4162 = B_SPLINE_CURVE_WITH_KNOTS('',1,(#4163,#4164),.UNSPECIFIED.,.F.,
  .F.,(2,2),(111.2,129.6),.PIECEWISE_BEZIER_KNOTS.);
#4163 = CARTESIAN_POINT('',(202.2,240.8));
#4164 = CARTESIAN_POINT('',(202.2,259.2));
#4165 = ( GEOMETRIC_REPRESENTATION_CONTEXT(2) 
PARAMETRIC_REPRESENTATION_CONTEXT() REPRESENTATION_CONTEXT('2D SPACE',''
  ) );
#4166 = PCURVE('',#4167,#4172);
#4167 = PLANE('',#4168);
#4168 = AXIS2_PLACEMENT_3D('',#4169,#4170,#4171);
#4169 = CARTESIAN_POINT('',(-47.8,9.2,157.));
#4170 = DIRECTION('',(1.,-1.224646799147E-16,0.));
#4171 = DIRECTION('',(-1.224646799147E-16,-1.,0.));
#4172 = DEFINITIONAL_REPRESENTATION('',(#4173),#4176);
#4173 = B_SPLINE_CURVE_WITH_KNOTS('',1,(#4174,#4175),.UNSPECIFIED.,.F.,
  .F.,(2,2),(111.2,129.6),.PIECEWISE_BEZIER_KNOTS.);
#4174 = CARTESIAN_POINT('',(18.4,-1.));
#4175 = CARTESIAN_POINT('',(0.,-1.));
#4176 = ( GEOMETRIC_REPRESENTATION_CONTEXT(2) 
PARAMETRIC_REPRESENTATION_CONTEXT() REPRESENTATION_CONTEXT('2D SPACE',''
  ) );
#4177 = ADVANCED_FACE('',(#4178),#3014,.F.);
#4178 = FACE_BOUND('',#4179,.F.);
#4179 = EDGE_LOOP('',(#4180,#4201,#4202,#4203));
#4180 = ORIENTED_EDGE('',*,*,#4181,.F.);
#4181 = EDGE_CURVE('',#2975,#4182,#4184,.T.);
#4182 = VERTEX_POINT('',#4183);
#4183 = CARTESIAN_POINT('',(-67.,-13.,226.));
#4184 = SURFACE_CURVE('',#4185,(#4188,#4194),.PCURVE_S1.);
#4185 = B_SPLINE_CURVE_WITH_KNOTS('',1,(#4186,#4187),.UNSPECIFIED.,.F.,
  .F.,(2,2),(0.,1.),.PIECEWISE_BEZIER_KNOTS.);
#4186 = CARTESIAN_POINT('',(-57.,-8.,226.));
#4187 = CARTESIAN_POINT('',(-67.,-13.,226.));
#4188 = PCURVE('',#3014,#4189);
#4189 = DEFINITIONAL_REPRESENTATION('',(#4190),#4193);
#4190 = B_SPLINE_CURVE_WITH_KNOTS('',1,(#4191,#4192),.UNSPECIFIED.,.F.,
  .F.,(2,2),(0.,1.),.PIECEWISE_BEZIER_KNOTS.);
#4191 = CARTESIAN_POINT('',(0.,-11.18033988749));
#4192 = CARTESIAN_POINT('',(0.,0.));
#4193 = ( GEOMETRIC_REPRESENTATION_CONTEXT(2) 
PARAMETRIC_REPRESENTATION_CONTEXT() REPRESENTATION_CONTEXT('2D SPACE',''
  ) );
#4194 = PCURVE('',#2988,#4195);
#4195 = DEFINITIONAL_REPRESENTATION('',(#4196),#4200);
#4196 = LINE('',#4197,#4198);
#4197 = CARTESIAN_POINT('',(26.,0.));
#4198 = VECTOR('',#4199,1.);
#4199 = DIRECTION('',(0.,1.));
#4200 = ( GEOMETRIC_REPRESENTATION_CONTEXT(2) 
PARAMETRIC_REPRESENTATION_CONTEXT() REPRESENTATION_CONTEXT('2D SPACE',''
  ) );
#4201 = ORIENTED_EDGE('',*,*,#2999,.T.);
#4202 = ORIENTED_EDGE('',*,*,#4050,.F.);
#4203 = ORIENTED_EDGE('',*,*,#4204,.F.);
#4204 = EDGE_CURVE('',#4182,#4025,#4205,.T.);
#4205 = SURFACE_CURVE('',#4206,(#4210,#4217),.PCURVE_S1.);
#4206 = LINE('',#4207,#4208);
#4207 = CARTESIAN_POINT('',(-67.,-13.,226.));
#4208 = VECTOR('',#4209,1.);
#4209 = DIRECTION('',(0.,0.,-1.));
#4210 = PCURVE('',#3014,#4211);
#4211 = DEFINITIONAL_REPRESENTATION('',(#4212),#4216);
#4212 = LINE('',#4213,#4214);
#4213 = CARTESIAN_POINT('',(0.,-0.));
#4214 = VECTOR('',#4215,1.);
#4215 = DIRECTION('',(1.,0.));
#4216 = ( GEOMETRIC_REPRESENTATION_CONTEXT(2) 
PARAMETRIC_REPRESENTATION_CONTEXT() REPRESENTATION_CONTEXT('2D SPACE',''
  ) );
#4217 = PCURVE('',#4039,#4218);
#4218 = DEFINITIONAL_REPRESENTATION('',(#4219),#4223);
#4219 = LINE('',#4220,#4221);
#4220 = CARTESIAN_POINT('',(151.85102787635,-25.63718652457));
#4221 = VECTOR('',#4222,1.);
#4222 = DIRECTION('',(-0.986045635561,0.166475237173));
#4223 = ( GEOMETRIC_REPRESENTATION_CONTEXT(2) 
PARAMETRIC_REPRESENTATION_CONTEXT() REPRESENTATION_CONTEXT('2D SPACE',''
  ) );
#4224 = ADVANCED_FACE('',(#4225),#2988,.F.);
#4225 = FACE_BOUND('',#4226,.F.);
#4226 = EDGE_LOOP('',(#4227,#4248,#4249,#4250));
#4227 = ORIENTED_EDGE('',*,*,#4228,.F.);
#4228 = EDGE_CURVE('',#2949,#4229,#4231,.T.);
#4229 = VERTEX_POINT('',#4230);
#4230 = CARTESIAN_POINT('',(-67.,13.,226.));
#4231 = SURFACE_CURVE('',#4232,(#4235,#4242),.PCURVE_S1.);
#4232 = B_SPLINE_CURVE_WITH_KNOTS('',1,(#4233,#4234),.UNSPECIFIED.,.F.,
  .F.,(2,2),(0.,1.),.PIECEWISE_BEZIER_KNOTS.);
#4233 = CARTESIAN_POINT('',(-57.,8.,226.));
#4234 = CARTESIAN_POINT('',(-67.,13.,226.));
#4235 = PCURVE('',#2988,#4236);
#4236 = DEFINITIONAL_REPRESENTATION('',(#4237),#4241);
#4237 = LINE('',#4238,#4239);
#4238 = CARTESIAN_POINT('',(0.,0.));
#4239 = VECTOR('',#4240,1.);
#4240 = DIRECTION('',(0.,1.));
#4241 = ( GEOMETRIC_REPRESENTATION_CONTEXT(2) 
PARAMETRIC_REPRESENTATION_CONTEXT() REPRESENTATION_CONTEXT('2D SPACE',''
  ) );
#4242 = PCURVE('',#2963,#4243);
#4243 = DEFINITIONAL_REPRESENTATION('',(#4244),#4247);
#4244 = B_SPLINE_CURVE_WITH_KNOTS('',1,(#4245,#4246),.UNSPECIFIED.,.F.,
  .F.,(2,2),(0.,1.),.PIECEWISE_BEZIER_KNOTS.);
#4245 = CARTESIAN_POINT('',(154.,-11.18033988749));
#4246 = CARTESIAN_POINT('',(154.,0.));
#4247 = ( GEOMETRIC_REPRESENTATION_CONTEXT(2) 
PARAMETRIC_REPRESENTATION_CONTEXT() REPRESENTATION_CONTEXT('2D SPACE',''
  ) );
#4248 = ORIENTED_EDGE('',*,*,#2974,.F.);
#4249 = ORIENTED_EDGE('',*,*,#4181,.T.);
#4250 = ORIENTED_EDGE('',*,*,#4251,.F.);
#4251 = EDGE_CURVE('',#4229,#4182,#4252,.T.);
#4252 = SURFACE_CURVE('',#4253,(#4257,#4264),.PCURVE_S1.);
#4253 = LINE('',#4254,#4255);
#4254 = CARTESIAN_POINT('',(-67.,13.,226.));
#4255 = VECTOR('',#4256,1.);
#4256 = DIRECTION('',(0.,-1.,0.));
#4257 = PCURVE('',#2988,#4258);
#4258 = DEFINITIONAL_REPRESENTATION('',(#4259),#4263);
#4259 = LINE('',#4260,#4261);
#4260 = CARTESIAN_POINT('',(0.,1.));
#4261 = VECTOR('',#4262,1.);
#4262 = DIRECTION('',(1.,0.));
#4263 = ( GEOMETRIC_REPRESENTATION_CONTEXT(2) 
PARAMETRIC_REPRESENTATION_CONTEXT() REPRESENTATION_CONTEXT('2D SPACE',''
  ) );
#4264 = PCURVE('',#4039,#4265);
#4265 = DEFINITIONAL_REPRESENTATION('',(#4266),#4270);
#4266 = LINE('',#4267,#4268);
#4267 = CARTESIAN_POINT('',(156.17938404283,0.));
#4268 = VECTOR('',#4269,1.);
#4269 = DIRECTION('',(-0.166475237173,-0.986045635561));
#4270 = ( GEOMETRIC_REPRESENTATION_CONTEXT(2) 
PARAMETRIC_REPRESENTATION_CONTEXT() REPRESENTATION_CONTEXT('2D SPACE',''
  ) );
#4271 = ADVANCED_FACE('',(#4272),#2963,.F.);
#4272 = FACE_BOUND('',#4273,.F.);
#4273 = EDGE_LOOP('',(#4274,#4275,#4276,#4277));
#4274 = ORIENTED_EDGE('',*,*,#4003,.F.);
#4275 = ORIENTED_EDGE('',*,*,#2948,.T.);
#4276 = ORIENTED_EDGE('',*,*,#4228,.T.);
#4277 = ORIENTED_EDGE('',*,*,#4278,.F.);
#4278 = EDGE_CURVE('',#4004,#4229,#4279,.T.);
#4279 = SURFACE_CURVE('',#4280,(#4284,#4291),.PCURVE_S1.);
#4280 = LINE('',#4281,#4282);
#4281 = CARTESIAN_POINT('',(-67.,13.,72.));
#4282 = VECTOR('',#4283,1.);
#4283 = DIRECTION('',(0.,0.,1.));
#4284 = PCURVE('',#2963,#4285);
#4285 = DEFINITIONAL_REPRESENTATION('',(#4286),#4290);
#4286 = LINE('',#4287,#4288);
#4287 = CARTESIAN_POINT('',(0.,0.));
#4288 = VECTOR('',#4289,1.);
#4289 = DIRECTION('',(1.,0.));
#4290 = ( GEOMETRIC_REPRESENTATION_CONTEXT(2) 
PARAMETRIC_REPRESENTATION_CONTEXT() REPRESENTATION_CONTEXT('2D SPACE',''
  ) );
#4291 = PCURVE('',#4039,#4292);
#4292 = DEFINITIONAL_REPRESENTATION('',(#4293),#4297);
#4293 = LINE('',#4294,#4295);
#4294 = CARTESIAN_POINT('',(4.328356166487,25.637186524579));
#4295 = VECTOR('',#4296,1.);
#4296 = DIRECTION('',(0.986045635561,-0.166475237173));
#4297 = ( GEOMETRIC_REPRESENTATION_CONTEXT(2) 
PARAMETRIC_REPRESENTATION_CONTEXT() REPRESENTATION_CONTEXT('2D SPACE',''
  ) );
#4298 = ADVANCED_FACE('',(#4299),#3343,.F.);
#4299 = FACE_BOUND('',#4300,.F.);
#4300 = EDGE_LOOP('',(#4301,#4302,#4325,#4347,#4348));
#4301 = ORIENTED_EDGE('',*,*,#3445,.T.);
#4302 = ORIENTED_EDGE('',*,*,#4303,.F.);
#4303 = EDGE_CURVE('',#4304,#3146,#4306,.T.);
#4304 = VERTEX_POINT('',#4305);
#4305 = CARTESIAN_POINT('',(2.,-50.8,167.));
#4306 = SEAM_CURVE('',#4307,(#4311,#4318),.PCURVE_S1.);
#4307 = LINE('',#4308,#4309);
#4308 = CARTESIAN_POINT('',(2.,-64.,167.));
#4309 = VECTOR('',#4310,1.);
#4310 = DIRECTION('',(1.836970198721E-16,1.,0.));
#4311 = PCURVE('',#3343,#4312);
#4312 = DEFINITIONAL_REPRESENTATION('',(#4313),#4317);
#4313 = LINE('',#4314,#4315);
#4314 = CARTESIAN_POINT('',(6.28318530718,-0.));
#4315 = VECTOR('',#4316,1.);
#4316 = DIRECTION('',(0.,1.));
#4317 = ( GEOMETRIC_REPRESENTATION_CONTEXT(2) 
PARAMETRIC_REPRESENTATION_CONTEXT() REPRESENTATION_CONTEXT('2D SPACE',''
  ) );
#4318 = PCURVE('',#3343,#4319);
#4319 = DEFINITIONAL_REPRESENTATION('',(#4320),#4324);
#4320 = LINE('',#4321,#4322);
#4321 = CARTESIAN_POINT('',(0.,-0.));
#4322 = VECTOR('',#4323,1.);
#4323 = DIRECTION('',(0.,1.));
#4324 = ( GEOMETRIC_REPRESENTATION_CONTEXT(2) 
PARAMETRIC_REPRESENTATION_CONTEXT() REPRESENTATION_CONTEXT('2D SPACE',''
  ) );
#4325 = ORIENTED_EDGE('',*,*,#4326,.T.);
#4326 = EDGE_CURVE('',#4304,#4304,#4327,.T.);
#4327 = SURFACE_CURVE('',#4328,(#4333,#4340),.PCURVE_S1.);
#4328 = CIRCLE('',#4329,2.);
#4329 = AXIS2_PLACEMENT_3D('',#4330,#4331,#4332);
#4330 = CARTESIAN_POINT('',(-9.331808609503E-15,-50.8,167.));
#4331 = DIRECTION('',(1.836970198721E-16,1.,0.));
#4332 = DIRECTION('',(1.,-1.836970198721E-16,0.));
#4333 = PCURVE('',#3343,#4334);
#4334 = DEFINITIONAL_REPRESENTATION('',(#4335),#4339);
#4335 = LINE('',#4336,#4337);
#4336 = CARTESIAN_POINT('',(0.,13.2));
#4337 = VECTOR('',#4338,1.);
#4338 = DIRECTION('',(1.,0.));
#4339 = ( GEOMETRIC_REPRESENTATION_CONTEXT(2) 
PARAMETRIC_REPRESENTATION_CONTEXT() REPRESENTATION_CONTEXT('2D SPACE',''
  ) );
#4340 = PCURVE('',#3879,#4341);
#4341 = DEFINITIONAL_REPRESENTATION('',(#4342),#4346);
#4342 = CIRCLE('',#4343,2.);
#4343 = AXIS2_PLACEMENT_2D('',#4344,#4345);
#4344 = CARTESIAN_POINT('',(7.2,-10.));
#4345 = DIRECTION('',(1.,0.));
#4346 = ( GEOMETRIC_REPRESENTATION_CONTEXT(2) 
PARAMETRIC_REPRESENTATION_CONTEXT() REPRESENTATION_CONTEXT('2D SPACE',''
  ) );
#4347 = ORIENTED_EDGE('',*,*,#4303,.T.);
#4348 = ORIENTED_EDGE('',*,*,#3145,.T.);
#4349 = ADVANCED_FACE('',(#4350),#3507,.F.);
#4350 = FACE_BOUND('',#4351,.F.);
#4351 = EDGE_LOOP('',(#4352,#4353,#4376,#4398));
#4352 = ORIENTED_EDGE('',*,*,#3490,.F.);
#4353 = ORIENTED_EDGE('',*,*,#4354,.F.);
#4354 = EDGE_CURVE('',#4355,#3491,#4357,.T.);
#4355 = VERTEX_POINT('',#4356);
#4356 = CARTESIAN_POINT('',(-47.8,2.,167.));
#4357 = SEAM_CURVE('',#4358,(#4362,#4369),.PCURVE_S1.);
#4358 = LINE('',#4359,#4360);
#4359 = CARTESIAN_POINT('',(-62.,2.,167.));
#4360 = VECTOR('',#4361,1.);
#4361 = DIRECTION('',(1.,-1.224646799147E-16,0.));
#4362 = PCURVE('',#3507,#4363);
#4363 = DEFINITIONAL_REPRESENTATION('',(#4364),#4368);
#4364 = LINE('',#4365,#4366);
#4365 = CARTESIAN_POINT('',(6.28318530718,-0.));
#4366 = VECTOR('',#4367,1.);
#4367 = DIRECTION('',(0.,1.));
#4368 = ( GEOMETRIC_REPRESENTATION_CONTEXT(2) 
PARAMETRIC_REPRESENTATION_CONTEXT() REPRESENTATION_CONTEXT('2D SPACE',''
  ) );
#4369 = PCURVE('',#3507,#4370);
#4370 = DEFINITIONAL_REPRESENTATION('',(#4371),#4375);
#4371 = LINE('',#4372,#4373);
#4372 = CARTESIAN_POINT('',(0.,-0.));
#4373 = VECTOR('',#4374,1.);
#4374 = DIRECTION('',(0.,1.));
#4375 = ( GEOMETRIC_REPRESENTATION_CONTEXT(2) 
PARAMETRIC_REPRESENTATION_CONTEXT() REPRESENTATION_CONTEXT('2D SPACE',''
  ) );
#4376 = ORIENTED_EDGE('',*,*,#4377,.T.);
#4377 = EDGE_CURVE('',#4355,#4355,#4378,.T.);
#4378 = SURFACE_CURVE('',#4379,(#4384,#4391),.PCURVE_S1.);
#4379 = CIRCLE('',#4380,2.);
#4380 = AXIS2_PLACEMENT_3D('',#4381,#4382,#4383);
#4381 = CARTESIAN_POINT('',(-47.8,5.853811699924E-15,167.));
#4382 = DIRECTION('',(1.,-1.224646799147E-16,0.));
#4383 = DIRECTION('',(1.224646799147E-16,1.,0.));
#4384 = PCURVE('',#3507,#4385);
#4385 = DEFINITIONAL_REPRESENTATION('',(#4386),#4390);
#4386 = LINE('',#4387,#4388);
#4387 = CARTESIAN_POINT('',(0.,14.2));
#4388 = VECTOR('',#4389,1.);
#4389 = DIRECTION('',(1.,0.));
#4390 = ( GEOMETRIC_REPRESENTATION_CONTEXT(2) 
PARAMETRIC_REPRESENTATION_CONTEXT() REPRESENTATION_CONTEXT('2D SPACE',''
  ) );
#4391 = PCURVE('',#4167,#4392);
#4392 = DEFINITIONAL_REPRESENTATION('',(#4393),#4397);
#4393 = CIRCLE('',#4394,2.);
#4394 = AXIS2_PLACEMENT_2D('',#4395,#4396);
#4395 = CARTESIAN_POINT('',(9.2,-10.));
#4396 = DIRECTION('',(-1.,0.));
#4397 = ( GEOMETRIC_REPRESENTATION_CONTEXT(2) 
PARAMETRIC_REPRESENTATION_CONTEXT() REPRESENTATION_CONTEXT('2D SPACE',''
  ) );
#4398 = ORIENTED_EDGE('',*,*,#4354,.T.);
#4399 = ADVANCED_FACE('',(#4400),#3613,.T.);
#4400 = FACE_BOUND('',#4401,.T.);
#4401 = EDGE_LOOP('',(#4402,#4403,#4404,#4405));
#4402 = ORIENTED_EDGE('',*,*,#3597,.T.);
#4403 = ORIENTED_EDGE('',*,*,#3752,.T.);
#4404 = ORIENTED_EDGE('',*,*,#3725,.T.);
#4405 = ORIENTED_EDGE('',*,*,#3673,.T.);
#4406 = ADVANCED_FACE('',(#4407),#3803,.F.);
#4407 = FACE_BOUND('',#4408,.F.);
#4408 = EDGE_LOOP('',(#4409,#4410,#4433,#4461));
#4409 = ORIENTED_EDGE('',*,*,#3786,.T.);
#4410 = ORIENTED_EDGE('',*,*,#4411,.T.);
#4411 = EDGE_CURVE('',#3789,#4412,#4414,.T.);
#4412 = VERTEX_POINT('',#4413);
#4413 = CARTESIAN_POINT('',(7.2,-50.8,176.2));
#4414 = SURFACE_CURVE('',#4415,(#4419,#4426),.PCURVE_S1.);
#4415 = LINE('',#4416,#4417);
#4416 = CARTESIAN_POINT('',(7.2,-50.8,157.));
#4417 = VECTOR('',#4418,1.);
#4418 = DIRECTION('',(0.,0.,1.));
#4419 = PCURVE('',#3803,#4420);
#4420 = DEFINITIONAL_REPRESENTATION('',(#4421),#4425);
#4421 = LINE('',#4422,#4423);
#4422 = CARTESIAN_POINT('',(0.,0.));
#4423 = VECTOR('',#4424,1.);
#4424 = DIRECTION('',(0.,-1.));
#4425 = ( GEOMETRIC_REPRESENTATION_CONTEXT(2) 
PARAMETRIC_REPRESENTATION_CONTEXT() REPRESENTATION_CONTEXT('2D SPACE',''
  ) );
#4426 = PCURVE('',#3879,#4427);
#4427 = DEFINITIONAL_REPRESENTATION('',(#4428),#4432);
#4428 = LINE('',#4429,#4430);
#4429 = CARTESIAN_POINT('',(14.4,0.));
#4430 = VECTOR('',#4431,1.);
#4431 = DIRECTION('',(0.,-1.));
#4432 = ( GEOMETRIC_REPRESENTATION_CONTEXT(2) 
PARAMETRIC_REPRESENTATION_CONTEXT() REPRESENTATION_CONTEXT('2D SPACE',''
  ) );
#4433 = ORIENTED_EDGE('',*,*,#4434,.T.);
#4434 = EDGE_CURVE('',#4412,#4435,#4437,.T.);
#4435 = VERTEX_POINT('',#4436);
#4436 = CARTESIAN_POINT('',(5.95,-56.2,176.2));
#4437 = SURFACE_CURVE('',#4438,(#4442,#4449),.PCURVE_S1.);
#4438 = LINE('',#4439,#4440);
#4439 = CARTESIAN_POINT('',(7.2,-50.8,176.2));
#4440 = VECTOR('',#4441,1.);
#4441 = DIRECTION('',(-0.225518272727,-0.97423893818,0.));
#4442 = PCURVE('',#3803,#4443);
#4443 = DEFINITIONAL_REPRESENTATION('',(#4444),#4448);
#4444 = LINE('',#4445,#4446);
#4445 = CARTESIAN_POINT('',(0.,-19.2));
#4446 = VECTOR('',#4447,1.);
#4447 = DIRECTION('',(1.,0.));
#4448 = ( GEOMETRIC_REPRESENTATION_CONTEXT(2) 
PARAMETRIC_REPRESENTATION_CONTEXT() REPRESENTATION_CONTEXT('2D SPACE',''
  ) );
#4449 = PCURVE('',#4450,#4455);
#4450 = PLANE('',#4451);
#4451 = AXIS2_PLACEMENT_3D('',#4452,#4453,#4454);
#4452 = CARTESIAN_POINT('',(-1.183929600686E-14,-53.31944908482,176.2));
#4453 = DIRECTION('',(0.,0.,-1.));
#4454 = DIRECTION('',(2.22044604925E-16,1.,0.));
#4455 = DEFINITIONAL_REPRESENTATION('',(#4456),#4460);
#4456 = LINE('',#4457,#4458);
#4457 = CARTESIAN_POINT('',(2.51944908482,7.2));
#4458 = VECTOR('',#4459,1.);
#4459 = DIRECTION('',(-0.97423893818,-0.225518272727));
#4460 = ( GEOMETRIC_REPRESENTATION_CONTEXT(2) 
PARAMETRIC_REPRESENTATION_CONTEXT() REPRESENTATION_CONTEXT('2D SPACE',''
  ) );
#4461 = ORIENTED_EDGE('',*,*,#4462,.F.);
#4462 = EDGE_CURVE('',#3787,#4435,#4463,.T.);
#4463 = SURFACE_CURVE('',#4464,(#4468,#4475),.PCURVE_S1.);
#4464 = LINE('',#4465,#4466);
#4465 = CARTESIAN_POINT('',(5.95,-56.2,157.));
#4466 = VECTOR('',#4467,1.);
#4467 = DIRECTION('',(0.,0.,1.));
#4468 = PCURVE('',#3803,#4469);
#4469 = DEFINITIONAL_REPRESENTATION('',(#4470),#4474);
#4470 = LINE('',#4471,#4472);
#4471 = CARTESIAN_POINT('',(5.542788107081,0.));
#4472 = VECTOR('',#4473,1.);
#4473 = DIRECTION('',(0.,-1.));
#4474 = ( GEOMETRIC_REPRESENTATION_CONTEXT(2) 
PARAMETRIC_REPRESENTATION_CONTEXT() REPRESENTATION_CONTEXT('2D SPACE',''
  ) );
#4475 = PCURVE('',#3829,#4476);
#4476 = DEFINITIONAL_REPRESENTATION('',(#4477),#4481);
#4477 = LINE('',#4478,#4479);
#4478 = CARTESIAN_POINT('',(0.,0.));
#4479 = VECTOR('',#4480,1.);
#4480 = DIRECTION('',(0.,-1.));
#4481 = ( GEOMETRIC_REPRESENTATION_CONTEXT(2) 
PARAMETRIC_REPRESENTATION_CONTEXT() REPRESENTATION_CONTEXT('2D SPACE',''
  ) );
#4482 = ADVANCED_FACE('',(#4483,#4531),#3879,.F.);
#4483 = FACE_BOUND('',#4484,.F.);
#4484 = EDGE_LOOP('',(#4485,#4486,#4509,#4530));
#4485 = ORIENTED_EDGE('',*,*,#3866,.T.);
#4486 = ORIENTED_EDGE('',*,*,#4487,.T.);
#4487 = EDGE_CURVE('',#3841,#4488,#4490,.T.);
#4488 = VERTEX_POINT('',#4489);
#4489 = CARTESIAN_POINT('',(-7.2,-50.8,176.2));
#4490 = SURFACE_CURVE('',#4491,(#4495,#4502),.PCURVE_S1.);
#4491 = LINE('',#4492,#4493);
#4492 = CARTESIAN_POINT('',(-7.2,-50.8,157.));
#4493 = VECTOR('',#4494,1.);
#4494 = DIRECTION('',(0.,0.,1.));
#4495 = PCURVE('',#3879,#4496);
#4496 = DEFINITIONAL_REPRESENTATION('',(#4497),#4501);
#4497 = LINE('',#4498,#4499);
#4498 = CARTESIAN_POINT('',(0.,0.));
#4499 = VECTOR('',#4500,1.);
#4500 = DIRECTION('',(0.,-1.));
#4501 = ( GEOMETRIC_REPRESENTATION_CONTEXT(2) 
PARAMETRIC_REPRESENTATION_CONTEXT() REPRESENTATION_CONTEXT('2D SPACE',''
  ) );
#4502 = PCURVE('',#3855,#4503);
#4503 = DEFINITIONAL_REPRESENTATION('',(#4504),#4508);
#4504 = LINE('',#4505,#4506);
#4505 = CARTESIAN_POINT('',(5.542788107081,0.));
#4506 = VECTOR('',#4507,1.);
#4507 = DIRECTION('',(0.,-1.));
#4508 = ( GEOMETRIC_REPRESENTATION_CONTEXT(2) 
PARAMETRIC_REPRESENTATION_CONTEXT() REPRESENTATION_CONTEXT('2D SPACE',''
  ) );
#4509 = ORIENTED_EDGE('',*,*,#4510,.T.);
#4510 = EDGE_CURVE('',#4488,#4412,#4511,.T.);
#4511 = SURFACE_CURVE('',#4512,(#4516,#4523),.PCURVE_S1.);
#4512 = LINE('',#4513,#4514);
#4513 = CARTESIAN_POINT('',(-7.2,-50.8,176.2));
#4514 = VECTOR('',#4515,1.);
#4515 = DIRECTION('',(1.,-2.22044604925E-16,0.));
#4516 = PCURVE('',#3879,#4517);
#4517 = DEFINITIONAL_REPRESENTATION('',(#4518),#4522);
#4518 = LINE('',#4519,#4520);
#4519 = CARTESIAN_POINT('',(0.,-19.2));
#4520 = VECTOR('',#4521,1.);
#4521 = DIRECTION('',(1.,0.));
#4522 = ( GEOMETRIC_REPRESENTATION_CONTEXT(2) 
PARAMETRIC_REPRESENTATION_CONTEXT() REPRESENTATION_CONTEXT('2D SPACE',''
  ) );
#4523 = PCURVE('',#4450,#4524);
#4524 = DEFINITIONAL_REPRESENTATION('',(#4525),#4529);
#4525 = LINE('',#4526,#4527);
#4526 = CARTESIAN_POINT('',(2.51944908482,-7.2));
#4527 = VECTOR('',#4528,1.);
#4528 = DIRECTION('',(0.,1.));
#4529 = ( GEOMETRIC_REPRESENTATION_CONTEXT(2) 
PARAMETRIC_REPRESENTATION_CONTEXT() REPRESENTATION_CONTEXT('2D SPACE',''
  ) );
#4530 = ORIENTED_EDGE('',*,*,#4411,.F.);
#4531 = FACE_BOUND('',#4532,.F.);
#4532 = EDGE_LOOP('',(#4533));
#4533 = ORIENTED_EDGE('',*,*,#4326,.F.);
#4534 = ADVANCED_FACE('',(#4535),#3855,.F.);
#4535 = FACE_BOUND('',#4536,.F.);
#4536 = EDGE_LOOP('',(#4537,#4538,#4561,#4582));
#4537 = ORIENTED_EDGE('',*,*,#3840,.T.);
#4538 = ORIENTED_EDGE('',*,*,#4539,.T.);
#4539 = EDGE_CURVE('',#3815,#4540,#4542,.T.);
#4540 = VERTEX_POINT('',#4541);
#4541 = CARTESIAN_POINT('',(-5.95,-56.2,176.2));
#4542 = SURFACE_CURVE('',#4543,(#4547,#4554),.PCURVE_S1.);
#4543 = LINE('',#4544,#4545);
#4544 = CARTESIAN_POINT('',(-5.95,-56.2,157.));
#4545 = VECTOR('',#4546,1.);
#4546 = DIRECTION('',(0.,0.,1.));
#4547 = PCURVE('',#3855,#4548);
#4548 = DEFINITIONAL_REPRESENTATION('',(#4549),#4553);
#4549 = LINE('',#4550,#4551);
#4550 = CARTESIAN_POINT('',(0.,0.));
#4551 = VECTOR('',#4552,1.);
#4552 = DIRECTION('',(0.,-1.));
#4553 = ( GEOMETRIC_REPRESENTATION_CONTEXT(2) 
PARAMETRIC_REPRESENTATION_CONTEXT() REPRESENTATION_CONTEXT('2D SPACE',''
  ) );
#4554 = PCURVE('',#3829,#4555);
#4555 = DEFINITIONAL_REPRESENTATION('',(#4556),#4560);
#4556 = LINE('',#4557,#4558);
#4557 = CARTESIAN_POINT('',(11.9,0.));
#4558 = VECTOR('',#4559,1.);
#4559 = DIRECTION('',(0.,-1.));
#4560 = ( GEOMETRIC_REPRESENTATION_CONTEXT(2) 
PARAMETRIC_REPRESENTATION_CONTEXT() REPRESENTATION_CONTEXT('2D SPACE',''
  ) );
#4561 = ORIENTED_EDGE('',*,*,#4562,.T.);
#4562 = EDGE_CURVE('',#4540,#4488,#4563,.T.);
#4563 = SURFACE_CURVE('',#4564,(#4568,#4575),.PCURVE_S1.);
#4564 = LINE('',#4565,#4566);
#4565 = CARTESIAN_POINT('',(-5.95,-56.2,176.2));
#4566 = VECTOR('',#4567,1.);
#4567 = DIRECTION('',(-0.225518272727,0.97423893818,0.));
#4568 = PCURVE('',#3855,#4569);
#4569 = DEFINITIONAL_REPRESENTATION('',(#4570),#4574);
#4570 = LINE('',#4571,#4572);
#4571 = CARTESIAN_POINT('',(0.,-19.2));
#4572 = VECTOR('',#4573,1.);
#4573 = DIRECTION('',(1.,0.));
#4574 = ( GEOMETRIC_REPRESENTATION_CONTEXT(2) 
PARAMETRIC_REPRESENTATION_CONTEXT() REPRESENTATION_CONTEXT('2D SPACE',''
  ) );
#4575 = PCURVE('',#4450,#4576);
#4576 = DEFINITIONAL_REPRESENTATION('',(#4577),#4581);
#4577 = LINE('',#4578,#4579);
#4578 = CARTESIAN_POINT('',(-2.88055091518,-5.95));
#4579 = VECTOR('',#4580,1.);
#4580 = DIRECTION('',(0.97423893818,-0.225518272727));
#4581 = ( GEOMETRIC_REPRESENTATION_CONTEXT(2) 
PARAMETRIC_REPRESENTATION_CONTEXT() REPRESENTATION_CONTEXT('2D SPACE',''
  ) );
#4582 = ORIENTED_EDGE('',*,*,#4487,.F.);
#4583 = ADVANCED_FACE('',(#4584,#4610),#3829,.F.);
#4584 = FACE_BOUND('',#4585,.F.);
#4585 = EDGE_LOOP('',(#4586,#4587,#4588,#4609));
#4586 = ORIENTED_EDGE('',*,*,#3814,.T.);
#4587 = ORIENTED_EDGE('',*,*,#4462,.T.);
#4588 = ORIENTED_EDGE('',*,*,#4589,.T.);
#4589 = EDGE_CURVE('',#4435,#4540,#4590,.T.);
#4590 = SURFACE_CURVE('',#4591,(#4595,#4602),.PCURVE_S1.);
#4591 = LINE('',#4592,#4593);
#4592 = CARTESIAN_POINT('',(5.95,-56.2,176.2));
#4593 = VECTOR('',#4594,1.);
#4594 = DIRECTION('',(-1.,2.22044604925E-16,0.));
#4595 = PCURVE('',#3829,#4596);
#4596 = DEFINITIONAL_REPRESENTATION('',(#4597),#4601);
#4597 = LINE('',#4598,#4599);
#4598 = CARTESIAN_POINT('',(0.,-19.2));
#4599 = VECTOR('',#4600,1.);
#4600 = DIRECTION('',(1.,0.));
#4601 = ( GEOMETRIC_REPRESENTATION_CONTEXT(2) 
PARAMETRIC_REPRESENTATION_CONTEXT() REPRESENTATION_CONTEXT('2D SPACE',''
  ) );
#4602 = PCURVE('',#4450,#4603);
#4603 = DEFINITIONAL_REPRESENTATION('',(#4604),#4608);
#4604 = LINE('',#4605,#4606);
#4605 = CARTESIAN_POINT('',(-2.88055091518,5.95));
#4606 = VECTOR('',#4607,1.);
#4607 = DIRECTION('',(0.,-1.));
#4608 = ( GEOMETRIC_REPRESENTATION_CONTEXT(2) 
PARAMETRIC_REPRESENTATION_CONTEXT() REPRESENTATION_CONTEXT('2D SPACE',''
  ) );
#4609 = ORIENTED_EDGE('',*,*,#4539,.F.);
#4610 = FACE_BOUND('',#4611,.F.);
#4611 = EDGE_LOOP('',(#4612));
#4612 = ORIENTED_EDGE('',*,*,#3947,.T.);
#4613 = ADVANCED_FACE('',(#4614),#4039,.T.);
#4614 = FACE_BOUND('',#4615,.T.);
#4615 = EDGE_LOOP('',(#4616,#4617,#4618,#4619));
#4616 = ORIENTED_EDGE('',*,*,#4024,.F.);
#4617 = ORIENTED_EDGE('',*,*,#4204,.F.);
#4618 = ORIENTED_EDGE('',*,*,#4251,.F.);
#4619 = ORIENTED_EDGE('',*,*,#4278,.F.);
#4620 = ADVANCED_FACE('',(#4621),#4091,.F.);
#4621 = FACE_BOUND('',#4622,.F.);
#4622 = EDGE_LOOP('',(#4623,#4624,#4647,#4675));
#4623 = ORIENTED_EDGE('',*,*,#4074,.T.);
#4624 = ORIENTED_EDGE('',*,*,#4625,.T.);
#4625 = EDGE_CURVE('',#4077,#4626,#4628,.T.);
#4626 = VERTEX_POINT('',#4627);
#4627 = CARTESIAN_POINT('',(-47.8,-9.2,176.2));
#4628 = SURFACE_CURVE('',#4629,(#4633,#4640),.PCURVE_S1.);
#4629 = LINE('',#4630,#4631);
#4630 = CARTESIAN_POINT('',(-47.8,-9.2,157.));
#4631 = VECTOR('',#4632,1.);
#4632 = DIRECTION('',(0.,0.,1.));
#4633 = PCURVE('',#4091,#4634);
#4634 = DEFINITIONAL_REPRESENTATION('',(#4635),#4639);
#4635 = LINE('',#4636,#4637);
#4636 = CARTESIAN_POINT('',(0.,0.));
#4637 = VECTOR('',#4638,1.);
#4638 = DIRECTION('',(0.,-1.));
#4639 = ( GEOMETRIC_REPRESENTATION_CONTEXT(2) 
PARAMETRIC_REPRESENTATION_CONTEXT() REPRESENTATION_CONTEXT('2D SPACE',''
  ) );
#4640 = PCURVE('',#4167,#4641);
#4641 = DEFINITIONAL_REPRESENTATION('',(#4642),#4646);
#4642 = LINE('',#4643,#4644);
#4643 = CARTESIAN_POINT('',(18.4,-0.));
#4644 = VECTOR('',#4645,1.);
#4645 = DIRECTION('',(0.,-1.));
#4646 = ( GEOMETRIC_REPRESENTATION_CONTEXT(2) 
PARAMETRIC_REPRESENTATION_CONTEXT() REPRESENTATION_CONTEXT('2D SPACE',''
  ) );
#4647 = ORIENTED_EDGE('',*,*,#4648,.T.);
#4648 = EDGE_CURVE('',#4626,#4649,#4651,.T.);
#4649 = VERTEX_POINT('',#4650);
#4650 = CARTESIAN_POINT('',(-55.2,-7.45,176.2));
#4651 = SURFACE_CURVE('',#4652,(#4656,#4663),.PCURVE_S1.);
#4652 = LINE('',#4653,#4654);
#4653 = CARTESIAN_POINT('',(-47.8,-9.2,176.2));
#4654 = VECTOR('',#4655,1.);
#4655 = DIRECTION('',(-0.973157843484,0.230138679202,0.));
#4656 = PCURVE('',#4091,#4657);
#4657 = DEFINITIONAL_REPRESENTATION('',(#4658),#4662);
#4658 = LINE('',#4659,#4660);
#4659 = CARTESIAN_POINT('',(0.,-19.2));
#4660 = VECTOR('',#4661,1.);
#4661 = DIRECTION('',(1.,0.));
#4662 = ( GEOMETRIC_REPRESENTATION_CONTEXT(2) 
PARAMETRIC_REPRESENTATION_CONTEXT() REPRESENTATION_CONTEXT('2D SPACE',''
  ) );
#4663 = PCURVE('',#4664,#4669);
#4664 = PLANE('',#4665);
#4665 = AXIS2_PLACEMENT_3D('',#4666,#4667,#4668);
#4666 = CARTESIAN_POINT('',(-51.23303494521,6.274237225626E-15,176.2));
#4667 = DIRECTION('',(0.,0.,-1.));
#4668 = DIRECTION('',(1.,-1.224646799147E-16,0.));
#4669 = DEFINITIONAL_REPRESENTATION('',(#4670),#4674);
#4670 = LINE('',#4671,#4672);
#4671 = CARTESIAN_POINT('',(3.433034945211,9.2));
#4672 = VECTOR('',#4673,1.);
#4673 = DIRECTION('',(-0.973157843484,-0.230138679202));
#4674 = ( GEOMETRIC_REPRESENTATION_CONTEXT(2) 
PARAMETRIC_REPRESENTATION_CONTEXT() REPRESENTATION_CONTEXT('2D SPACE',''
  ) );
#4675 = ORIENTED_EDGE('',*,*,#4676,.F.);
#4676 = EDGE_CURVE('',#4075,#4649,#4677,.T.);
#4677 = SURFACE_CURVE('',#4678,(#4682,#4689),.PCURVE_S1.);
#4678 = LINE('',#4679,#4680);
#4679 = CARTESIAN_POINT('',(-55.2,-7.45,157.));
#4680 = VECTOR('',#4681,1.);
#4681 = DIRECTION('',(0.,0.,1.));
#4682 = PCURVE('',#4091,#4683);
#4683 = DEFINITIONAL_REPRESENTATION('',(#4684),#4688);
#4684 = LINE('',#4685,#4686);
#4685 = CARTESIAN_POINT('',(7.604110730388,0.));
#4686 = VECTOR('',#4687,1.);
#4687 = DIRECTION('',(0.,-1.));
#4688 = ( GEOMETRIC_REPRESENTATION_CONTEXT(2) 
PARAMETRIC_REPRESENTATION_CONTEXT() REPRESENTATION_CONTEXT('2D SPACE',''
  ) );
#4689 = PCURVE('',#4117,#4690);
#4690 = DEFINITIONAL_REPRESENTATION('',(#4691),#4695);
#4691 = LINE('',#4692,#4693);
#4692 = CARTESIAN_POINT('',(0.,0.));
#4693 = VECTOR('',#4694,1.);
#4694 = DIRECTION('',(0.,-1.));
#4695 = ( GEOMETRIC_REPRESENTATION_CONTEXT(2) 
PARAMETRIC_REPRESENTATION_CONTEXT() REPRESENTATION_CONTEXT('2D SPACE',''
  ) );
#4696 = ADVANCED_FACE('',(#4697,#4745),#4167,.F.);
#4697 = FACE_BOUND('',#4698,.F.);
#4698 = EDGE_LOOP('',(#4699,#4700,#4723,#4744));
#4699 = ORIENTED_EDGE('',*,*,#4154,.T.);
#4700 = ORIENTED_EDGE('',*,*,#4701,.T.);
#4701 = EDGE_CURVE('',#4129,#4702,#4704,.T.);
#4702 = VERTEX_POINT('',#4703);
#4703 = CARTESIAN_POINT('',(-47.8,9.2,176.2));
#4704 = SURFACE_CURVE('',#4705,(#4709,#4716),.PCURVE_S1.);
#4705 = LINE('',#4706,#4707);
#4706 = CARTESIAN_POINT('',(-47.8,9.2,157.));
#4707 = VECTOR('',#4708,1.);
#4708 = DIRECTION('',(0.,0.,1.));
#4709 = PCURVE('',#4167,#4710);
#4710 = DEFINITIONAL_REPRESENTATION('',(#4711),#4715);
#4711 = LINE('',#4712,#4713);
#4712 = CARTESIAN_POINT('',(0.,0.));
#4713 = VECTOR('',#4714,1.);
#4714 = DIRECTION('',(0.,-1.));
#4715 = ( GEOMETRIC_REPRESENTATION_CONTEXT(2) 
PARAMETRIC_REPRESENTATION_CONTEXT() REPRESENTATION_CONTEXT('2D SPACE',''
  ) );
#4716 = PCURVE('',#4143,#4717);
#4717 = DEFINITIONAL_REPRESENTATION('',(#4718),#4722);
#4718 = LINE('',#4719,#4720);
#4719 = CARTESIAN_POINT('',(7.604110730388,0.));
#4720 = VECTOR('',#4721,1.);
#4721 = DIRECTION('',(0.,-1.));
#4722 = ( GEOMETRIC_REPRESENTATION_CONTEXT(2) 
PARAMETRIC_REPRESENTATION_CONTEXT() REPRESENTATION_CONTEXT('2D SPACE',''
  ) );
#4723 = ORIENTED_EDGE('',*,*,#4724,.T.);
#4724 = EDGE_CURVE('',#4702,#4626,#4725,.T.);
#4725 = SURFACE_CURVE('',#4726,(#4730,#4737),.PCURVE_S1.);
#4726 = LINE('',#4727,#4728);
#4727 = CARTESIAN_POINT('',(-47.8,9.2,176.2));
#4728 = VECTOR('',#4729,1.);
#4729 = DIRECTION('',(-1.224646799147E-16,-1.,0.));
#4730 = PCURVE('',#4167,#4731);
#4731 = DEFINITIONAL_REPRESENTATION('',(#4732),#4736);
#4732 = LINE('',#4733,#4734);
#4733 = CARTESIAN_POINT('',(0.,-19.2));
#4734 = VECTOR('',#4735,1.);
#4735 = DIRECTION('',(1.,0.));
#4736 = ( GEOMETRIC_REPRESENTATION_CONTEXT(2) 
PARAMETRIC_REPRESENTATION_CONTEXT() REPRESENTATION_CONTEXT('2D SPACE',''
  ) );
#4737 = PCURVE('',#4664,#4738);
#4738 = DEFINITIONAL_REPRESENTATION('',(#4739),#4743);
#4739 = LINE('',#4740,#4741);
#4740 = CARTESIAN_POINT('',(3.433034945211,-9.2));
#4741 = VECTOR('',#4742,1.);
#4742 = DIRECTION('',(0.,1.));
#4743 = ( GEOMETRIC_REPRESENTATION_CONTEXT(2) 
PARAMETRIC_REPRESENTATION_CONTEXT() REPRESENTATION_CONTEXT('2D SPACE',''
  ) );
#4744 = ORIENTED_EDGE('',*,*,#4625,.F.);
#4745 = FACE_BOUND('',#4746,.F.);
#4746 = EDGE_LOOP('',(#4747));
#4747 = ORIENTED_EDGE('',*,*,#4377,.F.);
#4748 = ADVANCED_FACE('',(#4749),#4143,.F.);
#4749 = FACE_BOUND('',#4750,.F.);
#4750 = EDGE_LOOP('',(#4751,#4752,#4775,#4796));
#4751 = ORIENTED_EDGE('',*,*,#4128,.T.);
#4752 = ORIENTED_EDGE('',*,*,#4753,.T.);
#4753 = EDGE_CURVE('',#4103,#4754,#4756,.T.);
#4754 = VERTEX_POINT('',#4755);
#4755 = CARTESIAN_POINT('',(-55.2,7.45,176.2));
#4756 = SURFACE_CURVE('',#4757,(#4761,#4768),.PCURVE_S1.);
#4757 = LINE('',#4758,#4759);
#4758 = CARTESIAN_POINT('',(-55.2,7.45,157.));
#4759 = VECTOR('',#4760,1.);
#4760 = DIRECTION('',(0.,0.,1.));
#4761 = PCURVE('',#4143,#4762);
#4762 = DEFINITIONAL_REPRESENTATION('',(#4763),#4767);
#4763 = LINE('',#4764,#4765);
#4764 = CARTESIAN_POINT('',(0.,0.));
#4765 = VECTOR('',#4766,1.);
#4766 = DIRECTION('',(0.,-1.));
#4767 = ( GEOMETRIC_REPRESENTATION_CONTEXT(2) 
PARAMETRIC_REPRESENTATION_CONTEXT() REPRESENTATION_CONTEXT('2D SPACE',''
  ) );
#4768 = PCURVE('',#4117,#4769);
#4769 = DEFINITIONAL_REPRESENTATION('',(#4770),#4774);
#4770 = LINE('',#4771,#4772);
#4771 = CARTESIAN_POINT('',(14.9,0.));
#4772 = VECTOR('',#4773,1.);
#4773 = DIRECTION('',(0.,-1.));
#4774 = ( GEOMETRIC_REPRESENTATION_CONTEXT(2) 
PARAMETRIC_REPRESENTATION_CONTEXT() REPRESENTATION_CONTEXT('2D SPACE',''
  ) );
#4775 = ORIENTED_EDGE('',*,*,#4776,.T.);
#4776 = EDGE_CURVE('',#4754,#4702,#4777,.T.);
#4777 = SURFACE_CURVE('',#4778,(#4782,#4789),.PCURVE_S1.);
#4778 = LINE('',#4779,#4780);
#4779 = CARTESIAN_POINT('',(-55.2,7.45,176.2));
#4780 = VECTOR('',#4781,1.);
#4781 = DIRECTION('',(0.973157843484,0.230138679202,0.));
#4782 = PCURVE('',#4143,#4783);
#4783 = DEFINITIONAL_REPRESENTATION('',(#4784),#4788);
#4784 = LINE('',#4785,#4786);
#4785 = CARTESIAN_POINT('',(0.,-19.2));
#4786 = VECTOR('',#4787,1.);
#4787 = DIRECTION('',(1.,0.));
#4788 = ( GEOMETRIC_REPRESENTATION_CONTEXT(2) 
PARAMETRIC_REPRESENTATION_CONTEXT() REPRESENTATION_CONTEXT('2D SPACE',''
  ) );
#4789 = PCURVE('',#4664,#4790);
#4790 = DEFINITIONAL_REPRESENTATION('',(#4791),#4795);
#4791 = LINE('',#4792,#4793);
#4792 = CARTESIAN_POINT('',(-3.966965054789,-7.45));
#4793 = VECTOR('',#4794,1.);
#4794 = DIRECTION('',(0.973157843484,-0.230138679202));
#4795 = ( GEOMETRIC_REPRESENTATION_CONTEXT(2) 
PARAMETRIC_REPRESENTATION_CONTEXT() REPRESENTATION_CONTEXT('2D SPACE',''
  ) );
#4796 = ORIENTED_EDGE('',*,*,#4701,.F.);
#4797 = ADVANCED_FACE('',(#4798,#4824),#4117,.F.);
#4798 = FACE_BOUND('',#4799,.F.);
#4799 = EDGE_LOOP('',(#4800,#4801,#4802,#4823));
#4800 = ORIENTED_EDGE('',*,*,#4102,.T.);
#4801 = ORIENTED_EDGE('',*,*,#4676,.T.);
#4802 = ORIENTED_EDGE('',*,*,#4803,.T.);
#4803 = EDGE_CURVE('',#4649,#4754,#4804,.T.);
#4804 = SURFACE_CURVE('',#4805,(#4809,#4816),.PCURVE_S1.);
#4805 = LINE('',#4806,#4807);
#4806 = CARTESIAN_POINT('',(-55.2,-7.45,176.2));
#4807 = VECTOR('',#4808,1.);
#4808 = DIRECTION('',(1.224646799147E-16,1.,0.));
#4809 = PCURVE('',#4117,#4810);
#4810 = DEFINITIONAL_REPRESENTATION('',(#4811),#4815);
#4811 = LINE('',#4812,#4813);
#4812 = CARTESIAN_POINT('',(0.,-19.2));
#4813 = VECTOR('',#4814,1.);
#4814 = DIRECTION('',(1.,0.));
#4815 = ( GEOMETRIC_REPRESENTATION_CONTEXT(2) 
PARAMETRIC_REPRESENTATION_CONTEXT() REPRESENTATION_CONTEXT('2D SPACE',''
  ) );
#4816 = PCURVE('',#4664,#4817);
#4817 = DEFINITIONAL_REPRESENTATION('',(#4818),#4822);
#4818 = LINE('',#4819,#4820);
#4819 = CARTESIAN_POINT('',(-3.966965054789,7.45));
#4820 = VECTOR('',#4821,1.);
#4821 = DIRECTION('',(0.,-1.));
#4822 = ( GEOMETRIC_REPRESENTATION_CONTEXT(2) 
PARAMETRIC_REPRESENTATION_CONTEXT() REPRESENTATION_CONTEXT('2D SPACE',''
  ) );
#4823 = ORIENTED_EDGE('',*,*,#4753,.F.);
#4824 = FACE_BOUND('',#4825,.F.);
#4825 = EDGE_LOOP('',(#4826));
#4826 = ORIENTED_EDGE('',*,*,#4827,.T.);
#4827 = EDGE_CURVE('',#4828,#4828,#4830,.T.);
#4828 = VERTEX_POINT('',#4829);
#4829 = CARTESIAN_POINT('',(-55.2,2.,167.));
#4830 = SURFACE_CURVE('',#4831,(#4836,#4847),.PCURVE_S1.);
#4831 = CIRCLE('',#4832,2.);
#4832 = AXIS2_PLACEMENT_3D('',#4833,#4834,#4835);
#4833 = CARTESIAN_POINT('',(-55.2,6.760050331293E-15,167.));
#4834 = DIRECTION('',(1.,-1.224646799147E-16,0.));
#4835 = DIRECTION('',(1.224646799147E-16,1.,0.));
#4836 = PCURVE('',#4117,#4837);
#4837 = DEFINITIONAL_REPRESENTATION('',(#4838),#4846);
#4838 = ( BOUNDED_CURVE() B_SPLINE_CURVE(2,(#4839,#4840,#4841,#4842,
#4843,#4844,#4845),.UNSPECIFIED.,.T.,.F.) B_SPLINE_CURVE_WITH_KNOTS((1,2
    ,2,2,2,1),(-2.094395102393,0.,2.094395102393,4.188790204786,
6.28318530718,8.377580409573),.UNSPECIFIED.) CURVE() 
GEOMETRIC_REPRESENTATION_ITEM() RATIONAL_B_SPLINE_CURVE((1.,0.5,1.,0.5,
1.,0.5,1.)) REPRESENTATION_ITEM('') );
#4839 = CARTESIAN_POINT('',(9.45,-10.));
#4840 = CARTESIAN_POINT('',(9.45,-13.46410161513));
#4841 = CARTESIAN_POINT('',(6.45,-11.73205080756));
#4842 = CARTESIAN_POINT('',(3.45,-10.));
#4843 = CARTESIAN_POINT('',(6.45,-8.267949192431));
#4844 = CARTESIAN_POINT('',(9.45,-6.535898384862));
#4845 = CARTESIAN_POINT('',(9.45,-10.));
#4846 = ( GEOMETRIC_REPRESENTATION_CONTEXT(2) 
PARAMETRIC_REPRESENTATION_CONTEXT() REPRESENTATION_CONTEXT('2D SPACE',''
  ) );
#4847 = PCURVE('',#4848,#4853);
#4848 = CYLINDRICAL_SURFACE('',#4849,2.);
#4849 = AXIS2_PLACEMENT_3D('',#4850,#4851,#4852);
#4850 = CARTESIAN_POINT('',(-62.,7.592810154714E-15,167.));
#4851 = DIRECTION('',(1.,-1.224646799147E-16,0.));
#4852 = DIRECTION('',(1.224646799147E-16,1.,0.));
#4853 = DEFINITIONAL_REPRESENTATION('',(#4854),#4858);
#4854 = LINE('',#4855,#4856);
#4855 = CARTESIAN_POINT('',(0.,6.8));
#4856 = VECTOR('',#4857,1.);
#4857 = DIRECTION('',(1.,0.));
#4858 = ( GEOMETRIC_REPRESENTATION_CONTEXT(2) 
PARAMETRIC_REPRESENTATION_CONTEXT() REPRESENTATION_CONTEXT('2D SPACE',''
  ) );
#4859 = ADVANCED_FACE('',(#4860),#4450,.T.);
#4860 = FACE_BOUND('',#4861,.T.);
#4861 = EDGE_LOOP('',(#4862,#4863,#4864,#4865));
#4862 = ORIENTED_EDGE('',*,*,#4434,.T.);
#4863 = ORIENTED_EDGE('',*,*,#4589,.T.);
#4864 = ORIENTED_EDGE('',*,*,#4562,.T.);
#4865 = ORIENTED_EDGE('',*,*,#4510,.T.);
#4866 = ADVANCED_FACE('',(#4867),#4664,.T.);
#4867 = FACE_BOUND('',#4868,.T.);
#4868 = EDGE_LOOP('',(#4869,#4870,#4871,#4872));
#4869 = ORIENTED_EDGE('',*,*,#4648,.T.);
#4870 = ORIENTED_EDGE('',*,*,#4803,.T.);
#4871 = ORIENTED_EDGE('',*,*,#4776,.T.);
#4872 = ORIENTED_EDGE('',*,*,#4724,.T.);
#4873 = ADVANCED_FACE('',(#4874),#4848,.F.);
#4874 = FACE_BOUND('',#4875,.F.);
#4875 = EDGE_LOOP('',(#4876,#4877,#4900,#4927));
#4876 = ORIENTED_EDGE('',*,*,#4827,.F.);
#4877 = ORIENTED_EDGE('',*,*,#4878,.F.);
#4878 = EDGE_CURVE('',#4879,#4828,#4881,.T.);
#4879 = VERTEX_POINT('',#4880);
#4880 = CARTESIAN_POINT('',(-62.,2.,167.));
#4881 = SEAM_CURVE('',#4882,(#4886,#4893),.PCURVE_S1.);
#4882 = LINE('',#4883,#4884);
#4883 = CARTESIAN_POINT('',(-62.,2.,167.));
#4884 = VECTOR('',#4885,1.);
#4885 = DIRECTION('',(1.,-1.224646799147E-16,0.));
#4886 = PCURVE('',#4848,#4887);
#4887 = DEFINITIONAL_REPRESENTATION('',(#4888),#4892);
#4888 = LINE('',#4889,#4890);
#4889 = CARTESIAN_POINT('',(6.28318530718,-0.));
#4890 = VECTOR('',#4891,1.);
#4891 = DIRECTION('',(0.,1.));
#4892 = ( GEOMETRIC_REPRESENTATION_CONTEXT(2) 
PARAMETRIC_REPRESENTATION_CONTEXT() REPRESENTATION_CONTEXT('2D SPACE',''
  ) );
#4893 = PCURVE('',#4848,#4894);
#4894 = DEFINITIONAL_REPRESENTATION('',(#4895),#4899);
#4895 = LINE('',#4896,#4897);
#4896 = CARTESIAN_POINT('',(0.,-0.));
#4897 = VECTOR('',#4898,1.);
#4898 = DIRECTION('',(0.,1.));
#4899 = ( GEOMETRIC_REPRESENTATION_CONTEXT(2) 
PARAMETRIC_REPRESENTATION_CONTEXT() REPRESENTATION_CONTEXT('2D SPACE',''
  ) );
#4900 = ORIENTED_EDGE('',*,*,#4901,.T.);
#4901 = EDGE_CURVE('',#4879,#4879,#4902,.T.);
#4902 = SURFACE_CURVE('',#4903,(#4908,#4915),.PCURVE_S1.);
#4903 = CIRCLE('',#4904,2.);
#4904 = AXIS2_PLACEMENT_3D('',#4905,#4906,#4907);
#4905 = CARTESIAN_POINT('',(-62.,7.592810154714E-15,167.));
#4906 = DIRECTION('',(1.,-1.224646799147E-16,0.));
#4907 = DIRECTION('',(1.224646799147E-16,1.,0.));
#4908 = PCURVE('',#4848,#4909);
#4909 = DEFINITIONAL_REPRESENTATION('',(#4910),#4914);
#4910 = LINE('',#4911,#4912);
#4911 = CARTESIAN_POINT('',(0.,0.));
#4912 = VECTOR('',#4913,1.);
#4913 = DIRECTION('',(1.,0.));
#4914 = ( GEOMETRIC_REPRESENTATION_CONTEXT(2) 
PARAMETRIC_REPRESENTATION_CONTEXT() REPRESENTATION_CONTEXT('2D SPACE',''
  ) );
#4915 = PCURVE('',#4916,#4921);
#4916 = PLANE('',#4917);
#4917 = AXIS2_PLACEMENT_3D('',#4918,#4919,#4920);
#4918 = CARTESIAN_POINT('',(-62.,7.592810154714E-15,167.));
#4919 = DIRECTION('',(1.,-1.224646799147E-16,0.));
#4920 = DIRECTION('',(1.224646799147E-16,1.,0.));
#4921 = DEFINITIONAL_REPRESENTATION('',(#4922),#4926);
#4922 = CIRCLE('',#4923,2.);
#4923 = AXIS2_PLACEMENT_2D('',#4924,#4925);
#4924 = CARTESIAN_POINT('',(0.,0.));
#4925 = DIRECTION('',(1.,0.));
#4926 = ( GEOMETRIC_REPRESENTATION_CONTEXT(2) 
PARAMETRIC_REPRESENTATION_CONTEXT() REPRESENTATION_CONTEXT('2D SPACE',''
  ) );
#4927 = ORIENTED_EDGE('',*,*,#4878,.T.);
#4928 = ADVANCED_FACE('',(#4929),#4916,.T.);
#4929 = FACE_BOUND('',#4930,.F.);
#4930 = EDGE_LOOP('',(#4931));
#4931 = ORIENTED_EDGE('',*,*,#4901,.F.);
#4932 = ( GEOMETRIC_REPRESENTATION_CONTEXT(3) 
GLOBAL_UNCERTAINTY_ASSIGNED_CONTEXT((#4936)) 
GLOBAL_UNIT_ASSIGNED_CONTEXT((#4933,#4934,#4935)) REPRESENTATION_CONTEXT
('Context #1','3D Context with UNIT and UNCERTAINTY') );
#4933 = ( LENGTH_UNIT() NAMED_UNIT(*) SI_UNIT(.MILLI.,.METRE.) );
#4934 = ( NAMED_UNIT(*) PLANE_ANGLE_UNIT() SI_UNIT($,.RADIAN.) );
#4935 = ( NAMED_UNIT(*) SI_UNIT($,.STERADIAN.) SOLID_ANGLE_UNIT() );
#4936 = UNCERTAINTY_MEASURE_WITH_UNIT(LENGTH_MEASURE(1.E-06),#4933,
  'distance_accuracy_value','confusion accuracy');
#4937 = PRODUCT_RELATED_PRODUCT_CATEGORY('part',$,(#7));
ENDSEC;
END-ISO-10303-21;
