ISO-10303-21;
HEADER;
FILE_DESCRIPTION(('Open CASCADE Model'),'2;1');
FILE_NAME('Open CASCADE Shape Model','2026-10-03T20:09:22',('Author'),(
    'Open CASCADE'),'Open CASCADE STEP processor 7.9','Open CASCADE 7.9'
  ,'Unknown');
FILE_SCHEMA(('AUTOMOTIVE_DESIGN { 1 0 10303 214 1 1 1 1 }'));
ENDSEC;
DATA;
#1 = APPLICATION_PROTOCOL_DEFINITION('international standard',
  'automotive_design',2000,#2);
#2 = APPLICATION_CONTEXT(
  'core data for automotive mechanical design processes');
#3 = SHAPE_DEFINITION_REPRESENTATION(#4,#10);
#4 = PRODUCT_DEFINITION_SHAPE('','',#5);
#5 = PRODUCT_DEFINITION('design','',#6,#9);
#6 = PRODUCT_DEFINITION_FORMATION('','',#7);
#7 = PRODUCT('Open CASCADE STEP translator 7.9 1',
  'Open CASCADE STEP translator 7.9 1','',(#8));
#8 = PRODUCT_CONTEXT('',#2,'mechanical');
#9 = PRODUCT_DEFINITION_CONTEXT('part definition',#2,'design');
#10 = ADVANCED_BREP_SHAPE_REPRESENTATION('',(#11,#15),#10319);
#11 = AXIS2_PLACEMENT_3D('',#12,#13,#14);
#12 = CARTESIAN_POINT('',(0.,0.,0.));
#13 = DIRECTION('',(0.,0.,1.));
#14 = DIRECTION('',(1.,0.,-0.));
#15 = MANIFOLD_SOLID_BREP('',#16);
#16 = CLOSED_SHELL('',(#17,#352,#428,#817,#890,#956,#1024,#1072,#1219,
    #1457,#1530,#1596,#1674,#1831,#3386,#3460,#4135,#4231,#4392,#4419,
    #4467,#4563,#4724,#4751,#4799,#4895,#5056,#5083,#5131,#5312,#5594,
    #5663,#5710,#5757,#5782,#5851,#5898,#5945,#5970,#6019,#6066,#6113,
    #6160,#6187,#6217,#6244,#6271,#6278,#6325,#6352,#6379,#6386,#6484,
    #6552,#6577,#6604,#6611,#6709,#6777,#6802,#6829,#6836,#6843,#6870,
    #6897,#6924,#6951,#6958,#6965,#6992,#7019,#7093,#7186,#7213,#7240,
    #7289,#7318,#7325,#7332,#7359,#7386,#7413,#7440,#7447,#7496,#7550,
    #7599,#7654,#7703,#7730,#7757,#7792,#7841,#7916,#7965,#8035,#8106,
    #8133,#8160,#8218,#8274,#8323,#8350,#8377,#8412,#8685,#8740,#8744,
    #8799,#8803,#8858,#8862,#8917,#8921,#9097,#9148,#9222,#9317,#9384,
    #9390,#9396,#9420,#9596,#9647,#9721,#9816,#9883,#9889,#9895,#9919,
    #9974,#10003,#10030,#10062,#10089,#10116,#10145,#10172,#10215,#10241
    ,#10267,#10311));
#17 = ADVANCED_FACE('',(#18),#32,.T.);
#18 = FACE_BOUND('',#19,.T.);
#19 = EDGE_LOOP('',(#20,#55,#83,#111,#139,#167,#195,#223,#251,#279,#304,
    #329));
#20 = ORIENTED_EDGE('',*,*,#21,.T.);
#21 = EDGE_CURVE('',#22,#24,#26,.T.);
#22 = VERTEX_POINT('',#23);
#23 = CARTESIAN_POINT('',(-58.25,10.002513484719,240.));
#24 = VERTEX_POINT('',#25);
#25 = CARTESIAN_POINT('',(-58.25,70.,240.));
#26 = SURFACE_CURVE('',#27,(#31,#43),.PCURVE_S1.);
#27 = LINE('',#28,#29);
#28 = CARTESIAN_POINT('',(-58.25,-70.,240.));
#29 = VECTOR('',#30,1.);
#30 = DIRECTION('',(0.,1.,0.));
#31 = PCURVE('',#32,#37);
#32 = PLANE('',#33);
#33 = AXIS2_PLACEMENT_3D('',#34,#35,#36);
#34 = CARTESIAN_POINT('',(-61.25,-70.,240.));
#35 = DIRECTION('',(0.,0.,1.));
#36 = DIRECTION('',(1.,0.,0.));
#37 = DEFINITIONAL_REPRESENTATION('',(#38),#42);
#38 = LINE('',#39,#40);
#39 = CARTESIAN_POINT('',(3.,0.));
#40 = VECTOR('',#41,1.);
#41 = DIRECTION('',(0.,1.));
#42 = ( GEOMETRIC_REPRESENTATION_CONTEXT(2) 
PARAMETRIC_REPRESENTATION_CONTEXT() REPRESENTATION_CONTEXT('2D SPACE',''
  ) );
#43 = PCURVE('',#44,#49);
#44 = PLANE('',#45);
#45 = AXIS2_PLACEMENT_3D('',#46,#47,#48);
#46 = CARTESIAN_POINT('',(-58.25,-70.,148.));
#47 = DIRECTION('',(1.,0.,0.));
#48 = DIRECTION('',(0.,0.,1.));
#49 = DEFINITIONAL_REPRESENTATION('',(#50),#54);
#50 = LINE('',#51,#52);
#51 = CARTESIAN_POINT('',(92.,0.));
#52 = VECTOR('',#53,1.);
#53 = DIRECTION('',(0.,-1.));
#54 = ( GEOMETRIC_REPRESENTATION_CONTEXT(2) 
PARAMETRIC_REPRESENTATION_CONTEXT() REPRESENTATION_CONTEXT('2D SPACE',''
  ) );
#55 = ORIENTED_EDGE('',*,*,#56,.T.);
#56 = EDGE_CURVE('',#24,#57,#59,.T.);
#57 = VERTEX_POINT('',#58);
#58 = CARTESIAN_POINT('',(-63.25,70.,240.));
#59 = SURFACE_CURVE('',#60,(#64,#71),.PCURVE_S1.);
#60 = LINE('',#61,#62);
#61 = CARTESIAN_POINT('',(-58.25,70.,240.));
#62 = VECTOR('',#63,1.);
#63 = DIRECTION('',(-1.,0.,0.));
#64 = PCURVE('',#32,#65);
#65 = DEFINITIONAL_REPRESENTATION('',(#66),#70);
#66 = LINE('',#67,#68);
#67 = CARTESIAN_POINT('',(3.,140.));
#68 = VECTOR('',#69,1.);
#69 = DIRECTION('',(-1.,0.));
#70 = ( GEOMETRIC_REPRESENTATION_CONTEXT(2) 
PARAMETRIC_REPRESENTATION_CONTEXT() REPRESENTATION_CONTEXT('2D SPACE',''
  ) );
#71 = PCURVE('',#72,#77);
#72 = PLANE('',#73);
#73 = AXIS2_PLACEMENT_3D('',#74,#75,#76);
#74 = CARTESIAN_POINT('',(-61.25,70.,148.));
#75 = DIRECTION('',(0.,1.,0.));
#76 = DIRECTION('',(0.,0.,1.));
#77 = DEFINITIONAL_REPRESENTATION('',(#78),#82);
#78 = LINE('',#79,#80);
#79 = CARTESIAN_POINT('',(92.,3.));
#80 = VECTOR('',#81,1.);
#81 = DIRECTION('',(0.,-1.));
#82 = ( GEOMETRIC_REPRESENTATION_CONTEXT(2) 
PARAMETRIC_REPRESENTATION_CONTEXT() REPRESENTATION_CONTEXT('2D SPACE',''
  ) );
#83 = ORIENTED_EDGE('',*,*,#84,.F.);
#84 = EDGE_CURVE('',#85,#57,#87,.T.);
#85 = VERTEX_POINT('',#86);
#86 = CARTESIAN_POINT('',(-63.25,17.,240.));
#87 = SURFACE_CURVE('',#88,(#92,#99),.PCURVE_S1.);
#88 = LINE('',#89,#90);
#89 = CARTESIAN_POINT('',(-63.25,-70.,240.));
#90 = VECTOR('',#91,1.);
#91 = DIRECTION('',(0.,1.,0.));
#92 = PCURVE('',#32,#93);
#93 = DEFINITIONAL_REPRESENTATION('',(#94),#98);
#94 = LINE('',#95,#96);
#95 = CARTESIAN_POINT('',(-2.,0.));
#96 = VECTOR('',#97,1.);
#97 = DIRECTION('',(0.,1.));
#98 = ( GEOMETRIC_REPRESENTATION_CONTEXT(2) 
PARAMETRIC_REPRESENTATION_CONTEXT() REPRESENTATION_CONTEXT('2D SPACE',''
  ) );
#99 = PCURVE('',#100,#105);
#100 = PLANE('',#101);
#101 = AXIS2_PLACEMENT_3D('',#102,#103,#104);
#102 = CARTESIAN_POINT('',(-63.25,-70.,148.));
#103 = DIRECTION('',(1.,0.,0.));
#104 = DIRECTION('',(0.,0.,1.));
#105 = DEFINITIONAL_REPRESENTATION('',(#106),#110);
#106 = LINE('',#107,#108);
#107 = CARTESIAN_POINT('',(92.,0.));
#108 = VECTOR('',#109,1.);
#109 = DIRECTION('',(0.,-1.));
#110 = ( GEOMETRIC_REPRESENTATION_CONTEXT(2) 
PARAMETRIC_REPRESENTATION_CONTEXT() REPRESENTATION_CONTEXT('2D SPACE',''
  ) );
#111 = ORIENTED_EDGE('',*,*,#112,.F.);
#112 = EDGE_CURVE('',#113,#85,#115,.T.);
#113 = VERTEX_POINT('',#114);
#114 = CARTESIAN_POINT('',(-70.,17.,240.));
#115 = SURFACE_CURVE('',#116,(#120,#127),.PCURVE_S1.);
#116 = LINE('',#117,#118);
#117 = CARTESIAN_POINT('',(-70.,17.,240.));
#118 = VECTOR('',#119,1.);
#119 = DIRECTION('',(1.,0.,0.));
#120 = PCURVE('',#32,#121);
#121 = DEFINITIONAL_REPRESENTATION('',(#122),#126);
#122 = LINE('',#123,#124);
#123 = CARTESIAN_POINT('',(-8.75,87.));
#124 = VECTOR('',#125,1.);
#125 = DIRECTION('',(1.,0.));
#126 = ( GEOMETRIC_REPRESENTATION_CONTEXT(2) 
PARAMETRIC_REPRESENTATION_CONTEXT() REPRESENTATION_CONTEXT('2D SPACE',''
  ) );
#127 = PCURVE('',#128,#133);
#128 = PLANE('',#129);
#129 = AXIS2_PLACEMENT_3D('',#130,#131,#132);
#130 = CARTESIAN_POINT('',(-70.,17.,148.));
#131 = DIRECTION('',(0.,1.,0.));
#132 = DIRECTION('',(0.,0.,1.));
#133 = DEFINITIONAL_REPRESENTATION('',(#134),#138);
#134 = LINE('',#135,#136);
#135 = CARTESIAN_POINT('',(92.,0.));
#136 = VECTOR('',#137,1.);
#137 = DIRECTION('',(0.,1.));
#138 = ( GEOMETRIC_REPRESENTATION_CONTEXT(2) 
PARAMETRIC_REPRESENTATION_CONTEXT() REPRESENTATION_CONTEXT('2D SPACE',''
  ) );
#139 = ORIENTED_EDGE('',*,*,#140,.F.);
#140 = EDGE_CURVE('',#141,#113,#143,.T.);
#141 = VERTEX_POINT('',#142);
#142 = CARTESIAN_POINT('',(-70.,-17.,240.));
#143 = SURFACE_CURVE('',#144,(#148,#155),.PCURVE_S1.);
#144 = LINE('',#145,#146);
#145 = CARTESIAN_POINT('',(-70.,-17.,240.));
#146 = VECTOR('',#147,1.);
#147 = DIRECTION('',(0.,1.,0.));
#148 = PCURVE('',#32,#149);
#149 = DEFINITIONAL_REPRESENTATION('',(#150),#154);
#150 = LINE('',#151,#152);
#151 = CARTESIAN_POINT('',(-8.75,53.));
#152 = VECTOR('',#153,1.);
#153 = DIRECTION('',(0.,1.));
#154 = ( GEOMETRIC_REPRESENTATION_CONTEXT(2) 
PARAMETRIC_REPRESENTATION_CONTEXT() REPRESENTATION_CONTEXT('2D SPACE',''
  ) );
#155 = PCURVE('',#156,#161);
#156 = PLANE('',#157);
#157 = AXIS2_PLACEMENT_3D('',#158,#159,#160);
#158 = CARTESIAN_POINT('',(-70.,-17.,148.));
#159 = DIRECTION('',(1.,0.,0.));
#160 = DIRECTION('',(0.,0.,1.));
#161 = DEFINITIONAL_REPRESENTATION('',(#162),#166);
#162 = LINE('',#163,#164);
#163 = CARTESIAN_POINT('',(92.,0.));
#164 = VECTOR('',#165,1.);
#165 = DIRECTION('',(0.,-1.));
#166 = ( GEOMETRIC_REPRESENTATION_CONTEXT(2) 
PARAMETRIC_REPRESENTATION_CONTEXT() REPRESENTATION_CONTEXT('2D SPACE',''
  ) );
#167 = ORIENTED_EDGE('',*,*,#168,.T.);
#168 = EDGE_CURVE('',#141,#169,#171,.T.);
#169 = VERTEX_POINT('',#170);
#170 = CARTESIAN_POINT('',(-63.25,-17.,240.));
#171 = SURFACE_CURVE('',#172,(#176,#183),.PCURVE_S1.);
#172 = LINE('',#173,#174);
#173 = CARTESIAN_POINT('',(-70.,-17.,240.));
#174 = VECTOR('',#175,1.);
#175 = DIRECTION('',(1.,0.,0.));
#176 = PCURVE('',#32,#177);
#177 = DEFINITIONAL_REPRESENTATION('',(#178),#182);
#178 = LINE('',#179,#180);
#179 = CARTESIAN_POINT('',(-8.75,53.));
#180 = VECTOR('',#181,1.);
#181 = DIRECTION('',(1.,0.));
#182 = ( GEOMETRIC_REPRESENTATION_CONTEXT(2) 
PARAMETRIC_REPRESENTATION_CONTEXT() REPRESENTATION_CONTEXT('2D SPACE',''
  ) );
#183 = PCURVE('',#184,#189);
#184 = PLANE('',#185);
#185 = AXIS2_PLACEMENT_3D('',#186,#187,#188);
#186 = CARTESIAN_POINT('',(-70.,-17.,148.));
#187 = DIRECTION('',(0.,1.,0.));
#188 = DIRECTION('',(0.,0.,1.));
#189 = DEFINITIONAL_REPRESENTATION('',(#190),#194);
#190 = LINE('',#191,#192);
#191 = CARTESIAN_POINT('',(92.,0.));
#192 = VECTOR('',#193,1.);
#193 = DIRECTION('',(0.,1.));
#194 = ( GEOMETRIC_REPRESENTATION_CONTEXT(2) 
PARAMETRIC_REPRESENTATION_CONTEXT() REPRESENTATION_CONTEXT('2D SPACE',''
  ) );
#195 = ORIENTED_EDGE('',*,*,#196,.F.);
#196 = EDGE_CURVE('',#197,#169,#199,.T.);
#197 = VERTEX_POINT('',#198);
#198 = CARTESIAN_POINT('',(-63.25,-70.,240.));
#199 = SURFACE_CURVE('',#200,(#204,#211),.PCURVE_S1.);
#200 = LINE('',#201,#202);
#201 = CARTESIAN_POINT('',(-63.25,-70.,240.));
#202 = VECTOR('',#203,1.);
#203 = DIRECTION('',(0.,1.,0.));
#204 = PCURVE('',#32,#205);
#205 = DEFINITIONAL_REPRESENTATION('',(#206),#210);
#206 = LINE('',#207,#208);
#207 = CARTESIAN_POINT('',(-2.,0.));
#208 = VECTOR('',#209,1.);
#209 = DIRECTION('',(0.,1.));
#210 = ( GEOMETRIC_REPRESENTATION_CONTEXT(2) 
PARAMETRIC_REPRESENTATION_CONTEXT() REPRESENTATION_CONTEXT('2D SPACE',''
  ) );
#211 = PCURVE('',#212,#217);
#212 = PLANE('',#213);
#213 = AXIS2_PLACEMENT_3D('',#214,#215,#216);
#214 = CARTESIAN_POINT('',(-63.25,-70.,148.));
#215 = DIRECTION('',(1.,0.,0.));
#216 = DIRECTION('',(0.,0.,1.));
#217 = DEFINITIONAL_REPRESENTATION('',(#218),#222);
#218 = LINE('',#219,#220);
#219 = CARTESIAN_POINT('',(92.,0.));
#220 = VECTOR('',#221,1.);
#221 = DIRECTION('',(0.,-1.));
#222 = ( GEOMETRIC_REPRESENTATION_CONTEXT(2) 
PARAMETRIC_REPRESENTATION_CONTEXT() REPRESENTATION_CONTEXT('2D SPACE',''
  ) );
#223 = ORIENTED_EDGE('',*,*,#224,.T.);
#224 = EDGE_CURVE('',#197,#225,#227,.T.);
#225 = VERTEX_POINT('',#226);
#226 = CARTESIAN_POINT('',(-58.25,-70.,240.));
#227 = SURFACE_CURVE('',#228,(#232,#239),.PCURVE_S1.);
#228 = LINE('',#229,#230);
#229 = CARTESIAN_POINT('',(-63.25,-70.,240.));
#230 = VECTOR('',#231,1.);
#231 = DIRECTION('',(1.,0.,0.));
#232 = PCURVE('',#32,#233);
#233 = DEFINITIONAL_REPRESENTATION('',(#234),#238);
#234 = LINE('',#235,#236);
#235 = CARTESIAN_POINT('',(-2.,0.));
#236 = VECTOR('',#237,1.);
#237 = DIRECTION('',(1.,0.));
#238 = ( GEOMETRIC_REPRESENTATION_CONTEXT(2) 
PARAMETRIC_REPRESENTATION_CONTEXT() REPRESENTATION_CONTEXT('2D SPACE',''
  ) );
#239 = PCURVE('',#240,#245);
#240 = PLANE('',#241);
#241 = AXIS2_PLACEMENT_3D('',#242,#243,#244);
#242 = CARTESIAN_POINT('',(-61.25,-70.,148.));
#243 = DIRECTION('',(0.,1.,0.));
#244 = DIRECTION('',(0.,0.,1.));
#245 = DEFINITIONAL_REPRESENTATION('',(#246),#250);
#246 = LINE('',#247,#248);
#247 = CARTESIAN_POINT('',(92.,-2.));
#248 = VECTOR('',#249,1.);
#249 = DIRECTION('',(0.,1.));
#250 = ( GEOMETRIC_REPRESENTATION_CONTEXT(2) 
PARAMETRIC_REPRESENTATION_CONTEXT() REPRESENTATION_CONTEXT('2D SPACE',''
  ) );
#251 = ORIENTED_EDGE('',*,*,#252,.T.);
#252 = EDGE_CURVE('',#225,#253,#255,.T.);
#253 = VERTEX_POINT('',#254);
#254 = CARTESIAN_POINT('',(-58.25,-10.00251348471,240.));
#255 = SURFACE_CURVE('',#256,(#260,#267),.PCURVE_S1.);
#256 = LINE('',#257,#258);
#257 = CARTESIAN_POINT('',(-58.25,-70.,240.));
#258 = VECTOR('',#259,1.);
#259 = DIRECTION('',(0.,1.,0.));
#260 = PCURVE('',#32,#261);
#261 = DEFINITIONAL_REPRESENTATION('',(#262),#266);
#262 = LINE('',#263,#264);
#263 = CARTESIAN_POINT('',(3.,0.));
#264 = VECTOR('',#265,1.);
#265 = DIRECTION('',(0.,1.));
#266 = ( GEOMETRIC_REPRESENTATION_CONTEXT(2) 
PARAMETRIC_REPRESENTATION_CONTEXT() REPRESENTATION_CONTEXT('2D SPACE',''
  ) );
#267 = PCURVE('',#268,#273);
#268 = PLANE('',#269);
#269 = AXIS2_PLACEMENT_3D('',#270,#271,#272);
#270 = CARTESIAN_POINT('',(-58.25,-70.,148.));
#271 = DIRECTION('',(1.,0.,0.));
#272 = DIRECTION('',(0.,0.,1.));
#273 = DEFINITIONAL_REPRESENTATION('',(#274),#278);
#274 = LINE('',#275,#276);
#275 = CARTESIAN_POINT('',(92.,0.));
#276 = VECTOR('',#277,1.);
#277 = DIRECTION('',(0.,-1.));
#278 = ( GEOMETRIC_REPRESENTATION_CONTEXT(2) 
PARAMETRIC_REPRESENTATION_CONTEXT() REPRESENTATION_CONTEXT('2D SPACE',''
  ) );
#279 = ORIENTED_EDGE('',*,*,#280,.F.);
#280 = EDGE_CURVE('',#281,#253,#283,.T.);
#281 = VERTEX_POINT('',#282);
#282 = CARTESIAN_POINT('',(-68.34800498753,-15.05151597848,240.));
#283 = SURFACE_CURVE('',#284,(#287,#293),.PCURVE_S1.);
#284 = B_SPLINE_CURVE_WITH_KNOTS('',1,(#285,#286),.UNSPECIFIED.,.F.,.F.,
  (2,2),(0.,1.),.PIECEWISE_BEZIER_KNOTS.);
#285 = CARTESIAN_POINT('',(-68.34800498753,-15.05151597848,240.));
#286 = CARTESIAN_POINT('',(-58.25,-10.00251348471,240.));
#287 = PCURVE('',#32,#288);
#288 = DEFINITIONAL_REPRESENTATION('',(#289),#292);
#289 = B_SPLINE_CURVE_WITH_KNOTS('',1,(#290,#291),.UNSPECIFIED.,.F.,.F.,
  (2,2),(0.,1.),.PIECEWISE_BEZIER_KNOTS.);
#290 = CARTESIAN_POINT('',(-7.098004987531,54.948484021516));
#291 = CARTESIAN_POINT('',(3.,59.997486515281));
#292 = ( GEOMETRIC_REPRESENTATION_CONTEXT(2) 
PARAMETRIC_REPRESENTATION_CONTEXT() REPRESENTATION_CONTEXT('2D SPACE',''
  ) );
#293 = PCURVE('',#294,#299);
#294 = B_SPLINE_SURFACE_WITH_KNOTS('',1,1,(
    (#295,#296)
    ,(#297,#298
    )),.UNSPECIFIED.,.F.,.F.,.F.,(2,2),(2,2),(0.,15.764279241374),(0.,1.
    ),.PIECEWISE_BEZIER_KNOTS.);
#295 = CARTESIAN_POINT('',(-54.25,-7.204508497187,236.));
#296 = CARTESIAN_POINT('',(-54.25,-8.004508497187,240.01));
#297 = CARTESIAN_POINT('',(-67.55,-13.85450849718,236.));
#298 = CARTESIAN_POINT('',(-68.35,-15.05450849718,240.01));
#299 = DEFINITIONAL_REPRESENTATION('',(#300),#303);
#300 = B_SPLINE_CURVE_WITH_KNOTS('',1,(#301,#302),.UNSPECIFIED.,.F.,.F.,
  (2,2),(0.,1.),.PIECEWISE_BEZIER_KNOTS.);
#301 = CARTESIAN_POINT('',(15.764279241374,0.997506234414));
#302 = CARTESIAN_POINT('',(4.472768808159,0.997506234414));
#303 = ( GEOMETRIC_REPRESENTATION_CONTEXT(2) 
PARAMETRIC_REPRESENTATION_CONTEXT() REPRESENTATION_CONTEXT('2D SPACE',''
  ) );
#304 = ORIENTED_EDGE('',*,*,#305,.F.);
#305 = EDGE_CURVE('',#306,#281,#308,.T.);
#306 = VERTEX_POINT('',#307);
#307 = CARTESIAN_POINT('',(-68.34800498753,15.051515978484,240.));
#308 = SURFACE_CURVE('',#309,(#312,#318),.PCURVE_S1.);
#309 = B_SPLINE_CURVE_WITH_KNOTS('',1,(#310,#311),.UNSPECIFIED.,.F.,.F.,
  (2,2),(0.,1.),.PIECEWISE_BEZIER_KNOTS.);
#310 = CARTESIAN_POINT('',(-68.34800498753,15.051515978484,240.));
#311 = CARTESIAN_POINT('',(-68.34800498753,-15.05151597848,240.));
#312 = PCURVE('',#32,#313);
#313 = DEFINITIONAL_REPRESENTATION('',(#314),#317);
#314 = B_SPLINE_CURVE_WITH_KNOTS('',1,(#315,#316),.UNSPECIFIED.,.F.,.F.,
  (2,2),(0.,1.),.PIECEWISE_BEZIER_KNOTS.);
#315 = CARTESIAN_POINT('',(-7.098004987531,85.051515978484));
#316 = CARTESIAN_POINT('',(-7.098004987531,54.948484021516));
#317 = ( GEOMETRIC_REPRESENTATION_CONTEXT(2) 
PARAMETRIC_REPRESENTATION_CONTEXT() REPRESENTATION_CONTEXT('2D SPACE',''
  ) );
#318 = PCURVE('',#319,#324);
#319 = B_SPLINE_SURFACE_WITH_KNOTS('',1,1,(
    (#320,#321)
    ,(#322,#323
    )),.UNSPECIFIED.,.F.,.F.,.F.,(2,2),(2,2),(0.,30.109016994375),(0.,1.
    ),.PIECEWISE_BEZIER_KNOTS.);
#320 = CARTESIAN_POINT('',(-67.55,-13.85450849718,236.));
#321 = CARTESIAN_POINT('',(-68.35,-15.05450849718,240.01));
#322 = CARTESIAN_POINT('',(-67.55,13.854508497187,236.));
#323 = CARTESIAN_POINT('',(-68.35,15.054508497187,240.01));
#324 = DEFINITIONAL_REPRESENTATION('',(#325),#328);
#325 = B_SPLINE_CURVE_WITH_KNOTS('',1,(#326,#327),.UNSPECIFIED.,.F.,.F.,
  (2,2),(0.,1.),.PIECEWISE_BEZIER_KNOTS.);
#326 = CARTESIAN_POINT('',(30.109016994375,0.997506234414));
#327 = CARTESIAN_POINT('',(0.,0.997506234414));
#328 = ( GEOMETRIC_REPRESENTATION_CONTEXT(2) 
PARAMETRIC_REPRESENTATION_CONTEXT() REPRESENTATION_CONTEXT('2D SPACE',''
  ) );
#329 = ORIENTED_EDGE('',*,*,#330,.F.);
#330 = EDGE_CURVE('',#22,#306,#331,.T.);
#331 = SURFACE_CURVE('',#332,(#335,#341),.PCURVE_S1.);
#332 = B_SPLINE_CURVE_WITH_KNOTS('',1,(#333,#334),.UNSPECIFIED.,.F.,.F.,
  (2,2),(0.,1.),.PIECEWISE_BEZIER_KNOTS.);
#333 = CARTESIAN_POINT('',(-58.25,10.002513484719,240.));
#334 = CARTESIAN_POINT('',(-68.34800498753,15.051515978484,240.));
#335 = PCURVE('',#32,#336);
#336 = DEFINITIONAL_REPRESENTATION('',(#337),#340);
#337 = B_SPLINE_CURVE_WITH_KNOTS('',1,(#338,#339),.UNSPECIFIED.,.F.,.F.,
  (2,2),(0.,1.),.PIECEWISE_BEZIER_KNOTS.);
#338 = CARTESIAN_POINT('',(3.,80.002513484719));
#339 = CARTESIAN_POINT('',(-7.098004987531,85.051515978484));
#340 = ( GEOMETRIC_REPRESENTATION_CONTEXT(2) 
PARAMETRIC_REPRESENTATION_CONTEXT() REPRESENTATION_CONTEXT('2D SPACE',''
  ) );
#341 = PCURVE('',#342,#347);
#342 = B_SPLINE_SURFACE_WITH_KNOTS('',1,1,(
    (#343,#344)
    ,(#345,#346
    )),.UNSPECIFIED.,.F.,.F.,.F.,(2,2),(2,2),(0.,15.764279241374),(0.,1.
    ),.PIECEWISE_BEZIER_KNOTS.);
#343 = CARTESIAN_POINT('',(-67.55,13.854508497187,236.));
#344 = CARTESIAN_POINT('',(-68.35,15.054508497187,240.01));
#345 = CARTESIAN_POINT('',(-54.25,7.204508497187,236.));
#346 = CARTESIAN_POINT('',(-54.25,8.004508497187,240.01));
#347 = DEFINITIONAL_REPRESENTATION('',(#348),#351);
#348 = B_SPLINE_CURVE_WITH_KNOTS('',1,(#349,#350),.UNSPECIFIED.,.F.,.F.,
  (2,2),(0.,1.),.PIECEWISE_BEZIER_KNOTS.);
#349 = CARTESIAN_POINT('',(11.291510433215,0.997506234414));
#350 = CARTESIAN_POINT('',(0.,0.997506234414));
#351 = ( GEOMETRIC_REPRESENTATION_CONTEXT(2) 
PARAMETRIC_REPRESENTATION_CONTEXT() REPRESENTATION_CONTEXT('2D SPACE',''
  ) );
#352 = ADVANCED_FACE('',(#353),#72,.T.);
#353 = FACE_BOUND('',#354,.T.);
#354 = EDGE_LOOP('',(#355,#385,#406,#407));
#355 = ORIENTED_EDGE('',*,*,#356,.T.);
#356 = EDGE_CURVE('',#357,#359,#361,.T.);
#357 = VERTEX_POINT('',#358);
#358 = CARTESIAN_POINT('',(-58.25,70.,148.));
#359 = VERTEX_POINT('',#360);
#360 = CARTESIAN_POINT('',(-63.25,70.,148.));
#361 = SURFACE_CURVE('',#362,(#366,#373),.PCURVE_S1.);
#362 = LINE('',#363,#364);
#363 = CARTESIAN_POINT('',(-58.25,70.,148.));
#364 = VECTOR('',#365,1.);
#365 = DIRECTION('',(-1.,0.,0.));
#366 = PCURVE('',#72,#367);
#367 = DEFINITIONAL_REPRESENTATION('',(#368),#372);
#368 = LINE('',#369,#370);
#369 = CARTESIAN_POINT('',(0.,3.));
#370 = VECTOR('',#371,1.);
#371 = DIRECTION('',(0.,-1.));
#372 = ( GEOMETRIC_REPRESENTATION_CONTEXT(2) 
PARAMETRIC_REPRESENTATION_CONTEXT() REPRESENTATION_CONTEXT('2D SPACE',''
  ) );
#373 = PCURVE('',#374,#379);
#374 = PLANE('',#375);
#375 = AXIS2_PLACEMENT_3D('',#376,#377,#378);
#376 = CARTESIAN_POINT('',(-61.25,-70.,148.));
#377 = DIRECTION('',(0.,0.,1.));
#378 = DIRECTION('',(1.,0.,0.));
#379 = DEFINITIONAL_REPRESENTATION('',(#380),#384);
#380 = LINE('',#381,#382);
#381 = CARTESIAN_POINT('',(3.,140.));
#382 = VECTOR('',#383,1.);
#383 = DIRECTION('',(-1.,0.));
#384 = ( GEOMETRIC_REPRESENTATION_CONTEXT(2) 
PARAMETRIC_REPRESENTATION_CONTEXT() REPRESENTATION_CONTEXT('2D SPACE',''
  ) );
#385 = ORIENTED_EDGE('',*,*,#386,.T.);
#386 = EDGE_CURVE('',#359,#57,#387,.T.);
#387 = SURFACE_CURVE('',#388,(#392,#399),.PCURVE_S1.);
#388 = LINE('',#389,#390);
#389 = CARTESIAN_POINT('',(-63.25,70.,148.));
#390 = VECTOR('',#391,1.);
#391 = DIRECTION('',(0.,0.,1.));
#392 = PCURVE('',#72,#393);
#393 = DEFINITIONAL_REPRESENTATION('',(#394),#398);
#394 = LINE('',#395,#396);
#395 = CARTESIAN_POINT('',(0.,-2.));
#396 = VECTOR('',#397,1.);
#397 = DIRECTION('',(1.,0.));
#398 = ( GEOMETRIC_REPRESENTATION_CONTEXT(2) 
PARAMETRIC_REPRESENTATION_CONTEXT() REPRESENTATION_CONTEXT('2D SPACE',''
  ) );
#399 = PCURVE('',#100,#400);
#400 = DEFINITIONAL_REPRESENTATION('',(#401),#405);
#401 = LINE('',#402,#403);
#402 = CARTESIAN_POINT('',(0.,-140.));
#403 = VECTOR('',#404,1.);
#404 = DIRECTION('',(1.,0.));
#405 = ( GEOMETRIC_REPRESENTATION_CONTEXT(2) 
PARAMETRIC_REPRESENTATION_CONTEXT() REPRESENTATION_CONTEXT('2D SPACE',''
  ) );
#406 = ORIENTED_EDGE('',*,*,#56,.F.);
#407 = ORIENTED_EDGE('',*,*,#408,.F.);
#408 = EDGE_CURVE('',#357,#24,#409,.T.);
#409 = SURFACE_CURVE('',#410,(#414,#421),.PCURVE_S1.);
#410 = LINE('',#411,#412);
#411 = CARTESIAN_POINT('',(-58.25,70.,148.));
#412 = VECTOR('',#413,1.);
#413 = DIRECTION('',(0.,0.,1.));
#414 = PCURVE('',#72,#415);
#415 = DEFINITIONAL_REPRESENTATION('',(#416),#420);
#416 = LINE('',#417,#418);
#417 = CARTESIAN_POINT('',(0.,3.));
#418 = VECTOR('',#419,1.);
#419 = DIRECTION('',(1.,0.));
#420 = ( GEOMETRIC_REPRESENTATION_CONTEXT(2) 
PARAMETRIC_REPRESENTATION_CONTEXT() REPRESENTATION_CONTEXT('2D SPACE',''
  ) );
#421 = PCURVE('',#44,#422);
#422 = DEFINITIONAL_REPRESENTATION('',(#423),#427);
#423 = LINE('',#424,#425);
#424 = CARTESIAN_POINT('',(0.,-140.));
#425 = VECTOR('',#426,1.);
#426 = DIRECTION('',(1.,0.));
#427 = ( GEOMETRIC_REPRESENTATION_CONTEXT(2) 
PARAMETRIC_REPRESENTATION_CONTEXT() REPRESENTATION_CONTEXT('2D SPACE',''
  ) );
#428 = ADVANCED_FACE('',(#429),#374,.F.);
#429 = FACE_BOUND('',#430,.F.);
#430 = EDGE_LOOP('',(#431,#461,#488,#511,#534,#557,#583,#609,#635,#656,
    #657,#680,#707,#735,#763,#791));
#431 = ORIENTED_EDGE('',*,*,#432,.F.);
#432 = EDGE_CURVE('',#433,#435,#437,.T.);
#433 = VERTEX_POINT('',#434);
#434 = CARTESIAN_POINT('',(-61.25,-68.5,148.));
#435 = VERTEX_POINT('',#436);
#436 = CARTESIAN_POINT('',(-61.25,-62.,148.));
#437 = SURFACE_CURVE('',#438,(#442,#449),.PCURVE_S1.);
#438 = LINE('',#439,#440);
#439 = CARTESIAN_POINT('',(-61.25,-70.,148.));
#440 = VECTOR('',#441,1.);
#441 = DIRECTION('',(0.,1.,0.));
#442 = PCURVE('',#374,#443);
#443 = DEFINITIONAL_REPRESENTATION('',(#444),#448);
#444 = LINE('',#445,#446);
#445 = CARTESIAN_POINT('',(0.,0.));
#446 = VECTOR('',#447,1.);
#447 = DIRECTION('',(0.,1.));
#448 = ( GEOMETRIC_REPRESENTATION_CONTEXT(2) 
PARAMETRIC_REPRESENTATION_CONTEXT() REPRESENTATION_CONTEXT('2D SPACE',''
  ) );
#449 = PCURVE('',#450,#455);
#450 = PLANE('',#451);
#451 = AXIS2_PLACEMENT_3D('',#452,#453,#454);
#452 = CARTESIAN_POINT('',(-61.25,-70.,148.));
#453 = DIRECTION('',(1.,0.,0.));
#454 = DIRECTION('',(0.,0.,1.));
#455 = DEFINITIONAL_REPRESENTATION('',(#456),#460);
#456 = LINE('',#457,#458);
#457 = CARTESIAN_POINT('',(0.,0.));
#458 = VECTOR('',#459,1.);
#459 = DIRECTION('',(0.,-1.));
#460 = ( GEOMETRIC_REPRESENTATION_CONTEXT(2) 
PARAMETRIC_REPRESENTATION_CONTEXT() REPRESENTATION_CONTEXT('2D SPACE',''
  ) );
#461 = ORIENTED_EDGE('',*,*,#462,.T.);
#462 = EDGE_CURVE('',#433,#463,#465,.T.);
#463 = VERTEX_POINT('',#464);
#464 = CARTESIAN_POINT('',(-63.25,-68.5,148.));
#465 = SURFACE_CURVE('',#466,(#470,#477),.PCURVE_S1.);
#466 = LINE('',#467,#468);
#467 = CARTESIAN_POINT('',(-63.75,-68.5,148.));
#468 = VECTOR('',#469,1.);
#469 = DIRECTION('',(-1.,0.,0.));
#470 = PCURVE('',#374,#471);
#471 = DEFINITIONAL_REPRESENTATION('',(#472),#476);
#472 = LINE('',#473,#474);
#473 = CARTESIAN_POINT('',(-2.5,1.5));
#474 = VECTOR('',#475,1.);
#475 = DIRECTION('',(-1.,0.));
#476 = ( GEOMETRIC_REPRESENTATION_CONTEXT(2) 
PARAMETRIC_REPRESENTATION_CONTEXT() REPRESENTATION_CONTEXT('2D SPACE',''
  ) );
#477 = PCURVE('',#478,#483);
#478 = PLANE('',#479);
#479 = AXIS2_PLACEMENT_3D('',#480,#481,#482);
#480 = CARTESIAN_POINT('',(-64.25,-68.5,147.));
#481 = DIRECTION('',(0.,1.,0.));
#482 = DIRECTION('',(0.,0.,1.));
#483 = DEFINITIONAL_REPRESENTATION('',(#484),#487);
#484 = B_SPLINE_CURVE_WITH_KNOTS('',1,(#485,#486),.UNSPECIFIED.,.F.,.F.,
  (2,2),(-2.5,-0.5),.PIECEWISE_BEZIER_KNOTS.);
#485 = CARTESIAN_POINT('',(1.,3.));
#486 = CARTESIAN_POINT('',(1.,1.));
#487 = ( GEOMETRIC_REPRESENTATION_CONTEXT(2) 
PARAMETRIC_REPRESENTATION_CONTEXT() REPRESENTATION_CONTEXT('2D SPACE',''
  ) );
#488 = ORIENTED_EDGE('',*,*,#489,.F.);
#489 = EDGE_CURVE('',#490,#463,#492,.T.);
#490 = VERTEX_POINT('',#491);
#491 = CARTESIAN_POINT('',(-63.25,-70.,148.));
#492 = SURFACE_CURVE('',#493,(#497,#504),.PCURVE_S1.);
#493 = LINE('',#494,#495);
#494 = CARTESIAN_POINT('',(-63.25,-70.,148.));
#495 = VECTOR('',#496,1.);
#496 = DIRECTION('',(0.,1.,0.));
#497 = PCURVE('',#374,#498);
#498 = DEFINITIONAL_REPRESENTATION('',(#499),#503);
#499 = LINE('',#500,#501);
#500 = CARTESIAN_POINT('',(-2.,0.));
#501 = VECTOR('',#502,1.);
#502 = DIRECTION('',(0.,1.));
#503 = ( GEOMETRIC_REPRESENTATION_CONTEXT(2) 
PARAMETRIC_REPRESENTATION_CONTEXT() REPRESENTATION_CONTEXT('2D SPACE',''
  ) );
#504 = PCURVE('',#212,#505);
#505 = DEFINITIONAL_REPRESENTATION('',(#506),#510);
#506 = LINE('',#507,#508);
#507 = CARTESIAN_POINT('',(0.,0.));
#508 = VECTOR('',#509,1.);
#509 = DIRECTION('',(0.,-1.));
#510 = ( GEOMETRIC_REPRESENTATION_CONTEXT(2) 
PARAMETRIC_REPRESENTATION_CONTEXT() REPRESENTATION_CONTEXT('2D SPACE',''
  ) );
#511 = ORIENTED_EDGE('',*,*,#512,.T.);
#512 = EDGE_CURVE('',#490,#513,#515,.T.);
#513 = VERTEX_POINT('',#514);
#514 = CARTESIAN_POINT('',(-58.25,-70.,148.));
#515 = SURFACE_CURVE('',#516,(#520,#527),.PCURVE_S1.);
#516 = LINE('',#517,#518);
#517 = CARTESIAN_POINT('',(-63.25,-70.,148.));
#518 = VECTOR('',#519,1.);
#519 = DIRECTION('',(1.,0.,0.));
#520 = PCURVE('',#374,#521);
#521 = DEFINITIONAL_REPRESENTATION('',(#522),#526);
#522 = LINE('',#523,#524);
#523 = CARTESIAN_POINT('',(-2.,0.));
#524 = VECTOR('',#525,1.);
#525 = DIRECTION('',(1.,0.));
#526 = ( GEOMETRIC_REPRESENTATION_CONTEXT(2) 
PARAMETRIC_REPRESENTATION_CONTEXT() REPRESENTATION_CONTEXT('2D SPACE',''
  ) );
#527 = PCURVE('',#240,#528);
#528 = DEFINITIONAL_REPRESENTATION('',(#529),#533);
#529 = LINE('',#530,#531);
#530 = CARTESIAN_POINT('',(0.,-2.));
#531 = VECTOR('',#532,1.);
#532 = DIRECTION('',(0.,1.));
#533 = ( GEOMETRIC_REPRESENTATION_CONTEXT(2) 
PARAMETRIC_REPRESENTATION_CONTEXT() REPRESENTATION_CONTEXT('2D SPACE',''
  ) );
#534 = ORIENTED_EDGE('',*,*,#535,.T.);
#535 = EDGE_CURVE('',#513,#536,#538,.T.);
#536 = VERTEX_POINT('',#537);
#537 = CARTESIAN_POINT('',(-58.25,-9.204508497187,148.));
#538 = SURFACE_CURVE('',#539,(#543,#550),.PCURVE_S1.);
#539 = LINE('',#540,#541);
#540 = CARTESIAN_POINT('',(-58.25,-70.,148.));
#541 = VECTOR('',#542,1.);
#542 = DIRECTION('',(0.,1.,0.));
#543 = PCURVE('',#374,#544);
#544 = DEFINITIONAL_REPRESENTATION('',(#545),#549);
#545 = LINE('',#546,#547);
#546 = CARTESIAN_POINT('',(3.,0.));
#547 = VECTOR('',#548,1.);
#548 = DIRECTION('',(0.,1.));
#549 = ( GEOMETRIC_REPRESENTATION_CONTEXT(2) 
PARAMETRIC_REPRESENTATION_CONTEXT() REPRESENTATION_CONTEXT('2D SPACE',''
  ) );
#550 = PCURVE('',#268,#551);
#551 = DEFINITIONAL_REPRESENTATION('',(#552),#556);
#552 = LINE('',#553,#554);
#553 = CARTESIAN_POINT('',(0.,0.));
#554 = VECTOR('',#555,1.);
#555 = DIRECTION('',(0.,-1.));
#556 = ( GEOMETRIC_REPRESENTATION_CONTEXT(2) 
PARAMETRIC_REPRESENTATION_CONTEXT() REPRESENTATION_CONTEXT('2D SPACE',''
  ) );
#557 = ORIENTED_EDGE('',*,*,#558,.F.);
#558 = EDGE_CURVE('',#559,#536,#561,.T.);
#559 = VERTEX_POINT('',#560);
#560 = CARTESIAN_POINT('',(-67.55,-13.85450849718,148.));
#561 = SURFACE_CURVE('',#562,(#566,#572),.PCURVE_S1.);
#562 = LINE('',#563,#564);
#563 = CARTESIAN_POINT('',(-69.60909830056,-14.88405764746,148.));
#564 = VECTOR('',#565,1.);
#565 = DIRECTION('',(0.894427191,0.4472135955,-0.));
#566 = PCURVE('',#374,#567);
#567 = DEFINITIONAL_REPRESENTATION('',(#568),#571);
#568 = B_SPLINE_CURVE_WITH_KNOTS('',1,(#569,#570),.UNSPECIFIED.,.F.,.F.,
  (2,2),(2.302141886206,12.69985798158),.PIECEWISE_BEZIER_KNOTS.);
#569 = CARTESIAN_POINT('',(-6.3,56.145491502813));
#570 = CARTESIAN_POINT('',(3.,60.795491502813));
#571 = ( GEOMETRIC_REPRESENTATION_CONTEXT(2) 
PARAMETRIC_REPRESENTATION_CONTEXT() REPRESENTATION_CONTEXT('2D SPACE',''
  ) );
#572 = PCURVE('',#573,#578);
#573 = PLANE('',#574);
#574 = AXIS2_PLACEMENT_3D('',#575,#576,#577);
#575 = CARTESIAN_POINT('',(-54.25,-7.204508497187,147.));
#576 = DIRECTION('',(0.4472135955,-0.894427191,0.));
#577 = DIRECTION('',(-0.894427191,-0.4472135955,0.));
#578 = DEFINITIONAL_REPRESENTATION('',(#579),#582);
#579 = B_SPLINE_CURVE_WITH_KNOTS('',1,(#580,#581),.UNSPECIFIED.,.F.,.F.,
  (2,2),(2.302141886206,12.69985798158),.PIECEWISE_BEZIER_KNOTS.);
#580 = CARTESIAN_POINT('',(14.869852050374,-1.));
#581 = CARTESIAN_POINT('',(4.472135955,-1.));
#582 = ( GEOMETRIC_REPRESENTATION_CONTEXT(2) 
PARAMETRIC_REPRESENTATION_CONTEXT() REPRESENTATION_CONTEXT('2D SPACE',''
  ) );
#583 = ORIENTED_EDGE('',*,*,#584,.F.);
#584 = EDGE_CURVE('',#585,#559,#587,.T.);
#585 = VERTEX_POINT('',#586);
#586 = CARTESIAN_POINT('',(-67.55,13.854508497187,148.));
#587 = SURFACE_CURVE('',#588,(#592,#598),.PCURVE_S1.);
#588 = LINE('',#589,#590);
#589 = CARTESIAN_POINT('',(-67.55,-41.92725424859,148.));
#590 = VECTOR('',#591,1.);
#591 = DIRECTION('',(0.,-1.,0.));
#592 = PCURVE('',#374,#593);
#593 = DEFINITIONAL_REPRESENTATION('',(#594),#597);
#594 = B_SPLINE_CURVE_WITH_KNOTS('',1,(#595,#596),.UNSPECIFIED.,.F.,.F.,
  (2,2),(-55.78176274578,-28.0727457514),.PIECEWISE_BEZIER_KNOTS.);
#595 = CARTESIAN_POINT('',(-6.3,83.854508497187));
#596 = CARTESIAN_POINT('',(-6.3,56.145491502813));
#597 = ( GEOMETRIC_REPRESENTATION_CONTEXT(2) 
PARAMETRIC_REPRESENTATION_CONTEXT() REPRESENTATION_CONTEXT('2D SPACE',''
  ) );
#598 = PCURVE('',#599,#604);
#599 = PLANE('',#600);
#600 = AXIS2_PLACEMENT_3D('',#601,#602,#603);
#601 = CARTESIAN_POINT('',(-67.55,-13.85450849718,147.));
#602 = DIRECTION('',(-1.,0.,0.));
#603 = DIRECTION('',(0.,1.,0.));
#604 = DEFINITIONAL_REPRESENTATION('',(#605),#608);
#605 = B_SPLINE_CURVE_WITH_KNOTS('',1,(#606,#607),.UNSPECIFIED.,.F.,.F.,
  (2,2),(-55.78176274578,-28.0727457514),.PIECEWISE_BEZIER_KNOTS.);
#606 = CARTESIAN_POINT('',(27.709016994375,-1.));
#607 = CARTESIAN_POINT('',(0.,-1.));
#608 = ( GEOMETRIC_REPRESENTATION_CONTEXT(2) 
PARAMETRIC_REPRESENTATION_CONTEXT() REPRESENTATION_CONTEXT('2D SPACE',''
  ) );
#609 = ORIENTED_EDGE('',*,*,#610,.F.);
#610 = EDGE_CURVE('',#611,#585,#613,.T.);
#611 = VERTEX_POINT('',#612);
#612 = CARTESIAN_POINT('',(-58.25,9.204508497187,148.));
#613 = SURFACE_CURVE('',#614,(#618,#624),.PCURVE_S1.);
#614 = LINE('',#615,#616);
#615 = CARTESIAN_POINT('',(-48.25909830056,4.209057647469,148.));
#616 = VECTOR('',#617,1.);
#617 = DIRECTION('',(-0.894427191,0.4472135955,0.));
#618 = PCURVE('',#374,#619);
#619 = DEFINITIONAL_REPRESENTATION('',(#620),#623);
#620 = B_SPLINE_CURVE_WITH_KNOTS('',1,(#621,#622),.UNSPECIFIED.,.F.,.F.,
  (2,2),(11.17016767823,21.567883773604),.PIECEWISE_BEZIER_KNOTS.);
#621 = CARTESIAN_POINT('',(3.,79.204508497187));
#622 = CARTESIAN_POINT('',(-6.3,83.854508497187));
#623 = ( GEOMETRIC_REPRESENTATION_CONTEXT(2) 
PARAMETRIC_REPRESENTATION_CONTEXT() REPRESENTATION_CONTEXT('2D SPACE',''
  ) );
#624 = PCURVE('',#625,#630);
#625 = PLANE('',#626);
#626 = AXIS2_PLACEMENT_3D('',#627,#628,#629);
#627 = CARTESIAN_POINT('',(-67.55,13.854508497187,147.));
#628 = DIRECTION('',(0.4472135955,0.894427191,-0.));
#629 = DIRECTION('',(0.894427191,-0.4472135955,0.));
#630 = DEFINITIONAL_REPRESENTATION('',(#631),#634);
#631 = B_SPLINE_CURVE_WITH_KNOTS('',1,(#632,#633),.UNSPECIFIED.,.F.,.F.,
  (2,2),(11.17016767823,21.567883773604),.PIECEWISE_BEZIER_KNOTS.);
#632 = CARTESIAN_POINT('',(10.397716095374,-1.));
#633 = CARTESIAN_POINT('',(0.,-1.));
#634 = ( GEOMETRIC_REPRESENTATION_CONTEXT(2) 
PARAMETRIC_REPRESENTATION_CONTEXT() REPRESENTATION_CONTEXT('2D SPACE',''
  ) );
#635 = ORIENTED_EDGE('',*,*,#636,.T.);
#636 = EDGE_CURVE('',#611,#357,#637,.T.);
#637 = SURFACE_CURVE('',#638,(#642,#649),.PCURVE_S1.);
#638 = LINE('',#639,#640);
#639 = CARTESIAN_POINT('',(-58.25,-70.,148.));
#640 = VECTOR('',#641,1.);
#641 = DIRECTION('',(0.,1.,0.));
#642 = PCURVE('',#374,#643);
#643 = DEFINITIONAL_REPRESENTATION('',(#644),#648);
#644 = LINE('',#645,#646);
#645 = CARTESIAN_POINT('',(3.,0.));
#646 = VECTOR('',#647,1.);
#647 = DIRECTION('',(0.,1.));
#648 = ( GEOMETRIC_REPRESENTATION_CONTEXT(2) 
PARAMETRIC_REPRESENTATION_CONTEXT() REPRESENTATION_CONTEXT('2D SPACE',''
  ) );
#649 = PCURVE('',#44,#650);
#650 = DEFINITIONAL_REPRESENTATION('',(#651),#655);
#651 = LINE('',#652,#653);
#652 = CARTESIAN_POINT('',(0.,0.));
#653 = VECTOR('',#654,1.);
#654 = DIRECTION('',(0.,-1.));
#655 = ( GEOMETRIC_REPRESENTATION_CONTEXT(2) 
PARAMETRIC_REPRESENTATION_CONTEXT() REPRESENTATION_CONTEXT('2D SPACE',''
  ) );
#656 = ORIENTED_EDGE('',*,*,#356,.T.);
#657 = ORIENTED_EDGE('',*,*,#658,.F.);
#658 = EDGE_CURVE('',#659,#359,#661,.T.);
#659 = VERTEX_POINT('',#660);
#660 = CARTESIAN_POINT('',(-63.25,68.5,148.));
#661 = SURFACE_CURVE('',#662,(#666,#673),.PCURVE_S1.);
#662 = LINE('',#663,#664);
#663 = CARTESIAN_POINT('',(-63.25,-70.,148.));
#664 = VECTOR('',#665,1.);
#665 = DIRECTION('',(0.,1.,0.));
#666 = PCURVE('',#374,#667);
#667 = DEFINITIONAL_REPRESENTATION('',(#668),#672);
#668 = LINE('',#669,#670);
#669 = CARTESIAN_POINT('',(-2.,0.));
#670 = VECTOR('',#671,1.);
#671 = DIRECTION('',(0.,1.));
#672 = ( GEOMETRIC_REPRESENTATION_CONTEXT(2) 
PARAMETRIC_REPRESENTATION_CONTEXT() REPRESENTATION_CONTEXT('2D SPACE',''
  ) );
#673 = PCURVE('',#100,#674);
#674 = DEFINITIONAL_REPRESENTATION('',(#675),#679);
#675 = LINE('',#676,#677);
#676 = CARTESIAN_POINT('',(0.,0.));
#677 = VECTOR('',#678,1.);
#678 = DIRECTION('',(0.,-1.));
#679 = ( GEOMETRIC_REPRESENTATION_CONTEXT(2) 
PARAMETRIC_REPRESENTATION_CONTEXT() REPRESENTATION_CONTEXT('2D SPACE',''
  ) );
#680 = ORIENTED_EDGE('',*,*,#681,.F.);
#681 = EDGE_CURVE('',#682,#659,#684,.T.);
#682 = VERTEX_POINT('',#683);
#683 = CARTESIAN_POINT('',(-61.25,68.5,148.));
#684 = SURFACE_CURVE('',#685,(#689,#696),.PCURVE_S1.);
#685 = LINE('',#686,#687);
#686 = CARTESIAN_POINT('',(-63.75,68.5,148.));
#687 = VECTOR('',#688,1.);
#688 = DIRECTION('',(-1.,0.,0.));
#689 = PCURVE('',#374,#690);
#690 = DEFINITIONAL_REPRESENTATION('',(#691),#695);
#691 = LINE('',#692,#693);
#692 = CARTESIAN_POINT('',(-2.5,138.5));
#693 = VECTOR('',#694,1.);
#694 = DIRECTION('',(-1.,0.));
#695 = ( GEOMETRIC_REPRESENTATION_CONTEXT(2) 
PARAMETRIC_REPRESENTATION_CONTEXT() REPRESENTATION_CONTEXT('2D SPACE',''
  ) );
#696 = PCURVE('',#697,#702);
#697 = PLANE('',#698);
#698 = AXIS2_PLACEMENT_3D('',#699,#700,#701);
#699 = CARTESIAN_POINT('',(-64.25,68.5,147.));
#700 = DIRECTION('',(0.,1.,0.));
#701 = DIRECTION('',(0.,0.,1.));
#702 = DEFINITIONAL_REPRESENTATION('',(#703),#706);
#703 = B_SPLINE_CURVE_WITH_KNOTS('',1,(#704,#705),.UNSPECIFIED.,.F.,.F.,
  (2,2),(-2.5,-0.5),.PIECEWISE_BEZIER_KNOTS.);
#704 = CARTESIAN_POINT('',(1.,3.));
#705 = CARTESIAN_POINT('',(1.,1.));
#706 = ( GEOMETRIC_REPRESENTATION_CONTEXT(2) 
PARAMETRIC_REPRESENTATION_CONTEXT() REPRESENTATION_CONTEXT('2D SPACE',''
  ) );
#707 = ORIENTED_EDGE('',*,*,#708,.F.);
#708 = EDGE_CURVE('',#709,#682,#711,.T.);
#709 = VERTEX_POINT('',#710);
#710 = CARTESIAN_POINT('',(-61.25,62.,148.));
#711 = SURFACE_CURVE('',#712,(#716,#723),.PCURVE_S1.);
#712 = LINE('',#713,#714);
#713 = CARTESIAN_POINT('',(-61.25,-70.,148.));
#714 = VECTOR('',#715,1.);
#715 = DIRECTION('',(0.,1.,0.));
#716 = PCURVE('',#374,#717);
#717 = DEFINITIONAL_REPRESENTATION('',(#718),#722);
#718 = LINE('',#719,#720);
#719 = CARTESIAN_POINT('',(0.,0.));
#720 = VECTOR('',#721,1.);
#721 = DIRECTION('',(0.,1.));
#722 = ( GEOMETRIC_REPRESENTATION_CONTEXT(2) 
PARAMETRIC_REPRESENTATION_CONTEXT() REPRESENTATION_CONTEXT('2D SPACE',''
  ) );
#723 = PCURVE('',#724,#729);
#724 = PLANE('',#725);
#725 = AXIS2_PLACEMENT_3D('',#726,#727,#728);
#726 = CARTESIAN_POINT('',(-61.25,-70.,148.));
#727 = DIRECTION('',(1.,0.,0.));
#728 = DIRECTION('',(0.,0.,1.));
#729 = DEFINITIONAL_REPRESENTATION('',(#730),#734);
#730 = LINE('',#731,#732);
#731 = CARTESIAN_POINT('',(0.,0.));
#732 = VECTOR('',#733,1.);
#733 = DIRECTION('',(0.,-1.));
#734 = ( GEOMETRIC_REPRESENTATION_CONTEXT(2) 
PARAMETRIC_REPRESENTATION_CONTEXT() REPRESENTATION_CONTEXT('2D SPACE',''
  ) );
#735 = ORIENTED_EDGE('',*,*,#736,.F.);
#736 = EDGE_CURVE('',#737,#709,#739,.T.);
#737 = VERTEX_POINT('',#738);
#738 = CARTESIAN_POINT('',(-101.,62.,148.));
#739 = SURFACE_CURVE('',#740,(#744,#751),.PCURVE_S1.);
#740 = LINE('',#741,#742);
#741 = CARTESIAN_POINT('',(-101.,62.,148.));
#742 = VECTOR('',#743,1.);
#743 = DIRECTION('',(1.,0.,0.));
#744 = PCURVE('',#374,#745);
#745 = DEFINITIONAL_REPRESENTATION('',(#746),#750);
#746 = LINE('',#747,#748);
#747 = CARTESIAN_POINT('',(-39.75,132.));
#748 = VECTOR('',#749,1.);
#749 = DIRECTION('',(1.,0.));
#750 = ( GEOMETRIC_REPRESENTATION_CONTEXT(2) 
PARAMETRIC_REPRESENTATION_CONTEXT() REPRESENTATION_CONTEXT('2D SPACE',''
  ) );
#751 = PCURVE('',#752,#757);
#752 = PLANE('',#753);
#753 = AXIS2_PLACEMENT_3D('',#754,#755,#756);
#754 = CARTESIAN_POINT('',(-101.,62.,148.));
#755 = DIRECTION('',(0.,1.,0.));
#756 = DIRECTION('',(0.,0.,1.));
#757 = DEFINITIONAL_REPRESENTATION('',(#758),#762);
#758 = LINE('',#759,#760);
#759 = CARTESIAN_POINT('',(0.,0.));
#760 = VECTOR('',#761,1.);
#761 = DIRECTION('',(0.,1.));
#762 = ( GEOMETRIC_REPRESENTATION_CONTEXT(2) 
PARAMETRIC_REPRESENTATION_CONTEXT() REPRESENTATION_CONTEXT('2D SPACE',''
  ) );
#763 = ORIENTED_EDGE('',*,*,#764,.F.);
#764 = EDGE_CURVE('',#765,#737,#767,.T.);
#765 = VERTEX_POINT('',#766);
#766 = CARTESIAN_POINT('',(-101.,-62.,148.));
#767 = SURFACE_CURVE('',#768,(#772,#779),.PCURVE_S1.);
#768 = LINE('',#769,#770);
#769 = CARTESIAN_POINT('',(-101.,-62.,148.));
#770 = VECTOR('',#771,1.);
#771 = DIRECTION('',(0.,1.,0.));
#772 = PCURVE('',#374,#773);
#773 = DEFINITIONAL_REPRESENTATION('',(#774),#778);
#774 = LINE('',#775,#776);
#775 = CARTESIAN_POINT('',(-39.75,8.));
#776 = VECTOR('',#777,1.);
#777 = DIRECTION('',(0.,1.));
#778 = ( GEOMETRIC_REPRESENTATION_CONTEXT(2) 
PARAMETRIC_REPRESENTATION_CONTEXT() REPRESENTATION_CONTEXT('2D SPACE',''
  ) );
#779 = PCURVE('',#780,#785);
#780 = PLANE('',#781);
#781 = AXIS2_PLACEMENT_3D('',#782,#783,#784);
#782 = CARTESIAN_POINT('',(-101.,-62.,148.));
#783 = DIRECTION('',(1.,0.,0.));
#784 = DIRECTION('',(0.,0.,1.));
#785 = DEFINITIONAL_REPRESENTATION('',(#786),#790);
#786 = LINE('',#787,#788);
#787 = CARTESIAN_POINT('',(0.,0.));
#788 = VECTOR('',#789,1.);
#789 = DIRECTION('',(0.,-1.));
#790 = ( GEOMETRIC_REPRESENTATION_CONTEXT(2) 
PARAMETRIC_REPRESENTATION_CONTEXT() REPRESENTATION_CONTEXT('2D SPACE',''
  ) );
#791 = ORIENTED_EDGE('',*,*,#792,.T.);
#792 = EDGE_CURVE('',#765,#435,#793,.T.);
#793 = SURFACE_CURVE('',#794,(#798,#805),.PCURVE_S1.);
#794 = LINE('',#795,#796);
#795 = CARTESIAN_POINT('',(-101.,-62.,148.));
#796 = VECTOR('',#797,1.);
#797 = DIRECTION('',(1.,0.,0.));
#798 = PCURVE('',#374,#799);
#799 = DEFINITIONAL_REPRESENTATION('',(#800),#804);
#800 = LINE('',#801,#802);
#801 = CARTESIAN_POINT('',(-39.75,8.));
#802 = VECTOR('',#803,1.);
#803 = DIRECTION('',(1.,0.));
#804 = ( GEOMETRIC_REPRESENTATION_CONTEXT(2) 
PARAMETRIC_REPRESENTATION_CONTEXT() REPRESENTATION_CONTEXT('2D SPACE',''
  ) );
#805 = PCURVE('',#806,#811);
#806 = PLANE('',#807);
#807 = AXIS2_PLACEMENT_3D('',#808,#809,#810);
#808 = CARTESIAN_POINT('',(-101.,-62.,148.));
#809 = DIRECTION('',(0.,1.,0.));
#810 = DIRECTION('',(0.,0.,1.));
#811 = DEFINITIONAL_REPRESENTATION('',(#812),#816);
#812 = LINE('',#813,#814);
#813 = CARTESIAN_POINT('',(0.,0.));
#814 = VECTOR('',#815,1.);
#815 = DIRECTION('',(0.,1.));
#816 = ( GEOMETRIC_REPRESENTATION_CONTEXT(2) 
PARAMETRIC_REPRESENTATION_CONTEXT() REPRESENTATION_CONTEXT('2D SPACE',''
  ) );
#817 = ADVANCED_FACE('',(#818),#478,.T.);
#818 = FACE_BOUND('',#819,.T.);
#819 = EDGE_LOOP('',(#820,#850,#870,#871));
#820 = ORIENTED_EDGE('',*,*,#821,.T.);
#821 = EDGE_CURVE('',#822,#824,#826,.T.);
#822 = VERTEX_POINT('',#823);
#823 = CARTESIAN_POINT('',(-63.25,-68.5,238.5));
#824 = VERTEX_POINT('',#825);
#825 = CARTESIAN_POINT('',(-61.25,-68.5,238.5));
#826 = SURFACE_CURVE('',#827,(#831,#838),.PCURVE_S1.);
#827 = LINE('',#828,#829);
#828 = CARTESIAN_POINT('',(-64.25,-68.5,238.5));
#829 = VECTOR('',#830,1.);
#830 = DIRECTION('',(1.,0.,0.));
#831 = PCURVE('',#478,#832);
#832 = DEFINITIONAL_REPRESENTATION('',(#833),#837);
#833 = LINE('',#834,#835);
#834 = CARTESIAN_POINT('',(91.5,0.));
#835 = VECTOR('',#836,1.);
#836 = DIRECTION('',(0.,1.));
#837 = ( GEOMETRIC_REPRESENTATION_CONTEXT(2) 
PARAMETRIC_REPRESENTATION_CONTEXT() REPRESENTATION_CONTEXT('2D SPACE',''
  ) );
#838 = PCURVE('',#839,#844);
#839 = PLANE('',#840);
#840 = AXIS2_PLACEMENT_3D('',#841,#842,#843);
#841 = CARTESIAN_POINT('',(-64.25,-68.5,238.5));
#842 = DIRECTION('',(0.,0.,1.));
#843 = DIRECTION('',(1.,0.,0.));
#844 = DEFINITIONAL_REPRESENTATION('',(#845),#849);
#845 = LINE('',#846,#847);
#846 = CARTESIAN_POINT('',(0.,0.));
#847 = VECTOR('',#848,1.);
#848 = DIRECTION('',(1.,0.));
#849 = ( GEOMETRIC_REPRESENTATION_CONTEXT(2) 
PARAMETRIC_REPRESENTATION_CONTEXT() REPRESENTATION_CONTEXT('2D SPACE',''
  ) );
#850 = ORIENTED_EDGE('',*,*,#851,.F.);
#851 = EDGE_CURVE('',#433,#824,#852,.T.);
#852 = SURFACE_CURVE('',#853,(#857,#863),.PCURVE_S1.);
#853 = LINE('',#854,#855);
#854 = CARTESIAN_POINT('',(-61.25,-68.5,147.5));
#855 = VECTOR('',#856,1.);
#856 = DIRECTION('',(0.,0.,1.));
#857 = PCURVE('',#478,#858);
#858 = DEFINITIONAL_REPRESENTATION('',(#859),#862);
#859 = B_SPLINE_CURVE_WITH_KNOTS('',1,(#860,#861),.UNSPECIFIED.,.F.,.F.,
  (2,2),(0.5,91.),.PIECEWISE_BEZIER_KNOTS.);
#860 = CARTESIAN_POINT('',(1.,3.));
#861 = CARTESIAN_POINT('',(91.5,3.));
#862 = ( GEOMETRIC_REPRESENTATION_CONTEXT(2) 
PARAMETRIC_REPRESENTATION_CONTEXT() REPRESENTATION_CONTEXT('2D SPACE',''
  ) );
#863 = PCURVE('',#450,#864);
#864 = DEFINITIONAL_REPRESENTATION('',(#865),#869);
#865 = LINE('',#866,#867);
#866 = CARTESIAN_POINT('',(-0.5,-1.5));
#867 = VECTOR('',#868,1.);
#868 = DIRECTION('',(1.,0.));
#869 = ( GEOMETRIC_REPRESENTATION_CONTEXT(2) 
PARAMETRIC_REPRESENTATION_CONTEXT() REPRESENTATION_CONTEXT('2D SPACE',''
  ) );
#870 = ORIENTED_EDGE('',*,*,#462,.T.);
#871 = ORIENTED_EDGE('',*,*,#872,.T.);
#872 = EDGE_CURVE('',#463,#822,#873,.T.);
#873 = SURFACE_CURVE('',#874,(#878,#884),.PCURVE_S1.);
#874 = LINE('',#875,#876);
#875 = CARTESIAN_POINT('',(-63.25,-68.5,147.5));
#876 = VECTOR('',#877,1.);
#877 = DIRECTION('',(0.,0.,1.));
#878 = PCURVE('',#478,#879);
#879 = DEFINITIONAL_REPRESENTATION('',(#880),#883);
#880 = B_SPLINE_CURVE_WITH_KNOTS('',1,(#881,#882),.UNSPECIFIED.,.F.,.F.,
  (2,2),(0.5,91.),.PIECEWISE_BEZIER_KNOTS.);
#881 = CARTESIAN_POINT('',(1.,1.));
#882 = CARTESIAN_POINT('',(91.5,1.));
#883 = ( GEOMETRIC_REPRESENTATION_CONTEXT(2) 
PARAMETRIC_REPRESENTATION_CONTEXT() REPRESENTATION_CONTEXT('2D SPACE',''
  ) );
#884 = PCURVE('',#212,#885);
#885 = DEFINITIONAL_REPRESENTATION('',(#886),#889);
#886 = B_SPLINE_CURVE_WITH_KNOTS('',1,(#887,#888),.UNSPECIFIED.,.F.,.F.,
  (2,2),(0.5,91.),.PIECEWISE_BEZIER_KNOTS.);
#887 = CARTESIAN_POINT('',(0.,-1.5));
#888 = CARTESIAN_POINT('',(90.5,-1.5));
#889 = ( GEOMETRIC_REPRESENTATION_CONTEXT(2) 
PARAMETRIC_REPRESENTATION_CONTEXT() REPRESENTATION_CONTEXT('2D SPACE',''
  ) );
#890 = ADVANCED_FACE('',(#891),#839,.F.);
#891 = FACE_BOUND('',#892,.F.);
#892 = EDGE_LOOP('',(#893,#916,#935,#936));
#893 = ORIENTED_EDGE('',*,*,#894,.F.);
#894 = EDGE_CURVE('',#895,#897,#899,.T.);
#895 = VERTEX_POINT('',#896);
#896 = CARTESIAN_POINT('',(-63.25,-17.,238.5));
#897 = VERTEX_POINT('',#898);
#898 = CARTESIAN_POINT('',(-61.25,-17.,238.5));
#899 = SURFACE_CURVE('',#900,(#904,#910),.PCURVE_S1.);
#900 = LINE('',#901,#902);
#901 = CARTESIAN_POINT('',(-67.125,-17.,238.5));
#902 = VECTOR('',#903,1.);
#903 = DIRECTION('',(1.,0.,0.));
#904 = PCURVE('',#839,#905);
#905 = DEFINITIONAL_REPRESENTATION('',(#906),#909);
#906 = B_SPLINE_CURVE_WITH_KNOTS('',1,(#907,#908),.UNSPECIFIED.,.F.,.F.,
  (2,2),(3.875,5.875),.PIECEWISE_BEZIER_KNOTS.);
#907 = CARTESIAN_POINT('',(1.,51.5));
#908 = CARTESIAN_POINT('',(3.,51.5));
#909 = ( GEOMETRIC_REPRESENTATION_CONTEXT(2) 
PARAMETRIC_REPRESENTATION_CONTEXT() REPRESENTATION_CONTEXT('2D SPACE',''
  ) );
#910 = PCURVE('',#184,#911);
#911 = DEFINITIONAL_REPRESENTATION('',(#912),#915);
#912 = B_SPLINE_CURVE_WITH_KNOTS('',1,(#913,#914),.UNSPECIFIED.,.F.,.F.,
  (2,2),(3.875,5.875),.PIECEWISE_BEZIER_KNOTS.);
#913 = CARTESIAN_POINT('',(90.5,6.75));
#914 = CARTESIAN_POINT('',(90.5,8.75));
#915 = ( GEOMETRIC_REPRESENTATION_CONTEXT(2) 
PARAMETRIC_REPRESENTATION_CONTEXT() REPRESENTATION_CONTEXT('2D SPACE',''
  ) );
#916 = ORIENTED_EDGE('',*,*,#917,.T.);
#917 = EDGE_CURVE('',#895,#822,#918,.T.);
#918 = SURFACE_CURVE('',#919,(#923,#929),.PCURVE_S1.);
#919 = LINE('',#920,#921);
#920 = CARTESIAN_POINT('',(-63.25,-69.25,238.5));
#921 = VECTOR('',#922,1.);
#922 = DIRECTION('',(0.,-1.,0.));
#923 = PCURVE('',#839,#924);
#924 = DEFINITIONAL_REPRESENTATION('',(#925),#928);
#925 = B_SPLINE_CURVE_WITH_KNOTS('',1,(#926,#927),.UNSPECIFIED.,.F.,.F.,
  (2,2),(-137.75,-0.75),.PIECEWISE_BEZIER_KNOTS.);
#926 = CARTESIAN_POINT('',(1.,137.));
#927 = CARTESIAN_POINT('',(1.,0.));
#928 = ( GEOMETRIC_REPRESENTATION_CONTEXT(2) 
PARAMETRIC_REPRESENTATION_CONTEXT() REPRESENTATION_CONTEXT('2D SPACE',''
  ) );
#929 = PCURVE('',#212,#930);
#930 = DEFINITIONAL_REPRESENTATION('',(#931),#934);
#931 = B_SPLINE_CURVE_WITH_KNOTS('',1,(#932,#933),.UNSPECIFIED.,.F.,.F.,
  (2,2),(-137.75,-0.75),.PIECEWISE_BEZIER_KNOTS.);
#932 = CARTESIAN_POINT('',(90.5,-138.5));
#933 = CARTESIAN_POINT('',(90.5,-1.5));
#934 = ( GEOMETRIC_REPRESENTATION_CONTEXT(2) 
PARAMETRIC_REPRESENTATION_CONTEXT() REPRESENTATION_CONTEXT('2D SPACE',''
  ) );
#935 = ORIENTED_EDGE('',*,*,#821,.T.);
#936 = ORIENTED_EDGE('',*,*,#937,.F.);
#937 = EDGE_CURVE('',#897,#824,#938,.T.);
#938 = SURFACE_CURVE('',#939,(#943,#949),.PCURVE_S1.);
#939 = LINE('',#940,#941);
#940 = CARTESIAN_POINT('',(-61.25,-69.25,238.5));
#941 = VECTOR('',#942,1.);
#942 = DIRECTION('',(0.,-1.,0.));
#943 = PCURVE('',#839,#944);
#944 = DEFINITIONAL_REPRESENTATION('',(#945),#948);
#945 = B_SPLINE_CURVE_WITH_KNOTS('',1,(#946,#947),.UNSPECIFIED.,.F.,.F.,
  (2,2),(-137.75,-0.75),.PIECEWISE_BEZIER_KNOTS.);
#946 = CARTESIAN_POINT('',(3.,137.));
#947 = CARTESIAN_POINT('',(3.,0.));
#948 = ( GEOMETRIC_REPRESENTATION_CONTEXT(2) 
PARAMETRIC_REPRESENTATION_CONTEXT() REPRESENTATION_CONTEXT('2D SPACE',''
  ) );
#949 = PCURVE('',#450,#950);
#950 = DEFINITIONAL_REPRESENTATION('',(#951),#955);
#951 = LINE('',#952,#953);
#952 = CARTESIAN_POINT('',(90.5,-0.75));
#953 = VECTOR('',#954,1.);
#954 = DIRECTION('',(0.,1.));
#955 = ( GEOMETRIC_REPRESENTATION_CONTEXT(2) 
PARAMETRIC_REPRESENTATION_CONTEXT() REPRESENTATION_CONTEXT('2D SPACE',''
  ) );
#956 = ADVANCED_FACE('',(#957),#573,.F.);
#957 = FACE_BOUND('',#958,.F.);
#958 = EDGE_LOOP('',(#959,#982,#983,#1004));
#959 = ORIENTED_EDGE('',*,*,#960,.F.);
#960 = EDGE_CURVE('',#559,#961,#963,.T.);
#961 = VERTEX_POINT('',#962);
#962 = CARTESIAN_POINT('',(-67.55,-13.85450849718,236.));
#963 = SURFACE_CURVE('',#964,(#968,#975),.PCURVE_S1.);
#964 = LINE('',#965,#966);
#965 = CARTESIAN_POINT('',(-67.55,-13.85450849718,147.));
#966 = VECTOR('',#967,1.);
#967 = DIRECTION('',(0.,0.,1.));
#968 = PCURVE('',#573,#969);
#969 = DEFINITIONAL_REPRESENTATION('',(#970),#974);
#970 = LINE('',#971,#972);
#971 = CARTESIAN_POINT('',(14.869852050374,0.));
#972 = VECTOR('',#973,1.);
#973 = DIRECTION('',(0.,-1.));
#974 = ( GEOMETRIC_REPRESENTATION_CONTEXT(2) 
PARAMETRIC_REPRESENTATION_CONTEXT() REPRESENTATION_CONTEXT('2D SPACE',''
  ) );
#975 = PCURVE('',#599,#976);
#976 = DEFINITIONAL_REPRESENTATION('',(#977),#981);
#977 = LINE('',#978,#979);
#978 = CARTESIAN_POINT('',(0.,0.));
#979 = VECTOR('',#980,1.);
#980 = DIRECTION('',(0.,-1.));
#981 = ( GEOMETRIC_REPRESENTATION_CONTEXT(2) 
PARAMETRIC_REPRESENTATION_CONTEXT() REPRESENTATION_CONTEXT('2D SPACE',''
  ) );
#982 = ORIENTED_EDGE('',*,*,#558,.T.);
#983 = ORIENTED_EDGE('',*,*,#984,.F.);
#984 = EDGE_CURVE('',#985,#536,#987,.T.);
#985 = VERTEX_POINT('',#986);
#986 = CARTESIAN_POINT('',(-58.25,-9.204508497187,236.));
#987 = SURFACE_CURVE('',#988,(#992,#998),.PCURVE_S1.);
#988 = LINE('',#989,#990);
#989 = CARTESIAN_POINT('',(-58.25,-9.204508497187,147.5));
#990 = VECTOR('',#991,1.);
#991 = DIRECTION('',(0.,0.,-1.));
#992 = PCURVE('',#573,#993);
#993 = DEFINITIONAL_REPRESENTATION('',(#994),#997);
#994 = B_SPLINE_CURVE_WITH_KNOTS('',1,(#995,#996),.UNSPECIFIED.,.F.,.F.,
  (2,2),(-88.5,-0.5),.PIECEWISE_BEZIER_KNOTS.);
#995 = CARTESIAN_POINT('',(4.472135955,-89.));
#996 = CARTESIAN_POINT('',(4.472135955,-1.));
#997 = ( GEOMETRIC_REPRESENTATION_CONTEXT(2) 
PARAMETRIC_REPRESENTATION_CONTEXT() REPRESENTATION_CONTEXT('2D SPACE',''
  ) );
#998 = PCURVE('',#268,#999);
#999 = DEFINITIONAL_REPRESENTATION('',(#1000),#1003);
#1000 = B_SPLINE_CURVE_WITH_KNOTS('',1,(#1001,#1002),.UNSPECIFIED.,.F.,
  .F.,(2,2),(-88.5,-0.5),.PIECEWISE_BEZIER_KNOTS.);
#1001 = CARTESIAN_POINT('',(88.,-60.79549150281));
#1002 = CARTESIAN_POINT('',(0.,-60.79549150281));
#1003 = ( GEOMETRIC_REPRESENTATION_CONTEXT(2) 
PARAMETRIC_REPRESENTATION_CONTEXT() REPRESENTATION_CONTEXT('2D SPACE',''
  ) );
#1004 = ORIENTED_EDGE('',*,*,#1005,.T.);
#1005 = EDGE_CURVE('',#985,#961,#1006,.T.);
#1006 = SURFACE_CURVE('',#1007,(#1011,#1018),.PCURVE_S1.);
#1007 = LINE('',#1008,#1009);
#1008 = CARTESIAN_POINT('',(-54.25,-7.204508497187,236.));
#1009 = VECTOR('',#1010,1.);
#1010 = DIRECTION('',(-0.894427191,-0.4472135955,0.));
#1011 = PCURVE('',#573,#1012);
#1012 = DEFINITIONAL_REPRESENTATION('',(#1013),#1017);
#1013 = LINE('',#1014,#1015);
#1014 = CARTESIAN_POINT('',(0.,-89.));
#1015 = VECTOR('',#1016,1.);
#1016 = DIRECTION('',(1.,0.));
#1017 = ( GEOMETRIC_REPRESENTATION_CONTEXT(2) 
PARAMETRIC_REPRESENTATION_CONTEXT() REPRESENTATION_CONTEXT('2D SPACE',''
  ) );
#1018 = PCURVE('',#294,#1019);
#1019 = DEFINITIONAL_REPRESENTATION('',(#1020),#1023);
#1020 = B_SPLINE_CURVE_WITH_KNOTS('',1,(#1021,#1022),.UNSPECIFIED.,.F.,
  .F.,(2,2),(0.,14.869852050374),.PIECEWISE_BEZIER_KNOTS.);
#1021 = CARTESIAN_POINT('',(0.,0.));
#1022 = CARTESIAN_POINT('',(15.764279241374,0.));
#1023 = ( GEOMETRIC_REPRESENTATION_CONTEXT(2) 
PARAMETRIC_REPRESENTATION_CONTEXT() REPRESENTATION_CONTEXT('2D SPACE',''
  ) );
#1024 = ADVANCED_FACE('',(#1025),#599,.F.);
#1025 = FACE_BOUND('',#1026,.F.);
#1026 = EDGE_LOOP('',(#1027,#1028,#1029,#1051));
#1027 = ORIENTED_EDGE('',*,*,#584,.T.);
#1028 = ORIENTED_EDGE('',*,*,#960,.T.);
#1029 = ORIENTED_EDGE('',*,*,#1030,.T.);
#1030 = EDGE_CURVE('',#961,#1031,#1033,.T.);
#1031 = VERTEX_POINT('',#1032);
#1032 = CARTESIAN_POINT('',(-67.55,13.854508497187,236.));
#1033 = SURFACE_CURVE('',#1034,(#1038,#1045),.PCURVE_S1.);
#1034 = LINE('',#1035,#1036);
#1035 = CARTESIAN_POINT('',(-67.55,-13.85450849718,236.));
#1036 = VECTOR('',#1037,1.);
#1037 = DIRECTION('',(0.,1.,0.));
#1038 = PCURVE('',#599,#1039);
#1039 = DEFINITIONAL_REPRESENTATION('',(#1040),#1044);
#1040 = LINE('',#1041,#1042);
#1041 = CARTESIAN_POINT('',(0.,-89.));
#1042 = VECTOR('',#1043,1.);
#1043 = DIRECTION('',(1.,0.));
#1044 = ( GEOMETRIC_REPRESENTATION_CONTEXT(2) 
PARAMETRIC_REPRESENTATION_CONTEXT() REPRESENTATION_CONTEXT('2D SPACE',''
  ) );
#1045 = PCURVE('',#319,#1046);
#1046 = DEFINITIONAL_REPRESENTATION('',(#1047),#1050);
#1047 = B_SPLINE_CURVE_WITH_KNOTS('',1,(#1048,#1049),.UNSPECIFIED.,.F.,
  .F.,(2,2),(0.,27.709016994375),.PIECEWISE_BEZIER_KNOTS.);
#1048 = CARTESIAN_POINT('',(0.,0.));
#1049 = CARTESIAN_POINT('',(30.109016994375,0.));
#1050 = ( GEOMETRIC_REPRESENTATION_CONTEXT(2) 
PARAMETRIC_REPRESENTATION_CONTEXT() REPRESENTATION_CONTEXT('2D SPACE',''
  ) );
#1051 = ORIENTED_EDGE('',*,*,#1052,.F.);
#1052 = EDGE_CURVE('',#585,#1031,#1053,.T.);
#1053 = SURFACE_CURVE('',#1054,(#1058,#1065),.PCURVE_S1.);
#1054 = LINE('',#1055,#1056);
#1055 = CARTESIAN_POINT('',(-67.55,13.854508497187,147.));
#1056 = VECTOR('',#1057,1.);
#1057 = DIRECTION('',(0.,0.,1.));
#1058 = PCURVE('',#599,#1059);
#1059 = DEFINITIONAL_REPRESENTATION('',(#1060),#1064);
#1060 = LINE('',#1061,#1062);
#1061 = CARTESIAN_POINT('',(27.709016994375,0.));
#1062 = VECTOR('',#1063,1.);
#1063 = DIRECTION('',(0.,-1.));
#1064 = ( GEOMETRIC_REPRESENTATION_CONTEXT(2) 
PARAMETRIC_REPRESENTATION_CONTEXT() REPRESENTATION_CONTEXT('2D SPACE',''
  ) );
#1065 = PCURVE('',#625,#1066);
#1066 = DEFINITIONAL_REPRESENTATION('',(#1067),#1071);
#1067 = LINE('',#1068,#1069);
#1068 = CARTESIAN_POINT('',(0.,0.));
#1069 = VECTOR('',#1070,1.);
#1070 = DIRECTION('',(0.,-1.));
#1071 = ( GEOMETRIC_REPRESENTATION_CONTEXT(2) 
PARAMETRIC_REPRESENTATION_CONTEXT() REPRESENTATION_CONTEXT('2D SPACE',''
  ) );
#1072 = ADVANCED_FACE('',(#1073),#625,.F.);
#1073 = FACE_BOUND('',#1074,.F.);
#1074 = EDGE_LOOP('',(#1075,#1096,#1097,#1098,#1120,#1162,#1199));
#1075 = ORIENTED_EDGE('',*,*,#1076,.F.);
#1076 = EDGE_CURVE('',#611,#1077,#1079,.T.);
#1077 = VERTEX_POINT('',#1078);
#1078 = CARTESIAN_POINT('',(-58.25,9.204508497187,236.));
#1079 = SURFACE_CURVE('',#1080,(#1084,#1090),.PCURVE_S1.);
#1080 = LINE('',#1081,#1082);
#1081 = CARTESIAN_POINT('',(-58.25,9.204508497187,147.5));
#1082 = VECTOR('',#1083,1.);
#1083 = DIRECTION('',(-0.,0.,1.));
#1084 = PCURVE('',#625,#1085);
#1085 = DEFINITIONAL_REPRESENTATION('',(#1086),#1089);
#1086 = B_SPLINE_CURVE_WITH_KNOTS('',1,(#1087,#1088),.UNSPECIFIED.,.F.,
  .F.,(2,2),(0.5,88.5),.PIECEWISE_BEZIER_KNOTS.);
#1087 = CARTESIAN_POINT('',(10.397716095374,-1.));
#1088 = CARTESIAN_POINT('',(10.397716095374,-89.));
#1089 = ( GEOMETRIC_REPRESENTATION_CONTEXT(2) 
PARAMETRIC_REPRESENTATION_CONTEXT() REPRESENTATION_CONTEXT('2D SPACE',''
  ) );
#1090 = PCURVE('',#44,#1091);
#1091 = DEFINITIONAL_REPRESENTATION('',(#1092),#1095);
#1092 = B_SPLINE_CURVE_WITH_KNOTS('',1,(#1093,#1094),.UNSPECIFIED.,.F.,
  .F.,(2,2),(0.5,88.5),.PIECEWISE_BEZIER_KNOTS.);
#1093 = CARTESIAN_POINT('',(0.,-79.20450849718));
#1094 = CARTESIAN_POINT('',(88.,-79.20450849718));
#1095 = ( GEOMETRIC_REPRESENTATION_CONTEXT(2) 
PARAMETRIC_REPRESENTATION_CONTEXT() REPRESENTATION_CONTEXT('2D SPACE',''
  ) );
#1096 = ORIENTED_EDGE('',*,*,#610,.T.);
#1097 = ORIENTED_EDGE('',*,*,#1052,.T.);
#1098 = ORIENTED_EDGE('',*,*,#1099,.T.);
#1099 = EDGE_CURVE('',#1031,#1100,#1102,.T.);
#1100 = VERTEX_POINT('',#1101);
#1101 = CARTESIAN_POINT('',(-63.99999999999,12.079508497186,236.));
#1102 = SURFACE_CURVE('',#1103,(#1107,#1114),.PCURVE_S1.);
#1103 = LINE('',#1104,#1105);
#1104 = CARTESIAN_POINT('',(-67.55,13.854508497187,236.));
#1105 = VECTOR('',#1106,1.);
#1106 = DIRECTION('',(0.894427191,-0.4472135955,0.));
#1107 = PCURVE('',#625,#1108);
#1108 = DEFINITIONAL_REPRESENTATION('',(#1109),#1113);
#1109 = LINE('',#1110,#1111);
#1110 = CARTESIAN_POINT('',(0.,-89.));
#1111 = VECTOR('',#1112,1.);
#1112 = DIRECTION('',(1.,0.));
#1113 = ( GEOMETRIC_REPRESENTATION_CONTEXT(2) 
PARAMETRIC_REPRESENTATION_CONTEXT() REPRESENTATION_CONTEXT('2D SPACE',''
  ) );
#1114 = PCURVE('',#342,#1115);
#1115 = DEFINITIONAL_REPRESENTATION('',(#1116),#1119);
#1116 = B_SPLINE_CURVE_WITH_KNOTS('',1,(#1117,#1118),.UNSPECIFIED.,.F.,
  .F.,(2,2),(0.,14.869852050374),.PIECEWISE_BEZIER_KNOTS.);
#1117 = CARTESIAN_POINT('',(0.,0.));
#1118 = CARTESIAN_POINT('',(15.764279241374,0.));
#1119 = ( GEOMETRIC_REPRESENTATION_CONTEXT(2) 
PARAMETRIC_REPRESENTATION_CONTEXT() REPRESENTATION_CONTEXT('2D SPACE',''
  ) );
#1120 = ORIENTED_EDGE('',*,*,#1121,.F.);
#1121 = EDGE_CURVE('',#1122,#1100,#1124,.T.);
#1122 = VERTEX_POINT('',#1123);
#1123 = CARTESIAN_POINT('',(-62.75,11.454508497187,234.75));
#1124 = SURFACE_CURVE('',#1125,(#1130,#1137),.PCURVE_S1.);
#1125 = ELLIPSE('',#1126,1.397542485937,1.25);
#1126 = AXIS2_PLACEMENT_3D('',#1127,#1128,#1129);
#1127 = CARTESIAN_POINT('',(-62.75,11.454508497187,236.));
#1128 = DIRECTION('',(0.4472135955,0.894427191,0.));
#1129 = DIRECTION('',(0.894427191,-0.4472135955,0.));
#1130 = PCURVE('',#625,#1131);
#1131 = DEFINITIONAL_REPRESENTATION('',(#1132),#1136);
#1132 = ELLIPSE('',#1133,1.397542485937,1.25);
#1133 = AXIS2_PLACEMENT_2D('',#1134,#1135);
#1134 = CARTESIAN_POINT('',(5.366563145999,-89.));
#1135 = DIRECTION('',(1.,0.));
#1136 = ( GEOMETRIC_REPRESENTATION_CONTEXT(2) 
PARAMETRIC_REPRESENTATION_CONTEXT() REPRESENTATION_CONTEXT('2D SPACE',''
  ) );
#1137 = PCURVE('',#1138,#1143);
#1138 = CYLINDRICAL_SURFACE('',#1139,1.25);
#1139 = AXIS2_PLACEMENT_3D('',#1140,#1141,#1142);
#1140 = CARTESIAN_POINT('',(-62.75,18.,236.));
#1141 = DIRECTION('',(0.,-1.,0.));
#1142 = DIRECTION('',(0.,-0.,-1.));
#1143 = DEFINITIONAL_REPRESENTATION('',(#1144),#1161);
#1144 = B_SPLINE_CURVE_WITH_KNOTS('',8,(#1145,#1146,#1147,#1148,#1149,
    #1150,#1151,#1152,#1153,#1154,#1155,#1156,#1157,#1158,#1159,#1160),
  .UNSPECIFIED.,.F.,.F.,(9,7,9),(1.570796326795,4.712388980385,
    7.853981633974),.UNSPECIFIED.);
#1145 = CARTESIAN_POINT('',(6.28318530718,6.545491502813));
#1146 = CARTESIAN_POINT('',(5.890486225481,6.300054576751));
#1147 = CARTESIAN_POINT('',(5.497787143784,6.054615693684));
#1148 = CARTESIAN_POINT('',(5.105088062083,5.866873173527));
#1149 = CARTESIAN_POINT('',(4.712388980384,5.794367411301));
#1150 = CARTESIAN_POINT('',(4.319689898685,5.866873173538));
#1151 = CARTESIAN_POINT('',(3.926990816989,6.054615693683));
#1152 = CARTESIAN_POINT('',(3.534291735289,6.300054576751));
#1153 = CARTESIAN_POINT('',(2.748893571891,6.790928428874));
#1154 = CARTESIAN_POINT('',(2.356194490187,7.036367311921));
#1155 = CARTESIAN_POINT('',(1.963495408533,7.224109832132));
#1156 = CARTESIAN_POINT('',(1.570796326773,7.296615594227));
#1157 = CARTESIAN_POINT('',(1.178097245134,7.224109832139));
#1158 = CARTESIAN_POINT('',(0.785398163391,7.036367311922));
#1159 = CARTESIAN_POINT('',(0.392699081699,6.790928428874));
#1160 = CARTESIAN_POINT('',(1.68753899743E-14,6.545491502813));
#1161 = ( GEOMETRIC_REPRESENTATION_CONTEXT(2) 
PARAMETRIC_REPRESENTATION_CONTEXT() REPRESENTATION_CONTEXT('2D SPACE',''
  ) );
#1162 = ORIENTED_EDGE('',*,*,#1163,.F.);
#1163 = EDGE_CURVE('',#1164,#1122,#1166,.T.);
#1164 = VERTEX_POINT('',#1165);
#1165 = CARTESIAN_POINT('',(-61.5,10.829508497189,236.));
#1166 = SURFACE_CURVE('',#1167,(#1172,#1179),.PCURVE_S1.);
#1167 = ELLIPSE('',#1168,1.397542485937,1.25);
#1168 = AXIS2_PLACEMENT_3D('',#1169,#1170,#1171);
#1169 = CARTESIAN_POINT('',(-62.75,11.454508497187,236.));
#1170 = DIRECTION('',(0.4472135955,0.894427191,0.));
#1171 = DIRECTION('',(0.894427191,-0.4472135955,0.));
#1172 = PCURVE('',#625,#1173);
#1173 = DEFINITIONAL_REPRESENTATION('',(#1174),#1178);
#1174 = ELLIPSE('',#1175,1.397542485937,1.25);
#1175 = AXIS2_PLACEMENT_2D('',#1176,#1177);
#1176 = CARTESIAN_POINT('',(5.366563145999,-89.));
#1177 = DIRECTION('',(1.,0.));
#1178 = ( GEOMETRIC_REPRESENTATION_CONTEXT(2) 
PARAMETRIC_REPRESENTATION_CONTEXT() REPRESENTATION_CONTEXT('2D SPACE',''
  ) );
#1179 = PCURVE('',#1138,#1180);
#1180 = DEFINITIONAL_REPRESENTATION('',(#1181),#1198);
#1181 = B_SPLINE_CURVE_WITH_KNOTS('',8,(#1182,#1183,#1184,#1185,#1186,
    #1187,#1188,#1189,#1190,#1191,#1192,#1193,#1194,#1195,#1196,#1197),
  .UNSPECIFIED.,.F.,.F.,(9,7,9),(1.570796326795,4.712388980385,
    7.853981633974),.UNSPECIFIED.);
#1182 = CARTESIAN_POINT('',(6.28318530718,6.545491502813));
#1183 = CARTESIAN_POINT('',(5.890486225481,6.300054576751));
#1184 = CARTESIAN_POINT('',(5.497787143784,6.054615693684));
#1185 = CARTESIAN_POINT('',(5.105088062083,5.866873173527));
#1186 = CARTESIAN_POINT('',(4.712388980384,5.794367411301));
#1187 = CARTESIAN_POINT('',(4.319689898685,5.866873173538));
#1188 = CARTESIAN_POINT('',(3.926990816989,6.054615693683));
#1189 = CARTESIAN_POINT('',(3.534291735289,6.300054576751));
#1190 = CARTESIAN_POINT('',(2.748893571891,6.790928428874));
#1191 = CARTESIAN_POINT('',(2.356194490187,7.036367311921));
#1192 = CARTESIAN_POINT('',(1.963495408533,7.224109832132));
#1193 = CARTESIAN_POINT('',(1.570796326773,7.296615594227));
#1194 = CARTESIAN_POINT('',(1.178097245134,7.224109832139));
#1195 = CARTESIAN_POINT('',(0.785398163391,7.036367311922));
#1196 = CARTESIAN_POINT('',(0.392699081699,6.790928428874));
#1197 = CARTESIAN_POINT('',(1.68753899743E-14,6.545491502813));
#1198 = ( GEOMETRIC_REPRESENTATION_CONTEXT(2) 
PARAMETRIC_REPRESENTATION_CONTEXT() REPRESENTATION_CONTEXT('2D SPACE',''
  ) );
#1199 = ORIENTED_EDGE('',*,*,#1200,.T.);
#1200 = EDGE_CURVE('',#1164,#1077,#1201,.T.);
#1201 = SURFACE_CURVE('',#1202,(#1206,#1213),.PCURVE_S1.);
#1202 = LINE('',#1203,#1204);
#1203 = CARTESIAN_POINT('',(-67.55,13.854508497187,236.));
#1204 = VECTOR('',#1205,1.);
#1205 = DIRECTION('',(0.894427191,-0.4472135955,0.));
#1206 = PCURVE('',#625,#1207);
#1207 = DEFINITIONAL_REPRESENTATION('',(#1208),#1212);
#1208 = LINE('',#1209,#1210);
#1209 = CARTESIAN_POINT('',(0.,-89.));
#1210 = VECTOR('',#1211,1.);
#1211 = DIRECTION('',(1.,0.));
#1212 = ( GEOMETRIC_REPRESENTATION_CONTEXT(2) 
PARAMETRIC_REPRESENTATION_CONTEXT() REPRESENTATION_CONTEXT('2D SPACE',''
  ) );
#1213 = PCURVE('',#342,#1214);
#1214 = DEFINITIONAL_REPRESENTATION('',(#1215),#1218);
#1215 = B_SPLINE_CURVE_WITH_KNOTS('',1,(#1216,#1217),.UNSPECIFIED.,.F.,
  .F.,(2,2),(0.,14.869852050374),.PIECEWISE_BEZIER_KNOTS.);
#1216 = CARTESIAN_POINT('',(0.,0.));
#1217 = CARTESIAN_POINT('',(15.764279241374,0.));
#1218 = ( GEOMETRIC_REPRESENTATION_CONTEXT(2) 
PARAMETRIC_REPRESENTATION_CONTEXT() REPRESENTATION_CONTEXT('2D SPACE',''
  ) );
#1219 = ADVANCED_FACE('',(#1220),#1138,.F.);
#1220 = FACE_BOUND('',#1221,.F.);
#1221 = EDGE_LOOP('',(#1222,#1223,#1246,#1272,#1273,#1274));
#1222 = ORIENTED_EDGE('',*,*,#1163,.T.);
#1223 = ORIENTED_EDGE('',*,*,#1224,.F.);
#1224 = EDGE_CURVE('',#1225,#1122,#1227,.T.);
#1225 = VERTEX_POINT('',#1226);
#1226 = CARTESIAN_POINT('',(-62.75,17.,234.75));
#1227 = SEAM_CURVE('',#1228,(#1232,#1239),.PCURVE_S1.);
#1228 = LINE('',#1229,#1230);
#1229 = CARTESIAN_POINT('',(-62.75,18.,234.75));
#1230 = VECTOR('',#1231,1.);
#1231 = DIRECTION('',(0.,-1.,0.));
#1232 = PCURVE('',#1138,#1233);
#1233 = DEFINITIONAL_REPRESENTATION('',(#1234),#1238);
#1234 = LINE('',#1235,#1236);
#1235 = CARTESIAN_POINT('',(6.28318530718,-0.));
#1236 = VECTOR('',#1237,1.);
#1237 = DIRECTION('',(0.,1.));
#1238 = ( GEOMETRIC_REPRESENTATION_CONTEXT(2) 
PARAMETRIC_REPRESENTATION_CONTEXT() REPRESENTATION_CONTEXT('2D SPACE',''
  ) );
#1239 = PCURVE('',#1138,#1240);
#1240 = DEFINITIONAL_REPRESENTATION('',(#1241),#1245);
#1241 = LINE('',#1242,#1243);
#1242 = CARTESIAN_POINT('',(0.,-0.));
#1243 = VECTOR('',#1244,1.);
#1244 = DIRECTION('',(0.,1.));
#1245 = ( GEOMETRIC_REPRESENTATION_CONTEXT(2) 
PARAMETRIC_REPRESENTATION_CONTEXT() REPRESENTATION_CONTEXT('2D SPACE',''
  ) );
#1246 = ORIENTED_EDGE('',*,*,#1247,.T.);
#1247 = EDGE_CURVE('',#1225,#1225,#1248,.T.);
#1248 = SURFACE_CURVE('',#1249,(#1254,#1261),.PCURVE_S1.);
#1249 = CIRCLE('',#1250,1.25);
#1250 = AXIS2_PLACEMENT_3D('',#1251,#1252,#1253);
#1251 = CARTESIAN_POINT('',(-62.75,17.,236.));
#1252 = DIRECTION('',(0.,-1.,0.));
#1253 = DIRECTION('',(0.,-0.,-1.));
#1254 = PCURVE('',#1138,#1255);
#1255 = DEFINITIONAL_REPRESENTATION('',(#1256),#1260);
#1256 = LINE('',#1257,#1258);
#1257 = CARTESIAN_POINT('',(0.,1.));
#1258 = VECTOR('',#1259,1.);
#1259 = DIRECTION('',(1.,0.));
#1260 = ( GEOMETRIC_REPRESENTATION_CONTEXT(2) 
PARAMETRIC_REPRESENTATION_CONTEXT() REPRESENTATION_CONTEXT('2D SPACE',''
  ) );
#1261 = PCURVE('',#128,#1262);
#1262 = DEFINITIONAL_REPRESENTATION('',(#1263),#1271);
#1263 = ( BOUNDED_CURVE() B_SPLINE_CURVE(2,(#1264,#1265,#1266,#1267,
#1268,#1269,#1270),.UNSPECIFIED.,.T.,.F.) B_SPLINE_CURVE_WITH_KNOTS((1,2
    ,2,2,2,1),(-2.094395102393,0.,2.094395102393,4.188790204786,
6.28318530718,8.377580409573),.UNSPECIFIED.) CURVE() 
GEOMETRIC_REPRESENTATION_ITEM() RATIONAL_B_SPLINE_CURVE((1.,0.5,1.,0.5,
1.,0.5,1.)) REPRESENTATION_ITEM('') );
#1264 = CARTESIAN_POINT('',(86.75,7.25));
#1265 = CARTESIAN_POINT('',(86.75,9.415063509461));
#1266 = CARTESIAN_POINT('',(88.625,8.332531754731));
#1267 = CARTESIAN_POINT('',(90.5,7.25));
#1268 = CARTESIAN_POINT('',(88.625,6.167468245269));
#1269 = CARTESIAN_POINT('',(86.75,5.084936490539));
#1270 = CARTESIAN_POINT('',(86.75,7.25));
#1271 = ( GEOMETRIC_REPRESENTATION_CONTEXT(2) 
PARAMETRIC_REPRESENTATION_CONTEXT() REPRESENTATION_CONTEXT('2D SPACE',''
  ) );
#1272 = ORIENTED_EDGE('',*,*,#1224,.T.);
#1273 = ORIENTED_EDGE('',*,*,#1121,.T.);
#1274 = ORIENTED_EDGE('',*,*,#1275,.T.);
#1275 = EDGE_CURVE('',#1100,#1164,#1276,.T.);
#1276 = SURFACE_CURVE('',#1277,(#1335,#1396),.PCURVE_S1.);
#1277 = B_SPLINE_CURVE_WITH_KNOTS('',6,(#1278,#1279,#1280,#1281,#1282,
    #1283,#1284,#1285,#1286,#1287,#1288,#1289,#1290,#1291,#1292,#1293,
    #1294,#1295,#1296,#1297,#1298,#1299,#1300,#1301,#1302,#1303,#1304,
    #1305,#1306,#1307,#1308,#1309,#1310,#1311,#1312,#1313,#1314,#1315,
    #1316,#1317,#1318,#1319,#1320,#1321,#1322,#1323,#1324,#1325,#1326,
    #1327,#1328,#1329,#1330,#1331,#1332,#1333,#1334),.UNSPECIFIED.,.F.,
  .F.,(7,5,5,5,5,5,5,5,5,5,5,7),(0.,9.55658963515E-02,0.159517913956,
    0.243907129796,0.311696849835,0.506817589767,0.64880640169,
    0.701529803351,0.767898600834,0.850130631471,0.912371965785,1.),
  .UNSPECIFIED.);
#1278 = CARTESIAN_POINT('',(-64.,12.079508497187,236.));
#1279 = CARTESIAN_POINT('',(-64.,12.094544802996,236.07536948286));
#1280 = CARTESIAN_POINT('',(-63.99454656637,12.106857190705,
    236.15075299427));
#1281 = CARTESIAN_POINT('',(-63.98363657133,12.116234745641,
    236.22510116345));
#1282 = CARTESIAN_POINT('',(-63.96759152982,12.122669672048,
    236.29756911737));
#1283 = CARTESIAN_POINT('',(-63.94688488867,12.126269843946,
    236.36751099838));
#1284 = CARTESIAN_POINT('',(-63.90546253252,12.12785253694,
    236.47925902713));
#1285 = CARTESIAN_POINT('',(-63.88700855587,12.127299624474,
    236.52273783235));
#1286 = CARTESIAN_POINT('',(-63.8668604883,12.12561274941,
    236.56477846544));
#1287 = CARTESIAN_POINT('',(-63.84517385457,12.12285494074,
    236.60530707528));
#1288 = CARTESIAN_POINT('',(-63.82209646455,12.119092028482,
    236.64428318632));
#1289 = CARTESIAN_POINT('',(-63.76564283877,12.10817578372,
    236.73105240907));
#1290 = CARTESIAN_POINT('',(-63.73133634172,12.100324113206,
    236.77767656884));
#1291 = CARTESIAN_POINT('',(-63.69513564891,12.09097363729,
    236.82153529467));
#1292 = CARTESIAN_POINT('',(-63.65730372032,12.080258802732,
    236.86264345747));
#1293 = CARTESIAN_POINT('',(-63.6180636348,12.068299877915,
    236.90104481117));
#1294 = CARTESIAN_POINT('',(-63.54508189801,12.044671653642,
    236.96551881482));
#1295 = CARTESIAN_POINT('',(-63.51177989547,12.033409058661,
    236.99252820134));
#1296 = CARTESIAN_POINT('',(-63.47778069689,12.021462257677,
    237.01785535286));
#1297 = CARTESIAN_POINT('',(-63.44316768252,12.00887887291,
    237.04153000397));
#1298 = CARTESIAN_POINT('',(-63.40801359519,11.995701197632,
    237.06358183802));
#1299 = CARTESIAN_POINT('',(-63.26981824863,11.942432399663,
    237.14292407552));
#1300 = CARTESIAN_POINT('',(-63.16335482605,11.898306424261,
    237.18856657665));
#1301 = CARTESIAN_POINT('',(-63.05438022333,11.850436617708,
    237.22173676937));
#1302 = CARTESIAN_POINT('',(-62.94397291845,11.79944027019,
    237.24282588529));
#1303 = CARTESIAN_POINT('',(-62.83302866795,11.74582833908,
    237.25215010841));
#1304 = CARTESIAN_POINT('',(-62.64167021055,11.649301981927,
    237.24790387705));
#1305 = CARTESIAN_POINT('',(-62.56120948981,11.607470334762,
    237.23987742699));
#1306 = CARTESIAN_POINT('',(-62.48118930606,11.564615868125,
    237.22561999851));
#1307 = CARTESIAN_POINT('',(-62.40194545548,11.520892340414,
    237.20506071636));
#1308 = CARTESIAN_POINT('',(-62.32385258472,11.476463936066,
    237.17808359691));
#1309 = CARTESIAN_POINT('',(-62.21893560905,11.414812538415,
    237.13200413646));
#1310 = CARTESIAN_POINT('',(-62.19074673669,11.398046780455,
    237.11861413605));
#1311 = CARTESIAN_POINT('',(-62.162801035,11.381218501339,
    237.10430130183));
#1312 = CARTESIAN_POINT('',(-62.13512398002,11.364338233229,
    237.08905457697));
#1313 = CARTESIAN_POINT('',(-62.10774348374,11.347417524813,
    237.07286189483));
#1314 = CARTESIAN_POINT('',(-62.04663453811,11.309133878105,
    237.03411941069));
#1315 = CARTESIAN_POINT('',(-62.01309816603,11.287755245129,
    237.01100954543));
#1316 = CARTESIAN_POINT('',(-61.98014057561,11.266357619299,
    236.98635390695));
#1317 = CARTESIAN_POINT('',(-61.94783147018,11.244970407065,
    236.9601252011));
#1318 = CARTESIAN_POINT('',(-61.91625076709,11.223628130185,
    236.93229617536));
#1319 = CARTESIAN_POINT('',(-61.84737445473,11.176032420457,
    236.86634393821));
#1320 = CARTESIAN_POINT('',(-61.81052132371,11.149827327656,
    236.82735407015));
#1321 = CARTESIAN_POINT('',(-61.77509686493,11.123828438002,
    236.78581718558));
#1322 = CARTESIAN_POINT('',(-61.74131167402,11.098133404983,
    236.74169496729));
#1323 = CARTESIAN_POINT('',(-61.70941364599,11.072864081453,
    236.69497691585));
#1324 = CARTESIAN_POINT('',(-61.65717820382,11.029472172798,
    236.60839005067));
#1325 = CARTESIAN_POINT('',(-61.63591771354,11.011107384052,
    236.56962065084));
#1326 = CARTESIAN_POINT('',(-61.61602252159,10.993136042969,
    236.52940162847));
#1327 = CARTESIAN_POINT('',(-61.59763091949,10.975635322556,
    236.48777322017));
#1328 = CARTESIAN_POINT('',(-61.58088805408,10.958692162085,
    236.44480743475));
#1329 = CARTESIAN_POINT('',(-61.54488646378,10.919463147696,
    236.33840098582));
#1330 = CARTESIAN_POINT('',(-61.52737715048,10.897806324661,
    236.2737288768));
#1331 = CARTESIAN_POINT('',(-61.51383132818,10.877714738824,
    236.20696901993));
#1332 = CARTESIAN_POINT('',(-61.50461893637,10.859474251181,
    236.13862713259));
#1333 = CARTESIAN_POINT('',(-61.5,10.843346651176,236.06936374686));
#1334 = CARTESIAN_POINT('',(-61.5,10.829508497187,236.));
#1335 = PCURVE('',#1138,#1336);
#1336 = DEFINITIONAL_REPRESENTATION('',(#1337),#1395);
#1337 = B_SPLINE_CURVE_WITH_KNOTS('',6,(#1338,#1339,#1340,#1341,#1342,
    #1343,#1344,#1345,#1346,#1347,#1348,#1349,#1350,#1351,#1352,#1353,
    #1354,#1355,#1356,#1357,#1358,#1359,#1360,#1361,#1362,#1363,#1364,
    #1365,#1366,#1367,#1368,#1369,#1370,#1371,#1372,#1373,#1374,#1375,
    #1376,#1377,#1378,#1379,#1380,#1381,#1382,#1383,#1384,#1385,#1386,
    #1387,#1388,#1389,#1390,#1391,#1392,#1393,#1394),.UNSPECIFIED.,.F.,
  .F.,(7,5,5,5,5,5,5,5,5,5,5,7),(0.,9.55658963515E-02,0.159517913956,
    0.243907129796,0.311696849835,0.506817589767,0.64880640169,
    0.701529803351,0.767898600834,0.850130631471,0.912371965785,1.),
  .UNSPECIFIED.);
#1338 = CARTESIAN_POINT('',(4.712388980385,5.920491502813));
#1339 = CARTESIAN_POINT('',(4.652093394093,5.905455197004));
#1340 = CARTESIAN_POINT('',(4.591786686901,5.893142809295));
#1341 = CARTESIAN_POINT('',(4.531913061973,5.883765254359));
#1342 = CARTESIAN_POINT('',(4.472755718223,5.877330327952));
#1343 = CARTESIAN_POINT('',(4.414533187092,5.873730156054));
#1344 = CARTESIAN_POINT('',(4.31919066011,5.87214746306));
#1345 = CARTESIAN_POINT('',(4.28144505248,5.872700375526));
#1346 = CARTESIAN_POINT('',(4.244206337651,5.87438725059));
#1347 = CARTESIAN_POINT('',(4.207486112504,5.87714505926));
#1348 = CARTESIAN_POINT('',(4.171281730537,5.880907971518));
#1349 = CARTESIAN_POINT('',(4.08846758728,5.89182421628));
#1350 = CARTESIAN_POINT('',(4.042235788759,5.899675886794));
#1351 = CARTESIAN_POINT('',(3.996843544085,5.90902636271));
#1352 = CARTESIAN_POINT('',(3.95224312476,5.919741197268));
#1353 = CARTESIAN_POINT('',(3.908376999838,5.931700122085));
#1354 = CARTESIAN_POINT('',(3.830471493786,5.955328346358));
#1355 = CARTESIAN_POINT('',(3.796199474546,5.966590941339));
#1356 = CARTESIAN_POINT('',(3.762325261467,5.978537742323));
#1357 = CARTESIAN_POINT('',(3.72881713224,5.99112112709));
#1358 = CARTESIAN_POINT('',(3.695643979274,6.004298802368));
#1359 = CARTESIAN_POINT('',(3.568162167023,6.057567600337));
#1360 = CARTESIAN_POINT('',(3.476117753109,6.101693575739));
#1361 = CARTESIAN_POINT('',(3.385781832065,6.149563382292));
#1362 = CARTESIAN_POINT('',(3.296604944434,6.20055972981));
#1363 = CARTESIAN_POINT('',(3.208035580023,6.25417166092));
#1364 = CARTESIAN_POINT('',(3.054911129302,6.350698018073));
#1365 = CARTESIAN_POINT('',(2.990415818873,6.392529665238));
#1366 = CARTESIAN_POINT('',(2.925680096677,6.435384131875));
#1367 = CARTESIAN_POINT('',(2.860485468882,6.479107659586));
#1368 = CARTESIAN_POINT('',(2.794606290171,6.523536063934));
#1369 = CARTESIAN_POINT('',(2.702934219103,6.585187461585));
#1370 = CARTESIAN_POINT('',(2.677979112384,6.601953219545));
#1371 = CARTESIAN_POINT('',(2.65287791338,6.618781498661));
#1372 = CARTESIAN_POINT('',(2.627616539118,6.635661766771));
#1373 = CARTESIAN_POINT('',(2.60218040938,6.652582475187));
#1374 = CARTESIAN_POINT('',(2.54429620324,6.690866121895));
#1375 = CARTESIAN_POINT('',(2.511737904816,6.712244754871));
#1376 = CARTESIAN_POINT('',(2.478848063678,6.733642380701));
#1377 = CARTESIAN_POINT('',(2.445596108949,6.755029592935));
#1378 = CARTESIAN_POINT('',(2.411950768441,6.776371869815));
#1379 = CARTESIAN_POINT('',(2.335662288621,6.823967579543));
#1380 = CARTESIAN_POINT('',(2.292795240992,6.850172672344));
#1381 = CARTESIAN_POINT('',(2.249209278661,6.876171561998));
#1382 = CARTESIAN_POINT('',(2.204848014143,6.901866595017));
#1383 = CARTESIAN_POINT('',(2.159664383535,6.927135918547));
#1384 = CARTESIAN_POINT('',(2.078766119954,6.970527827202));
#1385 = CARTESIAN_POINT('',(2.043423094983,6.988892615948));
#1386 = CARTESIAN_POINT('',(2.007575404471,7.006863957031));
#1387 = CARTESIAN_POINT('',(1.971220054417,7.024364677444));
#1388 = CARTESIAN_POINT('',(1.934367854419,7.041307837915));
#1389 = CARTESIAN_POINT('',(1.844502366043,7.080536852304));
#1390 = CARTESIAN_POINT('',(1.791004580469,7.102193675339));
#1391 = CARTESIAN_POINT('',(1.736679370239,7.122285261176));
#1392 = CARTESIAN_POINT('',(1.68169796822,7.140525748819));
#1393 = CARTESIAN_POINT('',(1.626287324287,7.156653348824));
#1394 = CARTESIAN_POINT('',(1.570796326795,7.170491502813));
#1395 = ( GEOMETRIC_REPRESENTATION_CONTEXT(2) 
PARAMETRIC_REPRESENTATION_CONTEXT() REPRESENTATION_CONTEXT('2D SPACE',''
  ) );
#1396 = PCURVE('',#342,#1397);
#1397 = DEFINITIONAL_REPRESENTATION('',(#1398),#1456);
#1398 = B_SPLINE_CURVE_WITH_KNOTS('',6,(#1399,#1400,#1401,#1402,#1403,
    #1404,#1405,#1406,#1407,#1408,#1409,#1410,#1411,#1412,#1413,#1414,
    #1415,#1416,#1417,#1418,#1419,#1420,#1421,#1422,#1423,#1424,#1425,
    #1426,#1427,#1428,#1429,#1430,#1431,#1432,#1433,#1434,#1435,#1436,
    #1437,#1438,#1439,#1440,#1441,#1442,#1443,#1444,#1445,#1446,#1447,
    #1448,#1449,#1450,#1451,#1452,#1453,#1454,#1455),.UNSPECIFIED.,.F.,
  .F.,(7,5,5,5,5,5,5,5,5,5,5,7),(0.,9.55658963515E-02,0.159517913956,
    0.243907129796,0.311696849835,0.506817589767,0.64880640169,
    0.701529803351,0.767898600834,0.850130631471,0.912371965785,1.),
  .UNSPECIFIED.);
#1399 = CARTESIAN_POINT('',(4.207758744878,0.));
#1400 = CARTESIAN_POINT('',(4.220823961138,1.879538226036E-02));
#1401 = CARTESIAN_POINT('',(4.240320034879,3.759426291074E-02));
#1402 = CARTESIAN_POINT('',(4.266035988387,5.613495348016E-02));
#1403 = CARTESIAN_POINT('',(4.297415237665,7.420676243653E-02));
#1404 = CARTESIAN_POINT('',(4.333768970449,9.164862802622E-02));
#1405 = CARTESIAN_POINT('',(4.401516866518,0.119515966865));
#1406 = CARTESIAN_POINT('',(4.430585184931,0.130358561684));
#1407 = CARTESIAN_POINT('',(4.46135749995,0.140842510087));
#1408 = CARTESIAN_POINT('',(4.493636874465,0.150949395333));
#1409 = CARTESIAN_POINT('',(4.527242684997,0.160669123771));
#1410 = CARTESIAN_POINT('',(4.607911659365,0.182307333933));
#1411 = CARTESIAN_POINT('',(4.655837472318,0.193934306446));
#1412 = CARTESIAN_POINT('',(4.705446729167,0.204871644557));
#1413 = CARTESIAN_POINT('',(4.756438426739,0.215123056727));
#1414 = CARTESIAN_POINT('',(4.80856509477,0.224699454158));
#1415 = CARTESIAN_POINT('',(4.904268482496,0.240777759309));
#1416 = CARTESIAN_POINT('',(4.94750629003,0.247513267169));
#1417 = CARTESIAN_POINT('',(4.991247956122,0.253829265055));
#1418 = CARTESIAN_POINT('',(5.035404928318,0.259733168073));
#1419 = CARTESIAN_POINT('',(5.079901308874,0.265232378561));
#1420 = CARTESIAN_POINT('',(5.253541189093,0.285018472698));
#1421 = CARTESIAN_POINT('',(5.384610478404,0.296400642556));
#1422 = CARTESIAN_POINT('',(5.516485735592,0.304672511065));
#1423 = CARTESIAN_POINT('',(5.648080213451,0.309931642219));
#1424 = CARTESIAN_POINT('',(5.778503165832,0.312256884891));
#1425 = CARTESIAN_POINT('',(6.000527507653,0.311197974329));
#1426 = CARTESIAN_POINT('',(6.092982443481,0.309196365835));
#1427 = CARTESIAN_POINT('',(6.18406489017,0.305640897385));
#1428 = CARTESIAN_POINT('',(6.273410846964,0.300513894355));
#1429 = CARTESIAN_POINT('',(6.3606028976,0.293786433147));
#1430 = CARTESIAN_POINT('',(6.476527849515,0.282295295877));
#1431 = CARTESIAN_POINT('',(6.507549448069,0.278956143653));
#1432 = CARTESIAN_POINT('',(6.538176330005,0.275386858314));
#1433 = CARTESIAN_POINT('',(6.568378799872,0.271584682537));
#1434 = CARTESIAN_POINT('',(6.59812408281,0.267546607191));
#1435 = CARTESIAN_POINT('',(6.664199367962,0.257885139824));
#1436 = CARTESIAN_POINT('',(6.700240080911,0.252122081155));
#1437 = CARTESIAN_POINT('',(6.735427679329,0.245973542882));
#1438 = CARTESIAN_POINT('',(6.769679430931,0.23943271848));
#1439 = CARTESIAN_POINT('',(6.802900189929,0.232492811811));
#1440 = CARTESIAN_POINT('',(6.874731737021,0.216045869879));
#1441 = CARTESIAN_POINT('',(6.912728507133,0.206322710761));
#1442 = CARTESIAN_POINT('',(6.948771782125,0.195964385433));
#1443 = CARTESIAN_POINT('',(6.982611022219,0.184961338478));
#1444 = CARTESIAN_POINT('',(7.013953061899,0.173310951584));
#1445 = CARTESIAN_POINT('',(7.06405367334,0.151718217125));
#1446 = CARTESIAN_POINT('',(7.084016900512,0.142050037618));
#1447 = CARTESIAN_POINT('',(7.102216355931,0.132020356229));
#1448 = CARTESIAN_POINT('',(7.118491728369,0.121639207027));
#1449 = CARTESIAN_POINT('',(7.132677258556,0.110924547319));
#1450 = CARTESIAN_POINT('',(7.16141875127,8.438927327363E-02));
#1451 = CARTESIAN_POINT('',(7.17377382986,6.826156528669E-02));
#1452 = CARTESIAN_POINT('',(7.18121236564,5.161322192981E-02));
#1453 = CARTESIAN_POINT('',(7.183341147426,3.457035725582E-02));
#1454 = CARTESIAN_POINT('',(7.179910147287,1.72976924851E-02));
#1455 = CARTESIAN_POINT('',(7.170969128595,0.));
#1456 = ( GEOMETRIC_REPRESENTATION_CONTEXT(2) 
PARAMETRIC_REPRESENTATION_CONTEXT() REPRESENTATION_CONTEXT('2D SPACE',''
  ) );
#1457 = ADVANCED_FACE('',(#1458),#697,.F.);
#1458 = FACE_BOUND('',#1459,.F.);
#1459 = EDGE_LOOP('',(#1460,#1490,#1510,#1511));
#1460 = ORIENTED_EDGE('',*,*,#1461,.T.);
#1461 = EDGE_CURVE('',#1462,#1464,#1466,.T.);
#1462 = VERTEX_POINT('',#1463);
#1463 = CARTESIAN_POINT('',(-63.25,68.5,238.5));
#1464 = VERTEX_POINT('',#1465);
#1465 = CARTESIAN_POINT('',(-61.25,68.5,238.5));
#1466 = SURFACE_CURVE('',#1467,(#1471,#1478),.PCURVE_S1.);
#1467 = LINE('',#1468,#1469);
#1468 = CARTESIAN_POINT('',(-64.25,68.5,238.5));
#1469 = VECTOR('',#1470,1.);
#1470 = DIRECTION('',(1.,0.,0.));
#1471 = PCURVE('',#697,#1472);
#1472 = DEFINITIONAL_REPRESENTATION('',(#1473),#1477);
#1473 = LINE('',#1474,#1475);
#1474 = CARTESIAN_POINT('',(91.5,0.));
#1475 = VECTOR('',#1476,1.);
#1476 = DIRECTION('',(0.,1.));
#1477 = ( GEOMETRIC_REPRESENTATION_CONTEXT(2) 
PARAMETRIC_REPRESENTATION_CONTEXT() REPRESENTATION_CONTEXT('2D SPACE',''
  ) );
#1478 = PCURVE('',#1479,#1484);
#1479 = PLANE('',#1480);
#1480 = AXIS2_PLACEMENT_3D('',#1481,#1482,#1483);
#1481 = CARTESIAN_POINT('',(-64.25,-68.5,238.5));
#1482 = DIRECTION('',(0.,0.,1.));
#1483 = DIRECTION('',(1.,0.,0.));
#1484 = DEFINITIONAL_REPRESENTATION('',(#1485),#1489);
#1485 = LINE('',#1486,#1487);
#1486 = CARTESIAN_POINT('',(0.,137.));
#1487 = VECTOR('',#1488,1.);
#1488 = DIRECTION('',(1.,0.));
#1489 = ( GEOMETRIC_REPRESENTATION_CONTEXT(2) 
PARAMETRIC_REPRESENTATION_CONTEXT() REPRESENTATION_CONTEXT('2D SPACE',''
  ) );
#1490 = ORIENTED_EDGE('',*,*,#1491,.F.);
#1491 = EDGE_CURVE('',#682,#1464,#1492,.T.);
#1492 = SURFACE_CURVE('',#1493,(#1497,#1503),.PCURVE_S1.);
#1493 = LINE('',#1494,#1495);
#1494 = CARTESIAN_POINT('',(-61.25,68.5,147.5));
#1495 = VECTOR('',#1496,1.);
#1496 = DIRECTION('',(0.,0.,1.));
#1497 = PCURVE('',#697,#1498);
#1498 = DEFINITIONAL_REPRESENTATION('',(#1499),#1502);
#1499 = B_SPLINE_CURVE_WITH_KNOTS('',1,(#1500,#1501),.UNSPECIFIED.,.F.,
  .F.,(2,2),(0.5,91.),.PIECEWISE_BEZIER_KNOTS.);
#1500 = CARTESIAN_POINT('',(1.,3.));
#1501 = CARTESIAN_POINT('',(91.5,3.));
#1502 = ( GEOMETRIC_REPRESENTATION_CONTEXT(2) 
PARAMETRIC_REPRESENTATION_CONTEXT() REPRESENTATION_CONTEXT('2D SPACE',''
  ) );
#1503 = PCURVE('',#724,#1504);
#1504 = DEFINITIONAL_REPRESENTATION('',(#1505),#1509);
#1505 = LINE('',#1506,#1507);
#1506 = CARTESIAN_POINT('',(-0.5,-138.5));
#1507 = VECTOR('',#1508,1.);
#1508 = DIRECTION('',(1.,0.));
#1509 = ( GEOMETRIC_REPRESENTATION_CONTEXT(2) 
PARAMETRIC_REPRESENTATION_CONTEXT() REPRESENTATION_CONTEXT('2D SPACE',''
  ) );
#1510 = ORIENTED_EDGE('',*,*,#681,.T.);
#1511 = ORIENTED_EDGE('',*,*,#1512,.T.);
#1512 = EDGE_CURVE('',#659,#1462,#1513,.T.);
#1513 = SURFACE_CURVE('',#1514,(#1518,#1524),.PCURVE_S1.);
#1514 = LINE('',#1515,#1516);
#1515 = CARTESIAN_POINT('',(-63.25,68.5,147.5));
#1516 = VECTOR('',#1517,1.);
#1517 = DIRECTION('',(0.,0.,1.));
#1518 = PCURVE('',#697,#1519);
#1519 = DEFINITIONAL_REPRESENTATION('',(#1520),#1523);
#1520 = B_SPLINE_CURVE_WITH_KNOTS('',1,(#1521,#1522),.UNSPECIFIED.,.F.,
  .F.,(2,2),(0.5,91.),.PIECEWISE_BEZIER_KNOTS.);
#1521 = CARTESIAN_POINT('',(1.,1.));
#1522 = CARTESIAN_POINT('',(91.5,1.));
#1523 = ( GEOMETRIC_REPRESENTATION_CONTEXT(2) 
PARAMETRIC_REPRESENTATION_CONTEXT() REPRESENTATION_CONTEXT('2D SPACE',''
  ) );
#1524 = PCURVE('',#100,#1525);
#1525 = DEFINITIONAL_REPRESENTATION('',(#1526),#1529);
#1526 = B_SPLINE_CURVE_WITH_KNOTS('',1,(#1527,#1528),.UNSPECIFIED.,.F.,
  .F.,(2,2),(0.5,91.),.PIECEWISE_BEZIER_KNOTS.);
#1527 = CARTESIAN_POINT('',(0.,-138.5));
#1528 = CARTESIAN_POINT('',(90.5,-138.5));
#1529 = ( GEOMETRIC_REPRESENTATION_CONTEXT(2) 
PARAMETRIC_REPRESENTATION_CONTEXT() REPRESENTATION_CONTEXT('2D SPACE',''
  ) );
#1530 = ADVANCED_FACE('',(#1531),#1479,.F.);
#1531 = FACE_BOUND('',#1532,.F.);
#1532 = EDGE_LOOP('',(#1533,#1534,#1555,#1576));
#1533 = ORIENTED_EDGE('',*,*,#1461,.F.);
#1534 = ORIENTED_EDGE('',*,*,#1535,.T.);
#1535 = EDGE_CURVE('',#1462,#1536,#1538,.T.);
#1536 = VERTEX_POINT('',#1537);
#1537 = CARTESIAN_POINT('',(-63.25,17.,238.5));
#1538 = SURFACE_CURVE('',#1539,(#1543,#1549),.PCURVE_S1.);
#1539 = LINE('',#1540,#1541);
#1540 = CARTESIAN_POINT('',(-63.25,-69.25,238.5));
#1541 = VECTOR('',#1542,1.);
#1542 = DIRECTION('',(0.,-1.,0.));
#1543 = PCURVE('',#1479,#1544);
#1544 = DEFINITIONAL_REPRESENTATION('',(#1545),#1548);
#1545 = B_SPLINE_CURVE_WITH_KNOTS('',1,(#1546,#1547),.UNSPECIFIED.,.F.,
  .F.,(2,2),(-137.75,-0.75),.PIECEWISE_BEZIER_KNOTS.);
#1546 = CARTESIAN_POINT('',(1.,137.));
#1547 = CARTESIAN_POINT('',(1.,0.));
#1548 = ( GEOMETRIC_REPRESENTATION_CONTEXT(2) 
PARAMETRIC_REPRESENTATION_CONTEXT() REPRESENTATION_CONTEXT('2D SPACE',''
  ) );
#1549 = PCURVE('',#100,#1550);
#1550 = DEFINITIONAL_REPRESENTATION('',(#1551),#1554);
#1551 = B_SPLINE_CURVE_WITH_KNOTS('',1,(#1552,#1553),.UNSPECIFIED.,.F.,
  .F.,(2,2),(-137.75,-0.75),.PIECEWISE_BEZIER_KNOTS.);
#1552 = CARTESIAN_POINT('',(90.5,-138.5));
#1553 = CARTESIAN_POINT('',(90.5,-1.5));
#1554 = ( GEOMETRIC_REPRESENTATION_CONTEXT(2) 
PARAMETRIC_REPRESENTATION_CONTEXT() REPRESENTATION_CONTEXT('2D SPACE',''
  ) );
#1555 = ORIENTED_EDGE('',*,*,#1556,.T.);
#1556 = EDGE_CURVE('',#1536,#1557,#1559,.T.);
#1557 = VERTEX_POINT('',#1558);
#1558 = CARTESIAN_POINT('',(-61.25,17.,238.5));
#1559 = SURFACE_CURVE('',#1560,(#1564,#1570),.PCURVE_S1.);
#1560 = LINE('',#1561,#1562);
#1561 = CARTESIAN_POINT('',(-67.125,17.,238.5));
#1562 = VECTOR('',#1563,1.);
#1563 = DIRECTION('',(1.,0.,0.));
#1564 = PCURVE('',#1479,#1565);
#1565 = DEFINITIONAL_REPRESENTATION('',(#1566),#1569);
#1566 = B_SPLINE_CURVE_WITH_KNOTS('',1,(#1567,#1568),.UNSPECIFIED.,.F.,
  .F.,(2,2),(3.875,5.875),.PIECEWISE_BEZIER_KNOTS.);
#1567 = CARTESIAN_POINT('',(1.,85.5));
#1568 = CARTESIAN_POINT('',(3.,85.5));
#1569 = ( GEOMETRIC_REPRESENTATION_CONTEXT(2) 
PARAMETRIC_REPRESENTATION_CONTEXT() REPRESENTATION_CONTEXT('2D SPACE',''
  ) );
#1570 = PCURVE('',#128,#1571);
#1571 = DEFINITIONAL_REPRESENTATION('',(#1572),#1575);
#1572 = B_SPLINE_CURVE_WITH_KNOTS('',1,(#1573,#1574),.UNSPECIFIED.,.F.,
  .F.,(2,2),(3.875,5.875),.PIECEWISE_BEZIER_KNOTS.);
#1573 = CARTESIAN_POINT('',(90.5,6.75));
#1574 = CARTESIAN_POINT('',(90.5,8.75));
#1575 = ( GEOMETRIC_REPRESENTATION_CONTEXT(2) 
PARAMETRIC_REPRESENTATION_CONTEXT() REPRESENTATION_CONTEXT('2D SPACE',''
  ) );
#1576 = ORIENTED_EDGE('',*,*,#1577,.F.);
#1577 = EDGE_CURVE('',#1464,#1557,#1578,.T.);
#1578 = SURFACE_CURVE('',#1579,(#1583,#1589),.PCURVE_S1.);
#1579 = LINE('',#1580,#1581);
#1580 = CARTESIAN_POINT('',(-61.25,-69.25,238.5));
#1581 = VECTOR('',#1582,1.);
#1582 = DIRECTION('',(0.,-1.,0.));
#1583 = PCURVE('',#1479,#1584);
#1584 = DEFINITIONAL_REPRESENTATION('',(#1585),#1588);
#1585 = B_SPLINE_CURVE_WITH_KNOTS('',1,(#1586,#1587),.UNSPECIFIED.,.F.,
  .F.,(2,2),(-137.75,-0.75),.PIECEWISE_BEZIER_KNOTS.);
#1586 = CARTESIAN_POINT('',(3.,137.));
#1587 = CARTESIAN_POINT('',(3.,0.));
#1588 = ( GEOMETRIC_REPRESENTATION_CONTEXT(2) 
PARAMETRIC_REPRESENTATION_CONTEXT() REPRESENTATION_CONTEXT('2D SPACE',''
  ) );
#1589 = PCURVE('',#724,#1590);
#1590 = DEFINITIONAL_REPRESENTATION('',(#1591),#1595);
#1591 = LINE('',#1592,#1593);
#1592 = CARTESIAN_POINT('',(90.5,-0.75));
#1593 = VECTOR('',#1594,1.);
#1594 = DIRECTION('',(0.,1.));
#1595 = ( GEOMETRIC_REPRESENTATION_CONTEXT(2) 
PARAMETRIC_REPRESENTATION_CONTEXT() REPRESENTATION_CONTEXT('2D SPACE',''
  ) );
#1596 = ADVANCED_FACE('',(#1597),#724,.F.);
#1597 = FACE_BOUND('',#1598,.F.);
#1598 = EDGE_LOOP('',(#1599,#1600,#1623,#1651,#1672,#1673));
#1599 = ORIENTED_EDGE('',*,*,#1577,.T.);
#1600 = ORIENTED_EDGE('',*,*,#1601,.F.);
#1601 = EDGE_CURVE('',#1602,#1557,#1604,.T.);
#1602 = VERTEX_POINT('',#1603);
#1603 = CARTESIAN_POINT('',(-61.25,17.,232.));
#1604 = SURFACE_CURVE('',#1605,(#1609,#1616),.PCURVE_S1.);
#1605 = LINE('',#1606,#1607);
#1606 = CARTESIAN_POINT('',(-61.25,17.,148.));
#1607 = VECTOR('',#1608,1.);
#1608 = DIRECTION('',(0.,0.,1.));
#1609 = PCURVE('',#724,#1610);
#1610 = DEFINITIONAL_REPRESENTATION('',(#1611),#1615);
#1611 = LINE('',#1612,#1613);
#1612 = CARTESIAN_POINT('',(0.,-87.));
#1613 = VECTOR('',#1614,1.);
#1614 = DIRECTION('',(1.,0.));
#1615 = ( GEOMETRIC_REPRESENTATION_CONTEXT(2) 
PARAMETRIC_REPRESENTATION_CONTEXT() REPRESENTATION_CONTEXT('2D SPACE',''
  ) );
#1616 = PCURVE('',#128,#1617);
#1617 = DEFINITIONAL_REPRESENTATION('',(#1618),#1622);
#1618 = LINE('',#1619,#1620);
#1619 = CARTESIAN_POINT('',(0.,8.75));
#1620 = VECTOR('',#1621,1.);
#1621 = DIRECTION('',(1.,0.));
#1622 = ( GEOMETRIC_REPRESENTATION_CONTEXT(2) 
PARAMETRIC_REPRESENTATION_CONTEXT() REPRESENTATION_CONTEXT('2D SPACE',''
  ) );
#1623 = ORIENTED_EDGE('',*,*,#1624,.T.);
#1624 = EDGE_CURVE('',#1602,#1625,#1627,.T.);
#1625 = VERTEX_POINT('',#1626);
#1626 = CARTESIAN_POINT('',(-61.25,62.,232.));
#1627 = SURFACE_CURVE('',#1628,(#1632,#1639),.PCURVE_S1.);
#1628 = LINE('',#1629,#1630);
#1629 = CARTESIAN_POINT('',(-61.25,-62.,232.));
#1630 = VECTOR('',#1631,1.);
#1631 = DIRECTION('',(0.,1.,0.));
#1632 = PCURVE('',#724,#1633);
#1633 = DEFINITIONAL_REPRESENTATION('',(#1634),#1638);
#1634 = LINE('',#1635,#1636);
#1635 = CARTESIAN_POINT('',(84.,-8.));
#1636 = VECTOR('',#1637,1.);
#1637 = DIRECTION('',(0.,-1.));
#1638 = ( GEOMETRIC_REPRESENTATION_CONTEXT(2) 
PARAMETRIC_REPRESENTATION_CONTEXT() REPRESENTATION_CONTEXT('2D SPACE',''
  ) );
#1639 = PCURVE('',#1640,#1645);
#1640 = PLANE('',#1641);
#1641 = AXIS2_PLACEMENT_3D('',#1642,#1643,#1644);
#1642 = CARTESIAN_POINT('',(-101.,-62.,232.));
#1643 = DIRECTION('',(0.,0.,1.));
#1644 = DIRECTION('',(1.,0.,0.));
#1645 = DEFINITIONAL_REPRESENTATION('',(#1646),#1650);
#1646 = LINE('',#1647,#1648);
#1647 = CARTESIAN_POINT('',(39.75,0.));
#1648 = VECTOR('',#1649,1.);
#1649 = DIRECTION('',(0.,1.));
#1650 = ( GEOMETRIC_REPRESENTATION_CONTEXT(2) 
PARAMETRIC_REPRESENTATION_CONTEXT() REPRESENTATION_CONTEXT('2D SPACE',''
  ) );
#1651 = ORIENTED_EDGE('',*,*,#1652,.F.);
#1652 = EDGE_CURVE('',#709,#1625,#1653,.T.);
#1653 = SURFACE_CURVE('',#1654,(#1658,#1665),.PCURVE_S1.);
#1654 = LINE('',#1655,#1656);
#1655 = CARTESIAN_POINT('',(-61.25,62.,148.));
#1656 = VECTOR('',#1657,1.);
#1657 = DIRECTION('',(0.,0.,1.));
#1658 = PCURVE('',#724,#1659);
#1659 = DEFINITIONAL_REPRESENTATION('',(#1660),#1664);
#1660 = LINE('',#1661,#1662);
#1661 = CARTESIAN_POINT('',(0.,-132.));
#1662 = VECTOR('',#1663,1.);
#1663 = DIRECTION('',(1.,0.));
#1664 = ( GEOMETRIC_REPRESENTATION_CONTEXT(2) 
PARAMETRIC_REPRESENTATION_CONTEXT() REPRESENTATION_CONTEXT('2D SPACE',''
  ) );
#1665 = PCURVE('',#752,#1666);
#1666 = DEFINITIONAL_REPRESENTATION('',(#1667),#1671);
#1667 = LINE('',#1668,#1669);
#1668 = CARTESIAN_POINT('',(0.,39.75));
#1669 = VECTOR('',#1670,1.);
#1670 = DIRECTION('',(1.,0.));
#1671 = ( GEOMETRIC_REPRESENTATION_CONTEXT(2) 
PARAMETRIC_REPRESENTATION_CONTEXT() REPRESENTATION_CONTEXT('2D SPACE',''
  ) );
#1672 = ORIENTED_EDGE('',*,*,#708,.T.);
#1673 = ORIENTED_EDGE('',*,*,#1491,.T.);
#1674 = ADVANCED_FACE('',(#1675),#1640,.T.);
#1675 = FACE_BOUND('',#1676,.T.);
#1676 = EDGE_LOOP('',(#1677,#1700,#1723,#1746,#1769,#1790,#1811,#1830));
#1677 = ORIENTED_EDGE('',*,*,#1678,.F.);
#1678 = EDGE_CURVE('',#1679,#1625,#1681,.T.);
#1679 = VERTEX_POINT('',#1680);
#1680 = CARTESIAN_POINT('',(-101.,62.,232.));
#1681 = SURFACE_CURVE('',#1682,(#1686,#1693),.PCURVE_S1.);
#1682 = LINE('',#1683,#1684);
#1683 = CARTESIAN_POINT('',(-101.,62.,232.));
#1684 = VECTOR('',#1685,1.);
#1685 = DIRECTION('',(1.,0.,0.));
#1686 = PCURVE('',#1640,#1687);
#1687 = DEFINITIONAL_REPRESENTATION('',(#1688),#1692);
#1688 = LINE('',#1689,#1690);
#1689 = CARTESIAN_POINT('',(0.,124.));
#1690 = VECTOR('',#1691,1.);
#1691 = DIRECTION('',(1.,0.));
#1692 = ( GEOMETRIC_REPRESENTATION_CONTEXT(2) 
PARAMETRIC_REPRESENTATION_CONTEXT() REPRESENTATION_CONTEXT('2D SPACE',''
  ) );
#1693 = PCURVE('',#752,#1694);
#1694 = DEFINITIONAL_REPRESENTATION('',(#1695),#1699);
#1695 = LINE('',#1696,#1697);
#1696 = CARTESIAN_POINT('',(84.,0.));
#1697 = VECTOR('',#1698,1.);
#1698 = DIRECTION('',(0.,1.));
#1699 = ( GEOMETRIC_REPRESENTATION_CONTEXT(2) 
PARAMETRIC_REPRESENTATION_CONTEXT() REPRESENTATION_CONTEXT('2D SPACE',''
  ) );
#1700 = ORIENTED_EDGE('',*,*,#1701,.F.);
#1701 = EDGE_CURVE('',#1702,#1679,#1704,.T.);
#1702 = VERTEX_POINT('',#1703);
#1703 = CARTESIAN_POINT('',(-101.,-62.,232.));
#1704 = SURFACE_CURVE('',#1705,(#1709,#1716),.PCURVE_S1.);
#1705 = LINE('',#1706,#1707);
#1706 = CARTESIAN_POINT('',(-101.,-62.,232.));
#1707 = VECTOR('',#1708,1.);
#1708 = DIRECTION('',(0.,1.,0.));
#1709 = PCURVE('',#1640,#1710);
#1710 = DEFINITIONAL_REPRESENTATION('',(#1711),#1715);
#1711 = LINE('',#1712,#1713);
#1712 = CARTESIAN_POINT('',(0.,0.));
#1713 = VECTOR('',#1714,1.);
#1714 = DIRECTION('',(0.,1.));
#1715 = ( GEOMETRIC_REPRESENTATION_CONTEXT(2) 
PARAMETRIC_REPRESENTATION_CONTEXT() REPRESENTATION_CONTEXT('2D SPACE',''
  ) );
#1716 = PCURVE('',#780,#1717);
#1717 = DEFINITIONAL_REPRESENTATION('',(#1718),#1722);
#1718 = LINE('',#1719,#1720);
#1719 = CARTESIAN_POINT('',(84.,0.));
#1720 = VECTOR('',#1721,1.);
#1721 = DIRECTION('',(0.,-1.));
#1722 = ( GEOMETRIC_REPRESENTATION_CONTEXT(2) 
PARAMETRIC_REPRESENTATION_CONTEXT() REPRESENTATION_CONTEXT('2D SPACE',''
  ) );
#1723 = ORIENTED_EDGE('',*,*,#1724,.T.);
#1724 = EDGE_CURVE('',#1702,#1725,#1727,.T.);
#1725 = VERTEX_POINT('',#1726);
#1726 = CARTESIAN_POINT('',(-61.25,-62.,232.));
#1727 = SURFACE_CURVE('',#1728,(#1732,#1739),.PCURVE_S1.);
#1728 = LINE('',#1729,#1730);
#1729 = CARTESIAN_POINT('',(-101.,-62.,232.));
#1730 = VECTOR('',#1731,1.);
#1731 = DIRECTION('',(1.,0.,0.));
#1732 = PCURVE('',#1640,#1733);
#1733 = DEFINITIONAL_REPRESENTATION('',(#1734),#1738);
#1734 = LINE('',#1735,#1736);
#1735 = CARTESIAN_POINT('',(0.,0.));
#1736 = VECTOR('',#1737,1.);
#1737 = DIRECTION('',(1.,0.));
#1738 = ( GEOMETRIC_REPRESENTATION_CONTEXT(2) 
PARAMETRIC_REPRESENTATION_CONTEXT() REPRESENTATION_CONTEXT('2D SPACE',''
  ) );
#1739 = PCURVE('',#806,#1740);
#1740 = DEFINITIONAL_REPRESENTATION('',(#1741),#1745);
#1741 = LINE('',#1742,#1743);
#1742 = CARTESIAN_POINT('',(84.,0.));
#1743 = VECTOR('',#1744,1.);
#1744 = DIRECTION('',(0.,1.));
#1745 = ( GEOMETRIC_REPRESENTATION_CONTEXT(2) 
PARAMETRIC_REPRESENTATION_CONTEXT() REPRESENTATION_CONTEXT('2D SPACE',''
  ) );
#1746 = ORIENTED_EDGE('',*,*,#1747,.T.);
#1747 = EDGE_CURVE('',#1725,#1748,#1750,.T.);
#1748 = VERTEX_POINT('',#1749);
#1749 = CARTESIAN_POINT('',(-61.25,-17.,232.));
#1750 = SURFACE_CURVE('',#1751,(#1755,#1762),.PCURVE_S1.);
#1751 = LINE('',#1752,#1753);
#1752 = CARTESIAN_POINT('',(-61.25,-62.,232.));
#1753 = VECTOR('',#1754,1.);
#1754 = DIRECTION('',(0.,1.,0.));
#1755 = PCURVE('',#1640,#1756);
#1756 = DEFINITIONAL_REPRESENTATION('',(#1757),#1761);
#1757 = LINE('',#1758,#1759);
#1758 = CARTESIAN_POINT('',(39.75,0.));
#1759 = VECTOR('',#1760,1.);
#1760 = DIRECTION('',(0.,1.));
#1761 = ( GEOMETRIC_REPRESENTATION_CONTEXT(2) 
PARAMETRIC_REPRESENTATION_CONTEXT() REPRESENTATION_CONTEXT('2D SPACE',''
  ) );
#1762 = PCURVE('',#450,#1763);
#1763 = DEFINITIONAL_REPRESENTATION('',(#1764),#1768);
#1764 = LINE('',#1765,#1766);
#1765 = CARTESIAN_POINT('',(84.,-8.));
#1766 = VECTOR('',#1767,1.);
#1767 = DIRECTION('',(0.,-1.));
#1768 = ( GEOMETRIC_REPRESENTATION_CONTEXT(2) 
PARAMETRIC_REPRESENTATION_CONTEXT() REPRESENTATION_CONTEXT('2D SPACE',''
  ) );
#1769 = ORIENTED_EDGE('',*,*,#1770,.T.);
#1770 = EDGE_CURVE('',#1748,#1771,#1773,.T.);
#1771 = VERTEX_POINT('',#1772);
#1772 = CARTESIAN_POINT('',(-70.,-17.,232.));
#1773 = SURFACE_CURVE('',#1774,(#1778,#1784),.PCURVE_S1.);
#1774 = LINE('',#1775,#1776);
#1775 = CARTESIAN_POINT('',(-85.5,-17.,232.));
#1776 = VECTOR('',#1777,1.);
#1777 = DIRECTION('',(-1.,0.,0.));
#1778 = PCURVE('',#1640,#1779);
#1779 = DEFINITIONAL_REPRESENTATION('',(#1780),#1783);
#1780 = B_SPLINE_CURVE_WITH_KNOTS('',1,(#1781,#1782),.UNSPECIFIED.,.F.,
  .F.,(2,2),(-24.25,-15.5),.PIECEWISE_BEZIER_KNOTS.);
#1781 = CARTESIAN_POINT('',(39.75,45.));
#1782 = CARTESIAN_POINT('',(31.,45.));
#1783 = ( GEOMETRIC_REPRESENTATION_CONTEXT(2) 
PARAMETRIC_REPRESENTATION_CONTEXT() REPRESENTATION_CONTEXT('2D SPACE',''
  ) );
#1784 = PCURVE('',#184,#1785);
#1785 = DEFINITIONAL_REPRESENTATION('',(#1786),#1789);
#1786 = B_SPLINE_CURVE_WITH_KNOTS('',1,(#1787,#1788),.UNSPECIFIED.,.F.,
  .F.,(2,2),(-24.25,-15.5),.PIECEWISE_BEZIER_KNOTS.);
#1787 = CARTESIAN_POINT('',(84.,8.75));
#1788 = CARTESIAN_POINT('',(84.,0.));
#1789 = ( GEOMETRIC_REPRESENTATION_CONTEXT(2) 
PARAMETRIC_REPRESENTATION_CONTEXT() REPRESENTATION_CONTEXT('2D SPACE',''
  ) );
#1790 = ORIENTED_EDGE('',*,*,#1791,.T.);
#1791 = EDGE_CURVE('',#1771,#1792,#1794,.T.);
#1792 = VERTEX_POINT('',#1793);
#1793 = CARTESIAN_POINT('',(-70.,17.,232.));
#1794 = SURFACE_CURVE('',#1795,(#1799,#1805),.PCURVE_S1.);
#1795 = LINE('',#1796,#1797);
#1796 = CARTESIAN_POINT('',(-70.,-39.5,232.));
#1797 = VECTOR('',#1798,1.);
#1798 = DIRECTION('',(0.,1.,0.));
#1799 = PCURVE('',#1640,#1800);
#1800 = DEFINITIONAL_REPRESENTATION('',(#1801),#1804);
#1801 = B_SPLINE_CURVE_WITH_KNOTS('',1,(#1802,#1803),.UNSPECIFIED.,.F.,
  .F.,(2,2),(22.5,56.5),.PIECEWISE_BEZIER_KNOTS.);
#1802 = CARTESIAN_POINT('',(31.,45.));
#1803 = CARTESIAN_POINT('',(31.,79.));
#1804 = ( GEOMETRIC_REPRESENTATION_CONTEXT(2) 
PARAMETRIC_REPRESENTATION_CONTEXT() REPRESENTATION_CONTEXT('2D SPACE',''
  ) );
#1805 = PCURVE('',#156,#1806);
#1806 = DEFINITIONAL_REPRESENTATION('',(#1807),#1810);
#1807 = B_SPLINE_CURVE_WITH_KNOTS('',1,(#1808,#1809),.UNSPECIFIED.,.F.,
  .F.,(2,2),(22.5,56.5),.PIECEWISE_BEZIER_KNOTS.);
#1808 = CARTESIAN_POINT('',(84.,0.));
#1809 = CARTESIAN_POINT('',(84.,-34.));
#1810 = ( GEOMETRIC_REPRESENTATION_CONTEXT(2) 
PARAMETRIC_REPRESENTATION_CONTEXT() REPRESENTATION_CONTEXT('2D SPACE',''
  ) );
#1811 = ORIENTED_EDGE('',*,*,#1812,.F.);
#1812 = EDGE_CURVE('',#1602,#1792,#1813,.T.);
#1813 = SURFACE_CURVE('',#1814,(#1818,#1824),.PCURVE_S1.);
#1814 = LINE('',#1815,#1816);
#1815 = CARTESIAN_POINT('',(-85.5,17.,232.));
#1816 = VECTOR('',#1817,1.);
#1817 = DIRECTION('',(-1.,0.,0.));
#1818 = PCURVE('',#1640,#1819);
#1819 = DEFINITIONAL_REPRESENTATION('',(#1820),#1823);
#1820 = B_SPLINE_CURVE_WITH_KNOTS('',1,(#1821,#1822),.UNSPECIFIED.,.F.,
  .F.,(2,2),(-24.25,-15.5),.PIECEWISE_BEZIER_KNOTS.);
#1821 = CARTESIAN_POINT('',(39.75,79.));
#1822 = CARTESIAN_POINT('',(31.,79.));
#1823 = ( GEOMETRIC_REPRESENTATION_CONTEXT(2) 
PARAMETRIC_REPRESENTATION_CONTEXT() REPRESENTATION_CONTEXT('2D SPACE',''
  ) );
#1824 = PCURVE('',#128,#1825);
#1825 = DEFINITIONAL_REPRESENTATION('',(#1826),#1829);
#1826 = B_SPLINE_CURVE_WITH_KNOTS('',1,(#1827,#1828),.UNSPECIFIED.,.F.,
  .F.,(2,2),(-24.25,-15.5),.PIECEWISE_BEZIER_KNOTS.);
#1827 = CARTESIAN_POINT('',(84.,8.75));
#1828 = CARTESIAN_POINT('',(84.,0.));
#1829 = ( GEOMETRIC_REPRESENTATION_CONTEXT(2) 
PARAMETRIC_REPRESENTATION_CONTEXT() REPRESENTATION_CONTEXT('2D SPACE',''
  ) );
#1830 = ORIENTED_EDGE('',*,*,#1624,.T.);
#1831 = ADVANCED_FACE('',(#1832,#2392,#2550,#2792,#2950,#3062,#3174,
    #3280),#752,.T.);
#1832 = FACE_BOUND('',#1833,.T.);
#1833 = EDGE_LOOP('',(#1834,#1835,#1836,#1837,#1860,#1886,#1912,#1938,
    #1964,#1990,#2016,#2037,#2060,#2086,#2112,#2138,#2167,#2193,#2222,
    #2248,#2272,#2298,#2324,#2350,#2371));
#1834 = ORIENTED_EDGE('',*,*,#1678,.T.);
#1835 = ORIENTED_EDGE('',*,*,#1652,.F.);
#1836 = ORIENTED_EDGE('',*,*,#736,.F.);
#1837 = ORIENTED_EDGE('',*,*,#1838,.T.);
#1838 = EDGE_CURVE('',#737,#1839,#1841,.T.);
#1839 = VERTEX_POINT('',#1840);
#1840 = CARTESIAN_POINT('',(-101.,62.,157.19722436226));
#1841 = SURFACE_CURVE('',#1842,(#1846,#1853),.PCURVE_S1.);
#1842 = LINE('',#1843,#1844);
#1843 = CARTESIAN_POINT('',(-101.,62.,148.));
#1844 = VECTOR('',#1845,1.);
#1845 = DIRECTION('',(0.,0.,1.));
#1846 = PCURVE('',#752,#1847);
#1847 = DEFINITIONAL_REPRESENTATION('',(#1848),#1852);
#1848 = LINE('',#1849,#1850);
#1849 = CARTESIAN_POINT('',(0.,0.));
#1850 = VECTOR('',#1851,1.);
#1851 = DIRECTION('',(1.,0.));
#1852 = ( GEOMETRIC_REPRESENTATION_CONTEXT(2) 
PARAMETRIC_REPRESENTATION_CONTEXT() REPRESENTATION_CONTEXT('2D SPACE',''
  ) );
#1853 = PCURVE('',#780,#1854);
#1854 = DEFINITIONAL_REPRESENTATION('',(#1855),#1859);
#1855 = LINE('',#1856,#1857);
#1856 = CARTESIAN_POINT('',(0.,-124.));
#1857 = VECTOR('',#1858,1.);
#1858 = DIRECTION('',(1.,0.));
#1859 = ( GEOMETRIC_REPRESENTATION_CONTEXT(2) 
PARAMETRIC_REPRESENTATION_CONTEXT() REPRESENTATION_CONTEXT('2D SPACE',''
  ) );
#1860 = ORIENTED_EDGE('',*,*,#1861,.T.);
#1861 = EDGE_CURVE('',#1839,#1862,#1864,.T.);
#1862 = VERTEX_POINT('',#1863);
#1863 = CARTESIAN_POINT('',(-94.,62.,157.19722436226));
#1864 = SURFACE_CURVE('',#1865,(#1869,#1875),.PCURVE_S1.);
#1865 = LINE('',#1866,#1867);
#1866 = CARTESIAN_POINT('',(-101.,62.,157.19722436226));
#1867 = VECTOR('',#1868,1.);
#1868 = DIRECTION('',(1.,0.,0.));
#1869 = PCURVE('',#752,#1870);
#1870 = DEFINITIONAL_REPRESENTATION('',(#1871),#1874);
#1871 = B_SPLINE_CURVE_WITH_KNOTS('',1,(#1872,#1873),.UNSPECIFIED.,.F.,
  .F.,(2,2),(-6.000000070117E-07,7.0000006),.PIECEWISE_BEZIER_KNOTS.);
#1872 = CARTESIAN_POINT('',(9.197224362268,-6.000000070117E-07));
#1873 = CARTESIAN_POINT('',(9.197224362268,7.0000006));
#1874 = ( GEOMETRIC_REPRESENTATION_CONTEXT(2) 
PARAMETRIC_REPRESENTATION_CONTEXT() REPRESENTATION_CONTEXT('2D SPACE',''
  ) );
#1875 = PCURVE('',#1876,#1881);
#1876 = CYLINDRICAL_SURFACE('',#1877,3.5);
#1877 = AXIS2_PLACEMENT_3D('',#1878,#1879,#1880);
#1878 = CARTESIAN_POINT('',(-101.,65.,159.));
#1879 = DIRECTION('',(1.,0.,0.));
#1880 = DIRECTION('',(-0.,0.,1.));
#1881 = DEFINITIONAL_REPRESENTATION('',(#1882),#1885);
#1882 = B_SPLINE_CURVE_WITH_KNOTS('',1,(#1883,#1884),.UNSPECIFIED.,.F.,
  .F.,(2,2),(0.,7.),.PIECEWISE_BEZIER_KNOTS.);
#1883 = CARTESIAN_POINT('',(2.111895852752,0.));
#1884 = CARTESIAN_POINT('',(2.111895852752,7.));
#1885 = ( GEOMETRIC_REPRESENTATION_CONTEXT(2) 
PARAMETRIC_REPRESENTATION_CONTEXT() REPRESENTATION_CONTEXT('2D SPACE',''
  ) );
#1886 = ORIENTED_EDGE('',*,*,#1887,.F.);
#1887 = EDGE_CURVE('',#1888,#1862,#1890,.T.);
#1888 = VERTEX_POINT('',#1889);
#1889 = CARTESIAN_POINT('',(-94.,62.,155.5));
#1890 = SURFACE_CURVE('',#1891,(#1895,#1901),.PCURVE_S1.);
#1891 = LINE('',#1892,#1893);
#1892 = CARTESIAN_POINT('',(-94.,62.,151.75));
#1893 = VECTOR('',#1894,1.);
#1894 = DIRECTION('',(0.,-0.,1.));
#1895 = PCURVE('',#752,#1896);
#1896 = DEFINITIONAL_REPRESENTATION('',(#1897),#1900);
#1897 = B_SPLINE_CURVE_WITH_KNOTS('',1,(#1898,#1899),.UNSPECIFIED.,.F.,
  .F.,(2,2),(3.75,10.75),.PIECEWISE_BEZIER_KNOTS.);
#1898 = CARTESIAN_POINT('',(7.5,7.));
#1899 = CARTESIAN_POINT('',(14.5,7.));
#1900 = ( GEOMETRIC_REPRESENTATION_CONTEXT(2) 
PARAMETRIC_REPRESENTATION_CONTEXT() REPRESENTATION_CONTEXT('2D SPACE',''
  ) );
#1901 = PCURVE('',#1902,#1907);
#1902 = PLANE('',#1903);
#1903 = AXIS2_PLACEMENT_3D('',#1904,#1905,#1906);
#1904 = CARTESIAN_POINT('',(-94.,61.5,155.5));
#1905 = DIRECTION('',(-1.,0.,0.));
#1906 = DIRECTION('',(0.,1.,0.));
#1907 = DEFINITIONAL_REPRESENTATION('',(#1908),#1911);
#1908 = B_SPLINE_CURVE_WITH_KNOTS('',1,(#1909,#1910),.UNSPECIFIED.,.F.,
  .F.,(2,2),(3.75,10.75),.PIECEWISE_BEZIER_KNOTS.);
#1909 = CARTESIAN_POINT('',(0.5,0.));
#1910 = CARTESIAN_POINT('',(0.5,-7.));
#1911 = ( GEOMETRIC_REPRESENTATION_CONTEXT(2) 
PARAMETRIC_REPRESENTATION_CONTEXT() REPRESENTATION_CONTEXT('2D SPACE',''
  ) );
#1912 = ORIENTED_EDGE('',*,*,#1913,.F.);
#1913 = EDGE_CURVE('',#1914,#1888,#1916,.T.);
#1914 = VERTEX_POINT('',#1915);
#1915 = CARTESIAN_POINT('',(-87.5,62.,155.5));
#1916 = SURFACE_CURVE('',#1917,(#1921,#1927),.PCURVE_S1.);
#1917 = LINE('',#1918,#1919);
#1918 = CARTESIAN_POINT('',(-96.26256313292,62.,155.5));
#1919 = VECTOR('',#1920,1.);
#1920 = DIRECTION('',(-1.,0.,0.));
#1921 = PCURVE('',#752,#1922);
#1922 = DEFINITIONAL_REPRESENTATION('',(#1923),#1926);
#1923 = B_SPLINE_CURVE_WITH_KNOTS('',1,(#1924,#1925),.UNSPECIFIED.,.F.,
  .F.,(2,2),(-9.262563132924,-2.262563132924),.PIECEWISE_BEZIER_KNOTS.);
#1924 = CARTESIAN_POINT('',(7.5,14.));
#1925 = CARTESIAN_POINT('',(7.5,7.));
#1926 = ( GEOMETRIC_REPRESENTATION_CONTEXT(2) 
PARAMETRIC_REPRESENTATION_CONTEXT() REPRESENTATION_CONTEXT('2D SPACE',''
  ) );
#1927 = PCURVE('',#1928,#1933);
#1928 = PLANE('',#1929);
#1929 = AXIS2_PLACEMENT_3D('',#1930,#1931,#1932);
#1930 = CARTESIAN_POINT('',(-91.52512626584,63.974873734153,155.5));
#1931 = DIRECTION('',(-0.,-0.,-1.));
#1932 = DIRECTION('',(-1.,0.,0.));
#1933 = DEFINITIONAL_REPRESENTATION('',(#1934),#1937);
#1934 = B_SPLINE_CURVE_WITH_KNOTS('',1,(#1935,#1936),.UNSPECIFIED.,.F.,
  .F.,(2,2),(-9.262563132924,-2.262563132924),.PIECEWISE_BEZIER_KNOTS.);
#1935 = CARTESIAN_POINT('',(-4.525126265847,-1.974873734153));
#1936 = CARTESIAN_POINT('',(2.474873734153,-1.974873734153));
#1937 = ( GEOMETRIC_REPRESENTATION_CONTEXT(2) 
PARAMETRIC_REPRESENTATION_CONTEXT() REPRESENTATION_CONTEXT('2D SPACE',''
  ) );
#1938 = ORIENTED_EDGE('',*,*,#1939,.F.);
#1939 = EDGE_CURVE('',#1940,#1914,#1942,.T.);
#1940 = VERTEX_POINT('',#1941);
#1941 = CARTESIAN_POINT('',(-87.5,62.,162.5));
#1942 = SURFACE_CURVE('',#1943,(#1947,#1953),.PCURVE_S1.);
#1943 = LINE('',#1944,#1945);
#1944 = CARTESIAN_POINT('',(-87.5,62.,151.75));
#1945 = VECTOR('',#1946,1.);
#1946 = DIRECTION('',(-0.,0.,-1.));
#1947 = PCURVE('',#752,#1948);
#1948 = DEFINITIONAL_REPRESENTATION('',(#1949),#1952);
#1949 = B_SPLINE_CURVE_WITH_KNOTS('',1,(#1950,#1951),.UNSPECIFIED.,.F.,
  .F.,(2,2),(-10.75,-3.75),.PIECEWISE_BEZIER_KNOTS.);
#1950 = CARTESIAN_POINT('',(14.5,13.5));
#1951 = CARTESIAN_POINT('',(7.5,13.5));
#1952 = ( GEOMETRIC_REPRESENTATION_CONTEXT(2) 
PARAMETRIC_REPRESENTATION_CONTEXT() REPRESENTATION_CONTEXT('2D SPACE',''
  ) );
#1953 = PCURVE('',#1954,#1959);
#1954 = PLANE('',#1955);
#1955 = AXIS2_PLACEMENT_3D('',#1956,#1957,#1958);
#1956 = CARTESIAN_POINT('',(-94.,68.5,155.5));
#1957 = DIRECTION('',(0.707106781187,0.707106781187,-0.));
#1958 = DIRECTION('',(0.707106781187,-0.707106781187,0.));
#1959 = DEFINITIONAL_REPRESENTATION('',(#1960),#1963);
#1960 = B_SPLINE_CURVE_WITH_KNOTS('',1,(#1961,#1962),.UNSPECIFIED.,.F.,
  .F.,(2,2),(-10.75,-3.75),.PIECEWISE_BEZIER_KNOTS.);
#1961 = CARTESIAN_POINT('',(9.192388155425,-7.));
#1962 = CARTESIAN_POINT('',(9.192388155425,0.));
#1963 = ( GEOMETRIC_REPRESENTATION_CONTEXT(2) 
PARAMETRIC_REPRESENTATION_CONTEXT() REPRESENTATION_CONTEXT('2D SPACE',''
  ) );
#1964 = ORIENTED_EDGE('',*,*,#1965,.T.);
#1965 = EDGE_CURVE('',#1940,#1966,#1968,.T.);
#1966 = VERTEX_POINT('',#1967);
#1967 = CARTESIAN_POINT('',(-94.,62.,162.5));
#1968 = SURFACE_CURVE('',#1969,(#1973,#1979),.PCURVE_S1.);
#1969 = LINE('',#1970,#1971);
#1970 = CARTESIAN_POINT('',(-96.26256313292,62.,162.5));
#1971 = VECTOR('',#1972,1.);
#1972 = DIRECTION('',(-1.,0.,0.));
#1973 = PCURVE('',#752,#1974);
#1974 = DEFINITIONAL_REPRESENTATION('',(#1975),#1978);
#1975 = B_SPLINE_CURVE_WITH_KNOTS('',1,(#1976,#1977),.UNSPECIFIED.,.F.,
  .F.,(2,2),(-9.262563132924,-2.262563132924),.PIECEWISE_BEZIER_KNOTS.);
#1976 = CARTESIAN_POINT('',(14.5,14.));
#1977 = CARTESIAN_POINT('',(14.5,7.));
#1978 = ( GEOMETRIC_REPRESENTATION_CONTEXT(2) 
PARAMETRIC_REPRESENTATION_CONTEXT() REPRESENTATION_CONTEXT('2D SPACE',''
  ) );
#1979 = PCURVE('',#1980,#1985);
#1980 = PLANE('',#1981);
#1981 = AXIS2_PLACEMENT_3D('',#1982,#1983,#1984);
#1982 = CARTESIAN_POINT('',(-91.52512626584,63.974873734153,162.5));
#1983 = DIRECTION('',(-0.,-0.,-1.));
#1984 = DIRECTION('',(-1.,0.,0.));
#1985 = DEFINITIONAL_REPRESENTATION('',(#1986),#1989);
#1986 = B_SPLINE_CURVE_WITH_KNOTS('',1,(#1987,#1988),.UNSPECIFIED.,.F.,
  .F.,(2,2),(-9.262563132924,-2.262563132924),.PIECEWISE_BEZIER_KNOTS.);
#1987 = CARTESIAN_POINT('',(-4.525126265847,-1.974873734153));
#1988 = CARTESIAN_POINT('',(2.474873734153,-1.974873734153));
#1989 = ( GEOMETRIC_REPRESENTATION_CONTEXT(2) 
PARAMETRIC_REPRESENTATION_CONTEXT() REPRESENTATION_CONTEXT('2D SPACE',''
  ) );
#1990 = ORIENTED_EDGE('',*,*,#1991,.F.);
#1991 = EDGE_CURVE('',#1992,#1966,#1994,.T.);
#1992 = VERTEX_POINT('',#1993);
#1993 = CARTESIAN_POINT('',(-94.,62.,160.80277563773));
#1994 = SURFACE_CURVE('',#1995,(#1999,#2005),.PCURVE_S1.);
#1995 = LINE('',#1996,#1997);
#1996 = CARTESIAN_POINT('',(-94.,62.,151.75));
#1997 = VECTOR('',#1998,1.);
#1998 = DIRECTION('',(0.,-0.,1.));
#1999 = PCURVE('',#752,#2000);
#2000 = DEFINITIONAL_REPRESENTATION('',(#2001),#2004);
#2001 = B_SPLINE_CURVE_WITH_KNOTS('',1,(#2002,#2003),.UNSPECIFIED.,.F.,
  .F.,(2,2),(3.75,10.75),.PIECEWISE_BEZIER_KNOTS.);
#2002 = CARTESIAN_POINT('',(7.5,7.));
#2003 = CARTESIAN_POINT('',(14.5,7.));
#2004 = ( GEOMETRIC_REPRESENTATION_CONTEXT(2) 
PARAMETRIC_REPRESENTATION_CONTEXT() REPRESENTATION_CONTEXT('2D SPACE',''
  ) );
#2005 = PCURVE('',#2006,#2011);
#2006 = PLANE('',#2007);
#2007 = AXIS2_PLACEMENT_3D('',#2008,#2009,#2010);
#2008 = CARTESIAN_POINT('',(-94.,61.5,155.5));
#2009 = DIRECTION('',(-1.,0.,0.));
#2010 = DIRECTION('',(0.,1.,0.));
#2011 = DEFINITIONAL_REPRESENTATION('',(#2012),#2015);
#2012 = B_SPLINE_CURVE_WITH_KNOTS('',1,(#2013,#2014),.UNSPECIFIED.,.F.,
  .F.,(2,2),(3.75,10.75),.PIECEWISE_BEZIER_KNOTS.);
#2013 = CARTESIAN_POINT('',(0.5,0.));
#2014 = CARTESIAN_POINT('',(0.5,-7.));
#2015 = ( GEOMETRIC_REPRESENTATION_CONTEXT(2) 
PARAMETRIC_REPRESENTATION_CONTEXT() REPRESENTATION_CONTEXT('2D SPACE',''
  ) );
#2016 = ORIENTED_EDGE('',*,*,#2017,.F.);
#2017 = EDGE_CURVE('',#2018,#1992,#2020,.T.);
#2018 = VERTEX_POINT('',#2019);
#2019 = CARTESIAN_POINT('',(-101.,62.,160.80277563773));
#2020 = SURFACE_CURVE('',#2021,(#2025,#2031),.PCURVE_S1.);
#2021 = LINE('',#2022,#2023);
#2022 = CARTESIAN_POINT('',(-101.,62.,160.80277563773));
#2023 = VECTOR('',#2024,1.);
#2024 = DIRECTION('',(1.,0.,0.));
#2025 = PCURVE('',#752,#2026);
#2026 = DEFINITIONAL_REPRESENTATION('',(#2027),#2030);
#2027 = B_SPLINE_CURVE_WITH_KNOTS('',1,(#2028,#2029),.UNSPECIFIED.,.F.,
  .F.,(2,2),(-6.000000070117E-07,7.0000006),.PIECEWISE_BEZIER_KNOTS.);
#2028 = CARTESIAN_POINT('',(12.802775637732,-6.000000070117E-07));
#2029 = CARTESIAN_POINT('',(12.802775637732,7.0000006));
#2030 = ( GEOMETRIC_REPRESENTATION_CONTEXT(2) 
PARAMETRIC_REPRESENTATION_CONTEXT() REPRESENTATION_CONTEXT('2D SPACE',''
  ) );
#2031 = PCURVE('',#1876,#2032);
#2032 = DEFINITIONAL_REPRESENTATION('',(#2033),#2036);
#2033 = B_SPLINE_CURVE_WITH_KNOTS('',1,(#2034,#2035),.UNSPECIFIED.,.F.,
  .F.,(2,2),(0.,7.),.PIECEWISE_BEZIER_KNOTS.);
#2034 = CARTESIAN_POINT('',(7.312882108017,0.));
#2035 = CARTESIAN_POINT('',(7.312882108017,7.));
#2036 = ( GEOMETRIC_REPRESENTATION_CONTEXT(2) 
PARAMETRIC_REPRESENTATION_CONTEXT() REPRESENTATION_CONTEXT('2D SPACE',''
  ) );
#2037 = ORIENTED_EDGE('',*,*,#2038,.T.);
#2038 = EDGE_CURVE('',#2018,#2039,#2041,.T.);
#2039 = VERTEX_POINT('',#2040);
#2040 = CARTESIAN_POINT('',(-101.,62.,219.19722436226));
#2041 = SURFACE_CURVE('',#2042,(#2046,#2053),.PCURVE_S1.);
#2042 = LINE('',#2043,#2044);
#2043 = CARTESIAN_POINT('',(-101.,62.,148.));
#2044 = VECTOR('',#2045,1.);
#2045 = DIRECTION('',(0.,0.,1.));
#2046 = PCURVE('',#752,#2047);
#2047 = DEFINITIONAL_REPRESENTATION('',(#2048),#2052);
#2048 = LINE('',#2049,#2050);
#2049 = CARTESIAN_POINT('',(0.,0.));
#2050 = VECTOR('',#2051,1.);
#2051 = DIRECTION('',(1.,0.));
#2052 = ( GEOMETRIC_REPRESENTATION_CONTEXT(2) 
PARAMETRIC_REPRESENTATION_CONTEXT() REPRESENTATION_CONTEXT('2D SPACE',''
  ) );
#2053 = PCURVE('',#780,#2054);
#2054 = DEFINITIONAL_REPRESENTATION('',(#2055),#2059);
#2055 = LINE('',#2056,#2057);
#2056 = CARTESIAN_POINT('',(0.,-124.));
#2057 = VECTOR('',#2058,1.);
#2058 = DIRECTION('',(1.,0.));
#2059 = ( GEOMETRIC_REPRESENTATION_CONTEXT(2) 
PARAMETRIC_REPRESENTATION_CONTEXT() REPRESENTATION_CONTEXT('2D SPACE',''
  ) );
#2060 = ORIENTED_EDGE('',*,*,#2061,.T.);
#2061 = EDGE_CURVE('',#2039,#2062,#2064,.T.);
#2062 = VERTEX_POINT('',#2063);
#2063 = CARTESIAN_POINT('',(-94.,62.,219.19722436226));
#2064 = SURFACE_CURVE('',#2065,(#2069,#2075),.PCURVE_S1.);
#2065 = LINE('',#2066,#2067);
#2066 = CARTESIAN_POINT('',(-101.,62.,219.19722436226));
#2067 = VECTOR('',#2068,1.);
#2068 = DIRECTION('',(1.,0.,0.));
#2069 = PCURVE('',#752,#2070);
#2070 = DEFINITIONAL_REPRESENTATION('',(#2071),#2074);
#2071 = B_SPLINE_CURVE_WITH_KNOTS('',1,(#2072,#2073),.UNSPECIFIED.,.F.,
  .F.,(2,2),(-6.000000070117E-07,7.0000006),.PIECEWISE_BEZIER_KNOTS.);
#2072 = CARTESIAN_POINT('',(71.197224362268,-6.000000070117E-07));
#2073 = CARTESIAN_POINT('',(71.197224362268,7.0000006));
#2074 = ( GEOMETRIC_REPRESENTATION_CONTEXT(2) 
PARAMETRIC_REPRESENTATION_CONTEXT() REPRESENTATION_CONTEXT('2D SPACE',''
  ) );
#2075 = PCURVE('',#2076,#2081);
#2076 = CYLINDRICAL_SURFACE('',#2077,3.5);
#2077 = AXIS2_PLACEMENT_3D('',#2078,#2079,#2080);
#2078 = CARTESIAN_POINT('',(-101.,65.,221.));
#2079 = DIRECTION('',(1.,0.,0.));
#2080 = DIRECTION('',(-0.,0.,1.));
#2081 = DEFINITIONAL_REPRESENTATION('',(#2082),#2085);
#2082 = B_SPLINE_CURVE_WITH_KNOTS('',1,(#2083,#2084),.UNSPECIFIED.,.F.,
  .F.,(2,2),(0.,7.),.PIECEWISE_BEZIER_KNOTS.);
#2083 = CARTESIAN_POINT('',(2.111895852752,0.));
#2084 = CARTESIAN_POINT('',(2.111895852752,7.));
#2085 = ( GEOMETRIC_REPRESENTATION_CONTEXT(2) 
PARAMETRIC_REPRESENTATION_CONTEXT() REPRESENTATION_CONTEXT('2D SPACE',''
  ) );
#2086 = ORIENTED_EDGE('',*,*,#2087,.F.);
#2087 = EDGE_CURVE('',#2088,#2062,#2090,.T.);
#2088 = VERTEX_POINT('',#2089);
#2089 = CARTESIAN_POINT('',(-94.,62.,217.5));
#2090 = SURFACE_CURVE('',#2091,(#2095,#2101),.PCURVE_S1.);
#2091 = LINE('',#2092,#2093);
#2092 = CARTESIAN_POINT('',(-94.,62.,182.75));
#2093 = VECTOR('',#2094,1.);
#2094 = DIRECTION('',(0.,-0.,1.));
#2095 = PCURVE('',#752,#2096);
#2096 = DEFINITIONAL_REPRESENTATION('',(#2097),#2100);
#2097 = B_SPLINE_CURVE_WITH_KNOTS('',1,(#2098,#2099),.UNSPECIFIED.,.F.,
  .F.,(2,2),(34.75,41.75),.PIECEWISE_BEZIER_KNOTS.);
#2098 = CARTESIAN_POINT('',(69.5,7.));
#2099 = CARTESIAN_POINT('',(76.5,7.));
#2100 = ( GEOMETRIC_REPRESENTATION_CONTEXT(2) 
PARAMETRIC_REPRESENTATION_CONTEXT() REPRESENTATION_CONTEXT('2D SPACE',''
  ) );
#2101 = PCURVE('',#2102,#2107);
#2102 = PLANE('',#2103);
#2103 = AXIS2_PLACEMENT_3D('',#2104,#2105,#2106);
#2104 = CARTESIAN_POINT('',(-94.,61.5,217.5));
#2105 = DIRECTION('',(-1.,0.,0.));
#2106 = DIRECTION('',(0.,1.,0.));
#2107 = DEFINITIONAL_REPRESENTATION('',(#2108),#2111);
#2108 = B_SPLINE_CURVE_WITH_KNOTS('',1,(#2109,#2110),.UNSPECIFIED.,.F.,
  .F.,(2,2),(34.75,41.75),.PIECEWISE_BEZIER_KNOTS.);
#2109 = CARTESIAN_POINT('',(0.5,0.));
#2110 = CARTESIAN_POINT('',(0.5,-7.));
#2111 = ( GEOMETRIC_REPRESENTATION_CONTEXT(2) 
PARAMETRIC_REPRESENTATION_CONTEXT() REPRESENTATION_CONTEXT('2D SPACE',''
  ) );
#2112 = ORIENTED_EDGE('',*,*,#2113,.F.);
#2113 = EDGE_CURVE('',#2114,#2088,#2116,.T.);
#2114 = VERTEX_POINT('',#2115);
#2115 = CARTESIAN_POINT('',(-89.03973683071,62.,217.5));
#2116 = SURFACE_CURVE('',#2117,(#2121,#2127),.PCURVE_S1.);
#2117 = LINE('',#2118,#2119);
#2118 = CARTESIAN_POINT('',(-96.26256313292,62.,217.5));
#2119 = VECTOR('',#2120,1.);
#2120 = DIRECTION('',(-1.,0.,0.));
#2121 = PCURVE('',#752,#2122);
#2122 = DEFINITIONAL_REPRESENTATION('',(#2123),#2126);
#2123 = B_SPLINE_CURVE_WITH_KNOTS('',1,(#2124,#2125),.UNSPECIFIED.,.F.,
  .F.,(2,2),(-9.262563132924,-2.262563132924),.PIECEWISE_BEZIER_KNOTS.);
#2124 = CARTESIAN_POINT('',(69.5,14.));
#2125 = CARTESIAN_POINT('',(69.5,7.));
#2126 = ( GEOMETRIC_REPRESENTATION_CONTEXT(2) 
PARAMETRIC_REPRESENTATION_CONTEXT() REPRESENTATION_CONTEXT('2D SPACE',''
  ) );
#2127 = PCURVE('',#2128,#2133);
#2128 = PLANE('',#2129);
#2129 = AXIS2_PLACEMENT_3D('',#2130,#2131,#2132);
#2130 = CARTESIAN_POINT('',(-91.52512626584,63.974873734153,217.5));
#2131 = DIRECTION('',(-0.,-0.,-1.));
#2132 = DIRECTION('',(-1.,0.,0.));
#2133 = DEFINITIONAL_REPRESENTATION('',(#2134),#2137);
#2134 = B_SPLINE_CURVE_WITH_KNOTS('',1,(#2135,#2136),.UNSPECIFIED.,.F.,
  .F.,(2,2),(-9.262563132924,-2.262563132924),.PIECEWISE_BEZIER_KNOTS.);
#2135 = CARTESIAN_POINT('',(-4.525126265847,-1.974873734153));
#2136 = CARTESIAN_POINT('',(2.474873734153,-1.974873734153));
#2137 = ( GEOMETRIC_REPRESENTATION_CONTEXT(2) 
PARAMETRIC_REPRESENTATION_CONTEXT() REPRESENTATION_CONTEXT('2D SPACE',''
  ) );
#2138 = ORIENTED_EDGE('',*,*,#2139,.F.);
#2139 = EDGE_CURVE('',#2140,#2114,#2142,.T.);
#2140 = VERTEX_POINT('',#2141);
#2141 = CARTESIAN_POINT('',(-86.,62.,210.9));
#2142 = SURFACE_CURVE('',#2143,(#2148,#2155),.PCURVE_S1.);
#2143 = CIRCLE('',#2144,4.);
#2144 = AXIS2_PLACEMENT_3D('',#2145,#2146,#2147);
#2145 = CARTESIAN_POINT('',(-86.,62.,214.9));
#2146 = DIRECTION('',(0.,1.,0.));
#2147 = DIRECTION('',(0.,-0.,1.));
#2148 = PCURVE('',#752,#2149);
#2149 = DEFINITIONAL_REPRESENTATION('',(#2150),#2154);
#2150 = CIRCLE('',#2151,4.);
#2151 = AXIS2_PLACEMENT_2D('',#2152,#2153);
#2152 = CARTESIAN_POINT('',(66.9,15.));
#2153 = DIRECTION('',(1.,0.));
#2154 = ( GEOMETRIC_REPRESENTATION_CONTEXT(2) 
PARAMETRIC_REPRESENTATION_CONTEXT() REPRESENTATION_CONTEXT('2D SPACE',''
  ) );
#2155 = PCURVE('',#2156,#2161);
#2156 = CYLINDRICAL_SURFACE('',#2157,4.);
#2157 = AXIS2_PLACEMENT_3D('',#2158,#2159,#2160);
#2158 = CARTESIAN_POINT('',(-86.,58.5,214.9));
#2159 = DIRECTION('',(0.,1.,0.));
#2160 = DIRECTION('',(0.,-0.,1.));
#2161 = DEFINITIONAL_REPRESENTATION('',(#2162),#2166);
#2162 = LINE('',#2163,#2164);
#2163 = CARTESIAN_POINT('',(0.,3.5));
#2164 = VECTOR('',#2165,1.);
#2165 = DIRECTION('',(1.,0.));
#2166 = ( GEOMETRIC_REPRESENTATION_CONTEXT(2) 
PARAMETRIC_REPRESENTATION_CONTEXT() REPRESENTATION_CONTEXT('2D SPACE',''
  ) );
#2167 = ORIENTED_EDGE('',*,*,#2168,.T.);
#2168 = EDGE_CURVE('',#2140,#2169,#2171,.T.);
#2169 = VERTEX_POINT('',#2170);
#2170 = CARTESIAN_POINT('',(-86.,62.,209.9));
#2171 = SURFACE_CURVE('',#2172,(#2176,#2182),.PCURVE_S1.);
#2172 = LINE('',#2173,#2174);
#2173 = CARTESIAN_POINT('',(-86.,62.,176.45));
#2174 = VECTOR('',#2175,1.);
#2175 = DIRECTION('',(0.,0.,-1.));
#2176 = PCURVE('',#752,#2177);
#2177 = DEFINITIONAL_REPRESENTATION('',(#2178),#2181);
#2178 = B_SPLINE_CURVE_WITH_KNOTS('',1,(#2179,#2180),.UNSPECIFIED.,.F.,
  .F.,(2,2),(-34.45,-33.45),.PIECEWISE_BEZIER_KNOTS.);
#2179 = CARTESIAN_POINT('',(62.9,15.));
#2180 = CARTESIAN_POINT('',(61.9,15.));
#2181 = ( GEOMETRIC_REPRESENTATION_CONTEXT(2) 
PARAMETRIC_REPRESENTATION_CONTEXT() REPRESENTATION_CONTEXT('2D SPACE',''
  ) );
#2182 = PCURVE('',#2183,#2188);
#2183 = PLANE('',#2184);
#2184 = AXIS2_PLACEMENT_3D('',#2185,#2186,#2187);
#2185 = CARTESIAN_POINT('',(-86.,60.5,204.9));
#2186 = DIRECTION('',(1.,0.,0.));
#2187 = DIRECTION('',(0.,0.,1.));
#2188 = DEFINITIONAL_REPRESENTATION('',(#2189),#2192);
#2189 = B_SPLINE_CURVE_WITH_KNOTS('',1,(#2190,#2191),.UNSPECIFIED.,.F.,
  .F.,(2,2),(-34.45,-33.45),.PIECEWISE_BEZIER_KNOTS.);
#2190 = CARTESIAN_POINT('',(6.,-1.5));
#2191 = CARTESIAN_POINT('',(5.,-1.5));
#2192 = ( GEOMETRIC_REPRESENTATION_CONTEXT(2) 
PARAMETRIC_REPRESENTATION_CONTEXT() REPRESENTATION_CONTEXT('2D SPACE',''
  ) );
#2193 = ORIENTED_EDGE('',*,*,#2194,.F.);
#2194 = EDGE_CURVE('',#2195,#2169,#2197,.T.);
#2195 = VERTEX_POINT('',#2196);
#2196 = CARTESIAN_POINT('',(-86.,62.,219.9));
#2197 = SURFACE_CURVE('',#2198,(#2203,#2210),.PCURVE_S1.);
#2198 = CIRCLE('',#2199,5.);
#2199 = AXIS2_PLACEMENT_3D('',#2200,#2201,#2202);
#2200 = CARTESIAN_POINT('',(-86.,62.,214.9));
#2201 = DIRECTION('',(0.,1.,0.));
#2202 = DIRECTION('',(0.,-0.,1.));
#2203 = PCURVE('',#752,#2204);
#2204 = DEFINITIONAL_REPRESENTATION('',(#2205),#2209);
#2205 = CIRCLE('',#2206,5.);
#2206 = AXIS2_PLACEMENT_2D('',#2207,#2208);
#2207 = CARTESIAN_POINT('',(66.9,15.));
#2208 = DIRECTION('',(1.,0.));
#2209 = ( GEOMETRIC_REPRESENTATION_CONTEXT(2) 
PARAMETRIC_REPRESENTATION_CONTEXT() REPRESENTATION_CONTEXT('2D SPACE',''
  ) );
#2210 = PCURVE('',#2211,#2216);
#2211 = CYLINDRICAL_SURFACE('',#2212,5.);
#2212 = AXIS2_PLACEMENT_3D('',#2213,#2214,#2215);
#2213 = CARTESIAN_POINT('',(-86.,61.5,214.9));
#2214 = DIRECTION('',(0.,1.,0.));
#2215 = DIRECTION('',(0.,-0.,1.));
#2216 = DEFINITIONAL_REPRESENTATION('',(#2217),#2221);
#2217 = LINE('',#2218,#2219);
#2218 = CARTESIAN_POINT('',(0.,0.5));
#2219 = VECTOR('',#2220,1.);
#2220 = DIRECTION('',(1.,0.));
#2221 = ( GEOMETRIC_REPRESENTATION_CONTEXT(2) 
PARAMETRIC_REPRESENTATION_CONTEXT() REPRESENTATION_CONTEXT('2D SPACE',''
  ) );
#2222 = ORIENTED_EDGE('',*,*,#2223,.T.);
#2223 = EDGE_CURVE('',#2195,#2224,#2226,.T.);
#2224 = VERTEX_POINT('',#2225);
#2225 = CARTESIAN_POINT('',(-86.,62.,218.9));
#2226 = SURFACE_CURVE('',#2227,(#2231,#2237),.PCURVE_S1.);
#2227 = LINE('',#2228,#2229);
#2228 = CARTESIAN_POINT('',(-86.,62.,176.45));
#2229 = VECTOR('',#2230,1.);
#2230 = DIRECTION('',(0.,0.,-1.));
#2231 = PCURVE('',#752,#2232);
#2232 = DEFINITIONAL_REPRESENTATION('',(#2233),#2236);
#2233 = B_SPLINE_CURVE_WITH_KNOTS('',1,(#2234,#2235),.UNSPECIFIED.,.F.,
  .F.,(2,2),(-43.45,-42.45),.PIECEWISE_BEZIER_KNOTS.);
#2234 = CARTESIAN_POINT('',(71.9,15.));
#2235 = CARTESIAN_POINT('',(70.9,15.));
#2236 = ( GEOMETRIC_REPRESENTATION_CONTEXT(2) 
PARAMETRIC_REPRESENTATION_CONTEXT() REPRESENTATION_CONTEXT('2D SPACE',''
  ) );
#2237 = PCURVE('',#2238,#2243);
#2238 = PLANE('',#2239);
#2239 = AXIS2_PLACEMENT_3D('',#2240,#2241,#2242);
#2240 = CARTESIAN_POINT('',(-86.,60.5,204.9));
#2241 = DIRECTION('',(1.,0.,0.));
#2242 = DIRECTION('',(0.,0.,1.));
#2243 = DEFINITIONAL_REPRESENTATION('',(#2244),#2247);
#2244 = B_SPLINE_CURVE_WITH_KNOTS('',1,(#2245,#2246),.UNSPECIFIED.,.F.,
  .F.,(2,2),(-43.45,-42.45),.PIECEWISE_BEZIER_KNOTS.);
#2245 = CARTESIAN_POINT('',(15.,-1.5));
#2246 = CARTESIAN_POINT('',(14.,-1.5));
#2247 = ( GEOMETRIC_REPRESENTATION_CONTEXT(2) 
PARAMETRIC_REPRESENTATION_CONTEXT() REPRESENTATION_CONTEXT('2D SPACE',''
  ) );
#2248 = ORIENTED_EDGE('',*,*,#2249,.F.);
#2249 = EDGE_CURVE('',#2250,#2224,#2252,.T.);
#2250 = VERTEX_POINT('',#2251);
#2251 = CARTESIAN_POINT('',(-87.5,62.,218.60809924354));
#2252 = SURFACE_CURVE('',#2253,(#2258,#2265),.PCURVE_S1.);
#2253 = CIRCLE('',#2254,4.);
#2254 = AXIS2_PLACEMENT_3D('',#2255,#2256,#2257);
#2255 = CARTESIAN_POINT('',(-86.,62.,214.9));
#2256 = DIRECTION('',(0.,1.,0.));
#2257 = DIRECTION('',(0.,-0.,1.));
#2258 = PCURVE('',#752,#2259);
#2259 = DEFINITIONAL_REPRESENTATION('',(#2260),#2264);
#2260 = CIRCLE('',#2261,4.);
#2261 = AXIS2_PLACEMENT_2D('',#2262,#2263);
#2262 = CARTESIAN_POINT('',(66.9,15.));
#2263 = DIRECTION('',(1.,0.));
#2264 = ( GEOMETRIC_REPRESENTATION_CONTEXT(2) 
PARAMETRIC_REPRESENTATION_CONTEXT() REPRESENTATION_CONTEXT('2D SPACE',''
  ) );
#2265 = PCURVE('',#2156,#2266);
#2266 = DEFINITIONAL_REPRESENTATION('',(#2267),#2271);
#2267 = LINE('',#2268,#2269);
#2268 = CARTESIAN_POINT('',(0.,3.5));
#2269 = VECTOR('',#2270,1.);
#2270 = DIRECTION('',(1.,0.));
#2271 = ( GEOMETRIC_REPRESENTATION_CONTEXT(2) 
PARAMETRIC_REPRESENTATION_CONTEXT() REPRESENTATION_CONTEXT('2D SPACE',''
  ) );
#2272 = ORIENTED_EDGE('',*,*,#2273,.F.);
#2273 = EDGE_CURVE('',#2274,#2250,#2276,.T.);
#2274 = VERTEX_POINT('',#2275);
#2275 = CARTESIAN_POINT('',(-87.5,62.,224.5));
#2276 = SURFACE_CURVE('',#2277,(#2281,#2287),.PCURVE_S1.);
#2277 = LINE('',#2278,#2279);
#2278 = CARTESIAN_POINT('',(-87.5,62.,182.75));
#2279 = VECTOR('',#2280,1.);
#2280 = DIRECTION('',(-0.,0.,-1.));
#2281 = PCURVE('',#752,#2282);
#2282 = DEFINITIONAL_REPRESENTATION('',(#2283),#2286);
#2283 = B_SPLINE_CURVE_WITH_KNOTS('',1,(#2284,#2285),.UNSPECIFIED.,.F.,
  .F.,(2,2),(-41.75,-34.75),.PIECEWISE_BEZIER_KNOTS.);
#2284 = CARTESIAN_POINT('',(76.5,13.5));
#2285 = CARTESIAN_POINT('',(69.5,13.5));
#2286 = ( GEOMETRIC_REPRESENTATION_CONTEXT(2) 
PARAMETRIC_REPRESENTATION_CONTEXT() REPRESENTATION_CONTEXT('2D SPACE',''
  ) );
#2287 = PCURVE('',#2288,#2293);
#2288 = PLANE('',#2289);
#2289 = AXIS2_PLACEMENT_3D('',#2290,#2291,#2292);
#2290 = CARTESIAN_POINT('',(-94.,68.5,217.5));
#2291 = DIRECTION('',(0.707106781187,0.707106781187,-0.));
#2292 = DIRECTION('',(0.707106781187,-0.707106781187,0.));
#2293 = DEFINITIONAL_REPRESENTATION('',(#2294),#2297);
#2294 = B_SPLINE_CURVE_WITH_KNOTS('',1,(#2295,#2296),.UNSPECIFIED.,.F.,
  .F.,(2,2),(-41.75,-34.75),.PIECEWISE_BEZIER_KNOTS.);
#2295 = CARTESIAN_POINT('',(9.192388155425,-7.));
#2296 = CARTESIAN_POINT('',(9.192388155425,0.));
#2297 = ( GEOMETRIC_REPRESENTATION_CONTEXT(2) 
PARAMETRIC_REPRESENTATION_CONTEXT() REPRESENTATION_CONTEXT('2D SPACE',''
  ) );
#2298 = ORIENTED_EDGE('',*,*,#2299,.T.);
#2299 = EDGE_CURVE('',#2274,#2300,#2302,.T.);
#2300 = VERTEX_POINT('',#2301);
#2301 = CARTESIAN_POINT('',(-94.,62.,224.5));
#2302 = SURFACE_CURVE('',#2303,(#2307,#2313),.PCURVE_S1.);
#2303 = LINE('',#2304,#2305);
#2304 = CARTESIAN_POINT('',(-96.26256313292,62.,224.5));
#2305 = VECTOR('',#2306,1.);
#2306 = DIRECTION('',(-1.,0.,0.));
#2307 = PCURVE('',#752,#2308);
#2308 = DEFINITIONAL_REPRESENTATION('',(#2309),#2312);
#2309 = B_SPLINE_CURVE_WITH_KNOTS('',1,(#2310,#2311),.UNSPECIFIED.,.F.,
  .F.,(2,2),(-9.262563132924,-2.262563132924),.PIECEWISE_BEZIER_KNOTS.);
#2310 = CARTESIAN_POINT('',(76.5,14.));
#2311 = CARTESIAN_POINT('',(76.5,7.));
#2312 = ( GEOMETRIC_REPRESENTATION_CONTEXT(2) 
PARAMETRIC_REPRESENTATION_CONTEXT() REPRESENTATION_CONTEXT('2D SPACE',''
  ) );
#2313 = PCURVE('',#2314,#2319);
#2314 = PLANE('',#2315);
#2315 = AXIS2_PLACEMENT_3D('',#2316,#2317,#2318);
#2316 = CARTESIAN_POINT('',(-91.52512626584,63.974873734153,224.5));
#2317 = DIRECTION('',(-0.,-0.,-1.));
#2318 = DIRECTION('',(-1.,0.,0.));
#2319 = DEFINITIONAL_REPRESENTATION('',(#2320),#2323);
#2320 = B_SPLINE_CURVE_WITH_KNOTS('',1,(#2321,#2322),.UNSPECIFIED.,.F.,
  .F.,(2,2),(-9.262563132924,-2.262563132924),.PIECEWISE_BEZIER_KNOTS.);
#2321 = CARTESIAN_POINT('',(-4.525126265847,-1.974873734153));
#2322 = CARTESIAN_POINT('',(2.474873734153,-1.974873734153));
#2323 = ( GEOMETRIC_REPRESENTATION_CONTEXT(2) 
PARAMETRIC_REPRESENTATION_CONTEXT() REPRESENTATION_CONTEXT('2D SPACE',''
  ) );
#2324 = ORIENTED_EDGE('',*,*,#2325,.F.);
#2325 = EDGE_CURVE('',#2326,#2300,#2328,.T.);
#2326 = VERTEX_POINT('',#2327);
#2327 = CARTESIAN_POINT('',(-94.,62.,222.80277563773));
#2328 = SURFACE_CURVE('',#2329,(#2333,#2339),.PCURVE_S1.);
#2329 = LINE('',#2330,#2331);
#2330 = CARTESIAN_POINT('',(-94.,62.,182.75));
#2331 = VECTOR('',#2332,1.);
#2332 = DIRECTION('',(0.,-0.,1.));
#2333 = PCURVE('',#752,#2334);
#2334 = DEFINITIONAL_REPRESENTATION('',(#2335),#2338);
#2335 = B_SPLINE_CURVE_WITH_KNOTS('',1,(#2336,#2337),.UNSPECIFIED.,.F.,
  .F.,(2,2),(34.75,41.75),.PIECEWISE_BEZIER_KNOTS.);
#2336 = CARTESIAN_POINT('',(69.5,7.));
#2337 = CARTESIAN_POINT('',(76.5,7.));
#2338 = ( GEOMETRIC_REPRESENTATION_CONTEXT(2) 
PARAMETRIC_REPRESENTATION_CONTEXT() REPRESENTATION_CONTEXT('2D SPACE',''
  ) );
#2339 = PCURVE('',#2340,#2345);
#2340 = PLANE('',#2341);
#2341 = AXIS2_PLACEMENT_3D('',#2342,#2343,#2344);
#2342 = CARTESIAN_POINT('',(-94.,61.5,217.5));
#2343 = DIRECTION('',(-1.,0.,0.));
#2344 = DIRECTION('',(0.,1.,0.));
#2345 = DEFINITIONAL_REPRESENTATION('',(#2346),#2349);
#2346 = B_SPLINE_CURVE_WITH_KNOTS('',1,(#2347,#2348),.UNSPECIFIED.,.F.,
  .F.,(2,2),(34.75,41.75),.PIECEWISE_BEZIER_KNOTS.);
#2347 = CARTESIAN_POINT('',(0.5,0.));
#2348 = CARTESIAN_POINT('',(0.5,-7.));
#2349 = ( GEOMETRIC_REPRESENTATION_CONTEXT(2) 
PARAMETRIC_REPRESENTATION_CONTEXT() REPRESENTATION_CONTEXT('2D SPACE',''
  ) );
#2350 = ORIENTED_EDGE('',*,*,#2351,.F.);
#2351 = EDGE_CURVE('',#2352,#2326,#2354,.T.);
#2352 = VERTEX_POINT('',#2353);
#2353 = CARTESIAN_POINT('',(-101.,62.,222.80277563773));
#2354 = SURFACE_CURVE('',#2355,(#2359,#2365),.PCURVE_S1.);
#2355 = LINE('',#2356,#2357);
#2356 = CARTESIAN_POINT('',(-101.,62.,222.80277563773));
#2357 = VECTOR('',#2358,1.);
#2358 = DIRECTION('',(1.,0.,0.));
#2359 = PCURVE('',#752,#2360);
#2360 = DEFINITIONAL_REPRESENTATION('',(#2361),#2364);
#2361 = B_SPLINE_CURVE_WITH_KNOTS('',1,(#2362,#2363),.UNSPECIFIED.,.F.,
  .F.,(2,2),(-6.000000070117E-07,7.0000006),.PIECEWISE_BEZIER_KNOTS.);
#2362 = CARTESIAN_POINT('',(74.802775637732,-6.000000070117E-07));
#2363 = CARTESIAN_POINT('',(74.802775637732,7.0000006));
#2364 = ( GEOMETRIC_REPRESENTATION_CONTEXT(2) 
PARAMETRIC_REPRESENTATION_CONTEXT() REPRESENTATION_CONTEXT('2D SPACE',''
  ) );
#2365 = PCURVE('',#2076,#2366);
#2366 = DEFINITIONAL_REPRESENTATION('',(#2367),#2370);
#2367 = B_SPLINE_CURVE_WITH_KNOTS('',1,(#2368,#2369),.UNSPECIFIED.,.F.,
  .F.,(2,2),(0.,7.),.PIECEWISE_BEZIER_KNOTS.);
#2368 = CARTESIAN_POINT('',(7.312882108017,0.));
#2369 = CARTESIAN_POINT('',(7.312882108017,7.));
#2370 = ( GEOMETRIC_REPRESENTATION_CONTEXT(2) 
PARAMETRIC_REPRESENTATION_CONTEXT() REPRESENTATION_CONTEXT('2D SPACE',''
  ) );
#2371 = ORIENTED_EDGE('',*,*,#2372,.T.);
#2372 = EDGE_CURVE('',#2352,#1679,#2373,.T.);
#2373 = SURFACE_CURVE('',#2374,(#2378,#2385),.PCURVE_S1.);
#2374 = LINE('',#2375,#2376);
#2375 = CARTESIAN_POINT('',(-101.,62.,148.));
#2376 = VECTOR('',#2377,1.);
#2377 = DIRECTION('',(0.,0.,1.));
#2378 = PCURVE('',#752,#2379);
#2379 = DEFINITIONAL_REPRESENTATION('',(#2380),#2384);
#2380 = LINE('',#2381,#2382);
#2381 = CARTESIAN_POINT('',(0.,0.));
#2382 = VECTOR('',#2383,1.);
#2383 = DIRECTION('',(1.,0.));
#2384 = ( GEOMETRIC_REPRESENTATION_CONTEXT(2) 
PARAMETRIC_REPRESENTATION_CONTEXT() REPRESENTATION_CONTEXT('2D SPACE',''
  ) );
#2385 = PCURVE('',#780,#2386);
#2386 = DEFINITIONAL_REPRESENTATION('',(#2387),#2391);
#2387 = LINE('',#2388,#2389);
#2388 = CARTESIAN_POINT('',(0.,-124.));
#2389 = VECTOR('',#2390,1.);
#2390 = DIRECTION('',(1.,0.));
#2391 = ( GEOMETRIC_REPRESENTATION_CONTEXT(2) 
PARAMETRIC_REPRESENTATION_CONTEXT() REPRESENTATION_CONTEXT('2D SPACE',''
  ) );
#2392 = FACE_BOUND('',#2393,.T.);
#2393 = EDGE_LOOP('',(#2394,#2422,#2448,#2474,#2500,#2526));
#2394 = ORIENTED_EDGE('',*,*,#2395,.T.);
#2395 = EDGE_CURVE('',#2396,#2398,#2400,.T.);
#2396 = VERTEX_POINT('',#2397);
#2397 = CARTESIAN_POINT('',(-90.,62.,177.3));
#2398 = VERTEX_POINT('',#2399);
#2399 = CARTESIAN_POINT('',(-90.,62.,176.3));
#2400 = SURFACE_CURVE('',#2401,(#2405,#2411),.PCURVE_S1.);
#2401 = LINE('',#2402,#2403);
#2402 = CARTESIAN_POINT('',(-90.,62.,157.15));
#2403 = VECTOR('',#2404,1.);
#2404 = DIRECTION('',(0.,0.,-1.));
#2405 = PCURVE('',#752,#2406);
#2406 = DEFINITIONAL_REPRESENTATION('',(#2407),#2410);
#2407 = B_SPLINE_CURVE_WITH_KNOTS('',1,(#2408,#2409),.UNSPECIFIED.,.F.,
  .F.,(2,2),(-20.15,-19.15),.PIECEWISE_BEZIER_KNOTS.);
#2408 = CARTESIAN_POINT('',(29.3,11.));
#2409 = CARTESIAN_POINT('',(28.3,11.));
#2410 = ( GEOMETRIC_REPRESENTATION_CONTEXT(2) 
PARAMETRIC_REPRESENTATION_CONTEXT() REPRESENTATION_CONTEXT('2D SPACE',''
  ) );
#2411 = PCURVE('',#2412,#2417);
#2412 = PLANE('',#2413);
#2413 = AXIS2_PLACEMENT_3D('',#2414,#2415,#2416);
#2414 = CARTESIAN_POINT('',(-90.,61.5,166.3));
#2415 = DIRECTION('',(1.,0.,0.));
#2416 = DIRECTION('',(0.,0.,1.));
#2417 = DEFINITIONAL_REPRESENTATION('',(#2418),#2421);
#2418 = B_SPLINE_CURVE_WITH_KNOTS('',1,(#2419,#2420),.UNSPECIFIED.,.F.,
  .F.,(2,2),(-20.15,-19.15),.PIECEWISE_BEZIER_KNOTS.);
#2419 = CARTESIAN_POINT('',(11.,-0.5));
#2420 = CARTESIAN_POINT('',(10.,-0.5));
#2421 = ( GEOMETRIC_REPRESENTATION_CONTEXT(2) 
PARAMETRIC_REPRESENTATION_CONTEXT() REPRESENTATION_CONTEXT('2D SPACE',''
  ) );
#2422 = ORIENTED_EDGE('',*,*,#2423,.T.);
#2423 = EDGE_CURVE('',#2398,#2424,#2426,.T.);
#2424 = VERTEX_POINT('',#2425);
#2425 = CARTESIAN_POINT('',(-90.,62.,167.3));
#2426 = SURFACE_CURVE('',#2427,(#2431,#2437),.PCURVE_S1.);
#2427 = LINE('',#2428,#2429);
#2428 = CARTESIAN_POINT('',(-90.,62.,157.65));
#2429 = VECTOR('',#2430,1.);
#2430 = DIRECTION('',(0.,0.,-1.));
#2431 = PCURVE('',#752,#2432);
#2432 = DEFINITIONAL_REPRESENTATION('',(#2433),#2436);
#2433 = B_SPLINE_CURVE_WITH_KNOTS('',1,(#2434,#2435),.UNSPECIFIED.,.F.,
  .F.,(2,2),(-18.65,-9.65),.PIECEWISE_BEZIER_KNOTS.);
#2434 = CARTESIAN_POINT('',(28.3,11.));
#2435 = CARTESIAN_POINT('',(19.3,11.));
#2436 = ( GEOMETRIC_REPRESENTATION_CONTEXT(2) 
PARAMETRIC_REPRESENTATION_CONTEXT() REPRESENTATION_CONTEXT('2D SPACE',''
  ) );
#2437 = PCURVE('',#2438,#2443);
#2438 = PLANE('',#2439);
#2439 = AXIS2_PLACEMENT_3D('',#2440,#2441,#2442);
#2440 = CARTESIAN_POINT('',(-90.,58.5,167.3));
#2441 = DIRECTION('',(1.,0.,0.));
#2442 = DIRECTION('',(0.,0.,1.));
#2443 = DEFINITIONAL_REPRESENTATION('',(#2444),#2447);
#2444 = B_SPLINE_CURVE_WITH_KNOTS('',1,(#2445,#2446),.UNSPECIFIED.,.F.,
  .F.,(2,2),(-18.65,-9.65),.PIECEWISE_BEZIER_KNOTS.);
#2445 = CARTESIAN_POINT('',(9.,-3.5));
#2446 = CARTESIAN_POINT('',(0.,-3.5));
#2447 = ( GEOMETRIC_REPRESENTATION_CONTEXT(2) 
PARAMETRIC_REPRESENTATION_CONTEXT() REPRESENTATION_CONTEXT('2D SPACE',''
  ) );
#2448 = ORIENTED_EDGE('',*,*,#2449,.T.);
#2449 = EDGE_CURVE('',#2424,#2450,#2452,.T.);
#2450 = VERTEX_POINT('',#2451);
#2451 = CARTESIAN_POINT('',(-90.,62.,166.3));
#2452 = SURFACE_CURVE('',#2453,(#2457,#2463),.PCURVE_S1.);
#2453 = LINE('',#2454,#2455);
#2454 = CARTESIAN_POINT('',(-90.,62.,157.15));
#2455 = VECTOR('',#2456,1.);
#2456 = DIRECTION('',(0.,0.,-1.));
#2457 = PCURVE('',#752,#2458);
#2458 = DEFINITIONAL_REPRESENTATION('',(#2459),#2462);
#2459 = B_SPLINE_CURVE_WITH_KNOTS('',1,(#2460,#2461),.UNSPECIFIED.,.F.,
  .F.,(2,2),(-10.15,-9.15),.PIECEWISE_BEZIER_KNOTS.);
#2460 = CARTESIAN_POINT('',(19.3,11.));
#2461 = CARTESIAN_POINT('',(18.3,11.));
#2462 = ( GEOMETRIC_REPRESENTATION_CONTEXT(2) 
PARAMETRIC_REPRESENTATION_CONTEXT() REPRESENTATION_CONTEXT('2D SPACE',''
  ) );
#2463 = PCURVE('',#2464,#2469);
#2464 = PLANE('',#2465);
#2465 = AXIS2_PLACEMENT_3D('',#2466,#2467,#2468);
#2466 = CARTESIAN_POINT('',(-90.,61.5,166.3));
#2467 = DIRECTION('',(1.,0.,0.));
#2468 = DIRECTION('',(0.,0.,1.));
#2469 = DEFINITIONAL_REPRESENTATION('',(#2470),#2473);
#2470 = B_SPLINE_CURVE_WITH_KNOTS('',1,(#2471,#2472),.UNSPECIFIED.,.F.,
  .F.,(2,2),(-10.15,-9.15),.PIECEWISE_BEZIER_KNOTS.);
#2471 = CARTESIAN_POINT('',(1.,-0.5));
#2472 = CARTESIAN_POINT('',(0.,-0.5));
#2473 = ( GEOMETRIC_REPRESENTATION_CONTEXT(2) 
PARAMETRIC_REPRESENTATION_CONTEXT() REPRESENTATION_CONTEXT('2D SPACE',''
  ) );
#2474 = ORIENTED_EDGE('',*,*,#2475,.T.);
#2475 = EDGE_CURVE('',#2450,#2476,#2478,.T.);
#2476 = VERTEX_POINT('',#2477);
#2477 = CARTESIAN_POINT('',(-82.,62.,166.3));
#2478 = SURFACE_CURVE('',#2479,(#2483,#2489),.PCURVE_S1.);
#2479 = LINE('',#2480,#2481);
#2480 = CARTESIAN_POINT('',(-95.5,62.,166.3));
#2481 = VECTOR('',#2482,1.);
#2482 = DIRECTION('',(1.,0.,0.));
#2483 = PCURVE('',#752,#2484);
#2484 = DEFINITIONAL_REPRESENTATION('',(#2485),#2488);
#2485 = B_SPLINE_CURVE_WITH_KNOTS('',1,(#2486,#2487),.UNSPECIFIED.,.F.,
  .F.,(2,2),(5.5,13.5),.PIECEWISE_BEZIER_KNOTS.);
#2486 = CARTESIAN_POINT('',(18.3,11.));
#2487 = CARTESIAN_POINT('',(18.3,19.));
#2488 = ( GEOMETRIC_REPRESENTATION_CONTEXT(2) 
PARAMETRIC_REPRESENTATION_CONTEXT() REPRESENTATION_CONTEXT('2D SPACE',''
  ) );
#2489 = PCURVE('',#2490,#2495);
#2490 = PLANE('',#2491);
#2491 = AXIS2_PLACEMENT_3D('',#2492,#2493,#2494);
#2492 = CARTESIAN_POINT('',(-90.,61.5,166.3));
#2493 = DIRECTION('',(0.,0.,1.));
#2494 = DIRECTION('',(1.,0.,0.));
#2495 = DEFINITIONAL_REPRESENTATION('',(#2496),#2499);
#2496 = B_SPLINE_CURVE_WITH_KNOTS('',1,(#2497,#2498),.UNSPECIFIED.,.F.,
  .F.,(2,2),(5.5,13.5),.PIECEWISE_BEZIER_KNOTS.);
#2497 = CARTESIAN_POINT('',(0.,0.5));
#2498 = CARTESIAN_POINT('',(8.,0.5));
#2499 = ( GEOMETRIC_REPRESENTATION_CONTEXT(2) 
PARAMETRIC_REPRESENTATION_CONTEXT() REPRESENTATION_CONTEXT('2D SPACE',''
  ) );
#2500 = ORIENTED_EDGE('',*,*,#2501,.F.);
#2501 = EDGE_CURVE('',#2502,#2476,#2504,.T.);
#2502 = VERTEX_POINT('',#2503);
#2503 = CARTESIAN_POINT('',(-82.,62.,177.3));
#2504 = SURFACE_CURVE('',#2505,(#2509,#2515),.PCURVE_S1.);
#2505 = LINE('',#2506,#2507);
#2506 = CARTESIAN_POINT('',(-82.,62.,157.15));
#2507 = VECTOR('',#2508,1.);
#2508 = DIRECTION('',(0.,0.,-1.));
#2509 = PCURVE('',#752,#2510);
#2510 = DEFINITIONAL_REPRESENTATION('',(#2511),#2514);
#2511 = B_SPLINE_CURVE_WITH_KNOTS('',1,(#2512,#2513),.UNSPECIFIED.,.F.,
  .F.,(2,2),(-20.15,-9.15),.PIECEWISE_BEZIER_KNOTS.);
#2512 = CARTESIAN_POINT('',(29.3,19.));
#2513 = CARTESIAN_POINT('',(18.3,19.));
#2514 = ( GEOMETRIC_REPRESENTATION_CONTEXT(2) 
PARAMETRIC_REPRESENTATION_CONTEXT() REPRESENTATION_CONTEXT('2D SPACE',''
  ) );
#2515 = PCURVE('',#2516,#2521);
#2516 = PLANE('',#2517);
#2517 = AXIS2_PLACEMENT_3D('',#2518,#2519,#2520);
#2518 = CARTESIAN_POINT('',(-82.,61.5,166.3));
#2519 = DIRECTION('',(1.,0.,0.));
#2520 = DIRECTION('',(0.,0.,1.));
#2521 = DEFINITIONAL_REPRESENTATION('',(#2522),#2525);
#2522 = B_SPLINE_CURVE_WITH_KNOTS('',1,(#2523,#2524),.UNSPECIFIED.,.F.,
  .F.,(2,2),(-20.15,-9.15),.PIECEWISE_BEZIER_KNOTS.);
#2523 = CARTESIAN_POINT('',(11.,-0.5));
#2524 = CARTESIAN_POINT('',(0.,-0.5));
#2525 = ( GEOMETRIC_REPRESENTATION_CONTEXT(2) 
PARAMETRIC_REPRESENTATION_CONTEXT() REPRESENTATION_CONTEXT('2D SPACE',''
  ) );
#2526 = ORIENTED_EDGE('',*,*,#2527,.F.);
#2527 = EDGE_CURVE('',#2396,#2502,#2528,.T.);
#2528 = SURFACE_CURVE('',#2529,(#2533,#2539),.PCURVE_S1.);
#2529 = LINE('',#2530,#2531);
#2530 = CARTESIAN_POINT('',(-95.5,62.,177.3));
#2531 = VECTOR('',#2532,1.);
#2532 = DIRECTION('',(1.,0.,0.));
#2533 = PCURVE('',#752,#2534);
#2534 = DEFINITIONAL_REPRESENTATION('',(#2535),#2538);
#2535 = B_SPLINE_CURVE_WITH_KNOTS('',1,(#2536,#2537),.UNSPECIFIED.,.F.,
  .F.,(2,2),(5.5,13.5),.PIECEWISE_BEZIER_KNOTS.);
#2536 = CARTESIAN_POINT('',(29.3,11.));
#2537 = CARTESIAN_POINT('',(29.3,19.));
#2538 = ( GEOMETRIC_REPRESENTATION_CONTEXT(2) 
PARAMETRIC_REPRESENTATION_CONTEXT() REPRESENTATION_CONTEXT('2D SPACE',''
  ) );
#2539 = PCURVE('',#2540,#2545);
#2540 = PLANE('',#2541);
#2541 = AXIS2_PLACEMENT_3D('',#2542,#2543,#2544);
#2542 = CARTESIAN_POINT('',(-90.,61.5,177.3));
#2543 = DIRECTION('',(0.,0.,1.));
#2544 = DIRECTION('',(1.,0.,0.));
#2545 = DEFINITIONAL_REPRESENTATION('',(#2546),#2549);
#2546 = B_SPLINE_CURVE_WITH_KNOTS('',1,(#2547,#2548),.UNSPECIFIED.,.F.,
  .F.,(2,2),(5.5,13.5),.PIECEWISE_BEZIER_KNOTS.);
#2547 = CARTESIAN_POINT('',(0.,0.5));
#2548 = CARTESIAN_POINT('',(8.,0.5));
#2549 = ( GEOMETRIC_REPRESENTATION_CONTEXT(2) 
PARAMETRIC_REPRESENTATION_CONTEXT() REPRESENTATION_CONTEXT('2D SPACE',''
  ) );
#2550 = FACE_BOUND('',#2551,.T.);
#2551 = EDGE_LOOP('',(#2552,#2580,#2606,#2632,#2658,#2684,#2713,#2739,
    #2768));
#2552 = ORIENTED_EDGE('',*,*,#2553,.T.);
#2553 = EDGE_CURVE('',#2554,#2556,#2558,.T.);
#2554 = VERTEX_POINT('',#2555);
#2555 = CARTESIAN_POINT('',(-91.5,62.,195.5));
#2556 = VERTEX_POINT('',#2557);
#2557 = CARTESIAN_POINT('',(-91.5,62.,194.5));
#2558 = SURFACE_CURVE('',#2559,(#2563,#2569),.PCURVE_S1.);
#2559 = LINE('',#2560,#2561);
#2560 = CARTESIAN_POINT('',(-91.5,62.,162.75));
#2561 = VECTOR('',#2562,1.);
#2562 = DIRECTION('',(0.,0.,-1.));
#2563 = PCURVE('',#752,#2564);
#2564 = DEFINITIONAL_REPRESENTATION('',(#2565),#2568);
#2565 = B_SPLINE_CURVE_WITH_KNOTS('',1,(#2566,#2567),.UNSPECIFIED.,.F.,
  .F.,(2,2),(-32.75,-31.75),.PIECEWISE_BEZIER_KNOTS.);
#2566 = CARTESIAN_POINT('',(47.5,9.5));
#2567 = CARTESIAN_POINT('',(46.5,9.5));
#2568 = ( GEOMETRIC_REPRESENTATION_CONTEXT(2) 
PARAMETRIC_REPRESENTATION_CONTEXT() REPRESENTATION_CONTEXT('2D SPACE',''
  ) );
#2569 = PCURVE('',#2570,#2575);
#2570 = PLANE('',#2571);
#2571 = AXIS2_PLACEMENT_3D('',#2572,#2573,#2574);
#2572 = CARTESIAN_POINT('',(-91.5,61.5,177.5));
#2573 = DIRECTION('',(1.,0.,0.));
#2574 = DIRECTION('',(0.,0.,1.));
#2575 = DEFINITIONAL_REPRESENTATION('',(#2576),#2579);
#2576 = B_SPLINE_CURVE_WITH_KNOTS('',1,(#2577,#2578),.UNSPECIFIED.,.F.,
  .F.,(2,2),(-32.75,-31.75),.PIECEWISE_BEZIER_KNOTS.);
#2577 = CARTESIAN_POINT('',(18.,-0.5));
#2578 = CARTESIAN_POINT('',(17.,-0.5));
#2579 = ( GEOMETRIC_REPRESENTATION_CONTEXT(2) 
PARAMETRIC_REPRESENTATION_CONTEXT() REPRESENTATION_CONTEXT('2D SPACE',''
  ) );
#2580 = ORIENTED_EDGE('',*,*,#2581,.T.);
#2581 = EDGE_CURVE('',#2556,#2582,#2584,.T.);
#2582 = VERTEX_POINT('',#2583);
#2583 = CARTESIAN_POINT('',(-91.5,62.,178.5));
#2584 = SURFACE_CURVE('',#2585,(#2589,#2595),.PCURVE_S1.);
#2585 = LINE('',#2586,#2587);
#2586 = CARTESIAN_POINT('',(-91.5,62.,163.25));
#2587 = VECTOR('',#2588,1.);
#2588 = DIRECTION('',(0.,0.,-1.));
#2589 = PCURVE('',#752,#2590);
#2590 = DEFINITIONAL_REPRESENTATION('',(#2591),#2594);
#2591 = B_SPLINE_CURVE_WITH_KNOTS('',1,(#2592,#2593),.UNSPECIFIED.,.F.,
  .F.,(2,2),(-31.25,-15.25),.PIECEWISE_BEZIER_KNOTS.);
#2592 = CARTESIAN_POINT('',(46.5,9.5));
#2593 = CARTESIAN_POINT('',(30.5,9.5));
#2594 = ( GEOMETRIC_REPRESENTATION_CONTEXT(2) 
PARAMETRIC_REPRESENTATION_CONTEXT() REPRESENTATION_CONTEXT('2D SPACE',''
  ) );
#2595 = PCURVE('',#2596,#2601);
#2596 = PLANE('',#2597);
#2597 = AXIS2_PLACEMENT_3D('',#2598,#2599,#2600);
#2598 = CARTESIAN_POINT('',(-91.5,58.5,178.5));
#2599 = DIRECTION('',(1.,0.,0.));
#2600 = DIRECTION('',(0.,0.,1.));
#2601 = DEFINITIONAL_REPRESENTATION('',(#2602),#2605);
#2602 = B_SPLINE_CURVE_WITH_KNOTS('',1,(#2603,#2604),.UNSPECIFIED.,.F.,
  .F.,(2,2),(-31.25,-15.25),.PIECEWISE_BEZIER_KNOTS.);
#2603 = CARTESIAN_POINT('',(16.,-3.5));
#2604 = CARTESIAN_POINT('',(0.,-3.5));
#2605 = ( GEOMETRIC_REPRESENTATION_CONTEXT(2) 
PARAMETRIC_REPRESENTATION_CONTEXT() REPRESENTATION_CONTEXT('2D SPACE',''
  ) );
#2606 = ORIENTED_EDGE('',*,*,#2607,.T.);
#2607 = EDGE_CURVE('',#2582,#2608,#2610,.T.);
#2608 = VERTEX_POINT('',#2609);
#2609 = CARTESIAN_POINT('',(-91.5,62.,177.5));
#2610 = SURFACE_CURVE('',#2611,(#2615,#2621),.PCURVE_S1.);
#2611 = LINE('',#2612,#2613);
#2612 = CARTESIAN_POINT('',(-91.5,62.,162.75));
#2613 = VECTOR('',#2614,1.);
#2614 = DIRECTION('',(0.,0.,-1.));
#2615 = PCURVE('',#752,#2616);
#2616 = DEFINITIONAL_REPRESENTATION('',(#2617),#2620);
#2617 = B_SPLINE_CURVE_WITH_KNOTS('',1,(#2618,#2619),.UNSPECIFIED.,.F.,
  .F.,(2,2),(-15.75,-14.75),.PIECEWISE_BEZIER_KNOTS.);
#2618 = CARTESIAN_POINT('',(30.5,9.5));
#2619 = CARTESIAN_POINT('',(29.5,9.5));
#2620 = ( GEOMETRIC_REPRESENTATION_CONTEXT(2) 
PARAMETRIC_REPRESENTATION_CONTEXT() REPRESENTATION_CONTEXT('2D SPACE',''
  ) );
#2621 = PCURVE('',#2622,#2627);
#2622 = PLANE('',#2623);
#2623 = AXIS2_PLACEMENT_3D('',#2624,#2625,#2626);
#2624 = CARTESIAN_POINT('',(-91.5,61.5,177.5));
#2625 = DIRECTION('',(1.,0.,0.));
#2626 = DIRECTION('',(0.,0.,1.));
#2627 = DEFINITIONAL_REPRESENTATION('',(#2628),#2631);
#2628 = B_SPLINE_CURVE_WITH_KNOTS('',1,(#2629,#2630),.UNSPECIFIED.,.F.,
  .F.,(2,2),(-15.75,-14.75),.PIECEWISE_BEZIER_KNOTS.);
#2629 = CARTESIAN_POINT('',(1.,-0.5));
#2630 = CARTESIAN_POINT('',(0.,-0.5));
#2631 = ( GEOMETRIC_REPRESENTATION_CONTEXT(2) 
PARAMETRIC_REPRESENTATION_CONTEXT() REPRESENTATION_CONTEXT('2D SPACE',''
  ) );
#2632 = ORIENTED_EDGE('',*,*,#2633,.T.);
#2633 = EDGE_CURVE('',#2608,#2634,#2636,.T.);
#2634 = VERTEX_POINT('',#2635);
#2635 = CARTESIAN_POINT('',(-80.5,62.,177.5));
#2636 = SURFACE_CURVE('',#2637,(#2641,#2647),.PCURVE_S1.);
#2637 = LINE('',#2638,#2639);
#2638 = CARTESIAN_POINT('',(-96.25,62.,177.5));
#2639 = VECTOR('',#2640,1.);
#2640 = DIRECTION('',(1.,0.,0.));
#2641 = PCURVE('',#752,#2642);
#2642 = DEFINITIONAL_REPRESENTATION('',(#2643),#2646);
#2643 = B_SPLINE_CURVE_WITH_KNOTS('',1,(#2644,#2645),.UNSPECIFIED.,.F.,
  .F.,(2,2),(4.75,15.75),.PIECEWISE_BEZIER_KNOTS.);
#2644 = CARTESIAN_POINT('',(29.5,9.5));
#2645 = CARTESIAN_POINT('',(29.5,20.5));
#2646 = ( GEOMETRIC_REPRESENTATION_CONTEXT(2) 
PARAMETRIC_REPRESENTATION_CONTEXT() REPRESENTATION_CONTEXT('2D SPACE',''
  ) );
#2647 = PCURVE('',#2648,#2653);
#2648 = PLANE('',#2649);
#2649 = AXIS2_PLACEMENT_3D('',#2650,#2651,#2652);
#2650 = CARTESIAN_POINT('',(-91.5,61.5,177.5));
#2651 = DIRECTION('',(0.,0.,1.));
#2652 = DIRECTION('',(1.,0.,0.));
#2653 = DEFINITIONAL_REPRESENTATION('',(#2654),#2657);
#2654 = B_SPLINE_CURVE_WITH_KNOTS('',1,(#2655,#2656),.UNSPECIFIED.,.F.,
  .F.,(2,2),(4.75,15.75),.PIECEWISE_BEZIER_KNOTS.);
#2655 = CARTESIAN_POINT('',(0.,0.5));
#2656 = CARTESIAN_POINT('',(11.,0.5));
#2657 = ( GEOMETRIC_REPRESENTATION_CONTEXT(2) 
PARAMETRIC_REPRESENTATION_CONTEXT() REPRESENTATION_CONTEXT('2D SPACE',''
  ) );
#2658 = ORIENTED_EDGE('',*,*,#2659,.F.);
#2659 = EDGE_CURVE('',#2660,#2634,#2662,.T.);
#2660 = VERTEX_POINT('',#2661);
#2661 = CARTESIAN_POINT('',(-80.5,62.,194.75500556793));
#2662 = SURFACE_CURVE('',#2663,(#2667,#2673),.PCURVE_S1.);
#2663 = LINE('',#2664,#2665);
#2664 = CARTESIAN_POINT('',(-80.5,62.,162.75));
#2665 = VECTOR('',#2666,1.);
#2666 = DIRECTION('',(0.,0.,-1.));
#2667 = PCURVE('',#752,#2668);
#2668 = DEFINITIONAL_REPRESENTATION('',(#2669),#2672);
#2669 = B_SPLINE_CURVE_WITH_KNOTS('',1,(#2670,#2671),.UNSPECIFIED.,.F.,
  .F.,(2,2),(-32.75,-14.75),.PIECEWISE_BEZIER_KNOTS.);
#2670 = CARTESIAN_POINT('',(47.5,20.5));
#2671 = CARTESIAN_POINT('',(29.5,20.5));
#2672 = ( GEOMETRIC_REPRESENTATION_CONTEXT(2) 
PARAMETRIC_REPRESENTATION_CONTEXT() REPRESENTATION_CONTEXT('2D SPACE',''
  ) );
#2673 = PCURVE('',#2674,#2679);
#2674 = PLANE('',#2675);
#2675 = AXIS2_PLACEMENT_3D('',#2676,#2677,#2678);
#2676 = CARTESIAN_POINT('',(-80.5,61.5,177.5));
#2677 = DIRECTION('',(1.,0.,0.));
#2678 = DIRECTION('',(0.,0.,1.));
#2679 = DEFINITIONAL_REPRESENTATION('',(#2680),#2683);
#2680 = B_SPLINE_CURVE_WITH_KNOTS('',1,(#2681,#2682),.UNSPECIFIED.,.F.,
  .F.,(2,2),(-32.75,-14.75),.PIECEWISE_BEZIER_KNOTS.);
#2681 = CARTESIAN_POINT('',(18.,-0.5));
#2682 = CARTESIAN_POINT('',(0.,-0.5));
#2683 = ( GEOMETRIC_REPRESENTATION_CONTEXT(2) 
PARAMETRIC_REPRESENTATION_CONTEXT() REPRESENTATION_CONTEXT('2D SPACE',''
  ) );
#2684 = ORIENTED_EDGE('',*,*,#2685,.F.);
#2685 = EDGE_CURVE('',#2686,#2660,#2688,.T.);
#2686 = VERTEX_POINT('',#2687);
#2687 = CARTESIAN_POINT('',(-81.,62.,199.3));
#2688 = SURFACE_CURVE('',#2689,(#2694,#2701),.PCURVE_S1.);
#2689 = CIRCLE('',#2690,2.3);
#2690 = AXIS2_PLACEMENT_3D('',#2691,#2692,#2693);
#2691 = CARTESIAN_POINT('',(-81.,62.,197.));
#2692 = DIRECTION('',(0.,1.,0.));
#2693 = DIRECTION('',(0.,-0.,1.));
#2694 = PCURVE('',#752,#2695);
#2695 = DEFINITIONAL_REPRESENTATION('',(#2696),#2700);
#2696 = CIRCLE('',#2697,2.3);
#2697 = AXIS2_PLACEMENT_2D('',#2698,#2699);
#2698 = CARTESIAN_POINT('',(49.,20.));
#2699 = DIRECTION('',(1.,0.));
#2700 = ( GEOMETRIC_REPRESENTATION_CONTEXT(2) 
PARAMETRIC_REPRESENTATION_CONTEXT() REPRESENTATION_CONTEXT('2D SPACE',''
  ) );
#2701 = PCURVE('',#2702,#2707);
#2702 = CYLINDRICAL_SURFACE('',#2703,2.3);
#2703 = AXIS2_PLACEMENT_3D('',#2704,#2705,#2706);
#2704 = CARTESIAN_POINT('',(-81.,61.5,197.));
#2705 = DIRECTION('',(0.,1.,0.));
#2706 = DIRECTION('',(0.,-0.,1.));
#2707 = DEFINITIONAL_REPRESENTATION('',(#2708),#2712);
#2708 = LINE('',#2709,#2710);
#2709 = CARTESIAN_POINT('',(0.,0.5));
#2710 = VECTOR('',#2711,1.);
#2711 = DIRECTION('',(1.,0.));
#2712 = ( GEOMETRIC_REPRESENTATION_CONTEXT(2) 
PARAMETRIC_REPRESENTATION_CONTEXT() REPRESENTATION_CONTEXT('2D SPACE',''
  ) );
#2713 = ORIENTED_EDGE('',*,*,#2714,.T.);
#2714 = EDGE_CURVE('',#2686,#2715,#2717,.T.);
#2715 = VERTEX_POINT('',#2716);
#2716 = CARTESIAN_POINT('',(-81.,62.,198.5));
#2717 = SURFACE_CURVE('',#2718,(#2722,#2728),.PCURVE_S1.);
#2718 = LINE('',#2719,#2720);
#2719 = CARTESIAN_POINT('',(-81.,62.,167.5));
#2720 = VECTOR('',#2721,1.);
#2721 = DIRECTION('',(0.,0.,-1.));
#2722 = PCURVE('',#752,#2723);
#2723 = DEFINITIONAL_REPRESENTATION('',(#2724),#2727);
#2724 = B_SPLINE_CURVE_WITH_KNOTS('',1,(#2725,#2726),.UNSPECIFIED.,.F.,
  .F.,(2,2),(-31.8,-31.),.PIECEWISE_BEZIER_KNOTS.);
#2725 = CARTESIAN_POINT('',(51.3,20.));
#2726 = CARTESIAN_POINT('',(50.5,20.));
#2727 = ( GEOMETRIC_REPRESENTATION_CONTEXT(2) 
PARAMETRIC_REPRESENTATION_CONTEXT() REPRESENTATION_CONTEXT('2D SPACE',''
  ) );
#2728 = PCURVE('',#2729,#2734);
#2729 = PLANE('',#2730);
#2730 = AXIS2_PLACEMENT_3D('',#2731,#2732,#2733);
#2731 = CARTESIAN_POINT('',(-81.,60.5,187.));
#2732 = DIRECTION('',(1.,0.,0.));
#2733 = DIRECTION('',(0.,0.,1.));
#2734 = DEFINITIONAL_REPRESENTATION('',(#2735),#2738);
#2735 = B_SPLINE_CURVE_WITH_KNOTS('',1,(#2736,#2737),.UNSPECIFIED.,.F.,
  .F.,(2,2),(-31.8,-31.),.PIECEWISE_BEZIER_KNOTS.);
#2736 = CARTESIAN_POINT('',(12.3,-1.5));
#2737 = CARTESIAN_POINT('',(11.5,-1.5));
#2738 = ( GEOMETRIC_REPRESENTATION_CONTEXT(2) 
PARAMETRIC_REPRESENTATION_CONTEXT() REPRESENTATION_CONTEXT('2D SPACE',''
  ) );
#2739 = ORIENTED_EDGE('',*,*,#2740,.F.);
#2740 = EDGE_CURVE('',#2741,#2715,#2743,.T.);
#2741 = VERTEX_POINT('',#2742);
#2742 = CARTESIAN_POINT('',(-81.,62.,195.5));
#2743 = SURFACE_CURVE('',#2744,(#2749,#2756),.PCURVE_S1.);
#2744 = CIRCLE('',#2745,1.5);
#2745 = AXIS2_PLACEMENT_3D('',#2746,#2747,#2748);
#2746 = CARTESIAN_POINT('',(-81.,62.,197.));
#2747 = DIRECTION('',(0.,1.,0.));
#2748 = DIRECTION('',(0.,-0.,1.));
#2749 = PCURVE('',#752,#2750);
#2750 = DEFINITIONAL_REPRESENTATION('',(#2751),#2755);
#2751 = CIRCLE('',#2752,1.5);
#2752 = AXIS2_PLACEMENT_2D('',#2753,#2754);
#2753 = CARTESIAN_POINT('',(49.,20.));
#2754 = DIRECTION('',(1.,0.));
#2755 = ( GEOMETRIC_REPRESENTATION_CONTEXT(2) 
PARAMETRIC_REPRESENTATION_CONTEXT() REPRESENTATION_CONTEXT('2D SPACE',''
  ) );
#2756 = PCURVE('',#2757,#2762);
#2757 = CYLINDRICAL_SURFACE('',#2758,1.5);
#2758 = AXIS2_PLACEMENT_3D('',#2759,#2760,#2761);
#2759 = CARTESIAN_POINT('',(-81.,58.5,197.));
#2760 = DIRECTION('',(0.,1.,0.));
#2761 = DIRECTION('',(0.,-0.,1.));
#2762 = DEFINITIONAL_REPRESENTATION('',(#2763),#2767);
#2763 = LINE('',#2764,#2765);
#2764 = CARTESIAN_POINT('',(0.,3.5));
#2765 = VECTOR('',#2766,1.);
#2766 = DIRECTION('',(1.,0.));
#2767 = ( GEOMETRIC_REPRESENTATION_CONTEXT(2) 
PARAMETRIC_REPRESENTATION_CONTEXT() REPRESENTATION_CONTEXT('2D SPACE',''
  ) );
#2768 = ORIENTED_EDGE('',*,*,#2769,.F.);
#2769 = EDGE_CURVE('',#2554,#2741,#2770,.T.);
#2770 = SURFACE_CURVE('',#2771,(#2775,#2781),.PCURVE_S1.);
#2771 = LINE('',#2772,#2773);
#2772 = CARTESIAN_POINT('',(-96.25,62.,195.5));
#2773 = VECTOR('',#2774,1.);
#2774 = DIRECTION('',(1.,0.,0.));
#2775 = PCURVE('',#752,#2776);
#2776 = DEFINITIONAL_REPRESENTATION('',(#2777),#2780);
#2777 = B_SPLINE_CURVE_WITH_KNOTS('',1,(#2778,#2779),.UNSPECIFIED.,.F.,
  .F.,(2,2),(4.75,15.75),.PIECEWISE_BEZIER_KNOTS.);
#2778 = CARTESIAN_POINT('',(47.5,9.5));
#2779 = CARTESIAN_POINT('',(47.5,20.5));
#2780 = ( GEOMETRIC_REPRESENTATION_CONTEXT(2) 
PARAMETRIC_REPRESENTATION_CONTEXT() REPRESENTATION_CONTEXT('2D SPACE',''
  ) );
#2781 = PCURVE('',#2782,#2787);
#2782 = PLANE('',#2783);
#2783 = AXIS2_PLACEMENT_3D('',#2784,#2785,#2786);
#2784 = CARTESIAN_POINT('',(-91.5,61.5,195.5));
#2785 = DIRECTION('',(0.,0.,1.));
#2786 = DIRECTION('',(1.,0.,0.));
#2787 = DEFINITIONAL_REPRESENTATION('',(#2788),#2791);
#2788 = B_SPLINE_CURVE_WITH_KNOTS('',1,(#2789,#2790),.UNSPECIFIED.,.F.,
  .F.,(2,2),(4.75,15.75),.PIECEWISE_BEZIER_KNOTS.);
#2789 = CARTESIAN_POINT('',(0.,0.5));
#2790 = CARTESIAN_POINT('',(11.,0.5));
#2791 = ( GEOMETRIC_REPRESENTATION_CONTEXT(2) 
PARAMETRIC_REPRESENTATION_CONTEXT() REPRESENTATION_CONTEXT('2D SPACE',''
  ) );
#2792 = FACE_BOUND('',#2793,.T.);
#2793 = EDGE_LOOP('',(#2794,#2822,#2848,#2874,#2900,#2926));
#2794 = ORIENTED_EDGE('',*,*,#2795,.T.);
#2795 = EDGE_CURVE('',#2796,#2798,#2800,.T.);
#2796 = VERTEX_POINT('',#2797);
#2797 = CARTESIAN_POINT('',(-92.5,62.,209.6));
#2798 = VERTEX_POINT('',#2799);
#2799 = CARTESIAN_POINT('',(-92.5,62.,208.6));
#2800 = SURFACE_CURVE('',#2801,(#2805,#2811),.PCURVE_S1.);
#2801 = LINE('',#2802,#2803);
#2802 = CARTESIAN_POINT('',(-92.5,62.,171.8));
#2803 = VECTOR('',#2804,1.);
#2804 = DIRECTION('',(0.,0.,-1.));
#2805 = PCURVE('',#752,#2806);
#2806 = DEFINITIONAL_REPRESENTATION('',(#2807),#2810);
#2807 = B_SPLINE_CURVE_WITH_KNOTS('',1,(#2808,#2809),.UNSPECIFIED.,.F.,
  .F.,(2,2),(-37.8,-36.8),.PIECEWISE_BEZIER_KNOTS.);
#2808 = CARTESIAN_POINT('',(61.6,8.5));
#2809 = CARTESIAN_POINT('',(60.6,8.5));
#2810 = ( GEOMETRIC_REPRESENTATION_CONTEXT(2) 
PARAMETRIC_REPRESENTATION_CONTEXT() REPRESENTATION_CONTEXT('2D SPACE',''
  ) );
#2811 = PCURVE('',#2812,#2817);
#2812 = PLANE('',#2813);
#2813 = AXIS2_PLACEMENT_3D('',#2814,#2815,#2816);
#2814 = CARTESIAN_POINT('',(-92.5,61.5,195.6));
#2815 = DIRECTION('',(1.,0.,0.));
#2816 = DIRECTION('',(0.,0.,1.));
#2817 = DEFINITIONAL_REPRESENTATION('',(#2818),#2821);
#2818 = B_SPLINE_CURVE_WITH_KNOTS('',1,(#2819,#2820),.UNSPECIFIED.,.F.,
  .F.,(2,2),(-37.8,-36.8),.PIECEWISE_BEZIER_KNOTS.);
#2819 = CARTESIAN_POINT('',(14.,-0.5));
#2820 = CARTESIAN_POINT('',(13.,-0.5));
#2821 = ( GEOMETRIC_REPRESENTATION_CONTEXT(2) 
PARAMETRIC_REPRESENTATION_CONTEXT() REPRESENTATION_CONTEXT('2D SPACE',''
  ) );
#2822 = ORIENTED_EDGE('',*,*,#2823,.T.);
#2823 = EDGE_CURVE('',#2798,#2824,#2826,.T.);
#2824 = VERTEX_POINT('',#2825);
#2825 = CARTESIAN_POINT('',(-92.5,62.,196.6));
#2826 = SURFACE_CURVE('',#2827,(#2831,#2837),.PCURVE_S1.);
#2827 = LINE('',#2828,#2829);
#2828 = CARTESIAN_POINT('',(-92.5,62.,172.3));
#2829 = VECTOR('',#2830,1.);
#2830 = DIRECTION('',(0.,0.,-1.));
#2831 = PCURVE('',#752,#2832);
#2832 = DEFINITIONAL_REPRESENTATION('',(#2833),#2836);
#2833 = B_SPLINE_CURVE_WITH_KNOTS('',1,(#2834,#2835),.UNSPECIFIED.,.F.,
  .F.,(2,2),(-36.3,-24.3),.PIECEWISE_BEZIER_KNOTS.);
#2834 = CARTESIAN_POINT('',(60.6,8.5));
#2835 = CARTESIAN_POINT('',(48.6,8.5));
#2836 = ( GEOMETRIC_REPRESENTATION_CONTEXT(2) 
PARAMETRIC_REPRESENTATION_CONTEXT() REPRESENTATION_CONTEXT('2D SPACE',''
  ) );
#2837 = PCURVE('',#2838,#2843);
#2838 = PLANE('',#2839);
#2839 = AXIS2_PLACEMENT_3D('',#2840,#2841,#2842);
#2840 = CARTESIAN_POINT('',(-92.5,58.5,196.6));
#2841 = DIRECTION('',(1.,0.,0.));
#2842 = DIRECTION('',(0.,0.,1.));
#2843 = DEFINITIONAL_REPRESENTATION('',(#2844),#2847);
#2844 = B_SPLINE_CURVE_WITH_KNOTS('',1,(#2845,#2846),.UNSPECIFIED.,.F.,
  .F.,(2,2),(-36.3,-24.3),.PIECEWISE_BEZIER_KNOTS.);
#2845 = CARTESIAN_POINT('',(12.,-3.5));
#2846 = CARTESIAN_POINT('',(0.,-3.5));
#2847 = ( GEOMETRIC_REPRESENTATION_CONTEXT(2) 
PARAMETRIC_REPRESENTATION_CONTEXT() REPRESENTATION_CONTEXT('2D SPACE',''
  ) );
#2848 = ORIENTED_EDGE('',*,*,#2849,.T.);
#2849 = EDGE_CURVE('',#2824,#2850,#2852,.T.);
#2850 = VERTEX_POINT('',#2851);
#2851 = CARTESIAN_POINT('',(-92.5,62.,195.6));
#2852 = SURFACE_CURVE('',#2853,(#2857,#2863),.PCURVE_S1.);
#2853 = LINE('',#2854,#2855);
#2854 = CARTESIAN_POINT('',(-92.5,62.,171.8));
#2855 = VECTOR('',#2856,1.);
#2856 = DIRECTION('',(0.,0.,-1.));
#2857 = PCURVE('',#752,#2858);
#2858 = DEFINITIONAL_REPRESENTATION('',(#2859),#2862);
#2859 = B_SPLINE_CURVE_WITH_KNOTS('',1,(#2860,#2861),.UNSPECIFIED.,.F.,
  .F.,(2,2),(-24.8,-23.8),.PIECEWISE_BEZIER_KNOTS.);
#2860 = CARTESIAN_POINT('',(48.6,8.5));
#2861 = CARTESIAN_POINT('',(47.6,8.5));
#2862 = ( GEOMETRIC_REPRESENTATION_CONTEXT(2) 
PARAMETRIC_REPRESENTATION_CONTEXT() REPRESENTATION_CONTEXT('2D SPACE',''
  ) );
#2863 = PCURVE('',#2864,#2869);
#2864 = PLANE('',#2865);
#2865 = AXIS2_PLACEMENT_3D('',#2866,#2867,#2868);
#2866 = CARTESIAN_POINT('',(-92.5,61.5,195.6));
#2867 = DIRECTION('',(1.,0.,0.));
#2868 = DIRECTION('',(0.,0.,1.));
#2869 = DEFINITIONAL_REPRESENTATION('',(#2870),#2873);
#2870 = B_SPLINE_CURVE_WITH_KNOTS('',1,(#2871,#2872),.UNSPECIFIED.,.F.,
  .F.,(2,2),(-24.8,-23.8),.PIECEWISE_BEZIER_KNOTS.);
#2871 = CARTESIAN_POINT('',(1.,-0.5));
#2872 = CARTESIAN_POINT('',(0.,-0.5));
#2873 = ( GEOMETRIC_REPRESENTATION_CONTEXT(2) 
PARAMETRIC_REPRESENTATION_CONTEXT() REPRESENTATION_CONTEXT('2D SPACE',''
  ) );
#2874 = ORIENTED_EDGE('',*,*,#2875,.T.);
#2875 = EDGE_CURVE('',#2850,#2876,#2878,.T.);
#2876 = VERTEX_POINT('',#2877);
#2877 = CARTESIAN_POINT('',(-83.5,62.,195.6));
#2878 = SURFACE_CURVE('',#2879,(#2883,#2889),.PCURVE_S1.);
#2879 = LINE('',#2880,#2881);
#2880 = CARTESIAN_POINT('',(-96.75,62.,195.6));
#2881 = VECTOR('',#2882,1.);
#2882 = DIRECTION('',(1.,0.,0.));
#2883 = PCURVE('',#752,#2884);
#2884 = DEFINITIONAL_REPRESENTATION('',(#2885),#2888);
#2885 = B_SPLINE_CURVE_WITH_KNOTS('',1,(#2886,#2887),.UNSPECIFIED.,.F.,
  .F.,(2,2),(4.25,13.25),.PIECEWISE_BEZIER_KNOTS.);
#2886 = CARTESIAN_POINT('',(47.6,8.5));
#2887 = CARTESIAN_POINT('',(47.6,17.5));
#2888 = ( GEOMETRIC_REPRESENTATION_CONTEXT(2) 
PARAMETRIC_REPRESENTATION_CONTEXT() REPRESENTATION_CONTEXT('2D SPACE',''
  ) );
#2889 = PCURVE('',#2890,#2895);
#2890 = PLANE('',#2891);
#2891 = AXIS2_PLACEMENT_3D('',#2892,#2893,#2894);
#2892 = CARTESIAN_POINT('',(-92.5,61.5,195.6));
#2893 = DIRECTION('',(0.,0.,1.));
#2894 = DIRECTION('',(1.,0.,0.));
#2895 = DEFINITIONAL_REPRESENTATION('',(#2896),#2899);
#2896 = B_SPLINE_CURVE_WITH_KNOTS('',1,(#2897,#2898),.UNSPECIFIED.,.F.,
  .F.,(2,2),(4.25,13.25),.PIECEWISE_BEZIER_KNOTS.);
#2897 = CARTESIAN_POINT('',(0.,0.5));
#2898 = CARTESIAN_POINT('',(9.,0.5));
#2899 = ( GEOMETRIC_REPRESENTATION_CONTEXT(2) 
PARAMETRIC_REPRESENTATION_CONTEXT() REPRESENTATION_CONTEXT('2D SPACE',''
  ) );
#2900 = ORIENTED_EDGE('',*,*,#2901,.F.);
#2901 = EDGE_CURVE('',#2902,#2876,#2904,.T.);
#2902 = VERTEX_POINT('',#2903);
#2903 = CARTESIAN_POINT('',(-83.5,62.,209.6));
#2904 = SURFACE_CURVE('',#2905,(#2909,#2915),.PCURVE_S1.);
#2905 = LINE('',#2906,#2907);
#2906 = CARTESIAN_POINT('',(-83.5,62.,171.8));
#2907 = VECTOR('',#2908,1.);
#2908 = DIRECTION('',(0.,0.,-1.));
#2909 = PCURVE('',#752,#2910);
#2910 = DEFINITIONAL_REPRESENTATION('',(#2911),#2914);
#2911 = B_SPLINE_CURVE_WITH_KNOTS('',1,(#2912,#2913),.UNSPECIFIED.,.F.,
  .F.,(2,2),(-37.8,-23.8),.PIECEWISE_BEZIER_KNOTS.);
#2912 = CARTESIAN_POINT('',(61.6,17.5));
#2913 = CARTESIAN_POINT('',(47.6,17.5));
#2914 = ( GEOMETRIC_REPRESENTATION_CONTEXT(2) 
PARAMETRIC_REPRESENTATION_CONTEXT() REPRESENTATION_CONTEXT('2D SPACE',''
  ) );
#2915 = PCURVE('',#2916,#2921);
#2916 = PLANE('',#2917);
#2917 = AXIS2_PLACEMENT_3D('',#2918,#2919,#2920);
#2918 = CARTESIAN_POINT('',(-83.5,61.5,195.6));
#2919 = DIRECTION('',(1.,0.,0.));
#2920 = DIRECTION('',(0.,0.,1.));
#2921 = DEFINITIONAL_REPRESENTATION('',(#2922),#2925);
#2922 = B_SPLINE_CURVE_WITH_KNOTS('',1,(#2923,#2924),.UNSPECIFIED.,.F.,
  .F.,(2,2),(-37.8,-23.8),.PIECEWISE_BEZIER_KNOTS.);
#2923 = CARTESIAN_POINT('',(14.,-0.5));
#2924 = CARTESIAN_POINT('',(0.,-0.5));
#2925 = ( GEOMETRIC_REPRESENTATION_CONTEXT(2) 
PARAMETRIC_REPRESENTATION_CONTEXT() REPRESENTATION_CONTEXT('2D SPACE',''
  ) );
#2926 = ORIENTED_EDGE('',*,*,#2927,.F.);
#2927 = EDGE_CURVE('',#2796,#2902,#2928,.T.);
#2928 = SURFACE_CURVE('',#2929,(#2933,#2939),.PCURVE_S1.);
#2929 = LINE('',#2930,#2931);
#2930 = CARTESIAN_POINT('',(-96.75,62.,209.6));
#2931 = VECTOR('',#2932,1.);
#2932 = DIRECTION('',(1.,0.,0.));
#2933 = PCURVE('',#752,#2934);
#2934 = DEFINITIONAL_REPRESENTATION('',(#2935),#2938);
#2935 = B_SPLINE_CURVE_WITH_KNOTS('',1,(#2936,#2937),.UNSPECIFIED.,.F.,
  .F.,(2,2),(4.25,13.25),.PIECEWISE_BEZIER_KNOTS.);
#2936 = CARTESIAN_POINT('',(61.6,8.5));
#2937 = CARTESIAN_POINT('',(61.6,17.5));
#2938 = ( GEOMETRIC_REPRESENTATION_CONTEXT(2) 
PARAMETRIC_REPRESENTATION_CONTEXT() REPRESENTATION_CONTEXT('2D SPACE',''
  ) );
#2939 = PCURVE('',#2940,#2945);
#2940 = PLANE('',#2941);
#2941 = AXIS2_PLACEMENT_3D('',#2942,#2943,#2944);
#2942 = CARTESIAN_POINT('',(-92.5,61.5,209.6));
#2943 = DIRECTION('',(0.,0.,1.));
#2944 = DIRECTION('',(1.,0.,0.));
#2945 = DEFINITIONAL_REPRESENTATION('',(#2946),#2949);
#2946 = B_SPLINE_CURVE_WITH_KNOTS('',1,(#2947,#2948),.UNSPECIFIED.,.F.,
  .F.,(2,2),(4.25,13.25),.PIECEWISE_BEZIER_KNOTS.);
#2947 = CARTESIAN_POINT('',(0.,0.5));
#2948 = CARTESIAN_POINT('',(9.,0.5));
#2949 = ( GEOMETRIC_REPRESENTATION_CONTEXT(2) 
PARAMETRIC_REPRESENTATION_CONTEXT() REPRESENTATION_CONTEXT('2D SPACE',''
  ) );
#2950 = FACE_BOUND('',#2951,.T.);
#2951 = EDGE_LOOP('',(#2952,#2980,#3009,#3035));
#2952 = ORIENTED_EDGE('',*,*,#2953,.T.);
#2953 = EDGE_CURVE('',#2954,#2956,#2958,.T.);
#2954 = VERTEX_POINT('',#2955);
#2955 = CARTESIAN_POINT('',(-81.,62.,204.2));
#2956 = VERTEX_POINT('',#2957);
#2957 = CARTESIAN_POINT('',(-81.,62.,203.4));
#2958 = SURFACE_CURVE('',#2959,(#2963,#2969),.PCURVE_S1.);
#2959 = LINE('',#2960,#2961);
#2960 = CARTESIAN_POINT('',(-81.,62.,169.95));
#2961 = VECTOR('',#2962,1.);
#2962 = DIRECTION('',(0.,0.,-1.));
#2963 = PCURVE('',#752,#2964);
#2964 = DEFINITIONAL_REPRESENTATION('',(#2965),#2968);
#2965 = B_SPLINE_CURVE_WITH_KNOTS('',1,(#2966,#2967),.UNSPECIFIED.,.F.,
  .F.,(2,2),(-34.25,-33.45),.PIECEWISE_BEZIER_KNOTS.);
#2966 = CARTESIAN_POINT('',(56.2,20.));
#2967 = CARTESIAN_POINT('',(55.4,20.));
#2968 = ( GEOMETRIC_REPRESENTATION_CONTEXT(2) 
PARAMETRIC_REPRESENTATION_CONTEXT() REPRESENTATION_CONTEXT('2D SPACE',''
  ) );
#2969 = PCURVE('',#2970,#2975);
#2970 = PLANE('',#2971);
#2971 = AXIS2_PLACEMENT_3D('',#2972,#2973,#2974);
#2972 = CARTESIAN_POINT('',(-81.,60.5,191.9));
#2973 = DIRECTION('',(1.,0.,0.));
#2974 = DIRECTION('',(0.,0.,1.));
#2975 = DEFINITIONAL_REPRESENTATION('',(#2976),#2979);
#2976 = B_SPLINE_CURVE_WITH_KNOTS('',1,(#2977,#2978),.UNSPECIFIED.,.F.,
  .F.,(2,2),(-34.25,-33.45),.PIECEWISE_BEZIER_KNOTS.);
#2977 = CARTESIAN_POINT('',(12.3,-1.5));
#2978 = CARTESIAN_POINT('',(11.5,-1.5));
#2979 = ( GEOMETRIC_REPRESENTATION_CONTEXT(2) 
PARAMETRIC_REPRESENTATION_CONTEXT() REPRESENTATION_CONTEXT('2D SPACE',''
  ) );
#2980 = ORIENTED_EDGE('',*,*,#2981,.F.);
#2981 = EDGE_CURVE('',#2982,#2956,#2984,.T.);
#2982 = VERTEX_POINT('',#2983);
#2983 = CARTESIAN_POINT('',(-81.,62.,200.4));
#2984 = SURFACE_CURVE('',#2985,(#2990,#2997),.PCURVE_S1.);
#2985 = CIRCLE('',#2986,1.5);
#2986 = AXIS2_PLACEMENT_3D('',#2987,#2988,#2989);
#2987 = CARTESIAN_POINT('',(-81.,62.,201.9));
#2988 = DIRECTION('',(0.,1.,0.));
#2989 = DIRECTION('',(0.,-0.,1.));
#2990 = PCURVE('',#752,#2991);
#2991 = DEFINITIONAL_REPRESENTATION('',(#2992),#2996);
#2992 = CIRCLE('',#2993,1.5);
#2993 = AXIS2_PLACEMENT_2D('',#2994,#2995);
#2994 = CARTESIAN_POINT('',(53.9,20.));
#2995 = DIRECTION('',(1.,0.));
#2996 = ( GEOMETRIC_REPRESENTATION_CONTEXT(2) 
PARAMETRIC_REPRESENTATION_CONTEXT() REPRESENTATION_CONTEXT('2D SPACE',''
  ) );
#2997 = PCURVE('',#2998,#3003);
#2998 = CYLINDRICAL_SURFACE('',#2999,1.5);
#2999 = AXIS2_PLACEMENT_3D('',#3000,#3001,#3002);
#3000 = CARTESIAN_POINT('',(-81.,58.5,201.9));
#3001 = DIRECTION('',(0.,1.,0.));
#3002 = DIRECTION('',(0.,-0.,1.));
#3003 = DEFINITIONAL_REPRESENTATION('',(#3004),#3008);
#3004 = LINE('',#3005,#3006);
#3005 = CARTESIAN_POINT('',(0.,3.5));
#3006 = VECTOR('',#3007,1.);
#3007 = DIRECTION('',(1.,0.));
#3008 = ( GEOMETRIC_REPRESENTATION_CONTEXT(2) 
PARAMETRIC_REPRESENTATION_CONTEXT() REPRESENTATION_CONTEXT('2D SPACE',''
  ) );
#3009 = ORIENTED_EDGE('',*,*,#3010,.T.);
#3010 = EDGE_CURVE('',#2982,#3011,#3013,.T.);
#3011 = VERTEX_POINT('',#3012);
#3012 = CARTESIAN_POINT('',(-81.,62.,199.6));
#3013 = SURFACE_CURVE('',#3014,(#3018,#3024),.PCURVE_S1.);
#3014 = LINE('',#3015,#3016);
#3015 = CARTESIAN_POINT('',(-81.,62.,169.95));
#3016 = VECTOR('',#3017,1.);
#3017 = DIRECTION('',(0.,0.,-1.));
#3018 = PCURVE('',#752,#3019);
#3019 = DEFINITIONAL_REPRESENTATION('',(#3020),#3023);
#3020 = B_SPLINE_CURVE_WITH_KNOTS('',1,(#3021,#3022),.UNSPECIFIED.,.F.,
  .F.,(2,2),(-30.45,-29.65),.PIECEWISE_BEZIER_KNOTS.);
#3021 = CARTESIAN_POINT('',(52.4,20.));
#3022 = CARTESIAN_POINT('',(51.6,20.));
#3023 = ( GEOMETRIC_REPRESENTATION_CONTEXT(2) 
PARAMETRIC_REPRESENTATION_CONTEXT() REPRESENTATION_CONTEXT('2D SPACE',''
  ) );
#3024 = PCURVE('',#3025,#3030);
#3025 = PLANE('',#3026);
#3026 = AXIS2_PLACEMENT_3D('',#3027,#3028,#3029);
#3027 = CARTESIAN_POINT('',(-81.,60.5,191.9));
#3028 = DIRECTION('',(1.,0.,0.));
#3029 = DIRECTION('',(0.,0.,1.));
#3030 = DEFINITIONAL_REPRESENTATION('',(#3031),#3034);
#3031 = B_SPLINE_CURVE_WITH_KNOTS('',1,(#3032,#3033),.UNSPECIFIED.,.F.,
  .F.,(2,2),(-30.45,-29.65),.PIECEWISE_BEZIER_KNOTS.);
#3032 = CARTESIAN_POINT('',(8.5,-1.5));
#3033 = CARTESIAN_POINT('',(7.7,-1.5));
#3034 = ( GEOMETRIC_REPRESENTATION_CONTEXT(2) 
PARAMETRIC_REPRESENTATION_CONTEXT() REPRESENTATION_CONTEXT('2D SPACE',''
  ) );
#3035 = ORIENTED_EDGE('',*,*,#3036,.F.);
#3036 = EDGE_CURVE('',#2954,#3011,#3037,.T.);
#3037 = SURFACE_CURVE('',#3038,(#3043,#3050),.PCURVE_S1.);
#3038 = CIRCLE('',#3039,2.3);
#3039 = AXIS2_PLACEMENT_3D('',#3040,#3041,#3042);
#3040 = CARTESIAN_POINT('',(-81.,62.,201.9));
#3041 = DIRECTION('',(0.,1.,0.));
#3042 = DIRECTION('',(0.,-0.,1.));
#3043 = PCURVE('',#752,#3044);
#3044 = DEFINITIONAL_REPRESENTATION('',(#3045),#3049);
#3045 = CIRCLE('',#3046,2.3);
#3046 = AXIS2_PLACEMENT_2D('',#3047,#3048);
#3047 = CARTESIAN_POINT('',(53.9,20.));
#3048 = DIRECTION('',(1.,0.));
#3049 = ( GEOMETRIC_REPRESENTATION_CONTEXT(2) 
PARAMETRIC_REPRESENTATION_CONTEXT() REPRESENTATION_CONTEXT('2D SPACE',''
  ) );
#3050 = PCURVE('',#3051,#3056);
#3051 = CYLINDRICAL_SURFACE('',#3052,2.3);
#3052 = AXIS2_PLACEMENT_3D('',#3053,#3054,#3055);
#3053 = CARTESIAN_POINT('',(-81.,61.5,201.9));
#3054 = DIRECTION('',(0.,1.,0.));
#3055 = DIRECTION('',(0.,-0.,1.));
#3056 = DEFINITIONAL_REPRESENTATION('',(#3057),#3061);
#3057 = LINE('',#3058,#3059);
#3058 = CARTESIAN_POINT('',(0.,0.5));
#3059 = VECTOR('',#3060,1.);
#3060 = DIRECTION('',(1.,0.));
#3061 = ( GEOMETRIC_REPRESENTATION_CONTEXT(2) 
PARAMETRIC_REPRESENTATION_CONTEXT() REPRESENTATION_CONTEXT('2D SPACE',''
  ) );
#3062 = FACE_BOUND('',#3063,.T.);
#3063 = EDGE_LOOP('',(#3064,#3092,#3121,#3147));
#3064 = ORIENTED_EDGE('',*,*,#3065,.T.);
#3065 = EDGE_CURVE('',#3066,#3068,#3070,.T.);
#3066 = VERTEX_POINT('',#3067);
#3067 = CARTESIAN_POINT('',(-81.,62.,209.1));
#3068 = VERTEX_POINT('',#3069);
#3069 = CARTESIAN_POINT('',(-81.,62.,208.3));
#3070 = SURFACE_CURVE('',#3071,(#3075,#3081),.PCURVE_S1.);
#3071 = LINE('',#3072,#3073);
#3072 = CARTESIAN_POINT('',(-81.,62.,172.4));
#3073 = VECTOR('',#3074,1.);
#3074 = DIRECTION('',(0.,0.,-1.));
#3075 = PCURVE('',#752,#3076);
#3076 = DEFINITIONAL_REPRESENTATION('',(#3077),#3080);
#3077 = B_SPLINE_CURVE_WITH_KNOTS('',1,(#3078,#3079),.UNSPECIFIED.,.F.,
  .F.,(2,2),(-36.7,-35.9),.PIECEWISE_BEZIER_KNOTS.);
#3078 = CARTESIAN_POINT('',(61.1,20.));
#3079 = CARTESIAN_POINT('',(60.3,20.));
#3080 = ( GEOMETRIC_REPRESENTATION_CONTEXT(2) 
PARAMETRIC_REPRESENTATION_CONTEXT() REPRESENTATION_CONTEXT('2D SPACE',''
  ) );
#3081 = PCURVE('',#3082,#3087);
#3082 = PLANE('',#3083);
#3083 = AXIS2_PLACEMENT_3D('',#3084,#3085,#3086);
#3084 = CARTESIAN_POINT('',(-81.,60.5,196.8));
#3085 = DIRECTION('',(1.,0.,0.));
#3086 = DIRECTION('',(0.,0.,1.));
#3087 = DEFINITIONAL_REPRESENTATION('',(#3088),#3091);
#3088 = B_SPLINE_CURVE_WITH_KNOTS('',1,(#3089,#3090),.UNSPECIFIED.,.F.,
  .F.,(2,2),(-36.7,-35.9),.PIECEWISE_BEZIER_KNOTS.);
#3089 = CARTESIAN_POINT('',(12.3,-1.5));
#3090 = CARTESIAN_POINT('',(11.5,-1.5));
#3091 = ( GEOMETRIC_REPRESENTATION_CONTEXT(2) 
PARAMETRIC_REPRESENTATION_CONTEXT() REPRESENTATION_CONTEXT('2D SPACE',''
  ) );
#3092 = ORIENTED_EDGE('',*,*,#3093,.F.);
#3093 = EDGE_CURVE('',#3094,#3068,#3096,.T.);
#3094 = VERTEX_POINT('',#3095);
#3095 = CARTESIAN_POINT('',(-81.,62.,205.3));
#3096 = SURFACE_CURVE('',#3097,(#3102,#3109),.PCURVE_S1.);
#3097 = CIRCLE('',#3098,1.5);
#3098 = AXIS2_PLACEMENT_3D('',#3099,#3100,#3101);
#3099 = CARTESIAN_POINT('',(-81.,62.,206.8));
#3100 = DIRECTION('',(0.,1.,0.));
#3101 = DIRECTION('',(0.,-0.,1.));
#3102 = PCURVE('',#752,#3103);
#3103 = DEFINITIONAL_REPRESENTATION('',(#3104),#3108);
#3104 = CIRCLE('',#3105,1.5);
#3105 = AXIS2_PLACEMENT_2D('',#3106,#3107);
#3106 = CARTESIAN_POINT('',(58.8,20.));
#3107 = DIRECTION('',(1.,0.));
#3108 = ( GEOMETRIC_REPRESENTATION_CONTEXT(2) 
PARAMETRIC_REPRESENTATION_CONTEXT() REPRESENTATION_CONTEXT('2D SPACE',''
  ) );
#3109 = PCURVE('',#3110,#3115);
#3110 = CYLINDRICAL_SURFACE('',#3111,1.5);
#3111 = AXIS2_PLACEMENT_3D('',#3112,#3113,#3114);
#3112 = CARTESIAN_POINT('',(-81.,58.5,206.8));
#3113 = DIRECTION('',(0.,1.,0.));
#3114 = DIRECTION('',(0.,-0.,1.));
#3115 = DEFINITIONAL_REPRESENTATION('',(#3116),#3120);
#3116 = LINE('',#3117,#3118);
#3117 = CARTESIAN_POINT('',(0.,3.5));
#3118 = VECTOR('',#3119,1.);
#3119 = DIRECTION('',(1.,0.));
#3120 = ( GEOMETRIC_REPRESENTATION_CONTEXT(2) 
PARAMETRIC_REPRESENTATION_CONTEXT() REPRESENTATION_CONTEXT('2D SPACE',''
  ) );
#3121 = ORIENTED_EDGE('',*,*,#3122,.T.);
#3122 = EDGE_CURVE('',#3094,#3123,#3125,.T.);
#3123 = VERTEX_POINT('',#3124);
#3124 = CARTESIAN_POINT('',(-81.,62.,204.5));
#3125 = SURFACE_CURVE('',#3126,(#3130,#3136),.PCURVE_S1.);
#3126 = LINE('',#3127,#3128);
#3127 = CARTESIAN_POINT('',(-81.,62.,172.4));
#3128 = VECTOR('',#3129,1.);
#3129 = DIRECTION('',(0.,0.,-1.));
#3130 = PCURVE('',#752,#3131);
#3131 = DEFINITIONAL_REPRESENTATION('',(#3132),#3135);
#3132 = B_SPLINE_CURVE_WITH_KNOTS('',1,(#3133,#3134),.UNSPECIFIED.,.F.,
  .F.,(2,2),(-32.9,-32.1),.PIECEWISE_BEZIER_KNOTS.);
#3133 = CARTESIAN_POINT('',(57.3,20.));
#3134 = CARTESIAN_POINT('',(56.5,20.));
#3135 = ( GEOMETRIC_REPRESENTATION_CONTEXT(2) 
PARAMETRIC_REPRESENTATION_CONTEXT() REPRESENTATION_CONTEXT('2D SPACE',''
  ) );
#3136 = PCURVE('',#3137,#3142);
#3137 = PLANE('',#3138);
#3138 = AXIS2_PLACEMENT_3D('',#3139,#3140,#3141);
#3139 = CARTESIAN_POINT('',(-81.,60.5,196.8));
#3140 = DIRECTION('',(1.,0.,0.));
#3141 = DIRECTION('',(0.,0.,1.));
#3142 = DEFINITIONAL_REPRESENTATION('',(#3143),#3146);
#3143 = B_SPLINE_CURVE_WITH_KNOTS('',1,(#3144,#3145),.UNSPECIFIED.,.F.,
  .F.,(2,2),(-32.9,-32.1),.PIECEWISE_BEZIER_KNOTS.);
#3144 = CARTESIAN_POINT('',(8.5,-1.5));
#3145 = CARTESIAN_POINT('',(7.7,-1.5));
#3146 = ( GEOMETRIC_REPRESENTATION_CONTEXT(2) 
PARAMETRIC_REPRESENTATION_CONTEXT() REPRESENTATION_CONTEXT('2D SPACE',''
  ) );
#3147 = ORIENTED_EDGE('',*,*,#3148,.F.);
#3148 = EDGE_CURVE('',#3066,#3123,#3149,.T.);
#3149 = SURFACE_CURVE('',#3150,(#3155,#3162),.PCURVE_S1.);
#3150 = CIRCLE('',#3151,2.3);
#3151 = AXIS2_PLACEMENT_3D('',#3152,#3153,#3154);
#3152 = CARTESIAN_POINT('',(-81.,62.,206.8));
#3153 = DIRECTION('',(0.,1.,0.));
#3154 = DIRECTION('',(0.,-0.,1.));
#3155 = PCURVE('',#752,#3156);
#3156 = DEFINITIONAL_REPRESENTATION('',(#3157),#3161);
#3157 = CIRCLE('',#3158,2.3);
#3158 = AXIS2_PLACEMENT_2D('',#3159,#3160);
#3159 = CARTESIAN_POINT('',(58.8,20.));
#3160 = DIRECTION('',(1.,0.));
#3161 = ( GEOMETRIC_REPRESENTATION_CONTEXT(2) 
PARAMETRIC_REPRESENTATION_CONTEXT() REPRESENTATION_CONTEXT('2D SPACE',''
  ) );
#3162 = PCURVE('',#3163,#3168);
#3163 = CYLINDRICAL_SURFACE('',#3164,2.3);
#3164 = AXIS2_PLACEMENT_3D('',#3165,#3166,#3167);
#3165 = CARTESIAN_POINT('',(-81.,61.5,206.8));
#3166 = DIRECTION('',(0.,1.,0.));
#3167 = DIRECTION('',(0.,-0.,1.));
#3168 = DEFINITIONAL_REPRESENTATION('',(#3169),#3173);
#3169 = LINE('',#3170,#3171);
#3170 = CARTESIAN_POINT('',(0.,0.5));
#3171 = VECTOR('',#3172,1.);
#3172 = DIRECTION('',(1.,0.));
#3173 = ( GEOMETRIC_REPRESENTATION_CONTEXT(2) 
PARAMETRIC_REPRESENTATION_CONTEXT() REPRESENTATION_CONTEXT('2D SPACE',''
  ) );
#3174 = FACE_BOUND('',#3175,.T.);
#3175 = EDGE_LOOP('',(#3176,#3204,#3230,#3256));
#3176 = ORIENTED_EDGE('',*,*,#3177,.F.);
#3177 = EDGE_CURVE('',#3178,#3180,#3182,.T.);
#3178 = VERTEX_POINT('',#3179);
#3179 = CARTESIAN_POINT('',(-68.15,62.,221.5));
#3180 = VERTEX_POINT('',#3181);
#3181 = CARTESIAN_POINT('',(-66.15,62.,221.5));
#3182 = SURFACE_CURVE('',#3183,(#3187,#3193),.PCURVE_S1.);
#3183 = LINE('',#3184,#3185);
#3184 = CARTESIAN_POINT('',(-84.575,62.,221.5));
#3185 = VECTOR('',#3186,1.);
#3186 = DIRECTION('',(1.,0.,0.));
#3187 = PCURVE('',#752,#3188);
#3188 = DEFINITIONAL_REPRESENTATION('',(#3189),#3192);
#3189 = B_SPLINE_CURVE_WITH_KNOTS('',1,(#3190,#3191),.UNSPECIFIED.,.F.,
  .F.,(2,2),(16.425,18.425),.PIECEWISE_BEZIER_KNOTS.);
#3190 = CARTESIAN_POINT('',(73.5,32.85));
#3191 = CARTESIAN_POINT('',(73.5,34.85));
#3192 = ( GEOMETRIC_REPRESENTATION_CONTEXT(2) 
PARAMETRIC_REPRESENTATION_CONTEXT() REPRESENTATION_CONTEXT('2D SPACE',''
  ) );
#3193 = PCURVE('',#3194,#3199);
#3194 = PLANE('',#3195);
#3195 = AXIS2_PLACEMENT_3D('',#3196,#3197,#3198);
#3196 = CARTESIAN_POINT('',(-68.15,58.,221.5));
#3197 = DIRECTION('',(0.,0.,1.));
#3198 = DIRECTION('',(1.,0.,0.));
#3199 = DEFINITIONAL_REPRESENTATION('',(#3200),#3203);
#3200 = B_SPLINE_CURVE_WITH_KNOTS('',1,(#3201,#3202),.UNSPECIFIED.,.F.,
  .F.,(2,2),(16.425,18.425),.PIECEWISE_BEZIER_KNOTS.);
#3201 = CARTESIAN_POINT('',(0.,4.));
#3202 = CARTESIAN_POINT('',(2.,4.));
#3203 = ( GEOMETRIC_REPRESENTATION_CONTEXT(2) 
PARAMETRIC_REPRESENTATION_CONTEXT() REPRESENTATION_CONTEXT('2D SPACE',''
  ) );
#3204 = ORIENTED_EDGE('',*,*,#3205,.T.);
#3205 = EDGE_CURVE('',#3178,#3206,#3208,.T.);
#3206 = VERTEX_POINT('',#3207);
#3207 = CARTESIAN_POINT('',(-68.15,62.,203.5));
#3208 = SURFACE_CURVE('',#3209,(#3213,#3219),.PCURVE_S1.);
#3209 = LINE('',#3210,#3211);
#3210 = CARTESIAN_POINT('',(-68.15,62.,175.75));
#3211 = VECTOR('',#3212,1.);
#3212 = DIRECTION('',(0.,0.,-1.));
#3213 = PCURVE('',#752,#3214);
#3214 = DEFINITIONAL_REPRESENTATION('',(#3215),#3218);
#3215 = B_SPLINE_CURVE_WITH_KNOTS('',1,(#3216,#3217),.UNSPECIFIED.,.F.,
  .F.,(2,2),(-45.75,-27.75),.PIECEWISE_BEZIER_KNOTS.);
#3216 = CARTESIAN_POINT('',(73.5,32.85));
#3217 = CARTESIAN_POINT('',(55.5,32.85));
#3218 = ( GEOMETRIC_REPRESENTATION_CONTEXT(2) 
PARAMETRIC_REPRESENTATION_CONTEXT() REPRESENTATION_CONTEXT('2D SPACE',''
  ) );
#3219 = PCURVE('',#3220,#3225);
#3220 = PLANE('',#3221);
#3221 = AXIS2_PLACEMENT_3D('',#3222,#3223,#3224);
#3222 = CARTESIAN_POINT('',(-68.15,58.,203.5));
#3223 = DIRECTION('',(1.,0.,0.));
#3224 = DIRECTION('',(0.,0.,1.));
#3225 = DEFINITIONAL_REPRESENTATION('',(#3226),#3229);
#3226 = B_SPLINE_CURVE_WITH_KNOTS('',1,(#3227,#3228),.UNSPECIFIED.,.F.,
  .F.,(2,2),(-45.75,-27.75),.PIECEWISE_BEZIER_KNOTS.);
#3227 = CARTESIAN_POINT('',(18.,-4.));
#3228 = CARTESIAN_POINT('',(0.,-4.));
#3229 = ( GEOMETRIC_REPRESENTATION_CONTEXT(2) 
PARAMETRIC_REPRESENTATION_CONTEXT() REPRESENTATION_CONTEXT('2D SPACE',''
  ) );
#3230 = ORIENTED_EDGE('',*,*,#3231,.T.);
#3231 = EDGE_CURVE('',#3206,#3232,#3234,.T.);
#3232 = VERTEX_POINT('',#3233);
#3233 = CARTESIAN_POINT('',(-66.15,62.,203.5));
#3234 = SURFACE_CURVE('',#3235,(#3239,#3245),.PCURVE_S1.);
#3235 = LINE('',#3236,#3237);
#3236 = CARTESIAN_POINT('',(-84.575,62.,203.5));
#3237 = VECTOR('',#3238,1.);
#3238 = DIRECTION('',(1.,0.,0.));
#3239 = PCURVE('',#752,#3240);
#3240 = DEFINITIONAL_REPRESENTATION('',(#3241),#3244);
#3241 = B_SPLINE_CURVE_WITH_KNOTS('',1,(#3242,#3243),.UNSPECIFIED.,.F.,
  .F.,(2,2),(16.425,18.425),.PIECEWISE_BEZIER_KNOTS.);
#3242 = CARTESIAN_POINT('',(55.5,32.85));
#3243 = CARTESIAN_POINT('',(55.5,34.85));
#3244 = ( GEOMETRIC_REPRESENTATION_CONTEXT(2) 
PARAMETRIC_REPRESENTATION_CONTEXT() REPRESENTATION_CONTEXT('2D SPACE',''
  ) );
#3245 = PCURVE('',#3246,#3251);
#3246 = PLANE('',#3247);
#3247 = AXIS2_PLACEMENT_3D('',#3248,#3249,#3250);
#3248 = CARTESIAN_POINT('',(-68.15,58.,203.5));
#3249 = DIRECTION('',(0.,0.,1.));
#3250 = DIRECTION('',(1.,0.,0.));
#3251 = DEFINITIONAL_REPRESENTATION('',(#3252),#3255);
#3252 = B_SPLINE_CURVE_WITH_KNOTS('',1,(#3253,#3254),.UNSPECIFIED.,.F.,
  .F.,(2,2),(16.425,18.425),.PIECEWISE_BEZIER_KNOTS.);
#3253 = CARTESIAN_POINT('',(0.,4.));
#3254 = CARTESIAN_POINT('',(2.,4.));
#3255 = ( GEOMETRIC_REPRESENTATION_CONTEXT(2) 
PARAMETRIC_REPRESENTATION_CONTEXT() REPRESENTATION_CONTEXT('2D SPACE',''
  ) );
#3256 = ORIENTED_EDGE('',*,*,#3257,.F.);
#3257 = EDGE_CURVE('',#3180,#3232,#3258,.T.);
#3258 = SURFACE_CURVE('',#3259,(#3263,#3269),.PCURVE_S1.);
#3259 = LINE('',#3260,#3261);
#3260 = CARTESIAN_POINT('',(-66.15,62.,175.75));
#3261 = VECTOR('',#3262,1.);
#3262 = DIRECTION('',(0.,0.,-1.));
#3263 = PCURVE('',#752,#3264);
#3264 = DEFINITIONAL_REPRESENTATION('',(#3265),#3268);
#3265 = B_SPLINE_CURVE_WITH_KNOTS('',1,(#3266,#3267),.UNSPECIFIED.,.F.,
  .F.,(2,2),(-45.75,-27.75),.PIECEWISE_BEZIER_KNOTS.);
#3266 = CARTESIAN_POINT('',(73.5,34.85));
#3267 = CARTESIAN_POINT('',(55.5,34.85));
#3268 = ( GEOMETRIC_REPRESENTATION_CONTEXT(2) 
PARAMETRIC_REPRESENTATION_CONTEXT() REPRESENTATION_CONTEXT('2D SPACE',''
  ) );
#3269 = PCURVE('',#3270,#3275);
#3270 = PLANE('',#3271);
#3271 = AXIS2_PLACEMENT_3D('',#3272,#3273,#3274);
#3272 = CARTESIAN_POINT('',(-66.15,58.,203.5));
#3273 = DIRECTION('',(1.,0.,0.));
#3274 = DIRECTION('',(0.,0.,1.));
#3275 = DEFINITIONAL_REPRESENTATION('',(#3276),#3279);
#3276 = B_SPLINE_CURVE_WITH_KNOTS('',1,(#3277,#3278),.UNSPECIFIED.,.F.,
  .F.,(2,2),(-45.75,-27.75),.PIECEWISE_BEZIER_KNOTS.);
#3277 = CARTESIAN_POINT('',(18.,-4.));
#3278 = CARTESIAN_POINT('',(0.,-4.));
#3279 = ( GEOMETRIC_REPRESENTATION_CONTEXT(2) 
PARAMETRIC_REPRESENTATION_CONTEXT() REPRESENTATION_CONTEXT('2D SPACE',''
  ) );
#3280 = FACE_BOUND('',#3281,.T.);
#3281 = EDGE_LOOP('',(#3282,#3310,#3336,#3362));
#3282 = ORIENTED_EDGE('',*,*,#3283,.F.);
#3283 = EDGE_CURVE('',#3284,#3286,#3288,.T.);
#3284 = VERTEX_POINT('',#3285);
#3285 = CARTESIAN_POINT('',(-64.65,62.,221.5));
#3286 = VERTEX_POINT('',#3287);
#3287 = CARTESIAN_POINT('',(-62.65,62.,221.5));
#3288 = SURFACE_CURVE('',#3289,(#3293,#3299),.PCURVE_S1.);
#3289 = LINE('',#3290,#3291);
#3290 = CARTESIAN_POINT('',(-82.825,62.,221.5));
#3291 = VECTOR('',#3292,1.);
#3292 = DIRECTION('',(1.,0.,0.));
#3293 = PCURVE('',#752,#3294);
#3294 = DEFINITIONAL_REPRESENTATION('',(#3295),#3298);
#3295 = B_SPLINE_CURVE_WITH_KNOTS('',1,(#3296,#3297),.UNSPECIFIED.,.F.,
  .F.,(2,2),(18.175,20.175),.PIECEWISE_BEZIER_KNOTS.);
#3296 = CARTESIAN_POINT('',(73.5,36.35));
#3297 = CARTESIAN_POINT('',(73.5,38.35));
#3298 = ( GEOMETRIC_REPRESENTATION_CONTEXT(2) 
PARAMETRIC_REPRESENTATION_CONTEXT() REPRESENTATION_CONTEXT('2D SPACE',''
  ) );
#3299 = PCURVE('',#3300,#3305);
#3300 = PLANE('',#3301);
#3301 = AXIS2_PLACEMENT_3D('',#3302,#3303,#3304);
#3302 = CARTESIAN_POINT('',(-64.65,58.,221.5));
#3303 = DIRECTION('',(0.,0.,1.));
#3304 = DIRECTION('',(1.,0.,0.));
#3305 = DEFINITIONAL_REPRESENTATION('',(#3306),#3309);
#3306 = B_SPLINE_CURVE_WITH_KNOTS('',1,(#3307,#3308),.UNSPECIFIED.,.F.,
  .F.,(2,2),(18.175,20.175),.PIECEWISE_BEZIER_KNOTS.);
#3307 = CARTESIAN_POINT('',(0.,4.));
#3308 = CARTESIAN_POINT('',(2.,4.));
#3309 = ( GEOMETRIC_REPRESENTATION_CONTEXT(2) 
PARAMETRIC_REPRESENTATION_CONTEXT() REPRESENTATION_CONTEXT('2D SPACE',''
  ) );
#3310 = ORIENTED_EDGE('',*,*,#3311,.T.);
#3311 = EDGE_CURVE('',#3284,#3312,#3314,.T.);
#3312 = VERTEX_POINT('',#3313);
#3313 = CARTESIAN_POINT('',(-64.65,62.,203.5));
#3314 = SURFACE_CURVE('',#3315,(#3319,#3325),.PCURVE_S1.);
#3315 = LINE('',#3316,#3317);
#3316 = CARTESIAN_POINT('',(-64.65,62.,175.75));
#3317 = VECTOR('',#3318,1.);
#3318 = DIRECTION('',(0.,0.,-1.));
#3319 = PCURVE('',#752,#3320);
#3320 = DEFINITIONAL_REPRESENTATION('',(#3321),#3324);
#3321 = B_SPLINE_CURVE_WITH_KNOTS('',1,(#3322,#3323),.UNSPECIFIED.,.F.,
  .F.,(2,2),(-45.75,-27.75),.PIECEWISE_BEZIER_KNOTS.);
#3322 = CARTESIAN_POINT('',(73.5,36.35));
#3323 = CARTESIAN_POINT('',(55.5,36.35));
#3324 = ( GEOMETRIC_REPRESENTATION_CONTEXT(2) 
PARAMETRIC_REPRESENTATION_CONTEXT() REPRESENTATION_CONTEXT('2D SPACE',''
  ) );
#3325 = PCURVE('',#3326,#3331);
#3326 = PLANE('',#3327);
#3327 = AXIS2_PLACEMENT_3D('',#3328,#3329,#3330);
#3328 = CARTESIAN_POINT('',(-64.65,58.,203.5));
#3329 = DIRECTION('',(1.,0.,0.));
#3330 = DIRECTION('',(0.,0.,1.));
#3331 = DEFINITIONAL_REPRESENTATION('',(#3332),#3335);
#3332 = B_SPLINE_CURVE_WITH_KNOTS('',1,(#3333,#3334),.UNSPECIFIED.,.F.,
  .F.,(2,2),(-45.75,-27.75),.PIECEWISE_BEZIER_KNOTS.);
#3333 = CARTESIAN_POINT('',(18.,-4.));
#3334 = CARTESIAN_POINT('',(0.,-4.));
#3335 = ( GEOMETRIC_REPRESENTATION_CONTEXT(2) 
PARAMETRIC_REPRESENTATION_CONTEXT() REPRESENTATION_CONTEXT('2D SPACE',''
  ) );
#3336 = ORIENTED_EDGE('',*,*,#3337,.T.);
#3337 = EDGE_CURVE('',#3312,#3338,#3340,.T.);
#3338 = VERTEX_POINT('',#3339);
#3339 = CARTESIAN_POINT('',(-62.65,62.,203.5));
#3340 = SURFACE_CURVE('',#3341,(#3345,#3351),.PCURVE_S1.);
#3341 = LINE('',#3342,#3343);
#3342 = CARTESIAN_POINT('',(-82.825,62.,203.5));
#3343 = VECTOR('',#3344,1.);
#3344 = DIRECTION('',(1.,0.,0.));
#3345 = PCURVE('',#752,#3346);
#3346 = DEFINITIONAL_REPRESENTATION('',(#3347),#3350);
#3347 = B_SPLINE_CURVE_WITH_KNOTS('',1,(#3348,#3349),.UNSPECIFIED.,.F.,
  .F.,(2,2),(18.175,20.175),.PIECEWISE_BEZIER_KNOTS.);
#3348 = CARTESIAN_POINT('',(55.5,36.35));
#3349 = CARTESIAN_POINT('',(55.5,38.35));
#3350 = ( GEOMETRIC_REPRESENTATION_CONTEXT(2) 
PARAMETRIC_REPRESENTATION_CONTEXT() REPRESENTATION_CONTEXT('2D SPACE',''
  ) );
#3351 = PCURVE('',#3352,#3357);
#3352 = PLANE('',#3353);
#3353 = AXIS2_PLACEMENT_3D('',#3354,#3355,#3356);
#3354 = CARTESIAN_POINT('',(-64.65,58.,203.5));
#3355 = DIRECTION('',(0.,0.,1.));
#3356 = DIRECTION('',(1.,0.,0.));
#3357 = DEFINITIONAL_REPRESENTATION('',(#3358),#3361);
#3358 = B_SPLINE_CURVE_WITH_KNOTS('',1,(#3359,#3360),.UNSPECIFIED.,.F.,
  .F.,(2,2),(18.175,20.175),.PIECEWISE_BEZIER_KNOTS.);
#3359 = CARTESIAN_POINT('',(0.,4.));
#3360 = CARTESIAN_POINT('',(2.,4.));
#3361 = ( GEOMETRIC_REPRESENTATION_CONTEXT(2) 
PARAMETRIC_REPRESENTATION_CONTEXT() REPRESENTATION_CONTEXT('2D SPACE',''
  ) );
#3362 = ORIENTED_EDGE('',*,*,#3363,.F.);
#3363 = EDGE_CURVE('',#3286,#3338,#3364,.T.);
#3364 = SURFACE_CURVE('',#3365,(#3369,#3375),.PCURVE_S1.);
#3365 = LINE('',#3366,#3367);
#3366 = CARTESIAN_POINT('',(-62.65,62.,175.75));
#3367 = VECTOR('',#3368,1.);
#3368 = DIRECTION('',(0.,0.,-1.));
#3369 = PCURVE('',#752,#3370);
#3370 = DEFINITIONAL_REPRESENTATION('',(#3371),#3374);
#3371 = B_SPLINE_CURVE_WITH_KNOTS('',1,(#3372,#3373),.UNSPECIFIED.,.F.,
  .F.,(2,2),(-45.75,-27.75),.PIECEWISE_BEZIER_KNOTS.);
#3372 = CARTESIAN_POINT('',(73.5,38.35));
#3373 = CARTESIAN_POINT('',(55.5,38.35));
#3374 = ( GEOMETRIC_REPRESENTATION_CONTEXT(2) 
PARAMETRIC_REPRESENTATION_CONTEXT() REPRESENTATION_CONTEXT('2D SPACE',''
  ) );
#3375 = PCURVE('',#3376,#3381);
#3376 = PLANE('',#3377);
#3377 = AXIS2_PLACEMENT_3D('',#3378,#3379,#3380);
#3378 = CARTESIAN_POINT('',(-62.65,58.,203.5));
#3379 = DIRECTION('',(1.,0.,0.));
#3380 = DIRECTION('',(0.,0.,1.));
#3381 = DEFINITIONAL_REPRESENTATION('',(#3382),#3385);
#3382 = B_SPLINE_CURVE_WITH_KNOTS('',1,(#3383,#3384),.UNSPECIFIED.,.F.,
  .F.,(2,2),(-45.75,-27.75),.PIECEWISE_BEZIER_KNOTS.);
#3383 = CARTESIAN_POINT('',(18.,-4.));
#3384 = CARTESIAN_POINT('',(0.,-4.));
#3385 = ( GEOMETRIC_REPRESENTATION_CONTEXT(2) 
PARAMETRIC_REPRESENTATION_CONTEXT() REPRESENTATION_CONTEXT('2D SPACE',''
  ) );
#3386 = ADVANCED_FACE('',(#3387),#3352,.T.);
#3387 = FACE_BOUND('',#3388,.T.);
#3388 = EDGE_LOOP('',(#3389,#3412,#3438,#3459));
#3389 = ORIENTED_EDGE('',*,*,#3390,.F.);
#3390 = EDGE_CURVE('',#3391,#3312,#3393,.T.);
#3391 = VERTEX_POINT('',#3392);
#3392 = CARTESIAN_POINT('',(-64.65,59.5,203.5));
#3393 = SURFACE_CURVE('',#3394,(#3398,#3405),.PCURVE_S1.);
#3394 = LINE('',#3395,#3396);
#3395 = CARTESIAN_POINT('',(-64.65,58.,203.5));
#3396 = VECTOR('',#3397,1.);
#3397 = DIRECTION('',(0.,1.,0.));
#3398 = PCURVE('',#3352,#3399);
#3399 = DEFINITIONAL_REPRESENTATION('',(#3400),#3404);
#3400 = LINE('',#3401,#3402);
#3401 = CARTESIAN_POINT('',(0.,0.));
#3402 = VECTOR('',#3403,1.);
#3403 = DIRECTION('',(0.,1.));
#3404 = ( GEOMETRIC_REPRESENTATION_CONTEXT(2) 
PARAMETRIC_REPRESENTATION_CONTEXT() REPRESENTATION_CONTEXT('2D SPACE',''
  ) );
#3405 = PCURVE('',#3326,#3406);
#3406 = DEFINITIONAL_REPRESENTATION('',(#3407),#3411);
#3407 = LINE('',#3408,#3409);
#3408 = CARTESIAN_POINT('',(0.,0.));
#3409 = VECTOR('',#3410,1.);
#3410 = DIRECTION('',(0.,-1.));
#3411 = ( GEOMETRIC_REPRESENTATION_CONTEXT(2) 
PARAMETRIC_REPRESENTATION_CONTEXT() REPRESENTATION_CONTEXT('2D SPACE',''
  ) );
#3412 = ORIENTED_EDGE('',*,*,#3413,.T.);
#3413 = EDGE_CURVE('',#3391,#3414,#3416,.T.);
#3414 = VERTEX_POINT('',#3415);
#3415 = CARTESIAN_POINT('',(-62.65,59.5,203.5));
#3416 = SURFACE_CURVE('',#3417,(#3421,#3427),.PCURVE_S1.);
#3417 = LINE('',#3418,#3419);
#3418 = CARTESIAN_POINT('',(-83.325,59.5,203.5));
#3419 = VECTOR('',#3420,1.);
#3420 = DIRECTION('',(1.,0.,0.));
#3421 = PCURVE('',#3352,#3422);
#3422 = DEFINITIONAL_REPRESENTATION('',(#3423),#3426);
#3423 = B_SPLINE_CURVE_WITH_KNOTS('',1,(#3424,#3425),.UNSPECIFIED.,.F.,
  .F.,(2,2),(18.675,20.675),.PIECEWISE_BEZIER_KNOTS.);
#3424 = CARTESIAN_POINT('',(0.,1.5));
#3425 = CARTESIAN_POINT('',(2.,1.5));
#3426 = ( GEOMETRIC_REPRESENTATION_CONTEXT(2) 
PARAMETRIC_REPRESENTATION_CONTEXT() REPRESENTATION_CONTEXT('2D SPACE',''
  ) );
#3427 = PCURVE('',#3428,#3433);
#3428 = PLANE('',#3429);
#3429 = AXIS2_PLACEMENT_3D('',#3430,#3431,#3432);
#3430 = CARTESIAN_POINT('',(-102.,59.5,150.5));
#3431 = DIRECTION('',(0.,1.,0.));
#3432 = DIRECTION('',(0.,0.,1.));
#3433 = DEFINITIONAL_REPRESENTATION('',(#3434),#3437);
#3434 = B_SPLINE_CURVE_WITH_KNOTS('',1,(#3435,#3436),.UNSPECIFIED.,.F.,
  .F.,(2,2),(18.675,20.675),.PIECEWISE_BEZIER_KNOTS.);
#3435 = CARTESIAN_POINT('',(53.,37.35));
#3436 = CARTESIAN_POINT('',(53.,39.35));
#3437 = ( GEOMETRIC_REPRESENTATION_CONTEXT(2) 
PARAMETRIC_REPRESENTATION_CONTEXT() REPRESENTATION_CONTEXT('2D SPACE',''
  ) );
#3438 = ORIENTED_EDGE('',*,*,#3439,.T.);
#3439 = EDGE_CURVE('',#3414,#3338,#3440,.T.);
#3440 = SURFACE_CURVE('',#3441,(#3445,#3452),.PCURVE_S1.);
#3441 = LINE('',#3442,#3443);
#3442 = CARTESIAN_POINT('',(-62.65,58.,203.5));
#3443 = VECTOR('',#3444,1.);
#3444 = DIRECTION('',(0.,1.,0.));
#3445 = PCURVE('',#3352,#3446);
#3446 = DEFINITIONAL_REPRESENTATION('',(#3447),#3451);
#3447 = LINE('',#3448,#3449);
#3448 = CARTESIAN_POINT('',(2.,0.));
#3449 = VECTOR('',#3450,1.);
#3450 = DIRECTION('',(0.,1.));
#3451 = ( GEOMETRIC_REPRESENTATION_CONTEXT(2) 
PARAMETRIC_REPRESENTATION_CONTEXT() REPRESENTATION_CONTEXT('2D SPACE',''
  ) );
#3452 = PCURVE('',#3376,#3453);
#3453 = DEFINITIONAL_REPRESENTATION('',(#3454),#3458);
#3454 = LINE('',#3455,#3456);
#3455 = CARTESIAN_POINT('',(0.,0.));
#3456 = VECTOR('',#3457,1.);
#3457 = DIRECTION('',(0.,-1.));
#3458 = ( GEOMETRIC_REPRESENTATION_CONTEXT(2) 
PARAMETRIC_REPRESENTATION_CONTEXT() REPRESENTATION_CONTEXT('2D SPACE',''
  ) );
#3459 = ORIENTED_EDGE('',*,*,#3337,.F.);
#3460 = ADVANCED_FACE('',(#3461,#3569,#3673,#3777,#3881,#3907,#3933,
    #3959,#3985,#4071),#3428,.F.);
#3461 = FACE_BOUND('',#3462,.F.);
#3462 = EDGE_LOOP('',(#3463,#3493,#3515,#3543));
#3463 = ORIENTED_EDGE('',*,*,#3464,.F.);
#3464 = EDGE_CURVE('',#3465,#3467,#3469,.T.);
#3465 = VERTEX_POINT('',#3466);
#3466 = CARTESIAN_POINT('',(-101.,59.5,150.5));
#3467 = VERTEX_POINT('',#3468);
#3468 = CARTESIAN_POINT('',(-61.25,59.5,150.5));
#3469 = SURFACE_CURVE('',#3470,(#3474,#3481),.PCURVE_S1.);
#3470 = LINE('',#3471,#3472);
#3471 = CARTESIAN_POINT('',(-102.,59.5,150.5));
#3472 = VECTOR('',#3473,1.);
#3473 = DIRECTION('',(1.,0.,0.));
#3474 = PCURVE('',#3428,#3475);
#3475 = DEFINITIONAL_REPRESENTATION('',(#3476),#3480);
#3476 = LINE('',#3477,#3478);
#3477 = CARTESIAN_POINT('',(0.,0.));
#3478 = VECTOR('',#3479,1.);
#3479 = DIRECTION('',(0.,1.));
#3480 = ( GEOMETRIC_REPRESENTATION_CONTEXT(2) 
PARAMETRIC_REPRESENTATION_CONTEXT() REPRESENTATION_CONTEXT('2D SPACE',''
  ) );
#3481 = PCURVE('',#3482,#3487);
#3482 = PLANE('',#3483);
#3483 = AXIS2_PLACEMENT_3D('',#3484,#3485,#3486);
#3484 = CARTESIAN_POINT('',(-102.,-59.5,150.5));
#3485 = DIRECTION('',(0.,0.,1.));
#3486 = DIRECTION('',(1.,0.,0.));
#3487 = DEFINITIONAL_REPRESENTATION('',(#3488),#3492);
#3488 = LINE('',#3489,#3490);
#3489 = CARTESIAN_POINT('',(0.,119.));
#3490 = VECTOR('',#3491,1.);
#3491 = DIRECTION('',(1.,0.));
#3492 = ( GEOMETRIC_REPRESENTATION_CONTEXT(2) 
PARAMETRIC_REPRESENTATION_CONTEXT() REPRESENTATION_CONTEXT('2D SPACE',''
  ) );
#3493 = ORIENTED_EDGE('',*,*,#3494,.T.);
#3494 = EDGE_CURVE('',#3465,#3495,#3497,.T.);
#3495 = VERTEX_POINT('',#3496);
#3496 = CARTESIAN_POINT('',(-101.,59.5,229.5));
#3497 = SURFACE_CURVE('',#3498,(#3502,#3508),.PCURVE_S1.);
#3498 = LINE('',#3499,#3500);
#3499 = CARTESIAN_POINT('',(-101.,59.5,149.25));
#3500 = VECTOR('',#3501,1.);
#3501 = DIRECTION('',(0.,0.,1.));
#3502 = PCURVE('',#3428,#3503);
#3503 = DEFINITIONAL_REPRESENTATION('',(#3504),#3507);
#3504 = B_SPLINE_CURVE_WITH_KNOTS('',1,(#3505,#3506),.UNSPECIFIED.,.F.,
  .F.,(2,2),(1.25,80.25),.PIECEWISE_BEZIER_KNOTS.);
#3505 = CARTESIAN_POINT('',(0.,1.));
#3506 = CARTESIAN_POINT('',(79.,1.));
#3507 = ( GEOMETRIC_REPRESENTATION_CONTEXT(2) 
PARAMETRIC_REPRESENTATION_CONTEXT() REPRESENTATION_CONTEXT('2D SPACE',''
  ) );
#3508 = PCURVE('',#780,#3509);
#3509 = DEFINITIONAL_REPRESENTATION('',(#3510),#3514);
#3510 = LINE('',#3511,#3512);
#3511 = CARTESIAN_POINT('',(1.25,-121.5));
#3512 = VECTOR('',#3513,1.);
#3513 = DIRECTION('',(1.,0.));
#3514 = ( GEOMETRIC_REPRESENTATION_CONTEXT(2) 
PARAMETRIC_REPRESENTATION_CONTEXT() REPRESENTATION_CONTEXT('2D SPACE',''
  ) );
#3515 = ORIENTED_EDGE('',*,*,#3516,.T.);
#3516 = EDGE_CURVE('',#3495,#3517,#3519,.T.);
#3517 = VERTEX_POINT('',#3518);
#3518 = CARTESIAN_POINT('',(-61.25,59.5,229.5));
#3519 = SURFACE_CURVE('',#3520,(#3524,#3531),.PCURVE_S1.);
#3520 = LINE('',#3521,#3522);
#3521 = CARTESIAN_POINT('',(-102.,59.5,229.5));
#3522 = VECTOR('',#3523,1.);
#3523 = DIRECTION('',(1.,0.,0.));
#3524 = PCURVE('',#3428,#3525);
#3525 = DEFINITIONAL_REPRESENTATION('',(#3526),#3530);
#3526 = LINE('',#3527,#3528);
#3527 = CARTESIAN_POINT('',(79.,0.));
#3528 = VECTOR('',#3529,1.);
#3529 = DIRECTION('',(0.,1.));
#3530 = ( GEOMETRIC_REPRESENTATION_CONTEXT(2) 
PARAMETRIC_REPRESENTATION_CONTEXT() REPRESENTATION_CONTEXT('2D SPACE',''
  ) );
#3531 = PCURVE('',#3532,#3537);
#3532 = PLANE('',#3533);
#3533 = AXIS2_PLACEMENT_3D('',#3534,#3535,#3536);
#3534 = CARTESIAN_POINT('',(-102.,-59.5,229.5));
#3535 = DIRECTION('',(0.,0.,1.));
#3536 = DIRECTION('',(1.,0.,0.));
#3537 = DEFINITIONAL_REPRESENTATION('',(#3538),#3542);
#3538 = LINE('',#3539,#3540);
#3539 = CARTESIAN_POINT('',(0.,119.));
#3540 = VECTOR('',#3541,1.);
#3541 = DIRECTION('',(1.,0.));
#3542 = ( GEOMETRIC_REPRESENTATION_CONTEXT(2) 
PARAMETRIC_REPRESENTATION_CONTEXT() REPRESENTATION_CONTEXT('2D SPACE',''
  ) );
#3543 = ORIENTED_EDGE('',*,*,#3544,.F.);
#3544 = EDGE_CURVE('',#3467,#3517,#3545,.T.);
#3545 = SURFACE_CURVE('',#3546,(#3550,#3557),.PCURVE_S1.);
#3546 = LINE('',#3547,#3548);
#3547 = CARTESIAN_POINT('',(-61.25,59.5,150.5));
#3548 = VECTOR('',#3549,1.);
#3549 = DIRECTION('',(0.,0.,1.));
#3550 = PCURVE('',#3428,#3551);
#3551 = DEFINITIONAL_REPRESENTATION('',(#3552),#3556);
#3552 = LINE('',#3553,#3554);
#3553 = CARTESIAN_POINT('',(0.,40.75));
#3554 = VECTOR('',#3555,1.);
#3555 = DIRECTION('',(1.,0.));
#3556 = ( GEOMETRIC_REPRESENTATION_CONTEXT(2) 
PARAMETRIC_REPRESENTATION_CONTEXT() REPRESENTATION_CONTEXT('2D SPACE',''
  ) );
#3557 = PCURVE('',#3558,#3563);
#3558 = PLANE('',#3559);
#3559 = AXIS2_PLACEMENT_3D('',#3560,#3561,#3562);
#3560 = CARTESIAN_POINT('',(-61.25,-70.,148.));
#3561 = DIRECTION('',(1.,0.,0.));
#3562 = DIRECTION('',(0.,0.,1.));
#3563 = DEFINITIONAL_REPRESENTATION('',(#3564),#3568);
#3564 = LINE('',#3565,#3566);
#3565 = CARTESIAN_POINT('',(2.5,-129.5));
#3566 = VECTOR('',#3567,1.);
#3567 = DIRECTION('',(1.,0.));
#3568 = ( GEOMETRIC_REPRESENTATION_CONTEXT(2) 
PARAMETRIC_REPRESENTATION_CONTEXT() REPRESENTATION_CONTEXT('2D SPACE',''
  ) );
#3569 = FACE_BOUND('',#3570,.F.);
#3570 = EDGE_LOOP('',(#3571,#3600,#3621,#3648));
#3571 = ORIENTED_EDGE('',*,*,#3572,.F.);
#3572 = EDGE_CURVE('',#3573,#3575,#3577,.T.);
#3573 = VERTEX_POINT('',#3574);
#3574 = CARTESIAN_POINT('',(-90.,59.5,176.3));
#3575 = VERTEX_POINT('',#3576);
#3576 = CARTESIAN_POINT('',(-83.,59.5,176.3));
#3577 = SURFACE_CURVE('',#3578,(#3582,#3588),.PCURVE_S1.);
#3578 = LINE('',#3579,#3580);
#3579 = CARTESIAN_POINT('',(-96.,59.5,176.3));
#3580 = VECTOR('',#3581,1.);
#3581 = DIRECTION('',(1.,0.,0.));
#3582 = PCURVE('',#3428,#3583);
#3583 = DEFINITIONAL_REPRESENTATION('',(#3584),#3587);
#3584 = B_SPLINE_CURVE_WITH_KNOTS('',1,(#3585,#3586),.UNSPECIFIED.,.F.,
  .F.,(2,2),(6.,13.),.PIECEWISE_BEZIER_KNOTS.);
#3585 = CARTESIAN_POINT('',(25.8,12.));
#3586 = CARTESIAN_POINT('',(25.8,19.));
#3587 = ( GEOMETRIC_REPRESENTATION_CONTEXT(2) 
PARAMETRIC_REPRESENTATION_CONTEXT() REPRESENTATION_CONTEXT('2D SPACE',''
  ) );
#3588 = PCURVE('',#3589,#3594);
#3589 = PLANE('',#3590);
#3590 = AXIS2_PLACEMENT_3D('',#3591,#3592,#3593);
#3591 = CARTESIAN_POINT('',(-90.,58.5,176.3));
#3592 = DIRECTION('',(0.,0.,1.));
#3593 = DIRECTION('',(1.,0.,0.));
#3594 = DEFINITIONAL_REPRESENTATION('',(#3595),#3599);
#3595 = LINE('',#3596,#3597);
#3596 = CARTESIAN_POINT('',(-6.,1.));
#3597 = VECTOR('',#3598,1.);
#3598 = DIRECTION('',(1.,0.));
#3599 = ( GEOMETRIC_REPRESENTATION_CONTEXT(2) 
PARAMETRIC_REPRESENTATION_CONTEXT() REPRESENTATION_CONTEXT('2D SPACE',''
  ) );
#3600 = ORIENTED_EDGE('',*,*,#3601,.T.);
#3601 = EDGE_CURVE('',#3573,#3602,#3604,.T.);
#3602 = VERTEX_POINT('',#3603);
#3603 = CARTESIAN_POINT('',(-90.,59.5,167.3));
#3604 = SURFACE_CURVE('',#3605,(#3609,#3615),.PCURVE_S1.);
#3605 = LINE('',#3606,#3607);
#3606 = CARTESIAN_POINT('',(-90.,59.5,158.9));
#3607 = VECTOR('',#3608,1.);
#3608 = DIRECTION('',(0.,0.,-1.));
#3609 = PCURVE('',#3428,#3610);
#3610 = DEFINITIONAL_REPRESENTATION('',(#3611),#3614);
#3611 = B_SPLINE_CURVE_WITH_KNOTS('',1,(#3612,#3613),.UNSPECIFIED.,.F.,
  .F.,(2,2),(-17.4,-8.4),.PIECEWISE_BEZIER_KNOTS.);
#3612 = CARTESIAN_POINT('',(25.8,12.));
#3613 = CARTESIAN_POINT('',(16.8,12.));
#3614 = ( GEOMETRIC_REPRESENTATION_CONTEXT(2) 
PARAMETRIC_REPRESENTATION_CONTEXT() REPRESENTATION_CONTEXT('2D SPACE',''
  ) );
#3615 = PCURVE('',#2438,#3616);
#3616 = DEFINITIONAL_REPRESENTATION('',(#3617),#3620);
#3617 = B_SPLINE_CURVE_WITH_KNOTS('',1,(#3618,#3619),.UNSPECIFIED.,.F.,
  .F.,(2,2),(-17.4,-8.4),.PIECEWISE_BEZIER_KNOTS.);
#3618 = CARTESIAN_POINT('',(9.,-1.));
#3619 = CARTESIAN_POINT('',(0.,-1.));
#3620 = ( GEOMETRIC_REPRESENTATION_CONTEXT(2) 
PARAMETRIC_REPRESENTATION_CONTEXT() REPRESENTATION_CONTEXT('2D SPACE',''
  ) );
#3621 = ORIENTED_EDGE('',*,*,#3622,.T.);
#3622 = EDGE_CURVE('',#3602,#3623,#3625,.T.);
#3623 = VERTEX_POINT('',#3624);
#3624 = CARTESIAN_POINT('',(-83.,59.5,167.3));
#3625 = SURFACE_CURVE('',#3626,(#3630,#3636),.PCURVE_S1.);
#3626 = LINE('',#3627,#3628);
#3627 = CARTESIAN_POINT('',(-96.,59.5,167.3));
#3628 = VECTOR('',#3629,1.);
#3629 = DIRECTION('',(1.,0.,0.));
#3630 = PCURVE('',#3428,#3631);
#3631 = DEFINITIONAL_REPRESENTATION('',(#3632),#3635);
#3632 = B_SPLINE_CURVE_WITH_KNOTS('',1,(#3633,#3634),.UNSPECIFIED.,.F.,
  .F.,(2,2),(6.,13.),.PIECEWISE_BEZIER_KNOTS.);
#3633 = CARTESIAN_POINT('',(16.8,12.));
#3634 = CARTESIAN_POINT('',(16.8,19.));
#3635 = ( GEOMETRIC_REPRESENTATION_CONTEXT(2) 
PARAMETRIC_REPRESENTATION_CONTEXT() REPRESENTATION_CONTEXT('2D SPACE',''
  ) );
#3636 = PCURVE('',#3637,#3642);
#3637 = PLANE('',#3638);
#3638 = AXIS2_PLACEMENT_3D('',#3639,#3640,#3641);
#3639 = CARTESIAN_POINT('',(-90.,58.5,167.3));
#3640 = DIRECTION('',(0.,0.,1.));
#3641 = DIRECTION('',(1.,0.,0.));
#3642 = DEFINITIONAL_REPRESENTATION('',(#3643),#3647);
#3643 = LINE('',#3644,#3645);
#3644 = CARTESIAN_POINT('',(-6.,1.));
#3645 = VECTOR('',#3646,1.);
#3646 = DIRECTION('',(1.,0.));
#3647 = ( GEOMETRIC_REPRESENTATION_CONTEXT(2) 
PARAMETRIC_REPRESENTATION_CONTEXT() REPRESENTATION_CONTEXT('2D SPACE',''
  ) );
#3648 = ORIENTED_EDGE('',*,*,#3649,.F.);
#3649 = EDGE_CURVE('',#3575,#3623,#3650,.T.);
#3650 = SURFACE_CURVE('',#3651,(#3655,#3661),.PCURVE_S1.);
#3651 = LINE('',#3652,#3653);
#3652 = CARTESIAN_POINT('',(-83.,59.5,158.9));
#3653 = VECTOR('',#3654,1.);
#3654 = DIRECTION('',(0.,0.,-1.));
#3655 = PCURVE('',#3428,#3656);
#3656 = DEFINITIONAL_REPRESENTATION('',(#3657),#3660);
#3657 = B_SPLINE_CURVE_WITH_KNOTS('',1,(#3658,#3659),.UNSPECIFIED.,.F.,
  .F.,(2,2),(-17.4,-8.4),.PIECEWISE_BEZIER_KNOTS.);
#3658 = CARTESIAN_POINT('',(25.8,19.));
#3659 = CARTESIAN_POINT('',(16.8,19.));
#3660 = ( GEOMETRIC_REPRESENTATION_CONTEXT(2) 
PARAMETRIC_REPRESENTATION_CONTEXT() REPRESENTATION_CONTEXT('2D SPACE',''
  ) );
#3661 = PCURVE('',#3662,#3667);
#3662 = PLANE('',#3663);
#3663 = AXIS2_PLACEMENT_3D('',#3664,#3665,#3666);
#3664 = CARTESIAN_POINT('',(-83.,58.5,167.3));
#3665 = DIRECTION('',(1.,0.,0.));
#3666 = DIRECTION('',(0.,0.,1.));
#3667 = DEFINITIONAL_REPRESENTATION('',(#3668),#3672);
#3668 = LINE('',#3669,#3670);
#3669 = CARTESIAN_POINT('',(-8.4,-1.));
#3670 = VECTOR('',#3671,1.);
#3671 = DIRECTION('',(-1.,0.));
#3672 = ( GEOMETRIC_REPRESENTATION_CONTEXT(2) 
PARAMETRIC_REPRESENTATION_CONTEXT() REPRESENTATION_CONTEXT('2D SPACE',''
  ) );
#3673 = FACE_BOUND('',#3674,.F.);
#3674 = EDGE_LOOP('',(#3675,#3704,#3725,#3752));
#3675 = ORIENTED_EDGE('',*,*,#3676,.F.);
#3676 = EDGE_CURVE('',#3677,#3679,#3681,.T.);
#3677 = VERTEX_POINT('',#3678);
#3678 = CARTESIAN_POINT('',(-91.5,59.5,194.5));
#3679 = VERTEX_POINT('',#3680);
#3680 = CARTESIAN_POINT('',(-81.5,59.5,194.5));
#3681 = SURFACE_CURVE('',#3682,(#3686,#3692),.PCURVE_S1.);
#3682 = LINE('',#3683,#3684);
#3683 = CARTESIAN_POINT('',(-96.75,59.5,194.5));
#3684 = VECTOR('',#3685,1.);
#3685 = DIRECTION('',(1.,0.,0.));
#3686 = PCURVE('',#3428,#3687);
#3687 = DEFINITIONAL_REPRESENTATION('',(#3688),#3691);
#3688 = B_SPLINE_CURVE_WITH_KNOTS('',1,(#3689,#3690),.UNSPECIFIED.,.F.,
  .F.,(2,2),(5.25,15.25),.PIECEWISE_BEZIER_KNOTS.);
#3689 = CARTESIAN_POINT('',(44.,10.5));
#3690 = CARTESIAN_POINT('',(44.,20.5));
#3691 = ( GEOMETRIC_REPRESENTATION_CONTEXT(2) 
PARAMETRIC_REPRESENTATION_CONTEXT() REPRESENTATION_CONTEXT('2D SPACE',''
  ) );
#3692 = PCURVE('',#3693,#3698);
#3693 = PLANE('',#3694);
#3694 = AXIS2_PLACEMENT_3D('',#3695,#3696,#3697);
#3695 = CARTESIAN_POINT('',(-91.5,58.5,194.5));
#3696 = DIRECTION('',(0.,0.,1.));
#3697 = DIRECTION('',(1.,0.,0.));
#3698 = DEFINITIONAL_REPRESENTATION('',(#3699),#3703);
#3699 = LINE('',#3700,#3701);
#3700 = CARTESIAN_POINT('',(-5.25,1.));
#3701 = VECTOR('',#3702,1.);
#3702 = DIRECTION('',(1.,0.));
#3703 = ( GEOMETRIC_REPRESENTATION_CONTEXT(2) 
PARAMETRIC_REPRESENTATION_CONTEXT() REPRESENTATION_CONTEXT('2D SPACE',''
  ) );
#3704 = ORIENTED_EDGE('',*,*,#3705,.T.);
#3705 = EDGE_CURVE('',#3677,#3706,#3708,.T.);
#3706 = VERTEX_POINT('',#3707);
#3707 = CARTESIAN_POINT('',(-91.5,59.5,178.5));
#3708 = SURFACE_CURVE('',#3709,(#3713,#3719),.PCURVE_S1.);
#3709 = LINE('',#3710,#3711);
#3710 = CARTESIAN_POINT('',(-91.5,59.5,164.5));
#3711 = VECTOR('',#3712,1.);
#3712 = DIRECTION('',(0.,0.,-1.));
#3713 = PCURVE('',#3428,#3714);
#3714 = DEFINITIONAL_REPRESENTATION('',(#3715),#3718);
#3715 = B_SPLINE_CURVE_WITH_KNOTS('',1,(#3716,#3717),.UNSPECIFIED.,.F.,
  .F.,(2,2),(-30.,-14.),.PIECEWISE_BEZIER_KNOTS.);
#3716 = CARTESIAN_POINT('',(44.,10.5));
#3717 = CARTESIAN_POINT('',(28.,10.5));
#3718 = ( GEOMETRIC_REPRESENTATION_CONTEXT(2) 
PARAMETRIC_REPRESENTATION_CONTEXT() REPRESENTATION_CONTEXT('2D SPACE',''
  ) );
#3719 = PCURVE('',#2596,#3720);
#3720 = DEFINITIONAL_REPRESENTATION('',(#3721),#3724);
#3721 = B_SPLINE_CURVE_WITH_KNOTS('',1,(#3722,#3723),.UNSPECIFIED.,.F.,
  .F.,(2,2),(-30.,-14.),.PIECEWISE_BEZIER_KNOTS.);
#3722 = CARTESIAN_POINT('',(16.,-1.));
#3723 = CARTESIAN_POINT('',(0.,-1.));
#3724 = ( GEOMETRIC_REPRESENTATION_CONTEXT(2) 
PARAMETRIC_REPRESENTATION_CONTEXT() REPRESENTATION_CONTEXT('2D SPACE',''
  ) );
#3725 = ORIENTED_EDGE('',*,*,#3726,.T.);
#3726 = EDGE_CURVE('',#3706,#3727,#3729,.T.);
#3727 = VERTEX_POINT('',#3728);
#3728 = CARTESIAN_POINT('',(-81.5,59.5,178.5));
#3729 = SURFACE_CURVE('',#3730,(#3734,#3740),.PCURVE_S1.);
#3730 = LINE('',#3731,#3732);
#3731 = CARTESIAN_POINT('',(-96.75,59.5,178.5));
#3732 = VECTOR('',#3733,1.);
#3733 = DIRECTION('',(1.,0.,0.));
#3734 = PCURVE('',#3428,#3735);
#3735 = DEFINITIONAL_REPRESENTATION('',(#3736),#3739);
#3736 = B_SPLINE_CURVE_WITH_KNOTS('',1,(#3737,#3738),.UNSPECIFIED.,.F.,
  .F.,(2,2),(5.25,15.25),.PIECEWISE_BEZIER_KNOTS.);
#3737 = CARTESIAN_POINT('',(28.,10.5));
#3738 = CARTESIAN_POINT('',(28.,20.5));
#3739 = ( GEOMETRIC_REPRESENTATION_CONTEXT(2) 
PARAMETRIC_REPRESENTATION_CONTEXT() REPRESENTATION_CONTEXT('2D SPACE',''
  ) );
#3740 = PCURVE('',#3741,#3746);
#3741 = PLANE('',#3742);
#3742 = AXIS2_PLACEMENT_3D('',#3743,#3744,#3745);
#3743 = CARTESIAN_POINT('',(-91.5,58.5,178.5));
#3744 = DIRECTION('',(0.,0.,1.));
#3745 = DIRECTION('',(1.,0.,0.));
#3746 = DEFINITIONAL_REPRESENTATION('',(#3747),#3751);
#3747 = LINE('',#3748,#3749);
#3748 = CARTESIAN_POINT('',(-5.25,1.));
#3749 = VECTOR('',#3750,1.);
#3750 = DIRECTION('',(1.,0.));
#3751 = ( GEOMETRIC_REPRESENTATION_CONTEXT(2) 
PARAMETRIC_REPRESENTATION_CONTEXT() REPRESENTATION_CONTEXT('2D SPACE',''
  ) );
#3752 = ORIENTED_EDGE('',*,*,#3753,.F.);
#3753 = EDGE_CURVE('',#3679,#3727,#3754,.T.);
#3754 = SURFACE_CURVE('',#3755,(#3759,#3765),.PCURVE_S1.);
#3755 = LINE('',#3756,#3757);
#3756 = CARTESIAN_POINT('',(-81.5,59.5,164.5));
#3757 = VECTOR('',#3758,1.);
#3758 = DIRECTION('',(0.,0.,-1.));
#3759 = PCURVE('',#3428,#3760);
#3760 = DEFINITIONAL_REPRESENTATION('',(#3761),#3764);
#3761 = B_SPLINE_CURVE_WITH_KNOTS('',1,(#3762,#3763),.UNSPECIFIED.,.F.,
  .F.,(2,2),(-30.,-14.),.PIECEWISE_BEZIER_KNOTS.);
#3762 = CARTESIAN_POINT('',(44.,20.5));
#3763 = CARTESIAN_POINT('',(28.,20.5));
#3764 = ( GEOMETRIC_REPRESENTATION_CONTEXT(2) 
PARAMETRIC_REPRESENTATION_CONTEXT() REPRESENTATION_CONTEXT('2D SPACE',''
  ) );
#3765 = PCURVE('',#3766,#3771);
#3766 = PLANE('',#3767);
#3767 = AXIS2_PLACEMENT_3D('',#3768,#3769,#3770);
#3768 = CARTESIAN_POINT('',(-81.5,58.5,178.5));
#3769 = DIRECTION('',(1.,0.,0.));
#3770 = DIRECTION('',(0.,0.,1.));
#3771 = DEFINITIONAL_REPRESENTATION('',(#3772),#3776);
#3772 = LINE('',#3773,#3774);
#3773 = CARTESIAN_POINT('',(-14.,-1.));
#3774 = VECTOR('',#3775,1.);
#3775 = DIRECTION('',(-1.,0.));
#3776 = ( GEOMETRIC_REPRESENTATION_CONTEXT(2) 
PARAMETRIC_REPRESENTATION_CONTEXT() REPRESENTATION_CONTEXT('2D SPACE',''
  ) );
#3777 = FACE_BOUND('',#3778,.F.);
#3778 = EDGE_LOOP('',(#3779,#3808,#3829,#3856));
#3779 = ORIENTED_EDGE('',*,*,#3780,.F.);
#3780 = EDGE_CURVE('',#3781,#3783,#3785,.T.);
#3781 = VERTEX_POINT('',#3782);
#3782 = CARTESIAN_POINT('',(-92.5,59.5,208.6));
#3783 = VERTEX_POINT('',#3784);
#3784 = CARTESIAN_POINT('',(-84.5,59.5,208.6));
#3785 = SURFACE_CURVE('',#3786,(#3790,#3796),.PCURVE_S1.);
#3786 = LINE('',#3787,#3788);
#3787 = CARTESIAN_POINT('',(-97.25,59.5,208.6));
#3788 = VECTOR('',#3789,1.);
#3789 = DIRECTION('',(1.,0.,0.));
#3790 = PCURVE('',#3428,#3791);
#3791 = DEFINITIONAL_REPRESENTATION('',(#3792),#3795);
#3792 = B_SPLINE_CURVE_WITH_KNOTS('',1,(#3793,#3794),.UNSPECIFIED.,.F.,
  .F.,(2,2),(4.75,12.75),.PIECEWISE_BEZIER_KNOTS.);
#3793 = CARTESIAN_POINT('',(58.1,9.5));
#3794 = CARTESIAN_POINT('',(58.1,17.5));
#3795 = ( GEOMETRIC_REPRESENTATION_CONTEXT(2) 
PARAMETRIC_REPRESENTATION_CONTEXT() REPRESENTATION_CONTEXT('2D SPACE',''
  ) );
#3796 = PCURVE('',#3797,#3802);
#3797 = PLANE('',#3798);
#3798 = AXIS2_PLACEMENT_3D('',#3799,#3800,#3801);
#3799 = CARTESIAN_POINT('',(-92.5,58.5,208.6));
#3800 = DIRECTION('',(0.,0.,1.));
#3801 = DIRECTION('',(1.,0.,0.));
#3802 = DEFINITIONAL_REPRESENTATION('',(#3803),#3807);
#3803 = LINE('',#3804,#3805);
#3804 = CARTESIAN_POINT('',(-4.75,1.));
#3805 = VECTOR('',#3806,1.);
#3806 = DIRECTION('',(1.,0.));
#3807 = ( GEOMETRIC_REPRESENTATION_CONTEXT(2) 
PARAMETRIC_REPRESENTATION_CONTEXT() REPRESENTATION_CONTEXT('2D SPACE',''
  ) );
#3808 = ORIENTED_EDGE('',*,*,#3809,.T.);
#3809 = EDGE_CURVE('',#3781,#3810,#3812,.T.);
#3810 = VERTEX_POINT('',#3811);
#3811 = CARTESIAN_POINT('',(-92.5,59.5,196.6));
#3812 = SURFACE_CURVE('',#3813,(#3817,#3823),.PCURVE_S1.);
#3813 = LINE('',#3814,#3815);
#3814 = CARTESIAN_POINT('',(-92.5,59.5,173.55));
#3815 = VECTOR('',#3816,1.);
#3816 = DIRECTION('',(0.,0.,-1.));
#3817 = PCURVE('',#3428,#3818);
#3818 = DEFINITIONAL_REPRESENTATION('',(#3819),#3822);
#3819 = B_SPLINE_CURVE_WITH_KNOTS('',1,(#3820,#3821),.UNSPECIFIED.,.F.,
  .F.,(2,2),(-35.05,-23.05),.PIECEWISE_BEZIER_KNOTS.);
#3820 = CARTESIAN_POINT('',(58.1,9.5));
#3821 = CARTESIAN_POINT('',(46.1,9.5));
#3822 = ( GEOMETRIC_REPRESENTATION_CONTEXT(2) 
PARAMETRIC_REPRESENTATION_CONTEXT() REPRESENTATION_CONTEXT('2D SPACE',''
  ) );
#3823 = PCURVE('',#2838,#3824);
#3824 = DEFINITIONAL_REPRESENTATION('',(#3825),#3828);
#3825 = B_SPLINE_CURVE_WITH_KNOTS('',1,(#3826,#3827),.UNSPECIFIED.,.F.,
  .F.,(2,2),(-35.05,-23.05),.PIECEWISE_BEZIER_KNOTS.);
#3826 = CARTESIAN_POINT('',(12.,-1.));
#3827 = CARTESIAN_POINT('',(0.,-1.));
#3828 = ( GEOMETRIC_REPRESENTATION_CONTEXT(2) 
PARAMETRIC_REPRESENTATION_CONTEXT() REPRESENTATION_CONTEXT('2D SPACE',''
  ) );
#3829 = ORIENTED_EDGE('',*,*,#3830,.T.);
#3830 = EDGE_CURVE('',#3810,#3831,#3833,.T.);
#3831 = VERTEX_POINT('',#3832);
#3832 = CARTESIAN_POINT('',(-84.5,59.5,196.6));
#3833 = SURFACE_CURVE('',#3834,(#3838,#3844),.PCURVE_S1.);
#3834 = LINE('',#3835,#3836);
#3835 = CARTESIAN_POINT('',(-97.25,59.5,196.6));
#3836 = VECTOR('',#3837,1.);
#3837 = DIRECTION('',(1.,0.,0.));
#3838 = PCURVE('',#3428,#3839);
#3839 = DEFINITIONAL_REPRESENTATION('',(#3840),#3843);
#3840 = B_SPLINE_CURVE_WITH_KNOTS('',1,(#3841,#3842),.UNSPECIFIED.,.F.,
  .F.,(2,2),(4.75,12.75),.PIECEWISE_BEZIER_KNOTS.);
#3841 = CARTESIAN_POINT('',(46.1,9.5));
#3842 = CARTESIAN_POINT('',(46.1,17.5));
#3843 = ( GEOMETRIC_REPRESENTATION_CONTEXT(2) 
PARAMETRIC_REPRESENTATION_CONTEXT() REPRESENTATION_CONTEXT('2D SPACE',''
  ) );
#3844 = PCURVE('',#3845,#3850);
#3845 = PLANE('',#3846);
#3846 = AXIS2_PLACEMENT_3D('',#3847,#3848,#3849);
#3847 = CARTESIAN_POINT('',(-92.5,58.5,196.6));
#3848 = DIRECTION('',(0.,0.,1.));
#3849 = DIRECTION('',(1.,0.,0.));
#3850 = DEFINITIONAL_REPRESENTATION('',(#3851),#3855);
#3851 = LINE('',#3852,#3853);
#3852 = CARTESIAN_POINT('',(-4.75,1.));
#3853 = VECTOR('',#3854,1.);
#3854 = DIRECTION('',(1.,0.));
#3855 = ( GEOMETRIC_REPRESENTATION_CONTEXT(2) 
PARAMETRIC_REPRESENTATION_CONTEXT() REPRESENTATION_CONTEXT('2D SPACE',''
  ) );
#3856 = ORIENTED_EDGE('',*,*,#3857,.F.);
#3857 = EDGE_CURVE('',#3783,#3831,#3858,.T.);
#3858 = SURFACE_CURVE('',#3859,(#3863,#3869),.PCURVE_S1.);
#3859 = LINE('',#3860,#3861);
#3860 = CARTESIAN_POINT('',(-84.5,59.5,173.55));
#3861 = VECTOR('',#3862,1.);
#3862 = DIRECTION('',(0.,0.,-1.));
#3863 = PCURVE('',#3428,#3864);
#3864 = DEFINITIONAL_REPRESENTATION('',(#3865),#3868);
#3865 = B_SPLINE_CURVE_WITH_KNOTS('',1,(#3866,#3867),.UNSPECIFIED.,.F.,
  .F.,(2,2),(-35.05,-23.05),.PIECEWISE_BEZIER_KNOTS.);
#3866 = CARTESIAN_POINT('',(58.1,17.5));
#3867 = CARTESIAN_POINT('',(46.1,17.5));
#3868 = ( GEOMETRIC_REPRESENTATION_CONTEXT(2) 
PARAMETRIC_REPRESENTATION_CONTEXT() REPRESENTATION_CONTEXT('2D SPACE',''
  ) );
#3869 = PCURVE('',#3870,#3875);
#3870 = PLANE('',#3871);
#3871 = AXIS2_PLACEMENT_3D('',#3872,#3873,#3874);
#3872 = CARTESIAN_POINT('',(-84.5,58.5,196.6));
#3873 = DIRECTION('',(1.,0.,0.));
#3874 = DIRECTION('',(0.,0.,1.));
#3875 = DEFINITIONAL_REPRESENTATION('',(#3876),#3880);
#3876 = LINE('',#3877,#3878);
#3877 = CARTESIAN_POINT('',(-23.05,-1.));
#3878 = VECTOR('',#3879,1.);
#3879 = DIRECTION('',(-1.,0.));
#3880 = ( GEOMETRIC_REPRESENTATION_CONTEXT(2) 
PARAMETRIC_REPRESENTATION_CONTEXT() REPRESENTATION_CONTEXT('2D SPACE',''
  ) );
#3881 = FACE_BOUND('',#3882,.F.);
#3882 = EDGE_LOOP('',(#3883));
#3883 = ORIENTED_EDGE('',*,*,#3884,.F.);
#3884 = EDGE_CURVE('',#3885,#3885,#3887,.T.);
#3885 = VERTEX_POINT('',#3886);
#3886 = CARTESIAN_POINT('',(-86.,59.5,218.9));
#3887 = SURFACE_CURVE('',#3888,(#3893,#3900),.PCURVE_S1.);
#3888 = CIRCLE('',#3889,4.);
#3889 = AXIS2_PLACEMENT_3D('',#3890,#3891,#3892);
#3890 = CARTESIAN_POINT('',(-86.,59.5,214.9));
#3891 = DIRECTION('',(0.,1.,0.));
#3892 = DIRECTION('',(0.,-0.,1.));
#3893 = PCURVE('',#3428,#3894);
#3894 = DEFINITIONAL_REPRESENTATION('',(#3895),#3899);
#3895 = CIRCLE('',#3896,4.);
#3896 = AXIS2_PLACEMENT_2D('',#3897,#3898);
#3897 = CARTESIAN_POINT('',(64.4,16.));
#3898 = DIRECTION('',(1.,0.));
#3899 = ( GEOMETRIC_REPRESENTATION_CONTEXT(2) 
PARAMETRIC_REPRESENTATION_CONTEXT() REPRESENTATION_CONTEXT('2D SPACE',''
  ) );
#3900 = PCURVE('',#2156,#3901);
#3901 = DEFINITIONAL_REPRESENTATION('',(#3902),#3906);
#3902 = LINE('',#3903,#3904);
#3903 = CARTESIAN_POINT('',(0.,1.));
#3904 = VECTOR('',#3905,1.);
#3905 = DIRECTION('',(1.,0.));
#3906 = ( GEOMETRIC_REPRESENTATION_CONTEXT(2) 
PARAMETRIC_REPRESENTATION_CONTEXT() REPRESENTATION_CONTEXT('2D SPACE',''
  ) );
#3907 = FACE_BOUND('',#3908,.F.);
#3908 = EDGE_LOOP('',(#3909));
#3909 = ORIENTED_EDGE('',*,*,#3910,.F.);
#3910 = EDGE_CURVE('',#3911,#3911,#3913,.T.);
#3911 = VERTEX_POINT('',#3912);
#3912 = CARTESIAN_POINT('',(-81.,59.5,198.5));
#3913 = SURFACE_CURVE('',#3914,(#3919,#3926),.PCURVE_S1.);
#3914 = CIRCLE('',#3915,1.5);
#3915 = AXIS2_PLACEMENT_3D('',#3916,#3917,#3918);
#3916 = CARTESIAN_POINT('',(-81.,59.5,197.));
#3917 = DIRECTION('',(0.,1.,0.));
#3918 = DIRECTION('',(0.,-0.,1.));
#3919 = PCURVE('',#3428,#3920);
#3920 = DEFINITIONAL_REPRESENTATION('',(#3921),#3925);
#3921 = CIRCLE('',#3922,1.5);
#3922 = AXIS2_PLACEMENT_2D('',#3923,#3924);
#3923 = CARTESIAN_POINT('',(46.5,21.));
#3924 = DIRECTION('',(1.,0.));
#3925 = ( GEOMETRIC_REPRESENTATION_CONTEXT(2) 
PARAMETRIC_REPRESENTATION_CONTEXT() REPRESENTATION_CONTEXT('2D SPACE',''
  ) );
#3926 = PCURVE('',#2757,#3927);
#3927 = DEFINITIONAL_REPRESENTATION('',(#3928),#3932);
#3928 = LINE('',#3929,#3930);
#3929 = CARTESIAN_POINT('',(0.,1.));
#3930 = VECTOR('',#3931,1.);
#3931 = DIRECTION('',(1.,0.));
#3932 = ( GEOMETRIC_REPRESENTATION_CONTEXT(2) 
PARAMETRIC_REPRESENTATION_CONTEXT() REPRESENTATION_CONTEXT('2D SPACE',''
  ) );
#3933 = FACE_BOUND('',#3934,.F.);
#3934 = EDGE_LOOP('',(#3935));
#3935 = ORIENTED_EDGE('',*,*,#3936,.F.);
#3936 = EDGE_CURVE('',#3937,#3937,#3939,.T.);
#3937 = VERTEX_POINT('',#3938);
#3938 = CARTESIAN_POINT('',(-81.,59.5,203.4));
#3939 = SURFACE_CURVE('',#3940,(#3945,#3952),.PCURVE_S1.);
#3940 = CIRCLE('',#3941,1.5);
#3941 = AXIS2_PLACEMENT_3D('',#3942,#3943,#3944);
#3942 = CARTESIAN_POINT('',(-81.,59.5,201.9));
#3943 = DIRECTION('',(0.,1.,0.));
#3944 = DIRECTION('',(0.,-0.,1.));
#3945 = PCURVE('',#3428,#3946);
#3946 = DEFINITIONAL_REPRESENTATION('',(#3947),#3951);
#3947 = CIRCLE('',#3948,1.5);
#3948 = AXIS2_PLACEMENT_2D('',#3949,#3950);
#3949 = CARTESIAN_POINT('',(51.4,21.));
#3950 = DIRECTION('',(1.,0.));
#3951 = ( GEOMETRIC_REPRESENTATION_CONTEXT(2) 
PARAMETRIC_REPRESENTATION_CONTEXT() REPRESENTATION_CONTEXT('2D SPACE',''
  ) );
#3952 = PCURVE('',#2998,#3953);
#3953 = DEFINITIONAL_REPRESENTATION('',(#3954),#3958);
#3954 = LINE('',#3955,#3956);
#3955 = CARTESIAN_POINT('',(0.,1.));
#3956 = VECTOR('',#3957,1.);
#3957 = DIRECTION('',(1.,0.));
#3958 = ( GEOMETRIC_REPRESENTATION_CONTEXT(2) 
PARAMETRIC_REPRESENTATION_CONTEXT() REPRESENTATION_CONTEXT('2D SPACE',''
  ) );
#3959 = FACE_BOUND('',#3960,.F.);
#3960 = EDGE_LOOP('',(#3961));
#3961 = ORIENTED_EDGE('',*,*,#3962,.F.);
#3962 = EDGE_CURVE('',#3963,#3963,#3965,.T.);
#3963 = VERTEX_POINT('',#3964);
#3964 = CARTESIAN_POINT('',(-81.,59.5,208.3));
#3965 = SURFACE_CURVE('',#3966,(#3971,#3978),.PCURVE_S1.);
#3966 = CIRCLE('',#3967,1.5);
#3967 = AXIS2_PLACEMENT_3D('',#3968,#3969,#3970);
#3968 = CARTESIAN_POINT('',(-81.,59.5,206.8));
#3969 = DIRECTION('',(0.,1.,0.));
#3970 = DIRECTION('',(0.,-0.,1.));
#3971 = PCURVE('',#3428,#3972);
#3972 = DEFINITIONAL_REPRESENTATION('',(#3973),#3977);
#3973 = CIRCLE('',#3974,1.5);
#3974 = AXIS2_PLACEMENT_2D('',#3975,#3976);
#3975 = CARTESIAN_POINT('',(56.3,21.));
#3976 = DIRECTION('',(1.,0.));
#3977 = ( GEOMETRIC_REPRESENTATION_CONTEXT(2) 
PARAMETRIC_REPRESENTATION_CONTEXT() REPRESENTATION_CONTEXT('2D SPACE',''
  ) );
#3978 = PCURVE('',#3110,#3979);
#3979 = DEFINITIONAL_REPRESENTATION('',(#3980),#3984);
#3980 = LINE('',#3981,#3982);
#3981 = CARTESIAN_POINT('',(0.,1.));
#3982 = VECTOR('',#3983,1.);
#3983 = DIRECTION('',(1.,0.));
#3984 = ( GEOMETRIC_REPRESENTATION_CONTEXT(2) 
PARAMETRIC_REPRESENTATION_CONTEXT() REPRESENTATION_CONTEXT('2D SPACE',''
  ) );
#3985 = FACE_BOUND('',#3986,.F.);
#3986 = EDGE_LOOP('',(#3987,#4010,#4031,#4052));
#3987 = ORIENTED_EDGE('',*,*,#3988,.F.);
#3988 = EDGE_CURVE('',#3989,#3991,#3993,.T.);
#3989 = VERTEX_POINT('',#3990);
#3990 = CARTESIAN_POINT('',(-68.15,59.5,221.5));
#3991 = VERTEX_POINT('',#3992);
#3992 = CARTESIAN_POINT('',(-66.15,59.5,221.5));
#3993 = SURFACE_CURVE('',#3994,(#3998,#4004),.PCURVE_S1.);
#3994 = LINE('',#3995,#3996);
#3995 = CARTESIAN_POINT('',(-85.075,59.5,221.5));
#3996 = VECTOR('',#3997,1.);
#3997 = DIRECTION('',(1.,0.,0.));
#3998 = PCURVE('',#3428,#3999);
#3999 = DEFINITIONAL_REPRESENTATION('',(#4000),#4003);
#4000 = B_SPLINE_CURVE_WITH_KNOTS('',1,(#4001,#4002),.UNSPECIFIED.,.F.,
  .F.,(2,2),(16.925,18.925),.PIECEWISE_BEZIER_KNOTS.);
#4001 = CARTESIAN_POINT('',(71.,33.85));
#4002 = CARTESIAN_POINT('',(71.,35.85));
#4003 = ( GEOMETRIC_REPRESENTATION_CONTEXT(2) 
PARAMETRIC_REPRESENTATION_CONTEXT() REPRESENTATION_CONTEXT('2D SPACE',''
  ) );
#4004 = PCURVE('',#3194,#4005);
#4005 = DEFINITIONAL_REPRESENTATION('',(#4006),#4009);
#4006 = B_SPLINE_CURVE_WITH_KNOTS('',1,(#4007,#4008),.UNSPECIFIED.,.F.,
  .F.,(2,2),(16.925,18.925),.PIECEWISE_BEZIER_KNOTS.);
#4007 = CARTESIAN_POINT('',(0.,1.5));
#4008 = CARTESIAN_POINT('',(2.,1.5));
#4009 = ( GEOMETRIC_REPRESENTATION_CONTEXT(2) 
PARAMETRIC_REPRESENTATION_CONTEXT() REPRESENTATION_CONTEXT('2D SPACE',''
  ) );
#4010 = ORIENTED_EDGE('',*,*,#4011,.T.);
#4011 = EDGE_CURVE('',#3989,#4012,#4014,.T.);
#4012 = VERTEX_POINT('',#4013);
#4013 = CARTESIAN_POINT('',(-68.15,59.5,203.5));
#4014 = SURFACE_CURVE('',#4015,(#4019,#4025),.PCURVE_S1.);
#4015 = LINE('',#4016,#4017);
#4016 = CARTESIAN_POINT('',(-68.15,59.5,177.));
#4017 = VECTOR('',#4018,1.);
#4018 = DIRECTION('',(0.,0.,-1.));
#4019 = PCURVE('',#3428,#4020);
#4020 = DEFINITIONAL_REPRESENTATION('',(#4021),#4024);
#4021 = B_SPLINE_CURVE_WITH_KNOTS('',1,(#4022,#4023),.UNSPECIFIED.,.F.,
  .F.,(2,2),(-44.5,-26.5),.PIECEWISE_BEZIER_KNOTS.);
#4022 = CARTESIAN_POINT('',(71.,33.85));
#4023 = CARTESIAN_POINT('',(53.,33.85));
#4024 = ( GEOMETRIC_REPRESENTATION_CONTEXT(2) 
PARAMETRIC_REPRESENTATION_CONTEXT() REPRESENTATION_CONTEXT('2D SPACE',''
  ) );
#4025 = PCURVE('',#3220,#4026);
#4026 = DEFINITIONAL_REPRESENTATION('',(#4027),#4030);
#4027 = B_SPLINE_CURVE_WITH_KNOTS('',1,(#4028,#4029),.UNSPECIFIED.,.F.,
  .F.,(2,2),(-44.5,-26.5),.PIECEWISE_BEZIER_KNOTS.);
#4028 = CARTESIAN_POINT('',(18.,-1.5));
#4029 = CARTESIAN_POINT('',(0.,-1.5));
#4030 = ( GEOMETRIC_REPRESENTATION_CONTEXT(2) 
PARAMETRIC_REPRESENTATION_CONTEXT() REPRESENTATION_CONTEXT('2D SPACE',''
  ) );
#4031 = ORIENTED_EDGE('',*,*,#4032,.T.);
#4032 = EDGE_CURVE('',#4012,#4033,#4035,.T.);
#4033 = VERTEX_POINT('',#4034);
#4034 = CARTESIAN_POINT('',(-66.15,59.5,203.5));
#4035 = SURFACE_CURVE('',#4036,(#4040,#4046),.PCURVE_S1.);
#4036 = LINE('',#4037,#4038);
#4037 = CARTESIAN_POINT('',(-85.075,59.5,203.5));
#4038 = VECTOR('',#4039,1.);
#4039 = DIRECTION('',(1.,0.,0.));
#4040 = PCURVE('',#3428,#4041);
#4041 = DEFINITIONAL_REPRESENTATION('',(#4042),#4045);
#4042 = B_SPLINE_CURVE_WITH_KNOTS('',1,(#4043,#4044),.UNSPECIFIED.,.F.,
  .F.,(2,2),(16.925,18.925),.PIECEWISE_BEZIER_KNOTS.);
#4043 = CARTESIAN_POINT('',(53.,33.85));
#4044 = CARTESIAN_POINT('',(53.,35.85));
#4045 = ( GEOMETRIC_REPRESENTATION_CONTEXT(2) 
PARAMETRIC_REPRESENTATION_CONTEXT() REPRESENTATION_CONTEXT('2D SPACE',''
  ) );
#4046 = PCURVE('',#3246,#4047);
#4047 = DEFINITIONAL_REPRESENTATION('',(#4048),#4051);
#4048 = B_SPLINE_CURVE_WITH_KNOTS('',1,(#4049,#4050),.UNSPECIFIED.,.F.,
  .F.,(2,2),(16.925,18.925),.PIECEWISE_BEZIER_KNOTS.);
#4049 = CARTESIAN_POINT('',(0.,1.5));
#4050 = CARTESIAN_POINT('',(2.,1.5));
#4051 = ( GEOMETRIC_REPRESENTATION_CONTEXT(2) 
PARAMETRIC_REPRESENTATION_CONTEXT() REPRESENTATION_CONTEXT('2D SPACE',''
  ) );
#4052 = ORIENTED_EDGE('',*,*,#4053,.F.);
#4053 = EDGE_CURVE('',#3991,#4033,#4054,.T.);
#4054 = SURFACE_CURVE('',#4055,(#4059,#4065),.PCURVE_S1.);
#4055 = LINE('',#4056,#4057);
#4056 = CARTESIAN_POINT('',(-66.15,59.5,177.));
#4057 = VECTOR('',#4058,1.);
#4058 = DIRECTION('',(0.,0.,-1.));
#4059 = PCURVE('',#3428,#4060);
#4060 = DEFINITIONAL_REPRESENTATION('',(#4061),#4064);
#4061 = B_SPLINE_CURVE_WITH_KNOTS('',1,(#4062,#4063),.UNSPECIFIED.,.F.,
  .F.,(2,2),(-44.5,-26.5),.PIECEWISE_BEZIER_KNOTS.);
#4062 = CARTESIAN_POINT('',(71.,35.85));
#4063 = CARTESIAN_POINT('',(53.,35.85));
#4064 = ( GEOMETRIC_REPRESENTATION_CONTEXT(2) 
PARAMETRIC_REPRESENTATION_CONTEXT() REPRESENTATION_CONTEXT('2D SPACE',''
  ) );
#4065 = PCURVE('',#3270,#4066);
#4066 = DEFINITIONAL_REPRESENTATION('',(#4067),#4070);
#4067 = B_SPLINE_CURVE_WITH_KNOTS('',1,(#4068,#4069),.UNSPECIFIED.,.F.,
  .F.,(2,2),(-44.5,-26.5),.PIECEWISE_BEZIER_KNOTS.);
#4068 = CARTESIAN_POINT('',(18.,-1.5));
#4069 = CARTESIAN_POINT('',(0.,-1.5));
#4070 = ( GEOMETRIC_REPRESENTATION_CONTEXT(2) 
PARAMETRIC_REPRESENTATION_CONTEXT() REPRESENTATION_CONTEXT('2D SPACE',''
  ) );
#4071 = FACE_BOUND('',#4072,.F.);
#4072 = EDGE_LOOP('',(#4073,#4096,#4115,#4116));
#4073 = ORIENTED_EDGE('',*,*,#4074,.F.);
#4074 = EDGE_CURVE('',#4075,#4077,#4079,.T.);
#4075 = VERTEX_POINT('',#4076);
#4076 = CARTESIAN_POINT('',(-64.65,59.5,221.5));
#4077 = VERTEX_POINT('',#4078);
#4078 = CARTESIAN_POINT('',(-62.65,59.5,221.5));
#4079 = SURFACE_CURVE('',#4080,(#4084,#4090),.PCURVE_S1.);
#4080 = LINE('',#4081,#4082);
#4081 = CARTESIAN_POINT('',(-83.325,59.5,221.5));
#4082 = VECTOR('',#4083,1.);
#4083 = DIRECTION('',(1.,0.,0.));
#4084 = PCURVE('',#3428,#4085);
#4085 = DEFINITIONAL_REPRESENTATION('',(#4086),#4089);
#4086 = B_SPLINE_CURVE_WITH_KNOTS('',1,(#4087,#4088),.UNSPECIFIED.,.F.,
  .F.,(2,2),(18.675,20.675),.PIECEWISE_BEZIER_KNOTS.);
#4087 = CARTESIAN_POINT('',(71.,37.35));
#4088 = CARTESIAN_POINT('',(71.,39.35));
#4089 = ( GEOMETRIC_REPRESENTATION_CONTEXT(2) 
PARAMETRIC_REPRESENTATION_CONTEXT() REPRESENTATION_CONTEXT('2D SPACE',''
  ) );
#4090 = PCURVE('',#3300,#4091);
#4091 = DEFINITIONAL_REPRESENTATION('',(#4092),#4095);
#4092 = B_SPLINE_CURVE_WITH_KNOTS('',1,(#4093,#4094),.UNSPECIFIED.,.F.,
  .F.,(2,2),(18.675,20.675),.PIECEWISE_BEZIER_KNOTS.);
#4093 = CARTESIAN_POINT('',(0.,1.5));
#4094 = CARTESIAN_POINT('',(2.,1.5));
#4095 = ( GEOMETRIC_REPRESENTATION_CONTEXT(2) 
PARAMETRIC_REPRESENTATION_CONTEXT() REPRESENTATION_CONTEXT('2D SPACE',''
  ) );
#4096 = ORIENTED_EDGE('',*,*,#4097,.T.);
#4097 = EDGE_CURVE('',#4075,#3391,#4098,.T.);
#4098 = SURFACE_CURVE('',#4099,(#4103,#4109),.PCURVE_S1.);
#4099 = LINE('',#4100,#4101);
#4100 = CARTESIAN_POINT('',(-64.65,59.5,177.));
#4101 = VECTOR('',#4102,1.);
#4102 = DIRECTION('',(0.,0.,-1.));
#4103 = PCURVE('',#3428,#4104);
#4104 = DEFINITIONAL_REPRESENTATION('',(#4105),#4108);
#4105 = B_SPLINE_CURVE_WITH_KNOTS('',1,(#4106,#4107),.UNSPECIFIED.,.F.,
  .F.,(2,2),(-44.5,-26.5),.PIECEWISE_BEZIER_KNOTS.);
#4106 = CARTESIAN_POINT('',(71.,37.35));
#4107 = CARTESIAN_POINT('',(53.,37.35));
#4108 = ( GEOMETRIC_REPRESENTATION_CONTEXT(2) 
PARAMETRIC_REPRESENTATION_CONTEXT() REPRESENTATION_CONTEXT('2D SPACE',''
  ) );
#4109 = PCURVE('',#3326,#4110);
#4110 = DEFINITIONAL_REPRESENTATION('',(#4111),#4114);
#4111 = B_SPLINE_CURVE_WITH_KNOTS('',1,(#4112,#4113),.UNSPECIFIED.,.F.,
  .F.,(2,2),(-44.5,-26.5),.PIECEWISE_BEZIER_KNOTS.);
#4112 = CARTESIAN_POINT('',(18.,-1.5));
#4113 = CARTESIAN_POINT('',(0.,-1.5));
#4114 = ( GEOMETRIC_REPRESENTATION_CONTEXT(2) 
PARAMETRIC_REPRESENTATION_CONTEXT() REPRESENTATION_CONTEXT('2D SPACE',''
  ) );
#4115 = ORIENTED_EDGE('',*,*,#3413,.T.);
#4116 = ORIENTED_EDGE('',*,*,#4117,.F.);
#4117 = EDGE_CURVE('',#4077,#3414,#4118,.T.);
#4118 = SURFACE_CURVE('',#4119,(#4123,#4129),.PCURVE_S1.);
#4119 = LINE('',#4120,#4121);
#4120 = CARTESIAN_POINT('',(-62.65,59.5,177.));
#4121 = VECTOR('',#4122,1.);
#4122 = DIRECTION('',(0.,0.,-1.));
#4123 = PCURVE('',#3428,#4124);
#4124 = DEFINITIONAL_REPRESENTATION('',(#4125),#4128);
#4125 = B_SPLINE_CURVE_WITH_KNOTS('',1,(#4126,#4127),.UNSPECIFIED.,.F.,
  .F.,(2,2),(-44.5,-26.5),.PIECEWISE_BEZIER_KNOTS.);
#4126 = CARTESIAN_POINT('',(71.,39.35));
#4127 = CARTESIAN_POINT('',(53.,39.35));
#4128 = ( GEOMETRIC_REPRESENTATION_CONTEXT(2) 
PARAMETRIC_REPRESENTATION_CONTEXT() REPRESENTATION_CONTEXT('2D SPACE',''
  ) );
#4129 = PCURVE('',#3376,#4130);
#4130 = DEFINITIONAL_REPRESENTATION('',(#4131),#4134);
#4131 = B_SPLINE_CURVE_WITH_KNOTS('',1,(#4132,#4133),.UNSPECIFIED.,.F.,
  .F.,(2,2),(-44.5,-26.5),.PIECEWISE_BEZIER_KNOTS.);
#4132 = CARTESIAN_POINT('',(18.,-1.5));
#4133 = CARTESIAN_POINT('',(0.,-1.5));
#4134 = ( GEOMETRIC_REPRESENTATION_CONTEXT(2) 
PARAMETRIC_REPRESENTATION_CONTEXT() REPRESENTATION_CONTEXT('2D SPACE',''
  ) );
#4135 = ADVANCED_FACE('',(#4136),#3845,.T.);
#4136 = FACE_BOUND('',#4137,.T.);
#4137 = EDGE_LOOP('',(#4138,#4159,#4160,#4183,#4210));
#4138 = ORIENTED_EDGE('',*,*,#4139,.F.);
#4139 = EDGE_CURVE('',#3810,#2824,#4140,.T.);
#4140 = SURFACE_CURVE('',#4141,(#4145,#4152),.PCURVE_S1.);
#4141 = LINE('',#4142,#4143);
#4142 = CARTESIAN_POINT('',(-92.5,59.5,196.6));
#4143 = VECTOR('',#4144,1.);
#4144 = DIRECTION('',(0.,1.,0.));
#4145 = PCURVE('',#3845,#4146);
#4146 = DEFINITIONAL_REPRESENTATION('',(#4147),#4151);
#4147 = LINE('',#4148,#4149);
#4148 = CARTESIAN_POINT('',(0.,1.));
#4149 = VECTOR('',#4150,1.);
#4150 = DIRECTION('',(0.,1.));
#4151 = ( GEOMETRIC_REPRESENTATION_CONTEXT(2) 
PARAMETRIC_REPRESENTATION_CONTEXT() REPRESENTATION_CONTEXT('2D SPACE',''
  ) );
#4152 = PCURVE('',#2838,#4153);
#4153 = DEFINITIONAL_REPRESENTATION('',(#4154),#4158);
#4154 = LINE('',#4155,#4156);
#4155 = CARTESIAN_POINT('',(0.,-1.));
#4156 = VECTOR('',#4157,1.);
#4157 = DIRECTION('',(0.,-1.));
#4158 = ( GEOMETRIC_REPRESENTATION_CONTEXT(2) 
PARAMETRIC_REPRESENTATION_CONTEXT() REPRESENTATION_CONTEXT('2D SPACE',''
  ) );
#4159 = ORIENTED_EDGE('',*,*,#3830,.T.);
#4160 = ORIENTED_EDGE('',*,*,#4161,.F.);
#4161 = EDGE_CURVE('',#4162,#3831,#4164,.T.);
#4162 = VERTEX_POINT('',#4163);
#4163 = CARTESIAN_POINT('',(-84.5,66.,196.6));
#4164 = SURFACE_CURVE('',#4165,(#4169,#4176),.PCURVE_S1.);
#4165 = LINE('',#4166,#4167);
#4166 = CARTESIAN_POINT('',(-84.5,66.,196.6));
#4167 = VECTOR('',#4168,1.);
#4168 = DIRECTION('',(0.,-1.,0.));
#4169 = PCURVE('',#3845,#4170);
#4170 = DEFINITIONAL_REPRESENTATION('',(#4171),#4175);
#4171 = LINE('',#4172,#4173);
#4172 = CARTESIAN_POINT('',(8.,7.5));
#4173 = VECTOR('',#4174,1.);
#4174 = DIRECTION('',(0.,-1.));
#4175 = ( GEOMETRIC_REPRESENTATION_CONTEXT(2) 
PARAMETRIC_REPRESENTATION_CONTEXT() REPRESENTATION_CONTEXT('2D SPACE',''
  ) );
#4176 = PCURVE('',#3870,#4177);
#4177 = DEFINITIONAL_REPRESENTATION('',(#4178),#4182);
#4178 = LINE('',#4179,#4180);
#4179 = CARTESIAN_POINT('',(0.,-7.5));
#4180 = VECTOR('',#4181,1.);
#4181 = DIRECTION('',(0.,1.));
#4182 = ( GEOMETRIC_REPRESENTATION_CONTEXT(2) 
PARAMETRIC_REPRESENTATION_CONTEXT() REPRESENTATION_CONTEXT('2D SPACE',''
  ) );
#4183 = ORIENTED_EDGE('',*,*,#4184,.F.);
#4184 = EDGE_CURVE('',#4185,#4162,#4187,.T.);
#4185 = VERTEX_POINT('',#4186);
#4186 = CARTESIAN_POINT('',(-92.5,66.,196.6));
#4187 = SURFACE_CURVE('',#4188,(#4192,#4199),.PCURVE_S1.);
#4188 = LINE('',#4189,#4190);
#4189 = CARTESIAN_POINT('',(-92.5,66.,196.6));
#4190 = VECTOR('',#4191,1.);
#4191 = DIRECTION('',(1.,0.,0.));
#4192 = PCURVE('',#3845,#4193);
#4193 = DEFINITIONAL_REPRESENTATION('',(#4194),#4198);
#4194 = LINE('',#4195,#4196);
#4195 = CARTESIAN_POINT('',(0.,7.5));
#4196 = VECTOR('',#4197,1.);
#4197 = DIRECTION('',(1.,0.));
#4198 = ( GEOMETRIC_REPRESENTATION_CONTEXT(2) 
PARAMETRIC_REPRESENTATION_CONTEXT() REPRESENTATION_CONTEXT('2D SPACE',''
  ) );
#4199 = PCURVE('',#4200,#4205);
#4200 = PLANE('',#4201);
#4201 = AXIS2_PLACEMENT_3D('',#4202,#4203,#4204);
#4202 = CARTESIAN_POINT('',(-92.5,66.,195.6));
#4203 = DIRECTION('',(0.,1.,0.));
#4204 = DIRECTION('',(0.,0.,1.));
#4205 = DEFINITIONAL_REPRESENTATION('',(#4206),#4209);
#4206 = B_SPLINE_CURVE_WITH_KNOTS('',1,(#4207,#4208),.UNSPECIFIED.,.F.,
  .F.,(2,2),(0.,8.),.PIECEWISE_BEZIER_KNOTS.);
#4207 = CARTESIAN_POINT('',(1.,0.));
#4208 = CARTESIAN_POINT('',(1.,8.));
#4209 = ( GEOMETRIC_REPRESENTATION_CONTEXT(2) 
PARAMETRIC_REPRESENTATION_CONTEXT() REPRESENTATION_CONTEXT('2D SPACE',''
  ) );
#4210 = ORIENTED_EDGE('',*,*,#4211,.F.);
#4211 = EDGE_CURVE('',#2824,#4185,#4212,.T.);
#4212 = SURFACE_CURVE('',#4213,(#4217,#4224),.PCURVE_S1.);
#4213 = LINE('',#4214,#4215);
#4214 = CARTESIAN_POINT('',(-92.5,60.5,196.6));
#4215 = VECTOR('',#4216,1.);
#4216 = DIRECTION('',(0.,1.,0.));
#4217 = PCURVE('',#3845,#4218);
#4218 = DEFINITIONAL_REPRESENTATION('',(#4219),#4223);
#4219 = LINE('',#4220,#4221);
#4220 = CARTESIAN_POINT('',(0.,2.));
#4221 = VECTOR('',#4222,1.);
#4222 = DIRECTION('',(0.,1.));
#4223 = ( GEOMETRIC_REPRESENTATION_CONTEXT(2) 
PARAMETRIC_REPRESENTATION_CONTEXT() REPRESENTATION_CONTEXT('2D SPACE',''
  ) );
#4224 = PCURVE('',#2864,#4225);
#4225 = DEFINITIONAL_REPRESENTATION('',(#4226),#4230);
#4226 = LINE('',#4227,#4228);
#4227 = CARTESIAN_POINT('',(1.,1.));
#4228 = VECTOR('',#4229,1.);
#4229 = DIRECTION('',(0.,-1.));
#4230 = ( GEOMETRIC_REPRESENTATION_CONTEXT(2) 
PARAMETRIC_REPRESENTATION_CONTEXT() REPRESENTATION_CONTEXT('2D SPACE',''
  ) );
#4231 = ADVANCED_FACE('',(#4232),#4200,.T.);
#4232 = FACE_BOUND('',#4233,.T.);
#4233 = EDGE_LOOP('',(#4234,#4259,#4282,#4303,#4304,#4326,#4348,#4371));
#4234 = ORIENTED_EDGE('',*,*,#4235,.F.);
#4235 = EDGE_CURVE('',#4236,#4238,#4240,.T.);
#4236 = VERTEX_POINT('',#4237);
#4237 = CARTESIAN_POINT('',(-83.5,66.,195.6));
#4238 = VERTEX_POINT('',#4239);
#4239 = CARTESIAN_POINT('',(-83.5,66.,209.6));
#4240 = SURFACE_CURVE('',#4241,(#4245,#4252),.PCURVE_S1.);
#4241 = LINE('',#4242,#4243);
#4242 = CARTESIAN_POINT('',(-83.5,66.,195.6));
#4243 = VECTOR('',#4244,1.);
#4244 = DIRECTION('',(0.,0.,1.));
#4245 = PCURVE('',#4200,#4246);
#4246 = DEFINITIONAL_REPRESENTATION('',(#4247),#4251);
#4247 = LINE('',#4248,#4249);
#4248 = CARTESIAN_POINT('',(0.,9.));
#4249 = VECTOR('',#4250,1.);
#4250 = DIRECTION('',(1.,0.));
#4251 = ( GEOMETRIC_REPRESENTATION_CONTEXT(2) 
PARAMETRIC_REPRESENTATION_CONTEXT() REPRESENTATION_CONTEXT('2D SPACE',''
  ) );
#4252 = PCURVE('',#2916,#4253);
#4253 = DEFINITIONAL_REPRESENTATION('',(#4254),#4258);
#4254 = LINE('',#4255,#4256);
#4255 = CARTESIAN_POINT('',(0.,-4.5));
#4256 = VECTOR('',#4257,1.);
#4257 = DIRECTION('',(1.,0.));
#4258 = ( GEOMETRIC_REPRESENTATION_CONTEXT(2) 
PARAMETRIC_REPRESENTATION_CONTEXT() REPRESENTATION_CONTEXT('2D SPACE',''
  ) );
#4259 = ORIENTED_EDGE('',*,*,#4260,.F.);
#4260 = EDGE_CURVE('',#4261,#4236,#4263,.T.);
#4261 = VERTEX_POINT('',#4262);
#4262 = CARTESIAN_POINT('',(-92.5,66.,195.6));
#4263 = SURFACE_CURVE('',#4264,(#4268,#4275),.PCURVE_S1.);
#4264 = LINE('',#4265,#4266);
#4265 = CARTESIAN_POINT('',(-92.5,66.,195.6));
#4266 = VECTOR('',#4267,1.);
#4267 = DIRECTION('',(1.,0.,0.));
#4268 = PCURVE('',#4200,#4269);
#4269 = DEFINITIONAL_REPRESENTATION('',(#4270),#4274);
#4270 = LINE('',#4271,#4272);
#4271 = CARTESIAN_POINT('',(0.,0.));
#4272 = VECTOR('',#4273,1.);
#4273 = DIRECTION('',(0.,1.));
#4274 = ( GEOMETRIC_REPRESENTATION_CONTEXT(2) 
PARAMETRIC_REPRESENTATION_CONTEXT() REPRESENTATION_CONTEXT('2D SPACE',''
  ) );
#4275 = PCURVE('',#2890,#4276);
#4276 = DEFINITIONAL_REPRESENTATION('',(#4277),#4281);
#4277 = LINE('',#4278,#4279);
#4278 = CARTESIAN_POINT('',(0.,4.5));
#4279 = VECTOR('',#4280,1.);
#4280 = DIRECTION('',(1.,0.));
#4281 = ( GEOMETRIC_REPRESENTATION_CONTEXT(2) 
PARAMETRIC_REPRESENTATION_CONTEXT() REPRESENTATION_CONTEXT('2D SPACE',''
  ) );
#4282 = ORIENTED_EDGE('',*,*,#4283,.T.);
#4283 = EDGE_CURVE('',#4261,#4185,#4284,.T.);
#4284 = SURFACE_CURVE('',#4285,(#4289,#4296),.PCURVE_S1.);
#4285 = LINE('',#4286,#4287);
#4286 = CARTESIAN_POINT('',(-92.5,66.,195.6));
#4287 = VECTOR('',#4288,1.);
#4288 = DIRECTION('',(0.,0.,1.));
#4289 = PCURVE('',#4200,#4290);
#4290 = DEFINITIONAL_REPRESENTATION('',(#4291),#4295);
#4291 = LINE('',#4292,#4293);
#4292 = CARTESIAN_POINT('',(0.,0.));
#4293 = VECTOR('',#4294,1.);
#4294 = DIRECTION('',(1.,0.));
#4295 = ( GEOMETRIC_REPRESENTATION_CONTEXT(2) 
PARAMETRIC_REPRESENTATION_CONTEXT() REPRESENTATION_CONTEXT('2D SPACE',''
  ) );
#4296 = PCURVE('',#2864,#4297);
#4297 = DEFINITIONAL_REPRESENTATION('',(#4298),#4302);
#4298 = LINE('',#4299,#4300);
#4299 = CARTESIAN_POINT('',(0.,-4.5));
#4300 = VECTOR('',#4301,1.);
#4301 = DIRECTION('',(1.,0.));
#4302 = ( GEOMETRIC_REPRESENTATION_CONTEXT(2) 
PARAMETRIC_REPRESENTATION_CONTEXT() REPRESENTATION_CONTEXT('2D SPACE',''
  ) );
#4303 = ORIENTED_EDGE('',*,*,#4184,.T.);
#4304 = ORIENTED_EDGE('',*,*,#4305,.F.);
#4305 = EDGE_CURVE('',#4306,#4162,#4308,.T.);
#4306 = VERTEX_POINT('',#4307);
#4307 = CARTESIAN_POINT('',(-84.5,66.,208.6));
#4308 = SURFACE_CURVE('',#4309,(#4313,#4319),.PCURVE_S1.);
#4309 = LINE('',#4310,#4311);
#4310 = CARTESIAN_POINT('',(-84.5,66.,196.1));
#4311 = VECTOR('',#4312,1.);
#4312 = DIRECTION('',(0.,0.,-1.));
#4313 = PCURVE('',#4200,#4314);
#4314 = DEFINITIONAL_REPRESENTATION('',(#4315),#4318);
#4315 = B_SPLINE_CURVE_WITH_KNOTS('',1,(#4316,#4317),.UNSPECIFIED.,.F.,
  .F.,(2,2),(-12.5,-0.5),.PIECEWISE_BEZIER_KNOTS.);
#4316 = CARTESIAN_POINT('',(13.,8.));
#4317 = CARTESIAN_POINT('',(1.,8.));
#4318 = ( GEOMETRIC_REPRESENTATION_CONTEXT(2) 
PARAMETRIC_REPRESENTATION_CONTEXT() REPRESENTATION_CONTEXT('2D SPACE',''
  ) );
#4319 = PCURVE('',#3870,#4320);
#4320 = DEFINITIONAL_REPRESENTATION('',(#4321),#4325);
#4321 = LINE('',#4322,#4323);
#4322 = CARTESIAN_POINT('',(-0.5,-7.5));
#4323 = VECTOR('',#4324,1.);
#4324 = DIRECTION('',(-1.,0.));
#4325 = ( GEOMETRIC_REPRESENTATION_CONTEXT(2) 
PARAMETRIC_REPRESENTATION_CONTEXT() REPRESENTATION_CONTEXT('2D SPACE',''
  ) );
#4326 = ORIENTED_EDGE('',*,*,#4327,.F.);
#4327 = EDGE_CURVE('',#4328,#4306,#4330,.T.);
#4328 = VERTEX_POINT('',#4329);
#4329 = CARTESIAN_POINT('',(-92.5,66.,208.6));
#4330 = SURFACE_CURVE('',#4331,(#4335,#4341),.PCURVE_S1.);
#4331 = LINE('',#4332,#4333);
#4332 = CARTESIAN_POINT('',(-92.5,66.,208.6));
#4333 = VECTOR('',#4334,1.);
#4334 = DIRECTION('',(1.,0.,0.));
#4335 = PCURVE('',#4200,#4336);
#4336 = DEFINITIONAL_REPRESENTATION('',(#4337),#4340);
#4337 = B_SPLINE_CURVE_WITH_KNOTS('',1,(#4338,#4339),.UNSPECIFIED.,.F.,
  .F.,(2,2),(0.,8.),.PIECEWISE_BEZIER_KNOTS.);
#4338 = CARTESIAN_POINT('',(13.,0.));
#4339 = CARTESIAN_POINT('',(13.,8.));
#4340 = ( GEOMETRIC_REPRESENTATION_CONTEXT(2) 
PARAMETRIC_REPRESENTATION_CONTEXT() REPRESENTATION_CONTEXT('2D SPACE',''
  ) );
#4341 = PCURVE('',#3797,#4342);
#4342 = DEFINITIONAL_REPRESENTATION('',(#4343),#4347);
#4343 = LINE('',#4344,#4345);
#4344 = CARTESIAN_POINT('',(0.,7.5));
#4345 = VECTOR('',#4346,1.);
#4346 = DIRECTION('',(1.,0.));
#4347 = ( GEOMETRIC_REPRESENTATION_CONTEXT(2) 
PARAMETRIC_REPRESENTATION_CONTEXT() REPRESENTATION_CONTEXT('2D SPACE',''
  ) );
#4348 = ORIENTED_EDGE('',*,*,#4349,.T.);
#4349 = EDGE_CURVE('',#4328,#4350,#4352,.T.);
#4350 = VERTEX_POINT('',#4351);
#4351 = CARTESIAN_POINT('',(-92.5,66.,209.6));
#4352 = SURFACE_CURVE('',#4353,(#4357,#4364),.PCURVE_S1.);
#4353 = LINE('',#4354,#4355);
#4354 = CARTESIAN_POINT('',(-92.5,66.,195.6));
#4355 = VECTOR('',#4356,1.);
#4356 = DIRECTION('',(0.,0.,1.));
#4357 = PCURVE('',#4200,#4358);
#4358 = DEFINITIONAL_REPRESENTATION('',(#4359),#4363);
#4359 = LINE('',#4360,#4361);
#4360 = CARTESIAN_POINT('',(0.,0.));
#4361 = VECTOR('',#4362,1.);
#4362 = DIRECTION('',(1.,0.));
#4363 = ( GEOMETRIC_REPRESENTATION_CONTEXT(2) 
PARAMETRIC_REPRESENTATION_CONTEXT() REPRESENTATION_CONTEXT('2D SPACE',''
  ) );
#4364 = PCURVE('',#2812,#4365);
#4365 = DEFINITIONAL_REPRESENTATION('',(#4366),#4370);
#4366 = LINE('',#4367,#4368);
#4367 = CARTESIAN_POINT('',(0.,-4.5));
#4368 = VECTOR('',#4369,1.);
#4369 = DIRECTION('',(1.,0.));
#4370 = ( GEOMETRIC_REPRESENTATION_CONTEXT(2) 
PARAMETRIC_REPRESENTATION_CONTEXT() REPRESENTATION_CONTEXT('2D SPACE',''
  ) );
#4371 = ORIENTED_EDGE('',*,*,#4372,.T.);
#4372 = EDGE_CURVE('',#4350,#4238,#4373,.T.);
#4373 = SURFACE_CURVE('',#4374,(#4378,#4385),.PCURVE_S1.);
#4374 = LINE('',#4375,#4376);
#4375 = CARTESIAN_POINT('',(-92.5,66.,209.6));
#4376 = VECTOR('',#4377,1.);
#4377 = DIRECTION('',(1.,0.,0.));
#4378 = PCURVE('',#4200,#4379);
#4379 = DEFINITIONAL_REPRESENTATION('',(#4380),#4384);
#4380 = LINE('',#4381,#4382);
#4381 = CARTESIAN_POINT('',(14.,0.));
#4382 = VECTOR('',#4383,1.);
#4383 = DIRECTION('',(0.,1.));
#4384 = ( GEOMETRIC_REPRESENTATION_CONTEXT(2) 
PARAMETRIC_REPRESENTATION_CONTEXT() REPRESENTATION_CONTEXT('2D SPACE',''
  ) );
#4385 = PCURVE('',#2940,#4386);
#4386 = DEFINITIONAL_REPRESENTATION('',(#4387),#4391);
#4387 = LINE('',#4388,#4389);
#4388 = CARTESIAN_POINT('',(0.,4.5));
#4389 = VECTOR('',#4390,1.);
#4390 = DIRECTION('',(1.,0.));
#4391 = ( GEOMETRIC_REPRESENTATION_CONTEXT(2) 
PARAMETRIC_REPRESENTATION_CONTEXT() REPRESENTATION_CONTEXT('2D SPACE',''
  ) );
#4392 = ADVANCED_FACE('',(#4393),#3870,.F.);
#4393 = FACE_BOUND('',#4394,.F.);
#4394 = EDGE_LOOP('',(#4395,#4396,#4397,#4398));
#4395 = ORIENTED_EDGE('',*,*,#3857,.T.);
#4396 = ORIENTED_EDGE('',*,*,#4161,.F.);
#4397 = ORIENTED_EDGE('',*,*,#4305,.F.);
#4398 = ORIENTED_EDGE('',*,*,#4399,.T.);
#4399 = EDGE_CURVE('',#4306,#3783,#4400,.T.);
#4400 = SURFACE_CURVE('',#4401,(#4405,#4412),.PCURVE_S1.);
#4401 = LINE('',#4402,#4403);
#4402 = CARTESIAN_POINT('',(-84.5,66.,208.6));
#4403 = VECTOR('',#4404,1.);
#4404 = DIRECTION('',(0.,-1.,0.));
#4405 = PCURVE('',#3870,#4406);
#4406 = DEFINITIONAL_REPRESENTATION('',(#4407),#4411);
#4407 = LINE('',#4408,#4409);
#4408 = CARTESIAN_POINT('',(12.,-7.5));
#4409 = VECTOR('',#4410,1.);
#4410 = DIRECTION('',(0.,1.));
#4411 = ( GEOMETRIC_REPRESENTATION_CONTEXT(2) 
PARAMETRIC_REPRESENTATION_CONTEXT() REPRESENTATION_CONTEXT('2D SPACE',''
  ) );
#4412 = PCURVE('',#3797,#4413);
#4413 = DEFINITIONAL_REPRESENTATION('',(#4414),#4418);
#4414 = LINE('',#4415,#4416);
#4415 = CARTESIAN_POINT('',(8.,7.5));
#4416 = VECTOR('',#4417,1.);
#4417 = DIRECTION('',(0.,-1.));
#4418 = ( GEOMETRIC_REPRESENTATION_CONTEXT(2) 
PARAMETRIC_REPRESENTATION_CONTEXT() REPRESENTATION_CONTEXT('2D SPACE',''
  ) );
#4419 = ADVANCED_FACE('',(#4420),#3797,.F.);
#4420 = FACE_BOUND('',#4421,.F.);
#4421 = EDGE_LOOP('',(#4422,#4423,#4424,#4425,#4446));
#4422 = ORIENTED_EDGE('',*,*,#3780,.T.);
#4423 = ORIENTED_EDGE('',*,*,#4399,.F.);
#4424 = ORIENTED_EDGE('',*,*,#4327,.F.);
#4425 = ORIENTED_EDGE('',*,*,#4426,.F.);
#4426 = EDGE_CURVE('',#2798,#4328,#4427,.T.);
#4427 = SURFACE_CURVE('',#4428,(#4432,#4439),.PCURVE_S1.);
#4428 = LINE('',#4429,#4430);
#4429 = CARTESIAN_POINT('',(-92.5,60.5,208.6));
#4430 = VECTOR('',#4431,1.);
#4431 = DIRECTION('',(0.,1.,0.));
#4432 = PCURVE('',#3797,#4433);
#4433 = DEFINITIONAL_REPRESENTATION('',(#4434),#4438);
#4434 = LINE('',#4435,#4436);
#4435 = CARTESIAN_POINT('',(0.,2.));
#4436 = VECTOR('',#4437,1.);
#4437 = DIRECTION('',(0.,1.));
#4438 = ( GEOMETRIC_REPRESENTATION_CONTEXT(2) 
PARAMETRIC_REPRESENTATION_CONTEXT() REPRESENTATION_CONTEXT('2D SPACE',''
  ) );
#4439 = PCURVE('',#2812,#4440);
#4440 = DEFINITIONAL_REPRESENTATION('',(#4441),#4445);
#4441 = LINE('',#4442,#4443);
#4442 = CARTESIAN_POINT('',(13.,1.));
#4443 = VECTOR('',#4444,1.);
#4444 = DIRECTION('',(0.,-1.));
#4445 = ( GEOMETRIC_REPRESENTATION_CONTEXT(2) 
PARAMETRIC_REPRESENTATION_CONTEXT() REPRESENTATION_CONTEXT('2D SPACE',''
  ) );
#4446 = ORIENTED_EDGE('',*,*,#4447,.T.);
#4447 = EDGE_CURVE('',#2798,#3781,#4448,.T.);
#4448 = SURFACE_CURVE('',#4449,(#4453,#4460),.PCURVE_S1.);
#4449 = LINE('',#4450,#4451);
#4450 = CARTESIAN_POINT('',(-92.5,62.,208.6));
#4451 = VECTOR('',#4452,1.);
#4452 = DIRECTION('',(0.,-1.,0.));
#4453 = PCURVE('',#3797,#4454);
#4454 = DEFINITIONAL_REPRESENTATION('',(#4455),#4459);
#4455 = LINE('',#4456,#4457);
#4456 = CARTESIAN_POINT('',(0.,3.5));
#4457 = VECTOR('',#4458,1.);
#4458 = DIRECTION('',(0.,-1.));
#4459 = ( GEOMETRIC_REPRESENTATION_CONTEXT(2) 
PARAMETRIC_REPRESENTATION_CONTEXT() REPRESENTATION_CONTEXT('2D SPACE',''
  ) );
#4460 = PCURVE('',#2838,#4461);
#4461 = DEFINITIONAL_REPRESENTATION('',(#4462),#4466);
#4462 = LINE('',#4463,#4464);
#4463 = CARTESIAN_POINT('',(12.,-3.5));
#4464 = VECTOR('',#4465,1.);
#4465 = DIRECTION('',(0.,1.));
#4466 = ( GEOMETRIC_REPRESENTATION_CONTEXT(2) 
PARAMETRIC_REPRESENTATION_CONTEXT() REPRESENTATION_CONTEXT('2D SPACE',''
  ) );
#4467 = ADVANCED_FACE('',(#4468),#3741,.T.);
#4468 = FACE_BOUND('',#4469,.T.);
#4469 = EDGE_LOOP('',(#4470,#4491,#4492,#4515,#4542));
#4470 = ORIENTED_EDGE('',*,*,#4471,.F.);
#4471 = EDGE_CURVE('',#3706,#2582,#4472,.T.);
#4472 = SURFACE_CURVE('',#4473,(#4477,#4484),.PCURVE_S1.);
#4473 = LINE('',#4474,#4475);
#4474 = CARTESIAN_POINT('',(-91.5,59.5,178.5));
#4475 = VECTOR('',#4476,1.);
#4476 = DIRECTION('',(0.,1.,0.));
#4477 = PCURVE('',#3741,#4478);
#4478 = DEFINITIONAL_REPRESENTATION('',(#4479),#4483);
#4479 = LINE('',#4480,#4481);
#4480 = CARTESIAN_POINT('',(0.,1.));
#4481 = VECTOR('',#4482,1.);
#4482 = DIRECTION('',(0.,1.));
#4483 = ( GEOMETRIC_REPRESENTATION_CONTEXT(2) 
PARAMETRIC_REPRESENTATION_CONTEXT() REPRESENTATION_CONTEXT('2D SPACE',''
  ) );
#4484 = PCURVE('',#2596,#4485);
#4485 = DEFINITIONAL_REPRESENTATION('',(#4486),#4490);
#4486 = LINE('',#4487,#4488);
#4487 = CARTESIAN_POINT('',(0.,-1.));
#4488 = VECTOR('',#4489,1.);
#4489 = DIRECTION('',(0.,-1.));
#4490 = ( GEOMETRIC_REPRESENTATION_CONTEXT(2) 
PARAMETRIC_REPRESENTATION_CONTEXT() REPRESENTATION_CONTEXT('2D SPACE',''
  ) );
#4491 = ORIENTED_EDGE('',*,*,#3726,.T.);
#4492 = ORIENTED_EDGE('',*,*,#4493,.F.);
#4493 = EDGE_CURVE('',#4494,#3727,#4496,.T.);
#4494 = VERTEX_POINT('',#4495);
#4495 = CARTESIAN_POINT('',(-81.5,66.,178.5));
#4496 = SURFACE_CURVE('',#4497,(#4501,#4508),.PCURVE_S1.);
#4497 = LINE('',#4498,#4499);
#4498 = CARTESIAN_POINT('',(-81.5,66.,178.5));
#4499 = VECTOR('',#4500,1.);
#4500 = DIRECTION('',(0.,-1.,0.));
#4501 = PCURVE('',#3741,#4502);
#4502 = DEFINITIONAL_REPRESENTATION('',(#4503),#4507);
#4503 = LINE('',#4504,#4505);
#4504 = CARTESIAN_POINT('',(10.,7.5));
#4505 = VECTOR('',#4506,1.);
#4506 = DIRECTION('',(0.,-1.));
#4507 = ( GEOMETRIC_REPRESENTATION_CONTEXT(2) 
PARAMETRIC_REPRESENTATION_CONTEXT() REPRESENTATION_CONTEXT('2D SPACE',''
  ) );
#4508 = PCURVE('',#3766,#4509);
#4509 = DEFINITIONAL_REPRESENTATION('',(#4510),#4514);
#4510 = LINE('',#4511,#4512);
#4511 = CARTESIAN_POINT('',(0.,-7.5));
#4512 = VECTOR('',#4513,1.);
#4513 = DIRECTION('',(0.,1.));
#4514 = ( GEOMETRIC_REPRESENTATION_CONTEXT(2) 
PARAMETRIC_REPRESENTATION_CONTEXT() REPRESENTATION_CONTEXT('2D SPACE',''
  ) );
#4515 = ORIENTED_EDGE('',*,*,#4516,.F.);
#4516 = EDGE_CURVE('',#4517,#4494,#4519,.T.);
#4517 = VERTEX_POINT('',#4518);
#4518 = CARTESIAN_POINT('',(-91.5,66.,178.5));
#4519 = SURFACE_CURVE('',#4520,(#4524,#4531),.PCURVE_S1.);
#4520 = LINE('',#4521,#4522);
#4521 = CARTESIAN_POINT('',(-91.5,66.,178.5));
#4522 = VECTOR('',#4523,1.);
#4523 = DIRECTION('',(1.,0.,0.));
#4524 = PCURVE('',#3741,#4525);
#4525 = DEFINITIONAL_REPRESENTATION('',(#4526),#4530);
#4526 = LINE('',#4527,#4528);
#4527 = CARTESIAN_POINT('',(0.,7.5));
#4528 = VECTOR('',#4529,1.);
#4529 = DIRECTION('',(1.,0.));
#4530 = ( GEOMETRIC_REPRESENTATION_CONTEXT(2) 
PARAMETRIC_REPRESENTATION_CONTEXT() REPRESENTATION_CONTEXT('2D SPACE',''
  ) );
#4531 = PCURVE('',#4532,#4537);
#4532 = PLANE('',#4533);
#4533 = AXIS2_PLACEMENT_3D('',#4534,#4535,#4536);
#4534 = CARTESIAN_POINT('',(-91.5,66.,177.5));
#4535 = DIRECTION('',(0.,1.,0.));
#4536 = DIRECTION('',(0.,0.,1.));
#4537 = DEFINITIONAL_REPRESENTATION('',(#4538),#4541);
#4538 = B_SPLINE_CURVE_WITH_KNOTS('',1,(#4539,#4540),.UNSPECIFIED.,.F.,
  .F.,(2,2),(0.,10.),.PIECEWISE_BEZIER_KNOTS.);
#4539 = CARTESIAN_POINT('',(1.,0.));
#4540 = CARTESIAN_POINT('',(1.,10.));
#4541 = ( GEOMETRIC_REPRESENTATION_CONTEXT(2) 
PARAMETRIC_REPRESENTATION_CONTEXT() REPRESENTATION_CONTEXT('2D SPACE',''
  ) );
#4542 = ORIENTED_EDGE('',*,*,#4543,.F.);
#4543 = EDGE_CURVE('',#2582,#4517,#4544,.T.);
#4544 = SURFACE_CURVE('',#4545,(#4549,#4556),.PCURVE_S1.);
#4545 = LINE('',#4546,#4547);
#4546 = CARTESIAN_POINT('',(-91.5,60.5,178.5));
#4547 = VECTOR('',#4548,1.);
#4548 = DIRECTION('',(0.,1.,0.));
#4549 = PCURVE('',#3741,#4550);
#4550 = DEFINITIONAL_REPRESENTATION('',(#4551),#4555);
#4551 = LINE('',#4552,#4553);
#4552 = CARTESIAN_POINT('',(0.,2.));
#4553 = VECTOR('',#4554,1.);
#4554 = DIRECTION('',(0.,1.));
#4555 = ( GEOMETRIC_REPRESENTATION_CONTEXT(2) 
PARAMETRIC_REPRESENTATION_CONTEXT() REPRESENTATION_CONTEXT('2D SPACE',''
  ) );
#4556 = PCURVE('',#2622,#4557);
#4557 = DEFINITIONAL_REPRESENTATION('',(#4558),#4562);
#4558 = LINE('',#4559,#4560);
#4559 = CARTESIAN_POINT('',(1.,1.));
#4560 = VECTOR('',#4561,1.);
#4561 = DIRECTION('',(0.,-1.));
#4562 = ( GEOMETRIC_REPRESENTATION_CONTEXT(2) 
PARAMETRIC_REPRESENTATION_CONTEXT() REPRESENTATION_CONTEXT('2D SPACE',''
  ) );
#4563 = ADVANCED_FACE('',(#4564),#4532,.T.);
#4564 = FACE_BOUND('',#4565,.T.);
#4565 = EDGE_LOOP('',(#4566,#4591,#4614,#4635,#4636,#4658,#4680,#4703));
#4566 = ORIENTED_EDGE('',*,*,#4567,.F.);
#4567 = EDGE_CURVE('',#4568,#4570,#4572,.T.);
#4568 = VERTEX_POINT('',#4569);
#4569 = CARTESIAN_POINT('',(-80.5,66.,177.5));
#4570 = VERTEX_POINT('',#4571);
#4571 = CARTESIAN_POINT('',(-80.5,66.,195.5));
#4572 = SURFACE_CURVE('',#4573,(#4577,#4584),.PCURVE_S1.);
#4573 = LINE('',#4574,#4575);
#4574 = CARTESIAN_POINT('',(-80.5,66.,177.5));
#4575 = VECTOR('',#4576,1.);
#4576 = DIRECTION('',(0.,0.,1.));
#4577 = PCURVE('',#4532,#4578);
#4578 = DEFINITIONAL_REPRESENTATION('',(#4579),#4583);
#4579 = LINE('',#4580,#4581);
#4580 = CARTESIAN_POINT('',(0.,11.));
#4581 = VECTOR('',#4582,1.);
#4582 = DIRECTION('',(1.,0.));
#4583 = ( GEOMETRIC_REPRESENTATION_CONTEXT(2) 
PARAMETRIC_REPRESENTATION_CONTEXT() REPRESENTATION_CONTEXT('2D SPACE',''
  ) );
#4584 = PCURVE('',#2674,#4585);
#4585 = DEFINITIONAL_REPRESENTATION('',(#4586),#4590);
#4586 = LINE('',#4587,#4588);
#4587 = CARTESIAN_POINT('',(0.,-4.5));
#4588 = VECTOR('',#4589,1.);
#4589 = DIRECTION('',(1.,0.));
#4590 = ( GEOMETRIC_REPRESENTATION_CONTEXT(2) 
PARAMETRIC_REPRESENTATION_CONTEXT() REPRESENTATION_CONTEXT('2D SPACE',''
  ) );
#4591 = ORIENTED_EDGE('',*,*,#4592,.F.);
#4592 = EDGE_CURVE('',#4593,#4568,#4595,.T.);
#4593 = VERTEX_POINT('',#4594);
#4594 = CARTESIAN_POINT('',(-91.5,66.,177.5));
#4595 = SURFACE_CURVE('',#4596,(#4600,#4607),.PCURVE_S1.);
#4596 = LINE('',#4597,#4598);
#4597 = CARTESIAN_POINT('',(-91.5,66.,177.5));
#4598 = VECTOR('',#4599,1.);
#4599 = DIRECTION('',(1.,0.,0.));
#4600 = PCURVE('',#4532,#4601);
#4601 = DEFINITIONAL_REPRESENTATION('',(#4602),#4606);
#4602 = LINE('',#4603,#4604);
#4603 = CARTESIAN_POINT('',(0.,0.));
#4604 = VECTOR('',#4605,1.);
#4605 = DIRECTION('',(0.,1.));
#4606 = ( GEOMETRIC_REPRESENTATION_CONTEXT(2) 
PARAMETRIC_REPRESENTATION_CONTEXT() REPRESENTATION_CONTEXT('2D SPACE',''
  ) );
#4607 = PCURVE('',#2648,#4608);
#4608 = DEFINITIONAL_REPRESENTATION('',(#4609),#4613);
#4609 = LINE('',#4610,#4611);
#4610 = CARTESIAN_POINT('',(0.,4.5));
#4611 = VECTOR('',#4612,1.);
#4612 = DIRECTION('',(1.,0.));
#4613 = ( GEOMETRIC_REPRESENTATION_CONTEXT(2) 
PARAMETRIC_REPRESENTATION_CONTEXT() REPRESENTATION_CONTEXT('2D SPACE',''
  ) );
#4614 = ORIENTED_EDGE('',*,*,#4615,.T.);
#4615 = EDGE_CURVE('',#4593,#4517,#4616,.T.);
#4616 = SURFACE_CURVE('',#4617,(#4621,#4628),.PCURVE_S1.);
#4617 = LINE('',#4618,#4619);
#4618 = CARTESIAN_POINT('',(-91.5,66.,177.5));
#4619 = VECTOR('',#4620,1.);
#4620 = DIRECTION('',(0.,0.,1.));
#4621 = PCURVE('',#4532,#4622);
#4622 = DEFINITIONAL_REPRESENTATION('',(#4623),#4627);
#4623 = LINE('',#4624,#4625);
#4624 = CARTESIAN_POINT('',(0.,0.));
#4625 = VECTOR('',#4626,1.);
#4626 = DIRECTION('',(1.,0.));
#4627 = ( GEOMETRIC_REPRESENTATION_CONTEXT(2) 
PARAMETRIC_REPRESENTATION_CONTEXT() REPRESENTATION_CONTEXT('2D SPACE',''
  ) );
#4628 = PCURVE('',#2622,#4629);
#4629 = DEFINITIONAL_REPRESENTATION('',(#4630),#4634);
#4630 = LINE('',#4631,#4632);
#4631 = CARTESIAN_POINT('',(0.,-4.5));
#4632 = VECTOR('',#4633,1.);
#4633 = DIRECTION('',(1.,0.));
#4634 = ( GEOMETRIC_REPRESENTATION_CONTEXT(2) 
PARAMETRIC_REPRESENTATION_CONTEXT() REPRESENTATION_CONTEXT('2D SPACE',''
  ) );
#4635 = ORIENTED_EDGE('',*,*,#4516,.T.);
#4636 = ORIENTED_EDGE('',*,*,#4637,.F.);
#4637 = EDGE_CURVE('',#4638,#4494,#4640,.T.);
#4638 = VERTEX_POINT('',#4639);
#4639 = CARTESIAN_POINT('',(-81.5,66.,194.5));
#4640 = SURFACE_CURVE('',#4641,(#4645,#4651),.PCURVE_S1.);
#4641 = LINE('',#4642,#4643);
#4642 = CARTESIAN_POINT('',(-81.5,66.,178.));
#4643 = VECTOR('',#4644,1.);
#4644 = DIRECTION('',(0.,0.,-1.));
#4645 = PCURVE('',#4532,#4646);
#4646 = DEFINITIONAL_REPRESENTATION('',(#4647),#4650);
#4647 = B_SPLINE_CURVE_WITH_KNOTS('',1,(#4648,#4649),.UNSPECIFIED.,.F.,
  .F.,(2,2),(-16.5,-0.5),.PIECEWISE_BEZIER_KNOTS.);
#4648 = CARTESIAN_POINT('',(17.,10.));
#4649 = CARTESIAN_POINT('',(1.,10.));
#4650 = ( GEOMETRIC_REPRESENTATION_CONTEXT(2) 
PARAMETRIC_REPRESENTATION_CONTEXT() REPRESENTATION_CONTEXT('2D SPACE',''
  ) );
#4651 = PCURVE('',#3766,#4652);
#4652 = DEFINITIONAL_REPRESENTATION('',(#4653),#4657);
#4653 = LINE('',#4654,#4655);
#4654 = CARTESIAN_POINT('',(-0.5,-7.5));
#4655 = VECTOR('',#4656,1.);
#4656 = DIRECTION('',(-1.,0.));
#4657 = ( GEOMETRIC_REPRESENTATION_CONTEXT(2) 
PARAMETRIC_REPRESENTATION_CONTEXT() REPRESENTATION_CONTEXT('2D SPACE',''
  ) );
#4658 = ORIENTED_EDGE('',*,*,#4659,.F.);
#4659 = EDGE_CURVE('',#4660,#4638,#4662,.T.);
#4660 = VERTEX_POINT('',#4661);
#4661 = CARTESIAN_POINT('',(-91.5,66.,194.5));
#4662 = SURFACE_CURVE('',#4663,(#4667,#4673),.PCURVE_S1.);
#4663 = LINE('',#4664,#4665);
#4664 = CARTESIAN_POINT('',(-91.5,66.,194.5));
#4665 = VECTOR('',#4666,1.);
#4666 = DIRECTION('',(1.,0.,0.));
#4667 = PCURVE('',#4532,#4668);
#4668 = DEFINITIONAL_REPRESENTATION('',(#4669),#4672);
#4669 = B_SPLINE_CURVE_WITH_KNOTS('',1,(#4670,#4671),.UNSPECIFIED.,.F.,
  .F.,(2,2),(0.,10.),.PIECEWISE_BEZIER_KNOTS.);
#4670 = CARTESIAN_POINT('',(17.,0.));
#4671 = CARTESIAN_POINT('',(17.,10.));
#4672 = ( GEOMETRIC_REPRESENTATION_CONTEXT(2) 
PARAMETRIC_REPRESENTATION_CONTEXT() REPRESENTATION_CONTEXT('2D SPACE',''
  ) );
#4673 = PCURVE('',#3693,#4674);
#4674 = DEFINITIONAL_REPRESENTATION('',(#4675),#4679);
#4675 = LINE('',#4676,#4677);
#4676 = CARTESIAN_POINT('',(0.,7.5));
#4677 = VECTOR('',#4678,1.);
#4678 = DIRECTION('',(1.,0.));
#4679 = ( GEOMETRIC_REPRESENTATION_CONTEXT(2) 
PARAMETRIC_REPRESENTATION_CONTEXT() REPRESENTATION_CONTEXT('2D SPACE',''
  ) );
#4680 = ORIENTED_EDGE('',*,*,#4681,.T.);
#4681 = EDGE_CURVE('',#4660,#4682,#4684,.T.);
#4682 = VERTEX_POINT('',#4683);
#4683 = CARTESIAN_POINT('',(-91.5,66.,195.5));
#4684 = SURFACE_CURVE('',#4685,(#4689,#4696),.PCURVE_S1.);
#4685 = LINE('',#4686,#4687);
#4686 = CARTESIAN_POINT('',(-91.5,66.,177.5));
#4687 = VECTOR('',#4688,1.);
#4688 = DIRECTION('',(0.,0.,1.));
#4689 = PCURVE('',#4532,#4690);
#4690 = DEFINITIONAL_REPRESENTATION('',(#4691),#4695);
#4691 = LINE('',#4692,#4693);
#4692 = CARTESIAN_POINT('',(0.,0.));
#4693 = VECTOR('',#4694,1.);
#4694 = DIRECTION('',(1.,0.));
#4695 = ( GEOMETRIC_REPRESENTATION_CONTEXT(2) 
PARAMETRIC_REPRESENTATION_CONTEXT() REPRESENTATION_CONTEXT('2D SPACE',''
  ) );
#4696 = PCURVE('',#2570,#4697);
#4697 = DEFINITIONAL_REPRESENTATION('',(#4698),#4702);
#4698 = LINE('',#4699,#4700);
#4699 = CARTESIAN_POINT('',(0.,-4.5));
#4700 = VECTOR('',#4701,1.);
#4701 = DIRECTION('',(1.,0.));
#4702 = ( GEOMETRIC_REPRESENTATION_CONTEXT(2) 
PARAMETRIC_REPRESENTATION_CONTEXT() REPRESENTATION_CONTEXT('2D SPACE',''
  ) );
#4703 = ORIENTED_EDGE('',*,*,#4704,.T.);
#4704 = EDGE_CURVE('',#4682,#4570,#4705,.T.);
#4705 = SURFACE_CURVE('',#4706,(#4710,#4717),.PCURVE_S1.);
#4706 = LINE('',#4707,#4708);
#4707 = CARTESIAN_POINT('',(-91.5,66.,195.5));
#4708 = VECTOR('',#4709,1.);
#4709 = DIRECTION('',(1.,0.,0.));
#4710 = PCURVE('',#4532,#4711);
#4711 = DEFINITIONAL_REPRESENTATION('',(#4712),#4716);
#4712 = LINE('',#4713,#4714);
#4713 = CARTESIAN_POINT('',(18.,0.));
#4714 = VECTOR('',#4715,1.);
#4715 = DIRECTION('',(0.,1.));
#4716 = ( GEOMETRIC_REPRESENTATION_CONTEXT(2) 
PARAMETRIC_REPRESENTATION_CONTEXT() REPRESENTATION_CONTEXT('2D SPACE',''
  ) );
#4717 = PCURVE('',#2782,#4718);
#4718 = DEFINITIONAL_REPRESENTATION('',(#4719),#4723);
#4719 = LINE('',#4720,#4721);
#4720 = CARTESIAN_POINT('',(0.,4.5));
#4721 = VECTOR('',#4722,1.);
#4722 = DIRECTION('',(1.,0.));
#4723 = ( GEOMETRIC_REPRESENTATION_CONTEXT(2) 
PARAMETRIC_REPRESENTATION_CONTEXT() REPRESENTATION_CONTEXT('2D SPACE',''
  ) );
#4724 = ADVANCED_FACE('',(#4725),#3766,.F.);
#4725 = FACE_BOUND('',#4726,.F.);
#4726 = EDGE_LOOP('',(#4727,#4728,#4729,#4730));
#4727 = ORIENTED_EDGE('',*,*,#3753,.T.);
#4728 = ORIENTED_EDGE('',*,*,#4493,.F.);
#4729 = ORIENTED_EDGE('',*,*,#4637,.F.);
#4730 = ORIENTED_EDGE('',*,*,#4731,.T.);
#4731 = EDGE_CURVE('',#4638,#3679,#4732,.T.);
#4732 = SURFACE_CURVE('',#4733,(#4737,#4744),.PCURVE_S1.);
#4733 = LINE('',#4734,#4735);
#4734 = CARTESIAN_POINT('',(-81.5,66.,194.5));
#4735 = VECTOR('',#4736,1.);
#4736 = DIRECTION('',(0.,-1.,0.));
#4737 = PCURVE('',#3766,#4738);
#4738 = DEFINITIONAL_REPRESENTATION('',(#4739),#4743);
#4739 = LINE('',#4740,#4741);
#4740 = CARTESIAN_POINT('',(16.,-7.5));
#4741 = VECTOR('',#4742,1.);
#4742 = DIRECTION('',(0.,1.));
#4743 = ( GEOMETRIC_REPRESENTATION_CONTEXT(2) 
PARAMETRIC_REPRESENTATION_CONTEXT() REPRESENTATION_CONTEXT('2D SPACE',''
  ) );
#4744 = PCURVE('',#3693,#4745);
#4745 = DEFINITIONAL_REPRESENTATION('',(#4746),#4750);
#4746 = LINE('',#4747,#4748);
#4747 = CARTESIAN_POINT('',(10.,7.5));
#4748 = VECTOR('',#4749,1.);
#4749 = DIRECTION('',(0.,-1.));
#4750 = ( GEOMETRIC_REPRESENTATION_CONTEXT(2) 
PARAMETRIC_REPRESENTATION_CONTEXT() REPRESENTATION_CONTEXT('2D SPACE',''
  ) );
#4751 = ADVANCED_FACE('',(#4752),#3693,.F.);
#4752 = FACE_BOUND('',#4753,.F.);
#4753 = EDGE_LOOP('',(#4754,#4755,#4756,#4757,#4778));
#4754 = ORIENTED_EDGE('',*,*,#3676,.T.);
#4755 = ORIENTED_EDGE('',*,*,#4731,.F.);
#4756 = ORIENTED_EDGE('',*,*,#4659,.F.);
#4757 = ORIENTED_EDGE('',*,*,#4758,.F.);
#4758 = EDGE_CURVE('',#2556,#4660,#4759,.T.);
#4759 = SURFACE_CURVE('',#4760,(#4764,#4771),.PCURVE_S1.);
#4760 = LINE('',#4761,#4762);
#4761 = CARTESIAN_POINT('',(-91.5,60.5,194.5));
#4762 = VECTOR('',#4763,1.);
#4763 = DIRECTION('',(0.,1.,0.));
#4764 = PCURVE('',#3693,#4765);
#4765 = DEFINITIONAL_REPRESENTATION('',(#4766),#4770);
#4766 = LINE('',#4767,#4768);
#4767 = CARTESIAN_POINT('',(0.,2.));
#4768 = VECTOR('',#4769,1.);
#4769 = DIRECTION('',(0.,1.));
#4770 = ( GEOMETRIC_REPRESENTATION_CONTEXT(2) 
PARAMETRIC_REPRESENTATION_CONTEXT() REPRESENTATION_CONTEXT('2D SPACE',''
  ) );
#4771 = PCURVE('',#2570,#4772);
#4772 = DEFINITIONAL_REPRESENTATION('',(#4773),#4777);
#4773 = LINE('',#4774,#4775);
#4774 = CARTESIAN_POINT('',(17.,1.));
#4775 = VECTOR('',#4776,1.);
#4776 = DIRECTION('',(0.,-1.));
#4777 = ( GEOMETRIC_REPRESENTATION_CONTEXT(2) 
PARAMETRIC_REPRESENTATION_CONTEXT() REPRESENTATION_CONTEXT('2D SPACE',''
  ) );
#4778 = ORIENTED_EDGE('',*,*,#4779,.T.);
#4779 = EDGE_CURVE('',#2556,#3677,#4780,.T.);
#4780 = SURFACE_CURVE('',#4781,(#4785,#4792),.PCURVE_S1.);
#4781 = LINE('',#4782,#4783);
#4782 = CARTESIAN_POINT('',(-91.5,62.,194.5));
#4783 = VECTOR('',#4784,1.);
#4784 = DIRECTION('',(0.,-1.,0.));
#4785 = PCURVE('',#3693,#4786);
#4786 = DEFINITIONAL_REPRESENTATION('',(#4787),#4791);
#4787 = LINE('',#4788,#4789);
#4788 = CARTESIAN_POINT('',(0.,3.5));
#4789 = VECTOR('',#4790,1.);
#4790 = DIRECTION('',(0.,-1.));
#4791 = ( GEOMETRIC_REPRESENTATION_CONTEXT(2) 
PARAMETRIC_REPRESENTATION_CONTEXT() REPRESENTATION_CONTEXT('2D SPACE',''
  ) );
#4792 = PCURVE('',#2596,#4793);
#4793 = DEFINITIONAL_REPRESENTATION('',(#4794),#4798);
#4794 = LINE('',#4795,#4796);
#4795 = CARTESIAN_POINT('',(16.,-3.5));
#4796 = VECTOR('',#4797,1.);
#4797 = DIRECTION('',(0.,1.));
#4798 = ( GEOMETRIC_REPRESENTATION_CONTEXT(2) 
PARAMETRIC_REPRESENTATION_CONTEXT() REPRESENTATION_CONTEXT('2D SPACE',''
  ) );
#4799 = ADVANCED_FACE('',(#4800),#3637,.T.);
#4800 = FACE_BOUND('',#4801,.T.);
#4801 = EDGE_LOOP('',(#4802,#4823,#4824,#4847,#4874));
#4802 = ORIENTED_EDGE('',*,*,#4803,.F.);
#4803 = EDGE_CURVE('',#3602,#2424,#4804,.T.);
#4804 = SURFACE_CURVE('',#4805,(#4809,#4816),.PCURVE_S1.);
#4805 = LINE('',#4806,#4807);
#4806 = CARTESIAN_POINT('',(-90.,59.5,167.3));
#4807 = VECTOR('',#4808,1.);
#4808 = DIRECTION('',(0.,1.,0.));
#4809 = PCURVE('',#3637,#4810);
#4810 = DEFINITIONAL_REPRESENTATION('',(#4811),#4815);
#4811 = LINE('',#4812,#4813);
#4812 = CARTESIAN_POINT('',(0.,1.));
#4813 = VECTOR('',#4814,1.);
#4814 = DIRECTION('',(0.,1.));
#4815 = ( GEOMETRIC_REPRESENTATION_CONTEXT(2) 
PARAMETRIC_REPRESENTATION_CONTEXT() REPRESENTATION_CONTEXT('2D SPACE',''
  ) );
#4816 = PCURVE('',#2438,#4817);
#4817 = DEFINITIONAL_REPRESENTATION('',(#4818),#4822);
#4818 = LINE('',#4819,#4820);
#4819 = CARTESIAN_POINT('',(0.,-1.));
#4820 = VECTOR('',#4821,1.);
#4821 = DIRECTION('',(0.,-1.));
#4822 = ( GEOMETRIC_REPRESENTATION_CONTEXT(2) 
PARAMETRIC_REPRESENTATION_CONTEXT() REPRESENTATION_CONTEXT('2D SPACE',''
  ) );
#4823 = ORIENTED_EDGE('',*,*,#3622,.T.);
#4824 = ORIENTED_EDGE('',*,*,#4825,.F.);
#4825 = EDGE_CURVE('',#4826,#3623,#4828,.T.);
#4826 = VERTEX_POINT('',#4827);
#4827 = CARTESIAN_POINT('',(-83.,66.,167.3));
#4828 = SURFACE_CURVE('',#4829,(#4833,#4840),.PCURVE_S1.);
#4829 = LINE('',#4830,#4831);
#4830 = CARTESIAN_POINT('',(-83.,66.,167.3));
#4831 = VECTOR('',#4832,1.);
#4832 = DIRECTION('',(0.,-1.,0.));
#4833 = PCURVE('',#3637,#4834);
#4834 = DEFINITIONAL_REPRESENTATION('',(#4835),#4839);
#4835 = LINE('',#4836,#4837);
#4836 = CARTESIAN_POINT('',(7.,7.5));
#4837 = VECTOR('',#4838,1.);
#4838 = DIRECTION('',(0.,-1.));
#4839 = ( GEOMETRIC_REPRESENTATION_CONTEXT(2) 
PARAMETRIC_REPRESENTATION_CONTEXT() REPRESENTATION_CONTEXT('2D SPACE',''
  ) );
#4840 = PCURVE('',#3662,#4841);
#4841 = DEFINITIONAL_REPRESENTATION('',(#4842),#4846);
#4842 = LINE('',#4843,#4844);
#4843 = CARTESIAN_POINT('',(0.,-7.5));
#4844 = VECTOR('',#4845,1.);
#4845 = DIRECTION('',(0.,1.));
#4846 = ( GEOMETRIC_REPRESENTATION_CONTEXT(2) 
PARAMETRIC_REPRESENTATION_CONTEXT() REPRESENTATION_CONTEXT('2D SPACE',''
  ) );
#4847 = ORIENTED_EDGE('',*,*,#4848,.F.);
#4848 = EDGE_CURVE('',#4849,#4826,#4851,.T.);
#4849 = VERTEX_POINT('',#4850);
#4850 = CARTESIAN_POINT('',(-90.,66.,167.3));
#4851 = SURFACE_CURVE('',#4852,(#4856,#4863),.PCURVE_S1.);
#4852 = LINE('',#4853,#4854);
#4853 = CARTESIAN_POINT('',(-90.,66.,167.3));
#4854 = VECTOR('',#4855,1.);
#4855 = DIRECTION('',(1.,0.,0.));
#4856 = PCURVE('',#3637,#4857);
#4857 = DEFINITIONAL_REPRESENTATION('',(#4858),#4862);
#4858 = LINE('',#4859,#4860);
#4859 = CARTESIAN_POINT('',(0.,7.5));
#4860 = VECTOR('',#4861,1.);
#4861 = DIRECTION('',(1.,0.));
#4862 = ( GEOMETRIC_REPRESENTATION_CONTEXT(2) 
PARAMETRIC_REPRESENTATION_CONTEXT() REPRESENTATION_CONTEXT('2D SPACE',''
  ) );
#4863 = PCURVE('',#4864,#4869);
#4864 = PLANE('',#4865);
#4865 = AXIS2_PLACEMENT_3D('',#4866,#4867,#4868);
#4866 = CARTESIAN_POINT('',(-90.,66.,166.3));
#4867 = DIRECTION('',(0.,1.,0.));
#4868 = DIRECTION('',(0.,0.,1.));
#4869 = DEFINITIONAL_REPRESENTATION('',(#4870),#4873);
#4870 = B_SPLINE_CURVE_WITH_KNOTS('',1,(#4871,#4872),.UNSPECIFIED.,.F.,
  .F.,(2,2),(0.,7.),.PIECEWISE_BEZIER_KNOTS.);
#4871 = CARTESIAN_POINT('',(1.,0.));
#4872 = CARTESIAN_POINT('',(1.,7.));
#4873 = ( GEOMETRIC_REPRESENTATION_CONTEXT(2) 
PARAMETRIC_REPRESENTATION_CONTEXT() REPRESENTATION_CONTEXT('2D SPACE',''
  ) );
#4874 = ORIENTED_EDGE('',*,*,#4875,.F.);
#4875 = EDGE_CURVE('',#2424,#4849,#4876,.T.);
#4876 = SURFACE_CURVE('',#4877,(#4881,#4888),.PCURVE_S1.);
#4877 = LINE('',#4878,#4879);
#4878 = CARTESIAN_POINT('',(-90.,60.5,167.3));
#4879 = VECTOR('',#4880,1.);
#4880 = DIRECTION('',(0.,1.,0.));
#4881 = PCURVE('',#3637,#4882);
#4882 = DEFINITIONAL_REPRESENTATION('',(#4883),#4887);
#4883 = LINE('',#4884,#4885);
#4884 = CARTESIAN_POINT('',(0.,2.));
#4885 = VECTOR('',#4886,1.);
#4886 = DIRECTION('',(0.,1.));
#4887 = ( GEOMETRIC_REPRESENTATION_CONTEXT(2) 
PARAMETRIC_REPRESENTATION_CONTEXT() REPRESENTATION_CONTEXT('2D SPACE',''
  ) );
#4888 = PCURVE('',#2464,#4889);
#4889 = DEFINITIONAL_REPRESENTATION('',(#4890),#4894);
#4890 = LINE('',#4891,#4892);
#4891 = CARTESIAN_POINT('',(1.,1.));
#4892 = VECTOR('',#4893,1.);
#4893 = DIRECTION('',(0.,-1.));
#4894 = ( GEOMETRIC_REPRESENTATION_CONTEXT(2) 
PARAMETRIC_REPRESENTATION_CONTEXT() REPRESENTATION_CONTEXT('2D SPACE',''
  ) );
#4895 = ADVANCED_FACE('',(#4896),#4864,.T.);
#4896 = FACE_BOUND('',#4897,.T.);
#4897 = EDGE_LOOP('',(#4898,#4923,#4946,#4967,#4968,#4990,#5012,#5035));
#4898 = ORIENTED_EDGE('',*,*,#4899,.F.);
#4899 = EDGE_CURVE('',#4900,#4902,#4904,.T.);
#4900 = VERTEX_POINT('',#4901);
#4901 = CARTESIAN_POINT('',(-82.,66.,166.3));
#4902 = VERTEX_POINT('',#4903);
#4903 = CARTESIAN_POINT('',(-82.,66.,177.3));
#4904 = SURFACE_CURVE('',#4905,(#4909,#4916),.PCURVE_S1.);
#4905 = LINE('',#4906,#4907);
#4906 = CARTESIAN_POINT('',(-82.,66.,166.3));
#4907 = VECTOR('',#4908,1.);
#4908 = DIRECTION('',(0.,0.,1.));
#4909 = PCURVE('',#4864,#4910);
#4910 = DEFINITIONAL_REPRESENTATION('',(#4911),#4915);
#4911 = LINE('',#4912,#4913);
#4912 = CARTESIAN_POINT('',(0.,8.));
#4913 = VECTOR('',#4914,1.);
#4914 = DIRECTION('',(1.,0.));
#4915 = ( GEOMETRIC_REPRESENTATION_CONTEXT(2) 
PARAMETRIC_REPRESENTATION_CONTEXT() REPRESENTATION_CONTEXT('2D SPACE',''
  ) );
#4916 = PCURVE('',#2516,#4917);
#4917 = DEFINITIONAL_REPRESENTATION('',(#4918),#4922);
#4918 = LINE('',#4919,#4920);
#4919 = CARTESIAN_POINT('',(0.,-4.5));
#4920 = VECTOR('',#4921,1.);
#4921 = DIRECTION('',(1.,0.));
#4922 = ( GEOMETRIC_REPRESENTATION_CONTEXT(2) 
PARAMETRIC_REPRESENTATION_CONTEXT() REPRESENTATION_CONTEXT('2D SPACE',''
  ) );
#4923 = ORIENTED_EDGE('',*,*,#4924,.F.);
#4924 = EDGE_CURVE('',#4925,#4900,#4927,.T.);
#4925 = VERTEX_POINT('',#4926);
#4926 = CARTESIAN_POINT('',(-90.,66.,166.3));
#4927 = SURFACE_CURVE('',#4928,(#4932,#4939),.PCURVE_S1.);
#4928 = LINE('',#4929,#4930);
#4929 = CARTESIAN_POINT('',(-90.,66.,166.3));
#4930 = VECTOR('',#4931,1.);
#4931 = DIRECTION('',(1.,0.,0.));
#4932 = PCURVE('',#4864,#4933);
#4933 = DEFINITIONAL_REPRESENTATION('',(#4934),#4938);
#4934 = LINE('',#4935,#4936);
#4935 = CARTESIAN_POINT('',(0.,0.));
#4936 = VECTOR('',#4937,1.);
#4937 = DIRECTION('',(0.,1.));
#4938 = ( GEOMETRIC_REPRESENTATION_CONTEXT(2) 
PARAMETRIC_REPRESENTATION_CONTEXT() REPRESENTATION_CONTEXT('2D SPACE',''
  ) );
#4939 = PCURVE('',#2490,#4940);
#4940 = DEFINITIONAL_REPRESENTATION('',(#4941),#4945);
#4941 = LINE('',#4942,#4943);
#4942 = CARTESIAN_POINT('',(0.,4.5));
#4943 = VECTOR('',#4944,1.);
#4944 = DIRECTION('',(1.,0.));
#4945 = ( GEOMETRIC_REPRESENTATION_CONTEXT(2) 
PARAMETRIC_REPRESENTATION_CONTEXT() REPRESENTATION_CONTEXT('2D SPACE',''
  ) );
#4946 = ORIENTED_EDGE('',*,*,#4947,.T.);
#4947 = EDGE_CURVE('',#4925,#4849,#4948,.T.);
#4948 = SURFACE_CURVE('',#4949,(#4953,#4960),.PCURVE_S1.);
#4949 = LINE('',#4950,#4951);
#4950 = CARTESIAN_POINT('',(-90.,66.,166.3));
#4951 = VECTOR('',#4952,1.);
#4952 = DIRECTION('',(0.,0.,1.));
#4953 = PCURVE('',#4864,#4954);
#4954 = DEFINITIONAL_REPRESENTATION('',(#4955),#4959);
#4955 = LINE('',#4956,#4957);
#4956 = CARTESIAN_POINT('',(0.,0.));
#4957 = VECTOR('',#4958,1.);
#4958 = DIRECTION('',(1.,0.));
#4959 = ( GEOMETRIC_REPRESENTATION_CONTEXT(2) 
PARAMETRIC_REPRESENTATION_CONTEXT() REPRESENTATION_CONTEXT('2D SPACE',''
  ) );
#4960 = PCURVE('',#2464,#4961);
#4961 = DEFINITIONAL_REPRESENTATION('',(#4962),#4966);
#4962 = LINE('',#4963,#4964);
#4963 = CARTESIAN_POINT('',(0.,-4.5));
#4964 = VECTOR('',#4965,1.);
#4965 = DIRECTION('',(1.,0.));
#4966 = ( GEOMETRIC_REPRESENTATION_CONTEXT(2) 
PARAMETRIC_REPRESENTATION_CONTEXT() REPRESENTATION_CONTEXT('2D SPACE',''
  ) );
#4967 = ORIENTED_EDGE('',*,*,#4848,.T.);
#4968 = ORIENTED_EDGE('',*,*,#4969,.F.);
#4969 = EDGE_CURVE('',#4970,#4826,#4972,.T.);
#4970 = VERTEX_POINT('',#4971);
#4971 = CARTESIAN_POINT('',(-83.,66.,176.3));
#4972 = SURFACE_CURVE('',#4973,(#4977,#4983),.PCURVE_S1.);
#4973 = LINE('',#4974,#4975);
#4974 = CARTESIAN_POINT('',(-83.,66.,166.8));
#4975 = VECTOR('',#4976,1.);
#4976 = DIRECTION('',(0.,0.,-1.));
#4977 = PCURVE('',#4864,#4978);
#4978 = DEFINITIONAL_REPRESENTATION('',(#4979),#4982);
#4979 = B_SPLINE_CURVE_WITH_KNOTS('',1,(#4980,#4981),.UNSPECIFIED.,.F.,
  .F.,(2,2),(-9.5,-0.5),.PIECEWISE_BEZIER_KNOTS.);
#4980 = CARTESIAN_POINT('',(10.,7.));
#4981 = CARTESIAN_POINT('',(1.,7.));
#4982 = ( GEOMETRIC_REPRESENTATION_CONTEXT(2) 
PARAMETRIC_REPRESENTATION_CONTEXT() REPRESENTATION_CONTEXT('2D SPACE',''
  ) );
#4983 = PCURVE('',#3662,#4984);
#4984 = DEFINITIONAL_REPRESENTATION('',(#4985),#4989);
#4985 = LINE('',#4986,#4987);
#4986 = CARTESIAN_POINT('',(-0.5,-7.5));
#4987 = VECTOR('',#4988,1.);
#4988 = DIRECTION('',(-1.,0.));
#4989 = ( GEOMETRIC_REPRESENTATION_CONTEXT(2) 
PARAMETRIC_REPRESENTATION_CONTEXT() REPRESENTATION_CONTEXT('2D SPACE',''
  ) );
#4990 = ORIENTED_EDGE('',*,*,#4991,.F.);
#4991 = EDGE_CURVE('',#4992,#4970,#4994,.T.);
#4992 = VERTEX_POINT('',#4993);
#4993 = CARTESIAN_POINT('',(-90.,66.,176.3));
#4994 = SURFACE_CURVE('',#4995,(#4999,#5005),.PCURVE_S1.);
#4995 = LINE('',#4996,#4997);
#4996 = CARTESIAN_POINT('',(-90.,66.,176.3));
#4997 = VECTOR('',#4998,1.);
#4998 = DIRECTION('',(1.,0.,0.));
#4999 = PCURVE('',#4864,#5000);
#5000 = DEFINITIONAL_REPRESENTATION('',(#5001),#5004);
#5001 = B_SPLINE_CURVE_WITH_KNOTS('',1,(#5002,#5003),.UNSPECIFIED.,.F.,
  .F.,(2,2),(0.,7.),.PIECEWISE_BEZIER_KNOTS.);
#5002 = CARTESIAN_POINT('',(10.,0.));
#5003 = CARTESIAN_POINT('',(10.,7.));
#5004 = ( GEOMETRIC_REPRESENTATION_CONTEXT(2) 
PARAMETRIC_REPRESENTATION_CONTEXT() REPRESENTATION_CONTEXT('2D SPACE',''
  ) );
#5005 = PCURVE('',#3589,#5006);
#5006 = DEFINITIONAL_REPRESENTATION('',(#5007),#5011);
#5007 = LINE('',#5008,#5009);
#5008 = CARTESIAN_POINT('',(0.,7.5));
#5009 = VECTOR('',#5010,1.);
#5010 = DIRECTION('',(1.,0.));
#5011 = ( GEOMETRIC_REPRESENTATION_CONTEXT(2) 
PARAMETRIC_REPRESENTATION_CONTEXT() REPRESENTATION_CONTEXT('2D SPACE',''
  ) );
#5012 = ORIENTED_EDGE('',*,*,#5013,.T.);
#5013 = EDGE_CURVE('',#4992,#5014,#5016,.T.);
#5014 = VERTEX_POINT('',#5015);
#5015 = CARTESIAN_POINT('',(-90.,66.,177.3));
#5016 = SURFACE_CURVE('',#5017,(#5021,#5028),.PCURVE_S1.);
#5017 = LINE('',#5018,#5019);
#5018 = CARTESIAN_POINT('',(-90.,66.,166.3));
#5019 = VECTOR('',#5020,1.);
#5020 = DIRECTION('',(0.,0.,1.));
#5021 = PCURVE('',#4864,#5022);
#5022 = DEFINITIONAL_REPRESENTATION('',(#5023),#5027);
#5023 = LINE('',#5024,#5025);
#5024 = CARTESIAN_POINT('',(0.,0.));
#5025 = VECTOR('',#5026,1.);
#5026 = DIRECTION('',(1.,0.));
#5027 = ( GEOMETRIC_REPRESENTATION_CONTEXT(2) 
PARAMETRIC_REPRESENTATION_CONTEXT() REPRESENTATION_CONTEXT('2D SPACE',''
  ) );
#5028 = PCURVE('',#2412,#5029);
#5029 = DEFINITIONAL_REPRESENTATION('',(#5030),#5034);
#5030 = LINE('',#5031,#5032);
#5031 = CARTESIAN_POINT('',(0.,-4.5));
#5032 = VECTOR('',#5033,1.);
#5033 = DIRECTION('',(1.,0.));
#5034 = ( GEOMETRIC_REPRESENTATION_CONTEXT(2) 
PARAMETRIC_REPRESENTATION_CONTEXT() REPRESENTATION_CONTEXT('2D SPACE',''
  ) );
#5035 = ORIENTED_EDGE('',*,*,#5036,.T.);
#5036 = EDGE_CURVE('',#5014,#4902,#5037,.T.);
#5037 = SURFACE_CURVE('',#5038,(#5042,#5049),.PCURVE_S1.);
#5038 = LINE('',#5039,#5040);
#5039 = CARTESIAN_POINT('',(-90.,66.,177.3));
#5040 = VECTOR('',#5041,1.);
#5041 = DIRECTION('',(1.,0.,0.));
#5042 = PCURVE('',#4864,#5043);
#5043 = DEFINITIONAL_REPRESENTATION('',(#5044),#5048);
#5044 = LINE('',#5045,#5046);
#5045 = CARTESIAN_POINT('',(11.,0.));
#5046 = VECTOR('',#5047,1.);
#5047 = DIRECTION('',(0.,1.));
#5048 = ( GEOMETRIC_REPRESENTATION_CONTEXT(2) 
PARAMETRIC_REPRESENTATION_CONTEXT() REPRESENTATION_CONTEXT('2D SPACE',''
  ) );
#5049 = PCURVE('',#2540,#5050);
#5050 = DEFINITIONAL_REPRESENTATION('',(#5051),#5055);
#5051 = LINE('',#5052,#5053);
#5052 = CARTESIAN_POINT('',(0.,4.5));
#5053 = VECTOR('',#5054,1.);
#5054 = DIRECTION('',(1.,0.));
#5055 = ( GEOMETRIC_REPRESENTATION_CONTEXT(2) 
PARAMETRIC_REPRESENTATION_CONTEXT() REPRESENTATION_CONTEXT('2D SPACE',''
  ) );
#5056 = ADVANCED_FACE('',(#5057),#3662,.F.);
#5057 = FACE_BOUND('',#5058,.F.);
#5058 = EDGE_LOOP('',(#5059,#5060,#5061,#5062));
#5059 = ORIENTED_EDGE('',*,*,#3649,.T.);
#5060 = ORIENTED_EDGE('',*,*,#4825,.F.);
#5061 = ORIENTED_EDGE('',*,*,#4969,.F.);
#5062 = ORIENTED_EDGE('',*,*,#5063,.T.);
#5063 = EDGE_CURVE('',#4970,#3575,#5064,.T.);
#5064 = SURFACE_CURVE('',#5065,(#5069,#5076),.PCURVE_S1.);
#5065 = LINE('',#5066,#5067);
#5066 = CARTESIAN_POINT('',(-83.,66.,176.3));
#5067 = VECTOR('',#5068,1.);
#5068 = DIRECTION('',(0.,-1.,0.));
#5069 = PCURVE('',#3662,#5070);
#5070 = DEFINITIONAL_REPRESENTATION('',(#5071),#5075);
#5071 = LINE('',#5072,#5073);
#5072 = CARTESIAN_POINT('',(9.,-7.5));
#5073 = VECTOR('',#5074,1.);
#5074 = DIRECTION('',(0.,1.));
#5075 = ( GEOMETRIC_REPRESENTATION_CONTEXT(2) 
PARAMETRIC_REPRESENTATION_CONTEXT() REPRESENTATION_CONTEXT('2D SPACE',''
  ) );
#5076 = PCURVE('',#3589,#5077);
#5077 = DEFINITIONAL_REPRESENTATION('',(#5078),#5082);
#5078 = LINE('',#5079,#5080);
#5079 = CARTESIAN_POINT('',(7.,7.5));
#5080 = VECTOR('',#5081,1.);
#5081 = DIRECTION('',(0.,-1.));
#5082 = ( GEOMETRIC_REPRESENTATION_CONTEXT(2) 
PARAMETRIC_REPRESENTATION_CONTEXT() REPRESENTATION_CONTEXT('2D SPACE',''
  ) );
#5083 = ADVANCED_FACE('',(#5084),#3589,.F.);
#5084 = FACE_BOUND('',#5085,.F.);
#5085 = EDGE_LOOP('',(#5086,#5087,#5088,#5089,#5110));
#5086 = ORIENTED_EDGE('',*,*,#3572,.T.);
#5087 = ORIENTED_EDGE('',*,*,#5063,.F.);
#5088 = ORIENTED_EDGE('',*,*,#4991,.F.);
#5089 = ORIENTED_EDGE('',*,*,#5090,.F.);
#5090 = EDGE_CURVE('',#2398,#4992,#5091,.T.);
#5091 = SURFACE_CURVE('',#5092,(#5096,#5103),.PCURVE_S1.);
#5092 = LINE('',#5093,#5094);
#5093 = CARTESIAN_POINT('',(-90.,60.5,176.3));
#5094 = VECTOR('',#5095,1.);
#5095 = DIRECTION('',(0.,1.,0.));
#5096 = PCURVE('',#3589,#5097);
#5097 = DEFINITIONAL_REPRESENTATION('',(#5098),#5102);
#5098 = LINE('',#5099,#5100);
#5099 = CARTESIAN_POINT('',(0.,2.));
#5100 = VECTOR('',#5101,1.);
#5101 = DIRECTION('',(0.,1.));
#5102 = ( GEOMETRIC_REPRESENTATION_CONTEXT(2) 
PARAMETRIC_REPRESENTATION_CONTEXT() REPRESENTATION_CONTEXT('2D SPACE',''
  ) );
#5103 = PCURVE('',#2412,#5104);
#5104 = DEFINITIONAL_REPRESENTATION('',(#5105),#5109);
#5105 = LINE('',#5106,#5107);
#5106 = CARTESIAN_POINT('',(10.,1.));
#5107 = VECTOR('',#5108,1.);
#5108 = DIRECTION('',(0.,-1.));
#5109 = ( GEOMETRIC_REPRESENTATION_CONTEXT(2) 
PARAMETRIC_REPRESENTATION_CONTEXT() REPRESENTATION_CONTEXT('2D SPACE',''
  ) );
#5110 = ORIENTED_EDGE('',*,*,#5111,.T.);
#5111 = EDGE_CURVE('',#2398,#3573,#5112,.T.);
#5112 = SURFACE_CURVE('',#5113,(#5117,#5124),.PCURVE_S1.);
#5113 = LINE('',#5114,#5115);
#5114 = CARTESIAN_POINT('',(-90.,62.,176.3));
#5115 = VECTOR('',#5116,1.);
#5116 = DIRECTION('',(0.,-1.,0.));
#5117 = PCURVE('',#3589,#5118);
#5118 = DEFINITIONAL_REPRESENTATION('',(#5119),#5123);
#5119 = LINE('',#5120,#5121);
#5120 = CARTESIAN_POINT('',(0.,3.5));
#5121 = VECTOR('',#5122,1.);
#5122 = DIRECTION('',(0.,-1.));
#5123 = ( GEOMETRIC_REPRESENTATION_CONTEXT(2) 
PARAMETRIC_REPRESENTATION_CONTEXT() REPRESENTATION_CONTEXT('2D SPACE',''
  ) );
#5124 = PCURVE('',#2438,#5125);
#5125 = DEFINITIONAL_REPRESENTATION('',(#5126),#5130);
#5126 = LINE('',#5127,#5128);
#5127 = CARTESIAN_POINT('',(9.,-3.5));
#5128 = VECTOR('',#5129,1.);
#5129 = DIRECTION('',(0.,1.));
#5130 = ( GEOMETRIC_REPRESENTATION_CONTEXT(2) 
PARAMETRIC_REPRESENTATION_CONTEXT() REPRESENTATION_CONTEXT('2D SPACE',''
  ) );
#5131 = ADVANCED_FACE('',(#5132),#3532,.F.);
#5132 = FACE_BOUND('',#5133,.F.);
#5133 = EDGE_LOOP('',(#5134,#5135,#5157,#5185,#5213,#5239,#5265,#5291));
#5134 = ORIENTED_EDGE('',*,*,#3516,.F.);
#5135 = ORIENTED_EDGE('',*,*,#5136,.T.);
#5136 = EDGE_CURVE('',#3495,#5137,#5139,.T.);
#5137 = VERTEX_POINT('',#5138);
#5138 = CARTESIAN_POINT('',(-101.,-59.5,229.5));
#5139 = SURFACE_CURVE('',#5140,(#5144,#5150),.PCURVE_S1.);
#5140 = LINE('',#5141,#5142);
#5141 = CARTESIAN_POINT('',(-101.,-60.75,229.5));
#5142 = VECTOR('',#5143,1.);
#5143 = DIRECTION('',(0.,-1.,0.));
#5144 = PCURVE('',#3532,#5145);
#5145 = DEFINITIONAL_REPRESENTATION('',(#5146),#5149);
#5146 = B_SPLINE_CURVE_WITH_KNOTS('',1,(#5147,#5148),.UNSPECIFIED.,.F.,
  .F.,(2,2),(-120.25,-1.25),.PIECEWISE_BEZIER_KNOTS.);
#5147 = CARTESIAN_POINT('',(1.,119.));
#5148 = CARTESIAN_POINT('',(1.,0.));
#5149 = ( GEOMETRIC_REPRESENTATION_CONTEXT(2) 
PARAMETRIC_REPRESENTATION_CONTEXT() REPRESENTATION_CONTEXT('2D SPACE',''
  ) );
#5150 = PCURVE('',#780,#5151);
#5151 = DEFINITIONAL_REPRESENTATION('',(#5152),#5156);
#5152 = LINE('',#5153,#5154);
#5153 = CARTESIAN_POINT('',(81.5,-1.25));
#5154 = VECTOR('',#5155,1.);
#5155 = DIRECTION('',(0.,1.));
#5156 = ( GEOMETRIC_REPRESENTATION_CONTEXT(2) 
PARAMETRIC_REPRESENTATION_CONTEXT() REPRESENTATION_CONTEXT('2D SPACE',''
  ) );
#5157 = ORIENTED_EDGE('',*,*,#5158,.T.);
#5158 = EDGE_CURVE('',#5137,#5159,#5161,.T.);
#5159 = VERTEX_POINT('',#5160);
#5160 = CARTESIAN_POINT('',(-61.25,-59.5,229.5));
#5161 = SURFACE_CURVE('',#5162,(#5166,#5173),.PCURVE_S1.);
#5162 = LINE('',#5163,#5164);
#5163 = CARTESIAN_POINT('',(-102.,-59.5,229.5));
#5164 = VECTOR('',#5165,1.);
#5165 = DIRECTION('',(1.,0.,0.));
#5166 = PCURVE('',#3532,#5167);
#5167 = DEFINITIONAL_REPRESENTATION('',(#5168),#5172);
#5168 = LINE('',#5169,#5170);
#5169 = CARTESIAN_POINT('',(0.,0.));
#5170 = VECTOR('',#5171,1.);
#5171 = DIRECTION('',(1.,0.));
#5172 = ( GEOMETRIC_REPRESENTATION_CONTEXT(2) 
PARAMETRIC_REPRESENTATION_CONTEXT() REPRESENTATION_CONTEXT('2D SPACE',''
  ) );
#5173 = PCURVE('',#5174,#5179);
#5174 = PLANE('',#5175);
#5175 = AXIS2_PLACEMENT_3D('',#5176,#5177,#5178);
#5176 = CARTESIAN_POINT('',(-102.,-59.5,150.5));
#5177 = DIRECTION('',(0.,1.,0.));
#5178 = DIRECTION('',(0.,0.,1.));
#5179 = DEFINITIONAL_REPRESENTATION('',(#5180),#5184);
#5180 = LINE('',#5181,#5182);
#5181 = CARTESIAN_POINT('',(79.,0.));
#5182 = VECTOR('',#5183,1.);
#5183 = DIRECTION('',(0.,1.));
#5184 = ( GEOMETRIC_REPRESENTATION_CONTEXT(2) 
PARAMETRIC_REPRESENTATION_CONTEXT() REPRESENTATION_CONTEXT('2D SPACE',''
  ) );
#5185 = ORIENTED_EDGE('',*,*,#5186,.T.);
#5186 = EDGE_CURVE('',#5159,#5187,#5189,.T.);
#5187 = VERTEX_POINT('',#5188);
#5188 = CARTESIAN_POINT('',(-61.25,-17.,229.5));
#5189 = SURFACE_CURVE('',#5190,(#5194,#5201),.PCURVE_S1.);
#5190 = LINE('',#5191,#5192);
#5191 = CARTESIAN_POINT('',(-61.25,-59.5,229.5));
#5192 = VECTOR('',#5193,1.);
#5193 = DIRECTION('',(0.,1.,0.));
#5194 = PCURVE('',#3532,#5195);
#5195 = DEFINITIONAL_REPRESENTATION('',(#5196),#5200);
#5196 = LINE('',#5197,#5198);
#5197 = CARTESIAN_POINT('',(40.75,0.));
#5198 = VECTOR('',#5199,1.);
#5199 = DIRECTION('',(0.,1.));
#5200 = ( GEOMETRIC_REPRESENTATION_CONTEXT(2) 
PARAMETRIC_REPRESENTATION_CONTEXT() REPRESENTATION_CONTEXT('2D SPACE',''
  ) );
#5201 = PCURVE('',#5202,#5207);
#5202 = PLANE('',#5203);
#5203 = AXIS2_PLACEMENT_3D('',#5204,#5205,#5206);
#5204 = CARTESIAN_POINT('',(-61.25,-70.,148.));
#5205 = DIRECTION('',(1.,0.,0.));
#5206 = DIRECTION('',(0.,0.,1.));
#5207 = DEFINITIONAL_REPRESENTATION('',(#5208),#5212);
#5208 = LINE('',#5209,#5210);
#5209 = CARTESIAN_POINT('',(81.5,-10.5));
#5210 = VECTOR('',#5211,1.);
#5211 = DIRECTION('',(0.,-1.));
#5212 = ( GEOMETRIC_REPRESENTATION_CONTEXT(2) 
PARAMETRIC_REPRESENTATION_CONTEXT() REPRESENTATION_CONTEXT('2D SPACE',''
  ) );
#5213 = ORIENTED_EDGE('',*,*,#5214,.T.);
#5214 = EDGE_CURVE('',#5187,#5215,#5217,.T.);
#5215 = VERTEX_POINT('',#5216);
#5216 = CARTESIAN_POINT('',(-70.,-17.,229.5));
#5217 = SURFACE_CURVE('',#5218,(#5222,#5228),.PCURVE_S1.);
#5218 = LINE('',#5219,#5220);
#5219 = CARTESIAN_POINT('',(-86.,-17.,229.5));
#5220 = VECTOR('',#5221,1.);
#5221 = DIRECTION('',(-1.,0.,0.));
#5222 = PCURVE('',#3532,#5223);
#5223 = DEFINITIONAL_REPRESENTATION('',(#5224),#5227);
#5224 = B_SPLINE_CURVE_WITH_KNOTS('',1,(#5225,#5226),.UNSPECIFIED.,.F.,
  .F.,(2,2),(-24.75,-16.),.PIECEWISE_BEZIER_KNOTS.);
#5225 = CARTESIAN_POINT('',(40.75,42.5));
#5226 = CARTESIAN_POINT('',(32.,42.5));
#5227 = ( GEOMETRIC_REPRESENTATION_CONTEXT(2) 
PARAMETRIC_REPRESENTATION_CONTEXT() REPRESENTATION_CONTEXT('2D SPACE',''
  ) );
#5228 = PCURVE('',#5229,#5234);
#5229 = PLANE('',#5230);
#5230 = AXIS2_PLACEMENT_3D('',#5231,#5232,#5233);
#5231 = CARTESIAN_POINT('',(-70.,-17.,148.));
#5232 = DIRECTION('',(0.,1.,0.));
#5233 = DIRECTION('',(0.,0.,1.));
#5234 = DEFINITIONAL_REPRESENTATION('',(#5235),#5238);
#5235 = B_SPLINE_CURVE_WITH_KNOTS('',1,(#5236,#5237),.UNSPECIFIED.,.F.,
  .F.,(2,2),(-24.75,-16.),.PIECEWISE_BEZIER_KNOTS.);
#5236 = CARTESIAN_POINT('',(81.5,8.75));
#5237 = CARTESIAN_POINT('',(81.5,0.));
#5238 = ( GEOMETRIC_REPRESENTATION_CONTEXT(2) 
PARAMETRIC_REPRESENTATION_CONTEXT() REPRESENTATION_CONTEXT('2D SPACE',''
  ) );
#5239 = ORIENTED_EDGE('',*,*,#5240,.T.);
#5240 = EDGE_CURVE('',#5215,#5241,#5243,.T.);
#5241 = VERTEX_POINT('',#5242);
#5242 = CARTESIAN_POINT('',(-70.,17.,229.5));
#5243 = SURFACE_CURVE('',#5244,(#5248,#5254),.PCURVE_S1.);
#5244 = LINE('',#5245,#5246);
#5245 = CARTESIAN_POINT('',(-70.,-38.25,229.5));
#5246 = VECTOR('',#5247,1.);
#5247 = DIRECTION('',(0.,1.,0.));
#5248 = PCURVE('',#3532,#5249);
#5249 = DEFINITIONAL_REPRESENTATION('',(#5250),#5253);
#5250 = B_SPLINE_CURVE_WITH_KNOTS('',1,(#5251,#5252),.UNSPECIFIED.,.F.,
  .F.,(2,2),(21.25,55.25),.PIECEWISE_BEZIER_KNOTS.);
#5251 = CARTESIAN_POINT('',(32.,42.5));
#5252 = CARTESIAN_POINT('',(32.,76.5));
#5253 = ( GEOMETRIC_REPRESENTATION_CONTEXT(2) 
PARAMETRIC_REPRESENTATION_CONTEXT() REPRESENTATION_CONTEXT('2D SPACE',''
  ) );
#5254 = PCURVE('',#5255,#5260);
#5255 = PLANE('',#5256);
#5256 = AXIS2_PLACEMENT_3D('',#5257,#5258,#5259);
#5257 = CARTESIAN_POINT('',(-70.,-17.,148.));
#5258 = DIRECTION('',(1.,0.,0.));
#5259 = DIRECTION('',(0.,0.,1.));
#5260 = DEFINITIONAL_REPRESENTATION('',(#5261),#5264);
#5261 = B_SPLINE_CURVE_WITH_KNOTS('',1,(#5262,#5263),.UNSPECIFIED.,.F.,
  .F.,(2,2),(21.25,55.25),.PIECEWISE_BEZIER_KNOTS.);
#5262 = CARTESIAN_POINT('',(81.5,0.));
#5263 = CARTESIAN_POINT('',(81.5,-34.));
#5264 = ( GEOMETRIC_REPRESENTATION_CONTEXT(2) 
PARAMETRIC_REPRESENTATION_CONTEXT() REPRESENTATION_CONTEXT('2D SPACE',''
  ) );
#5265 = ORIENTED_EDGE('',*,*,#5266,.F.);
#5266 = EDGE_CURVE('',#5267,#5241,#5269,.T.);
#5267 = VERTEX_POINT('',#5268);
#5268 = CARTESIAN_POINT('',(-61.25,17.,229.5));
#5269 = SURFACE_CURVE('',#5270,(#5274,#5280),.PCURVE_S1.);
#5270 = LINE('',#5271,#5272);
#5271 = CARTESIAN_POINT('',(-86.,17.,229.5));
#5272 = VECTOR('',#5273,1.);
#5273 = DIRECTION('',(-1.,0.,0.));
#5274 = PCURVE('',#3532,#5275);
#5275 = DEFINITIONAL_REPRESENTATION('',(#5276),#5279);
#5276 = B_SPLINE_CURVE_WITH_KNOTS('',1,(#5277,#5278),.UNSPECIFIED.,.F.,
  .F.,(2,2),(-24.75,-16.),.PIECEWISE_BEZIER_KNOTS.);
#5277 = CARTESIAN_POINT('',(40.75,76.5));
#5278 = CARTESIAN_POINT('',(32.,76.5));
#5279 = ( GEOMETRIC_REPRESENTATION_CONTEXT(2) 
PARAMETRIC_REPRESENTATION_CONTEXT() REPRESENTATION_CONTEXT('2D SPACE',''
  ) );
#5280 = PCURVE('',#5281,#5286);
#5281 = PLANE('',#5282);
#5282 = AXIS2_PLACEMENT_3D('',#5283,#5284,#5285);
#5283 = CARTESIAN_POINT('',(-70.,17.,148.));
#5284 = DIRECTION('',(0.,1.,0.));
#5285 = DIRECTION('',(0.,0.,1.));
#5286 = DEFINITIONAL_REPRESENTATION('',(#5287),#5290);
#5287 = B_SPLINE_CURVE_WITH_KNOTS('',1,(#5288,#5289),.UNSPECIFIED.,.F.,
  .F.,(2,2),(-24.75,-16.),.PIECEWISE_BEZIER_KNOTS.);
#5288 = CARTESIAN_POINT('',(81.5,8.75));
#5289 = CARTESIAN_POINT('',(81.5,0.));
#5290 = ( GEOMETRIC_REPRESENTATION_CONTEXT(2) 
PARAMETRIC_REPRESENTATION_CONTEXT() REPRESENTATION_CONTEXT('2D SPACE',''
  ) );
#5291 = ORIENTED_EDGE('',*,*,#5292,.T.);
#5292 = EDGE_CURVE('',#5267,#3517,#5293,.T.);
#5293 = SURFACE_CURVE('',#5294,(#5298,#5305),.PCURVE_S1.);
#5294 = LINE('',#5295,#5296);
#5295 = CARTESIAN_POINT('',(-61.25,-59.5,229.5));
#5296 = VECTOR('',#5297,1.);
#5297 = DIRECTION('',(0.,1.,0.));
#5298 = PCURVE('',#3532,#5299);
#5299 = DEFINITIONAL_REPRESENTATION('',(#5300),#5304);
#5300 = LINE('',#5301,#5302);
#5301 = CARTESIAN_POINT('',(40.75,0.));
#5302 = VECTOR('',#5303,1.);
#5303 = DIRECTION('',(0.,1.));
#5304 = ( GEOMETRIC_REPRESENTATION_CONTEXT(2) 
PARAMETRIC_REPRESENTATION_CONTEXT() REPRESENTATION_CONTEXT('2D SPACE',''
  ) );
#5305 = PCURVE('',#3558,#5306);
#5306 = DEFINITIONAL_REPRESENTATION('',(#5307),#5311);
#5307 = LINE('',#5308,#5309);
#5308 = CARTESIAN_POINT('',(81.5,-10.5));
#5309 = VECTOR('',#5310,1.);
#5310 = DIRECTION('',(0.,-1.));
#5311 = ( GEOMETRIC_REPRESENTATION_CONTEXT(2) 
PARAMETRIC_REPRESENTATION_CONTEXT() REPRESENTATION_CONTEXT('2D SPACE',''
  ) );
#5312 = ADVANCED_FACE('',(#5313,#5382,#5488),#5174,.T.);
#5313 = FACE_BOUND('',#5314,.T.);
#5314 = EDGE_LOOP('',(#5315,#5340,#5360,#5361));
#5315 = ORIENTED_EDGE('',*,*,#5316,.F.);
#5316 = EDGE_CURVE('',#5317,#5319,#5321,.T.);
#5317 = VERTEX_POINT('',#5318);
#5318 = CARTESIAN_POINT('',(-101.,-59.5,150.5));
#5319 = VERTEX_POINT('',#5320);
#5320 = CARTESIAN_POINT('',(-61.25,-59.5,150.5));
#5321 = SURFACE_CURVE('',#5322,(#5326,#5333),.PCURVE_S1.);
#5322 = LINE('',#5323,#5324);
#5323 = CARTESIAN_POINT('',(-102.,-59.5,150.5));
#5324 = VECTOR('',#5325,1.);
#5325 = DIRECTION('',(1.,0.,0.));
#5326 = PCURVE('',#5174,#5327);
#5327 = DEFINITIONAL_REPRESENTATION('',(#5328),#5332);
#5328 = LINE('',#5329,#5330);
#5329 = CARTESIAN_POINT('',(0.,0.));
#5330 = VECTOR('',#5331,1.);
#5331 = DIRECTION('',(0.,1.));
#5332 = ( GEOMETRIC_REPRESENTATION_CONTEXT(2) 
PARAMETRIC_REPRESENTATION_CONTEXT() REPRESENTATION_CONTEXT('2D SPACE',''
  ) );
#5333 = PCURVE('',#3482,#5334);
#5334 = DEFINITIONAL_REPRESENTATION('',(#5335),#5339);
#5335 = LINE('',#5336,#5337);
#5336 = CARTESIAN_POINT('',(0.,0.));
#5337 = VECTOR('',#5338,1.);
#5338 = DIRECTION('',(1.,0.));
#5339 = ( GEOMETRIC_REPRESENTATION_CONTEXT(2) 
PARAMETRIC_REPRESENTATION_CONTEXT() REPRESENTATION_CONTEXT('2D SPACE',''
  ) );
#5340 = ORIENTED_EDGE('',*,*,#5341,.T.);
#5341 = EDGE_CURVE('',#5317,#5137,#5342,.T.);
#5342 = SURFACE_CURVE('',#5343,(#5347,#5353),.PCURVE_S1.);
#5343 = LINE('',#5344,#5345);
#5344 = CARTESIAN_POINT('',(-101.,-59.5,149.25));
#5345 = VECTOR('',#5346,1.);
#5346 = DIRECTION('',(0.,0.,1.));
#5347 = PCURVE('',#5174,#5348);
#5348 = DEFINITIONAL_REPRESENTATION('',(#5349),#5352);
#5349 = B_SPLINE_CURVE_WITH_KNOTS('',1,(#5350,#5351),.UNSPECIFIED.,.F.,
  .F.,(2,2),(1.25,80.25),.PIECEWISE_BEZIER_KNOTS.);
#5350 = CARTESIAN_POINT('',(0.,1.));
#5351 = CARTESIAN_POINT('',(79.,1.));
#5352 = ( GEOMETRIC_REPRESENTATION_CONTEXT(2) 
PARAMETRIC_REPRESENTATION_CONTEXT() REPRESENTATION_CONTEXT('2D SPACE',''
  ) );
#5353 = PCURVE('',#780,#5354);
#5354 = DEFINITIONAL_REPRESENTATION('',(#5355),#5359);
#5355 = LINE('',#5356,#5357);
#5356 = CARTESIAN_POINT('',(1.25,-2.5));
#5357 = VECTOR('',#5358,1.);
#5358 = DIRECTION('',(1.,0.));
#5359 = ( GEOMETRIC_REPRESENTATION_CONTEXT(2) 
PARAMETRIC_REPRESENTATION_CONTEXT() REPRESENTATION_CONTEXT('2D SPACE',''
  ) );
#5360 = ORIENTED_EDGE('',*,*,#5158,.T.);
#5361 = ORIENTED_EDGE('',*,*,#5362,.F.);
#5362 = EDGE_CURVE('',#5319,#5159,#5363,.T.);
#5363 = SURFACE_CURVE('',#5364,(#5368,#5375),.PCURVE_S1.);
#5364 = LINE('',#5365,#5366);
#5365 = CARTESIAN_POINT('',(-61.25,-59.5,150.5));
#5366 = VECTOR('',#5367,1.);
#5367 = DIRECTION('',(0.,0.,1.));
#5368 = PCURVE('',#5174,#5369);
#5369 = DEFINITIONAL_REPRESENTATION('',(#5370),#5374);
#5370 = LINE('',#5371,#5372);
#5371 = CARTESIAN_POINT('',(0.,40.75));
#5372 = VECTOR('',#5373,1.);
#5373 = DIRECTION('',(1.,0.));
#5374 = ( GEOMETRIC_REPRESENTATION_CONTEXT(2) 
PARAMETRIC_REPRESENTATION_CONTEXT() REPRESENTATION_CONTEXT('2D SPACE',''
  ) );
#5375 = PCURVE('',#5202,#5376);
#5376 = DEFINITIONAL_REPRESENTATION('',(#5377),#5381);
#5377 = LINE('',#5378,#5379);
#5378 = CARTESIAN_POINT('',(2.5,-10.5));
#5379 = VECTOR('',#5380,1.);
#5380 = DIRECTION('',(1.,0.));
#5381 = ( GEOMETRIC_REPRESENTATION_CONTEXT(2) 
PARAMETRIC_REPRESENTATION_CONTEXT() REPRESENTATION_CONTEXT('2D SPACE',''
  ) );
#5382 = FACE_BOUND('',#5383,.T.);
#5383 = EDGE_LOOP('',(#5384,#5412,#5438,#5464));
#5384 = ORIENTED_EDGE('',*,*,#5385,.F.);
#5385 = EDGE_CURVE('',#5386,#5388,#5390,.T.);
#5386 = VERTEX_POINT('',#5387);
#5387 = CARTESIAN_POINT('',(-68.15,-59.5,221.5));
#5388 = VERTEX_POINT('',#5389);
#5389 = CARTESIAN_POINT('',(-66.15,-59.5,221.5));
#5390 = SURFACE_CURVE('',#5391,(#5395,#5401),.PCURVE_S1.);
#5391 = LINE('',#5392,#5393);
#5392 = CARTESIAN_POINT('',(-85.075,-59.5,221.5));
#5393 = VECTOR('',#5394,1.);
#5394 = DIRECTION('',(1.,0.,0.));
#5395 = PCURVE('',#5174,#5396);
#5396 = DEFINITIONAL_REPRESENTATION('',(#5397),#5400);
#5397 = B_SPLINE_CURVE_WITH_KNOTS('',1,(#5398,#5399),.UNSPECIFIED.,.F.,
  .F.,(2,2),(16.925,18.925),.PIECEWISE_BEZIER_KNOTS.);
#5398 = CARTESIAN_POINT('',(71.,33.85));
#5399 = CARTESIAN_POINT('',(71.,35.85));
#5400 = ( GEOMETRIC_REPRESENTATION_CONTEXT(2) 
PARAMETRIC_REPRESENTATION_CONTEXT() REPRESENTATION_CONTEXT('2D SPACE',''
  ) );
#5401 = PCURVE('',#5402,#5407);
#5402 = PLANE('',#5403);
#5403 = AXIS2_PLACEMENT_3D('',#5404,#5405,#5406);
#5404 = CARTESIAN_POINT('',(-68.15,-62.5,221.5));
#5405 = DIRECTION('',(0.,0.,1.));
#5406 = DIRECTION('',(1.,0.,0.));
#5407 = DEFINITIONAL_REPRESENTATION('',(#5408),#5411);
#5408 = B_SPLINE_CURVE_WITH_KNOTS('',1,(#5409,#5410),.UNSPECIFIED.,.F.,
  .F.,(2,2),(16.925,18.925),.PIECEWISE_BEZIER_KNOTS.);
#5409 = CARTESIAN_POINT('',(0.,3.));
#5410 = CARTESIAN_POINT('',(2.,3.));
#5411 = ( GEOMETRIC_REPRESENTATION_CONTEXT(2) 
PARAMETRIC_REPRESENTATION_CONTEXT() REPRESENTATION_CONTEXT('2D SPACE',''
  ) );
#5412 = ORIENTED_EDGE('',*,*,#5413,.T.);
#5413 = EDGE_CURVE('',#5386,#5414,#5416,.T.);
#5414 = VERTEX_POINT('',#5415);
#5415 = CARTESIAN_POINT('',(-68.15,-59.5,203.5));
#5416 = SURFACE_CURVE('',#5417,(#5421,#5427),.PCURVE_S1.);
#5417 = LINE('',#5418,#5419);
#5418 = CARTESIAN_POINT('',(-68.15,-59.5,177.));
#5419 = VECTOR('',#5420,1.);
#5420 = DIRECTION('',(0.,0.,-1.));
#5421 = PCURVE('',#5174,#5422);
#5422 = DEFINITIONAL_REPRESENTATION('',(#5423),#5426);
#5423 = B_SPLINE_CURVE_WITH_KNOTS('',1,(#5424,#5425),.UNSPECIFIED.,.F.,
  .F.,(2,2),(-44.5,-26.5),.PIECEWISE_BEZIER_KNOTS.);
#5424 = CARTESIAN_POINT('',(71.,33.85));
#5425 = CARTESIAN_POINT('',(53.,33.85));
#5426 = ( GEOMETRIC_REPRESENTATION_CONTEXT(2) 
PARAMETRIC_REPRESENTATION_CONTEXT() REPRESENTATION_CONTEXT('2D SPACE',''
  ) );
#5427 = PCURVE('',#5428,#5433);
#5428 = PLANE('',#5429);
#5429 = AXIS2_PLACEMENT_3D('',#5430,#5431,#5432);
#5430 = CARTESIAN_POINT('',(-68.15,-62.5,203.5));
#5431 = DIRECTION('',(1.,0.,0.));
#5432 = DIRECTION('',(0.,0.,1.));
#5433 = DEFINITIONAL_REPRESENTATION('',(#5434),#5437);
#5434 = B_SPLINE_CURVE_WITH_KNOTS('',1,(#5435,#5436),.UNSPECIFIED.,.F.,
  .F.,(2,2),(-44.5,-26.5),.PIECEWISE_BEZIER_KNOTS.);
#5435 = CARTESIAN_POINT('',(18.,-3.));
#5436 = CARTESIAN_POINT('',(0.,-3.));
#5437 = ( GEOMETRIC_REPRESENTATION_CONTEXT(2) 
PARAMETRIC_REPRESENTATION_CONTEXT() REPRESENTATION_CONTEXT('2D SPACE',''
  ) );
#5438 = ORIENTED_EDGE('',*,*,#5439,.T.);
#5439 = EDGE_CURVE('',#5414,#5440,#5442,.T.);
#5440 = VERTEX_POINT('',#5441);
#5441 = CARTESIAN_POINT('',(-66.15,-59.5,203.5));
#5442 = SURFACE_CURVE('',#5443,(#5447,#5453),.PCURVE_S1.);
#5443 = LINE('',#5444,#5445);
#5444 = CARTESIAN_POINT('',(-85.075,-59.5,203.5));
#5445 = VECTOR('',#5446,1.);
#5446 = DIRECTION('',(1.,0.,0.));
#5447 = PCURVE('',#5174,#5448);
#5448 = DEFINITIONAL_REPRESENTATION('',(#5449),#5452);
#5449 = B_SPLINE_CURVE_WITH_KNOTS('',1,(#5450,#5451),.UNSPECIFIED.,.F.,
  .F.,(2,2),(16.925,18.925),.PIECEWISE_BEZIER_KNOTS.);
#5450 = CARTESIAN_POINT('',(53.,33.85));
#5451 = CARTESIAN_POINT('',(53.,35.85));
#5452 = ( GEOMETRIC_REPRESENTATION_CONTEXT(2) 
PARAMETRIC_REPRESENTATION_CONTEXT() REPRESENTATION_CONTEXT('2D SPACE',''
  ) );
#5453 = PCURVE('',#5454,#5459);
#5454 = PLANE('',#5455);
#5455 = AXIS2_PLACEMENT_3D('',#5456,#5457,#5458);
#5456 = CARTESIAN_POINT('',(-68.15,-62.5,203.5));
#5457 = DIRECTION('',(0.,0.,1.));
#5458 = DIRECTION('',(1.,0.,0.));
#5459 = DEFINITIONAL_REPRESENTATION('',(#5460),#5463);
#5460 = B_SPLINE_CURVE_WITH_KNOTS('',1,(#5461,#5462),.UNSPECIFIED.,.F.,
  .F.,(2,2),(16.925,18.925),.PIECEWISE_BEZIER_KNOTS.);
#5461 = CARTESIAN_POINT('',(0.,3.));
#5462 = CARTESIAN_POINT('',(2.,3.));
#5463 = ( GEOMETRIC_REPRESENTATION_CONTEXT(2) 
PARAMETRIC_REPRESENTATION_CONTEXT() REPRESENTATION_CONTEXT('2D SPACE',''
  ) );
#5464 = ORIENTED_EDGE('',*,*,#5465,.F.);
#5465 = EDGE_CURVE('',#5388,#5440,#5466,.T.);
#5466 = SURFACE_CURVE('',#5467,(#5471,#5477),.PCURVE_S1.);
#5467 = LINE('',#5468,#5469);
#5468 = CARTESIAN_POINT('',(-66.15,-59.5,177.));
#5469 = VECTOR('',#5470,1.);
#5470 = DIRECTION('',(0.,0.,-1.));
#5471 = PCURVE('',#5174,#5472);
#5472 = DEFINITIONAL_REPRESENTATION('',(#5473),#5476);
#5473 = B_SPLINE_CURVE_WITH_KNOTS('',1,(#5474,#5475),.UNSPECIFIED.,.F.,
  .F.,(2,2),(-44.5,-26.5),.PIECEWISE_BEZIER_KNOTS.);
#5474 = CARTESIAN_POINT('',(71.,35.85));
#5475 = CARTESIAN_POINT('',(53.,35.85));
#5476 = ( GEOMETRIC_REPRESENTATION_CONTEXT(2) 
PARAMETRIC_REPRESENTATION_CONTEXT() REPRESENTATION_CONTEXT('2D SPACE',''
  ) );
#5477 = PCURVE('',#5478,#5483);
#5478 = PLANE('',#5479);
#5479 = AXIS2_PLACEMENT_3D('',#5480,#5481,#5482);
#5480 = CARTESIAN_POINT('',(-66.15,-62.5,203.5));
#5481 = DIRECTION('',(1.,0.,0.));
#5482 = DIRECTION('',(0.,0.,1.));
#5483 = DEFINITIONAL_REPRESENTATION('',(#5484),#5487);
#5484 = B_SPLINE_CURVE_WITH_KNOTS('',1,(#5485,#5486),.UNSPECIFIED.,.F.,
  .F.,(2,2),(-44.5,-26.5),.PIECEWISE_BEZIER_KNOTS.);
#5485 = CARTESIAN_POINT('',(18.,-3.));
#5486 = CARTESIAN_POINT('',(0.,-3.));
#5487 = ( GEOMETRIC_REPRESENTATION_CONTEXT(2) 
PARAMETRIC_REPRESENTATION_CONTEXT() REPRESENTATION_CONTEXT('2D SPACE',''
  ) );
#5488 = FACE_BOUND('',#5489,.T.);
#5489 = EDGE_LOOP('',(#5490,#5518,#5544,#5570));
#5490 = ORIENTED_EDGE('',*,*,#5491,.F.);
#5491 = EDGE_CURVE('',#5492,#5494,#5496,.T.);
#5492 = VERTEX_POINT('',#5493);
#5493 = CARTESIAN_POINT('',(-64.65,-59.5,221.5));
#5494 = VERTEX_POINT('',#5495);
#5495 = CARTESIAN_POINT('',(-62.65,-59.5,221.5));
#5496 = SURFACE_CURVE('',#5497,(#5501,#5507),.PCURVE_S1.);
#5497 = LINE('',#5498,#5499);
#5498 = CARTESIAN_POINT('',(-83.325,-59.5,221.5));
#5499 = VECTOR('',#5500,1.);
#5500 = DIRECTION('',(1.,0.,0.));
#5501 = PCURVE('',#5174,#5502);
#5502 = DEFINITIONAL_REPRESENTATION('',(#5503),#5506);
#5503 = B_SPLINE_CURVE_WITH_KNOTS('',1,(#5504,#5505),.UNSPECIFIED.,.F.,
  .F.,(2,2),(18.675,20.675),.PIECEWISE_BEZIER_KNOTS.);
#5504 = CARTESIAN_POINT('',(71.,37.35));
#5505 = CARTESIAN_POINT('',(71.,39.35));
#5506 = ( GEOMETRIC_REPRESENTATION_CONTEXT(2) 
PARAMETRIC_REPRESENTATION_CONTEXT() REPRESENTATION_CONTEXT('2D SPACE',''
  ) );
#5507 = PCURVE('',#5508,#5513);
#5508 = PLANE('',#5509);
#5509 = AXIS2_PLACEMENT_3D('',#5510,#5511,#5512);
#5510 = CARTESIAN_POINT('',(-64.65,-62.5,221.5));
#5511 = DIRECTION('',(0.,0.,1.));
#5512 = DIRECTION('',(1.,0.,0.));
#5513 = DEFINITIONAL_REPRESENTATION('',(#5514),#5517);
#5514 = B_SPLINE_CURVE_WITH_KNOTS('',1,(#5515,#5516),.UNSPECIFIED.,.F.,
  .F.,(2,2),(18.675,20.675),.PIECEWISE_BEZIER_KNOTS.);
#5515 = CARTESIAN_POINT('',(0.,3.));
#5516 = CARTESIAN_POINT('',(2.,3.));
#5517 = ( GEOMETRIC_REPRESENTATION_CONTEXT(2) 
PARAMETRIC_REPRESENTATION_CONTEXT() REPRESENTATION_CONTEXT('2D SPACE',''
  ) );
#5518 = ORIENTED_EDGE('',*,*,#5519,.T.);
#5519 = EDGE_CURVE('',#5492,#5520,#5522,.T.);
#5520 = VERTEX_POINT('',#5521);
#5521 = CARTESIAN_POINT('',(-64.65,-59.5,203.5));
#5522 = SURFACE_CURVE('',#5523,(#5527,#5533),.PCURVE_S1.);
#5523 = LINE('',#5524,#5525);
#5524 = CARTESIAN_POINT('',(-64.65,-59.5,177.));
#5525 = VECTOR('',#5526,1.);
#5526 = DIRECTION('',(0.,0.,-1.));
#5527 = PCURVE('',#5174,#5528);
#5528 = DEFINITIONAL_REPRESENTATION('',(#5529),#5532);
#5529 = B_SPLINE_CURVE_WITH_KNOTS('',1,(#5530,#5531),.UNSPECIFIED.,.F.,
  .F.,(2,2),(-44.5,-26.5),.PIECEWISE_BEZIER_KNOTS.);
#5530 = CARTESIAN_POINT('',(71.,37.35));
#5531 = CARTESIAN_POINT('',(53.,37.35));
#5532 = ( GEOMETRIC_REPRESENTATION_CONTEXT(2) 
PARAMETRIC_REPRESENTATION_CONTEXT() REPRESENTATION_CONTEXT('2D SPACE',''
  ) );
#5533 = PCURVE('',#5534,#5539);
#5534 = PLANE('',#5535);
#5535 = AXIS2_PLACEMENT_3D('',#5536,#5537,#5538);
#5536 = CARTESIAN_POINT('',(-64.65,-62.5,203.5));
#5537 = DIRECTION('',(1.,0.,0.));
#5538 = DIRECTION('',(0.,0.,1.));
#5539 = DEFINITIONAL_REPRESENTATION('',(#5540),#5543);
#5540 = B_SPLINE_CURVE_WITH_KNOTS('',1,(#5541,#5542),.UNSPECIFIED.,.F.,
  .F.,(2,2),(-44.5,-26.5),.PIECEWISE_BEZIER_KNOTS.);
#5541 = CARTESIAN_POINT('',(18.,-3.));
#5542 = CARTESIAN_POINT('',(0.,-3.));
#5543 = ( GEOMETRIC_REPRESENTATION_CONTEXT(2) 
PARAMETRIC_REPRESENTATION_CONTEXT() REPRESENTATION_CONTEXT('2D SPACE',''
  ) );
#5544 = ORIENTED_EDGE('',*,*,#5545,.T.);
#5545 = EDGE_CURVE('',#5520,#5546,#5548,.T.);
#5546 = VERTEX_POINT('',#5547);
#5547 = CARTESIAN_POINT('',(-62.65,-59.5,203.5));
#5548 = SURFACE_CURVE('',#5549,(#5553,#5559),.PCURVE_S1.);
#5549 = LINE('',#5550,#5551);
#5550 = CARTESIAN_POINT('',(-83.325,-59.5,203.5));
#5551 = VECTOR('',#5552,1.);
#5552 = DIRECTION('',(1.,0.,0.));
#5553 = PCURVE('',#5174,#5554);
#5554 = DEFINITIONAL_REPRESENTATION('',(#5555),#5558);
#5555 = B_SPLINE_CURVE_WITH_KNOTS('',1,(#5556,#5557),.UNSPECIFIED.,.F.,
  .F.,(2,2),(18.675,20.675),.PIECEWISE_BEZIER_KNOTS.);
#5556 = CARTESIAN_POINT('',(53.,37.35));
#5557 = CARTESIAN_POINT('',(53.,39.35));
#5558 = ( GEOMETRIC_REPRESENTATION_CONTEXT(2) 
PARAMETRIC_REPRESENTATION_CONTEXT() REPRESENTATION_CONTEXT('2D SPACE',''
  ) );
#5559 = PCURVE('',#5560,#5565);
#5560 = PLANE('',#5561);
#5561 = AXIS2_PLACEMENT_3D('',#5562,#5563,#5564);
#5562 = CARTESIAN_POINT('',(-64.65,-62.5,203.5));
#5563 = DIRECTION('',(0.,0.,1.));
#5564 = DIRECTION('',(1.,0.,0.));
#5565 = DEFINITIONAL_REPRESENTATION('',(#5566),#5569);
#5566 = B_SPLINE_CURVE_WITH_KNOTS('',1,(#5567,#5568),.UNSPECIFIED.,.F.,
  .F.,(2,2),(18.675,20.675),.PIECEWISE_BEZIER_KNOTS.);
#5567 = CARTESIAN_POINT('',(0.,3.));
#5568 = CARTESIAN_POINT('',(2.,3.));
#5569 = ( GEOMETRIC_REPRESENTATION_CONTEXT(2) 
PARAMETRIC_REPRESENTATION_CONTEXT() REPRESENTATION_CONTEXT('2D SPACE',''
  ) );
#5570 = ORIENTED_EDGE('',*,*,#5571,.F.);
#5571 = EDGE_CURVE('',#5494,#5546,#5572,.T.);
#5572 = SURFACE_CURVE('',#5573,(#5577,#5583),.PCURVE_S1.);
#5573 = LINE('',#5574,#5575);
#5574 = CARTESIAN_POINT('',(-62.65,-59.5,177.));
#5575 = VECTOR('',#5576,1.);
#5576 = DIRECTION('',(0.,0.,-1.));
#5577 = PCURVE('',#5174,#5578);
#5578 = DEFINITIONAL_REPRESENTATION('',(#5579),#5582);
#5579 = B_SPLINE_CURVE_WITH_KNOTS('',1,(#5580,#5581),.UNSPECIFIED.,.F.,
  .F.,(2,2),(-44.5,-26.5),.PIECEWISE_BEZIER_KNOTS.);
#5580 = CARTESIAN_POINT('',(71.,39.35));
#5581 = CARTESIAN_POINT('',(53.,39.35));
#5582 = ( GEOMETRIC_REPRESENTATION_CONTEXT(2) 
PARAMETRIC_REPRESENTATION_CONTEXT() REPRESENTATION_CONTEXT('2D SPACE',''
  ) );
#5583 = PCURVE('',#5584,#5589);
#5584 = PLANE('',#5585);
#5585 = AXIS2_PLACEMENT_3D('',#5586,#5587,#5588);
#5586 = CARTESIAN_POINT('',(-62.65,-62.5,203.5));
#5587 = DIRECTION('',(1.,0.,0.));
#5588 = DIRECTION('',(0.,0.,1.));
#5589 = DEFINITIONAL_REPRESENTATION('',(#5590),#5593);
#5590 = B_SPLINE_CURVE_WITH_KNOTS('',1,(#5591,#5592),.UNSPECIFIED.,.F.,
  .F.,(2,2),(-44.5,-26.5),.PIECEWISE_BEZIER_KNOTS.);
#5591 = CARTESIAN_POINT('',(18.,-3.));
#5592 = CARTESIAN_POINT('',(0.,-3.));
#5593 = ( GEOMETRIC_REPRESENTATION_CONTEXT(2) 
PARAMETRIC_REPRESENTATION_CONTEXT() REPRESENTATION_CONTEXT('2D SPACE',''
  ) );
#5594 = ADVANCED_FACE('',(#5595),#5560,.T.);
#5595 = FACE_BOUND('',#5596,.T.);
#5596 = EDGE_LOOP('',(#5597,#5620,#5641,#5662));
#5597 = ORIENTED_EDGE('',*,*,#5598,.F.);
#5598 = EDGE_CURVE('',#5599,#5520,#5601,.T.);
#5599 = VERTEX_POINT('',#5600);
#5600 = CARTESIAN_POINT('',(-64.65,-62.,203.5));
#5601 = SURFACE_CURVE('',#5602,(#5606,#5613),.PCURVE_S1.);
#5602 = LINE('',#5603,#5604);
#5603 = CARTESIAN_POINT('',(-64.65,-62.5,203.5));
#5604 = VECTOR('',#5605,1.);
#5605 = DIRECTION('',(0.,1.,0.));
#5606 = PCURVE('',#5560,#5607);
#5607 = DEFINITIONAL_REPRESENTATION('',(#5608),#5612);
#5608 = LINE('',#5609,#5610);
#5609 = CARTESIAN_POINT('',(0.,0.));
#5610 = VECTOR('',#5611,1.);
#5611 = DIRECTION('',(0.,1.));
#5612 = ( GEOMETRIC_REPRESENTATION_CONTEXT(2) 
PARAMETRIC_REPRESENTATION_CONTEXT() REPRESENTATION_CONTEXT('2D SPACE',''
  ) );
#5613 = PCURVE('',#5534,#5614);
#5614 = DEFINITIONAL_REPRESENTATION('',(#5615),#5619);
#5615 = LINE('',#5616,#5617);
#5616 = CARTESIAN_POINT('',(0.,0.));
#5617 = VECTOR('',#5618,1.);
#5618 = DIRECTION('',(0.,-1.));
#5619 = ( GEOMETRIC_REPRESENTATION_CONTEXT(2) 
PARAMETRIC_REPRESENTATION_CONTEXT() REPRESENTATION_CONTEXT('2D SPACE',''
  ) );
#5620 = ORIENTED_EDGE('',*,*,#5621,.T.);
#5621 = EDGE_CURVE('',#5599,#5622,#5624,.T.);
#5622 = VERTEX_POINT('',#5623);
#5623 = CARTESIAN_POINT('',(-62.65,-62.,203.5));
#5624 = SURFACE_CURVE('',#5625,(#5629,#5635),.PCURVE_S1.);
#5625 = LINE('',#5626,#5627);
#5626 = CARTESIAN_POINT('',(-82.825,-62.,203.5));
#5627 = VECTOR('',#5628,1.);
#5628 = DIRECTION('',(1.,0.,0.));
#5629 = PCURVE('',#5560,#5630);
#5630 = DEFINITIONAL_REPRESENTATION('',(#5631),#5634);
#5631 = B_SPLINE_CURVE_WITH_KNOTS('',1,(#5632,#5633),.UNSPECIFIED.,.F.,
  .F.,(2,2),(18.175,20.175),.PIECEWISE_BEZIER_KNOTS.);
#5632 = CARTESIAN_POINT('',(0.,0.5));
#5633 = CARTESIAN_POINT('',(2.,0.5));
#5634 = ( GEOMETRIC_REPRESENTATION_CONTEXT(2) 
PARAMETRIC_REPRESENTATION_CONTEXT() REPRESENTATION_CONTEXT('2D SPACE',''
  ) );
#5635 = PCURVE('',#806,#5636);
#5636 = DEFINITIONAL_REPRESENTATION('',(#5637),#5640);
#5637 = B_SPLINE_CURVE_WITH_KNOTS('',1,(#5638,#5639),.UNSPECIFIED.,.F.,
  .F.,(2,2),(18.175,20.175),.PIECEWISE_BEZIER_KNOTS.);
#5638 = CARTESIAN_POINT('',(55.5,36.35));
#5639 = CARTESIAN_POINT('',(55.5,38.35));
#5640 = ( GEOMETRIC_REPRESENTATION_CONTEXT(2) 
PARAMETRIC_REPRESENTATION_CONTEXT() REPRESENTATION_CONTEXT('2D SPACE',''
  ) );
#5641 = ORIENTED_EDGE('',*,*,#5642,.T.);
#5642 = EDGE_CURVE('',#5622,#5546,#5643,.T.);
#5643 = SURFACE_CURVE('',#5644,(#5648,#5655),.PCURVE_S1.);
#5644 = LINE('',#5645,#5646);
#5645 = CARTESIAN_POINT('',(-62.65,-62.5,203.5));
#5646 = VECTOR('',#5647,1.);
#5647 = DIRECTION('',(0.,1.,0.));
#5648 = PCURVE('',#5560,#5649);
#5649 = DEFINITIONAL_REPRESENTATION('',(#5650),#5654);
#5650 = LINE('',#5651,#5652);
#5651 = CARTESIAN_POINT('',(2.,0.));
#5652 = VECTOR('',#5653,1.);
#5653 = DIRECTION('',(0.,1.));
#5654 = ( GEOMETRIC_REPRESENTATION_CONTEXT(2) 
PARAMETRIC_REPRESENTATION_CONTEXT() REPRESENTATION_CONTEXT('2D SPACE',''
  ) );
#5655 = PCURVE('',#5584,#5656);
#5656 = DEFINITIONAL_REPRESENTATION('',(#5657),#5661);
#5657 = LINE('',#5658,#5659);
#5658 = CARTESIAN_POINT('',(0.,0.));
#5659 = VECTOR('',#5660,1.);
#5660 = DIRECTION('',(0.,-1.));
#5661 = ( GEOMETRIC_REPRESENTATION_CONTEXT(2) 
PARAMETRIC_REPRESENTATION_CONTEXT() REPRESENTATION_CONTEXT('2D SPACE',''
  ) );
#5662 = ORIENTED_EDGE('',*,*,#5545,.F.);
#5663 = ADVANCED_FACE('',(#5664),#5584,.F.);
#5664 = FACE_BOUND('',#5665,.F.);
#5665 = EDGE_LOOP('',(#5666,#5689,#5708,#5709));
#5666 = ORIENTED_EDGE('',*,*,#5667,.F.);
#5667 = EDGE_CURVE('',#5668,#5494,#5670,.T.);
#5668 = VERTEX_POINT('',#5669);
#5669 = CARTESIAN_POINT('',(-62.65,-62.,221.5));
#5670 = SURFACE_CURVE('',#5671,(#5675,#5682),.PCURVE_S1.);
#5671 = LINE('',#5672,#5673);
#5672 = CARTESIAN_POINT('',(-62.65,-62.5,221.5));
#5673 = VECTOR('',#5674,1.);
#5674 = DIRECTION('',(0.,1.,0.));
#5675 = PCURVE('',#5584,#5676);
#5676 = DEFINITIONAL_REPRESENTATION('',(#5677),#5681);
#5677 = LINE('',#5678,#5679);
#5678 = CARTESIAN_POINT('',(18.,0.));
#5679 = VECTOR('',#5680,1.);
#5680 = DIRECTION('',(0.,-1.));
#5681 = ( GEOMETRIC_REPRESENTATION_CONTEXT(2) 
PARAMETRIC_REPRESENTATION_CONTEXT() REPRESENTATION_CONTEXT('2D SPACE',''
  ) );
#5682 = PCURVE('',#5508,#5683);
#5683 = DEFINITIONAL_REPRESENTATION('',(#5684),#5688);
#5684 = LINE('',#5685,#5686);
#5685 = CARTESIAN_POINT('',(2.,0.));
#5686 = VECTOR('',#5687,1.);
#5687 = DIRECTION('',(0.,1.));
#5688 = ( GEOMETRIC_REPRESENTATION_CONTEXT(2) 
PARAMETRIC_REPRESENTATION_CONTEXT() REPRESENTATION_CONTEXT('2D SPACE',''
  ) );
#5689 = ORIENTED_EDGE('',*,*,#5690,.T.);
#5690 = EDGE_CURVE('',#5668,#5622,#5691,.T.);
#5691 = SURFACE_CURVE('',#5692,(#5696,#5702),.PCURVE_S1.);
#5692 = LINE('',#5693,#5694);
#5693 = CARTESIAN_POINT('',(-62.65,-62.,175.75));
#5694 = VECTOR('',#5695,1.);
#5695 = DIRECTION('',(0.,0.,-1.));
#5696 = PCURVE('',#5584,#5697);
#5697 = DEFINITIONAL_REPRESENTATION('',(#5698),#5701);
#5698 = B_SPLINE_CURVE_WITH_KNOTS('',1,(#5699,#5700),.UNSPECIFIED.,.F.,
  .F.,(2,2),(-45.75,-27.75),.PIECEWISE_BEZIER_KNOTS.);
#5699 = CARTESIAN_POINT('',(18.,-0.5));
#5700 = CARTESIAN_POINT('',(0.,-0.5));
#5701 = ( GEOMETRIC_REPRESENTATION_CONTEXT(2) 
PARAMETRIC_REPRESENTATION_CONTEXT() REPRESENTATION_CONTEXT('2D SPACE',''
  ) );
#5702 = PCURVE('',#806,#5703);
#5703 = DEFINITIONAL_REPRESENTATION('',(#5704),#5707);
#5704 = B_SPLINE_CURVE_WITH_KNOTS('',1,(#5705,#5706),.UNSPECIFIED.,.F.,
  .F.,(2,2),(-45.75,-27.75),.PIECEWISE_BEZIER_KNOTS.);
#5705 = CARTESIAN_POINT('',(73.5,38.35));
#5706 = CARTESIAN_POINT('',(55.5,38.35));
#5707 = ( GEOMETRIC_REPRESENTATION_CONTEXT(2) 
PARAMETRIC_REPRESENTATION_CONTEXT() REPRESENTATION_CONTEXT('2D SPACE',''
  ) );
#5708 = ORIENTED_EDGE('',*,*,#5642,.T.);
#5709 = ORIENTED_EDGE('',*,*,#5571,.F.);
#5710 = ADVANCED_FACE('',(#5711),#5534,.T.);
#5711 = FACE_BOUND('',#5712,.T.);
#5712 = EDGE_LOOP('',(#5713,#5736,#5755,#5756));
#5713 = ORIENTED_EDGE('',*,*,#5714,.F.);
#5714 = EDGE_CURVE('',#5715,#5492,#5717,.T.);
#5715 = VERTEX_POINT('',#5716);
#5716 = CARTESIAN_POINT('',(-64.65,-62.,221.5));
#5717 = SURFACE_CURVE('',#5718,(#5722,#5729),.PCURVE_S1.);
#5718 = LINE('',#5719,#5720);
#5719 = CARTESIAN_POINT('',(-64.65,-62.5,221.5));
#5720 = VECTOR('',#5721,1.);
#5721 = DIRECTION('',(0.,1.,0.));
#5722 = PCURVE('',#5534,#5723);
#5723 = DEFINITIONAL_REPRESENTATION('',(#5724),#5728);
#5724 = LINE('',#5725,#5726);
#5725 = CARTESIAN_POINT('',(18.,0.));
#5726 = VECTOR('',#5727,1.);
#5727 = DIRECTION('',(0.,-1.));
#5728 = ( GEOMETRIC_REPRESENTATION_CONTEXT(2) 
PARAMETRIC_REPRESENTATION_CONTEXT() REPRESENTATION_CONTEXT('2D SPACE',''
  ) );
#5729 = PCURVE('',#5508,#5730);
#5730 = DEFINITIONAL_REPRESENTATION('',(#5731),#5735);
#5731 = LINE('',#5732,#5733);
#5732 = CARTESIAN_POINT('',(0.,0.));
#5733 = VECTOR('',#5734,1.);
#5734 = DIRECTION('',(0.,1.));
#5735 = ( GEOMETRIC_REPRESENTATION_CONTEXT(2) 
PARAMETRIC_REPRESENTATION_CONTEXT() REPRESENTATION_CONTEXT('2D SPACE',''
  ) );
#5736 = ORIENTED_EDGE('',*,*,#5737,.T.);
#5737 = EDGE_CURVE('',#5715,#5599,#5738,.T.);
#5738 = SURFACE_CURVE('',#5739,(#5743,#5749),.PCURVE_S1.);
#5739 = LINE('',#5740,#5741);
#5740 = CARTESIAN_POINT('',(-64.65,-62.,175.75));
#5741 = VECTOR('',#5742,1.);
#5742 = DIRECTION('',(0.,0.,-1.));
#5743 = PCURVE('',#5534,#5744);
#5744 = DEFINITIONAL_REPRESENTATION('',(#5745),#5748);
#5745 = B_SPLINE_CURVE_WITH_KNOTS('',1,(#5746,#5747),.UNSPECIFIED.,.F.,
  .F.,(2,2),(-45.75,-27.75),.PIECEWISE_BEZIER_KNOTS.);
#5746 = CARTESIAN_POINT('',(18.,-0.5));
#5747 = CARTESIAN_POINT('',(0.,-0.5));
#5748 = ( GEOMETRIC_REPRESENTATION_CONTEXT(2) 
PARAMETRIC_REPRESENTATION_CONTEXT() REPRESENTATION_CONTEXT('2D SPACE',''
  ) );
#5749 = PCURVE('',#806,#5750);
#5750 = DEFINITIONAL_REPRESENTATION('',(#5751),#5754);
#5751 = B_SPLINE_CURVE_WITH_KNOTS('',1,(#5752,#5753),.UNSPECIFIED.,.F.,
  .F.,(2,2),(-45.75,-27.75),.PIECEWISE_BEZIER_KNOTS.);
#5752 = CARTESIAN_POINT('',(73.5,36.35));
#5753 = CARTESIAN_POINT('',(55.5,36.35));
#5754 = ( GEOMETRIC_REPRESENTATION_CONTEXT(2) 
PARAMETRIC_REPRESENTATION_CONTEXT() REPRESENTATION_CONTEXT('2D SPACE',''
  ) );
#5755 = ORIENTED_EDGE('',*,*,#5598,.T.);
#5756 = ORIENTED_EDGE('',*,*,#5519,.F.);
#5757 = ADVANCED_FACE('',(#5758),#5508,.F.);
#5758 = FACE_BOUND('',#5759,.F.);
#5759 = EDGE_LOOP('',(#5760,#5761,#5780,#5781));
#5760 = ORIENTED_EDGE('',*,*,#5714,.F.);
#5761 = ORIENTED_EDGE('',*,*,#5762,.T.);
#5762 = EDGE_CURVE('',#5715,#5668,#5763,.T.);
#5763 = SURFACE_CURVE('',#5764,(#5768,#5774),.PCURVE_S1.);
#5764 = LINE('',#5765,#5766);
#5765 = CARTESIAN_POINT('',(-82.825,-62.,221.5));
#5766 = VECTOR('',#5767,1.);
#5767 = DIRECTION('',(1.,0.,0.));
#5768 = PCURVE('',#5508,#5769);
#5769 = DEFINITIONAL_REPRESENTATION('',(#5770),#5773);
#5770 = B_SPLINE_CURVE_WITH_KNOTS('',1,(#5771,#5772),.UNSPECIFIED.,.F.,
  .F.,(2,2),(18.175,20.175),.PIECEWISE_BEZIER_KNOTS.);
#5771 = CARTESIAN_POINT('',(0.,0.5));
#5772 = CARTESIAN_POINT('',(2.,0.5));
#5773 = ( GEOMETRIC_REPRESENTATION_CONTEXT(2) 
PARAMETRIC_REPRESENTATION_CONTEXT() REPRESENTATION_CONTEXT('2D SPACE',''
  ) );
#5774 = PCURVE('',#806,#5775);
#5775 = DEFINITIONAL_REPRESENTATION('',(#5776),#5779);
#5776 = B_SPLINE_CURVE_WITH_KNOTS('',1,(#5777,#5778),.UNSPECIFIED.,.F.,
  .F.,(2,2),(18.175,20.175),.PIECEWISE_BEZIER_KNOTS.);
#5777 = CARTESIAN_POINT('',(73.5,36.35));
#5778 = CARTESIAN_POINT('',(73.5,38.35));
#5779 = ( GEOMETRIC_REPRESENTATION_CONTEXT(2) 
PARAMETRIC_REPRESENTATION_CONTEXT() REPRESENTATION_CONTEXT('2D SPACE',''
  ) );
#5780 = ORIENTED_EDGE('',*,*,#5667,.T.);
#5781 = ORIENTED_EDGE('',*,*,#5491,.F.);
#5782 = ADVANCED_FACE('',(#5783),#5428,.T.);
#5783 = FACE_BOUND('',#5784,.T.);
#5784 = EDGE_LOOP('',(#5785,#5808,#5829,#5850));
#5785 = ORIENTED_EDGE('',*,*,#5786,.F.);
#5786 = EDGE_CURVE('',#5787,#5386,#5789,.T.);
#5787 = VERTEX_POINT('',#5788);
#5788 = CARTESIAN_POINT('',(-68.15,-62.,221.5));
#5789 = SURFACE_CURVE('',#5790,(#5794,#5801),.PCURVE_S1.);
#5790 = LINE('',#5791,#5792);
#5791 = CARTESIAN_POINT('',(-68.15,-62.5,221.5));
#5792 = VECTOR('',#5793,1.);
#5793 = DIRECTION('',(0.,1.,0.));
#5794 = PCURVE('',#5428,#5795);
#5795 = DEFINITIONAL_REPRESENTATION('',(#5796),#5800);
#5796 = LINE('',#5797,#5798);
#5797 = CARTESIAN_POINT('',(18.,0.));
#5798 = VECTOR('',#5799,1.);
#5799 = DIRECTION('',(0.,-1.));
#5800 = ( GEOMETRIC_REPRESENTATION_CONTEXT(2) 
PARAMETRIC_REPRESENTATION_CONTEXT() REPRESENTATION_CONTEXT('2D SPACE',''
  ) );
#5801 = PCURVE('',#5402,#5802);
#5802 = DEFINITIONAL_REPRESENTATION('',(#5803),#5807);
#5803 = LINE('',#5804,#5805);
#5804 = CARTESIAN_POINT('',(0.,0.));
#5805 = VECTOR('',#5806,1.);
#5806 = DIRECTION('',(0.,1.));
#5807 = ( GEOMETRIC_REPRESENTATION_CONTEXT(2) 
PARAMETRIC_REPRESENTATION_CONTEXT() REPRESENTATION_CONTEXT('2D SPACE',''
  ) );
#5808 = ORIENTED_EDGE('',*,*,#5809,.T.);
#5809 = EDGE_CURVE('',#5787,#5810,#5812,.T.);
#5810 = VERTEX_POINT('',#5811);
#5811 = CARTESIAN_POINT('',(-68.15,-62.,203.5));
#5812 = SURFACE_CURVE('',#5813,(#5817,#5823),.PCURVE_S1.);
#5813 = LINE('',#5814,#5815);
#5814 = CARTESIAN_POINT('',(-68.15,-62.,175.75));
#5815 = VECTOR('',#5816,1.);
#5816 = DIRECTION('',(0.,0.,-1.));
#5817 = PCURVE('',#5428,#5818);
#5818 = DEFINITIONAL_REPRESENTATION('',(#5819),#5822);
#5819 = B_SPLINE_CURVE_WITH_KNOTS('',1,(#5820,#5821),.UNSPECIFIED.,.F.,
  .F.,(2,2),(-45.75,-27.75),.PIECEWISE_BEZIER_KNOTS.);
#5820 = CARTESIAN_POINT('',(18.,-0.5));
#5821 = CARTESIAN_POINT('',(0.,-0.5));
#5822 = ( GEOMETRIC_REPRESENTATION_CONTEXT(2) 
PARAMETRIC_REPRESENTATION_CONTEXT() REPRESENTATION_CONTEXT('2D SPACE',''
  ) );
#5823 = PCURVE('',#806,#5824);
#5824 = DEFINITIONAL_REPRESENTATION('',(#5825),#5828);
#5825 = B_SPLINE_CURVE_WITH_KNOTS('',1,(#5826,#5827),.UNSPECIFIED.,.F.,
  .F.,(2,2),(-45.75,-27.75),.PIECEWISE_BEZIER_KNOTS.);
#5826 = CARTESIAN_POINT('',(73.5,32.85));
#5827 = CARTESIAN_POINT('',(55.5,32.85));
#5828 = ( GEOMETRIC_REPRESENTATION_CONTEXT(2) 
PARAMETRIC_REPRESENTATION_CONTEXT() REPRESENTATION_CONTEXT('2D SPACE',''
  ) );
#5829 = ORIENTED_EDGE('',*,*,#5830,.T.);
#5830 = EDGE_CURVE('',#5810,#5414,#5831,.T.);
#5831 = SURFACE_CURVE('',#5832,(#5836,#5843),.PCURVE_S1.);
#5832 = LINE('',#5833,#5834);
#5833 = CARTESIAN_POINT('',(-68.15,-62.5,203.5));
#5834 = VECTOR('',#5835,1.);
#5835 = DIRECTION('',(0.,1.,0.));
#5836 = PCURVE('',#5428,#5837);
#5837 = DEFINITIONAL_REPRESENTATION('',(#5838),#5842);
#5838 = LINE('',#5839,#5840);
#5839 = CARTESIAN_POINT('',(0.,0.));
#5840 = VECTOR('',#5841,1.);
#5841 = DIRECTION('',(0.,-1.));
#5842 = ( GEOMETRIC_REPRESENTATION_CONTEXT(2) 
PARAMETRIC_REPRESENTATION_CONTEXT() REPRESENTATION_CONTEXT('2D SPACE',''
  ) );
#5843 = PCURVE('',#5454,#5844);
#5844 = DEFINITIONAL_REPRESENTATION('',(#5845),#5849);
#5845 = LINE('',#5846,#5847);
#5846 = CARTESIAN_POINT('',(0.,0.));
#5847 = VECTOR('',#5848,1.);
#5848 = DIRECTION('',(0.,1.));
#5849 = ( GEOMETRIC_REPRESENTATION_CONTEXT(2) 
PARAMETRIC_REPRESENTATION_CONTEXT() REPRESENTATION_CONTEXT('2D SPACE',''
  ) );
#5850 = ORIENTED_EDGE('',*,*,#5413,.F.);
#5851 = ADVANCED_FACE('',(#5852),#5454,.T.);
#5852 = FACE_BOUND('',#5853,.T.);
#5853 = EDGE_LOOP('',(#5854,#5855,#5876,#5897));
#5854 = ORIENTED_EDGE('',*,*,#5830,.F.);
#5855 = ORIENTED_EDGE('',*,*,#5856,.T.);
#5856 = EDGE_CURVE('',#5810,#5857,#5859,.T.);
#5857 = VERTEX_POINT('',#5858);
#5858 = CARTESIAN_POINT('',(-66.15,-62.,203.5));
#5859 = SURFACE_CURVE('',#5860,(#5864,#5870),.PCURVE_S1.);
#5860 = LINE('',#5861,#5862);
#5861 = CARTESIAN_POINT('',(-84.575,-62.,203.5));
#5862 = VECTOR('',#5863,1.);
#5863 = DIRECTION('',(1.,0.,0.));
#5864 = PCURVE('',#5454,#5865);
#5865 = DEFINITIONAL_REPRESENTATION('',(#5866),#5869);
#5866 = B_SPLINE_CURVE_WITH_KNOTS('',1,(#5867,#5868),.UNSPECIFIED.,.F.,
  .F.,(2,2),(16.425,18.425),.PIECEWISE_BEZIER_KNOTS.);
#5867 = CARTESIAN_POINT('',(0.,0.5));
#5868 = CARTESIAN_POINT('',(2.,0.5));
#5869 = ( GEOMETRIC_REPRESENTATION_CONTEXT(2) 
PARAMETRIC_REPRESENTATION_CONTEXT() REPRESENTATION_CONTEXT('2D SPACE',''
  ) );
#5870 = PCURVE('',#806,#5871);
#5871 = DEFINITIONAL_REPRESENTATION('',(#5872),#5875);
#5872 = B_SPLINE_CURVE_WITH_KNOTS('',1,(#5873,#5874),.UNSPECIFIED.,.F.,
  .F.,(2,2),(16.425,18.425),.PIECEWISE_BEZIER_KNOTS.);
#5873 = CARTESIAN_POINT('',(55.5,32.85));
#5874 = CARTESIAN_POINT('',(55.5,34.85));
#5875 = ( GEOMETRIC_REPRESENTATION_CONTEXT(2) 
PARAMETRIC_REPRESENTATION_CONTEXT() REPRESENTATION_CONTEXT('2D SPACE',''
  ) );
#5876 = ORIENTED_EDGE('',*,*,#5877,.T.);
#5877 = EDGE_CURVE('',#5857,#5440,#5878,.T.);
#5878 = SURFACE_CURVE('',#5879,(#5883,#5890),.PCURVE_S1.);
#5879 = LINE('',#5880,#5881);
#5880 = CARTESIAN_POINT('',(-66.15,-62.5,203.5));
#5881 = VECTOR('',#5882,1.);
#5882 = DIRECTION('',(0.,1.,0.));
#5883 = PCURVE('',#5454,#5884);
#5884 = DEFINITIONAL_REPRESENTATION('',(#5885),#5889);
#5885 = LINE('',#5886,#5887);
#5886 = CARTESIAN_POINT('',(2.,0.));
#5887 = VECTOR('',#5888,1.);
#5888 = DIRECTION('',(0.,1.));
#5889 = ( GEOMETRIC_REPRESENTATION_CONTEXT(2) 
PARAMETRIC_REPRESENTATION_CONTEXT() REPRESENTATION_CONTEXT('2D SPACE',''
  ) );
#5890 = PCURVE('',#5478,#5891);
#5891 = DEFINITIONAL_REPRESENTATION('',(#5892),#5896);
#5892 = LINE('',#5893,#5894);
#5893 = CARTESIAN_POINT('',(0.,0.));
#5894 = VECTOR('',#5895,1.);
#5895 = DIRECTION('',(0.,-1.));
#5896 = ( GEOMETRIC_REPRESENTATION_CONTEXT(2) 
PARAMETRIC_REPRESENTATION_CONTEXT() REPRESENTATION_CONTEXT('2D SPACE',''
  ) );
#5897 = ORIENTED_EDGE('',*,*,#5439,.F.);
#5898 = ADVANCED_FACE('',(#5899),#5478,.F.);
#5899 = FACE_BOUND('',#5900,.F.);
#5900 = EDGE_LOOP('',(#5901,#5924,#5943,#5944));
#5901 = ORIENTED_EDGE('',*,*,#5902,.F.);
#5902 = EDGE_CURVE('',#5903,#5388,#5905,.T.);
#5903 = VERTEX_POINT('',#5904);
#5904 = CARTESIAN_POINT('',(-66.15,-62.,221.5));
#5905 = SURFACE_CURVE('',#5906,(#5910,#5917),.PCURVE_S1.);
#5906 = LINE('',#5907,#5908);
#5907 = CARTESIAN_POINT('',(-66.15,-62.5,221.5));
#5908 = VECTOR('',#5909,1.);
#5909 = DIRECTION('',(0.,1.,0.));
#5910 = PCURVE('',#5478,#5911);
#5911 = DEFINITIONAL_REPRESENTATION('',(#5912),#5916);
#5912 = LINE('',#5913,#5914);
#5913 = CARTESIAN_POINT('',(18.,0.));
#5914 = VECTOR('',#5915,1.);
#5915 = DIRECTION('',(0.,-1.));
#5916 = ( GEOMETRIC_REPRESENTATION_CONTEXT(2) 
PARAMETRIC_REPRESENTATION_CONTEXT() REPRESENTATION_CONTEXT('2D SPACE',''
  ) );
#5917 = PCURVE('',#5402,#5918);
#5918 = DEFINITIONAL_REPRESENTATION('',(#5919),#5923);
#5919 = LINE('',#5920,#5921);
#5920 = CARTESIAN_POINT('',(2.,0.));
#5921 = VECTOR('',#5922,1.);
#5922 = DIRECTION('',(0.,1.));
#5923 = ( GEOMETRIC_REPRESENTATION_CONTEXT(2) 
PARAMETRIC_REPRESENTATION_CONTEXT() REPRESENTATION_CONTEXT('2D SPACE',''
  ) );
#5924 = ORIENTED_EDGE('',*,*,#5925,.T.);
#5925 = EDGE_CURVE('',#5903,#5857,#5926,.T.);
#5926 = SURFACE_CURVE('',#5927,(#5931,#5937),.PCURVE_S1.);
#5927 = LINE('',#5928,#5929);
#5928 = CARTESIAN_POINT('',(-66.15,-62.,175.75));
#5929 = VECTOR('',#5930,1.);
#5930 = DIRECTION('',(0.,0.,-1.));
#5931 = PCURVE('',#5478,#5932);
#5932 = DEFINITIONAL_REPRESENTATION('',(#5933),#5936);
#5933 = B_SPLINE_CURVE_WITH_KNOTS('',1,(#5934,#5935),.UNSPECIFIED.,.F.,
  .F.,(2,2),(-45.75,-27.75),.PIECEWISE_BEZIER_KNOTS.);
#5934 = CARTESIAN_POINT('',(18.,-0.5));
#5935 = CARTESIAN_POINT('',(0.,-0.5));
#5936 = ( GEOMETRIC_REPRESENTATION_CONTEXT(2) 
PARAMETRIC_REPRESENTATION_CONTEXT() REPRESENTATION_CONTEXT('2D SPACE',''
  ) );
#5937 = PCURVE('',#806,#5938);
#5938 = DEFINITIONAL_REPRESENTATION('',(#5939),#5942);
#5939 = B_SPLINE_CURVE_WITH_KNOTS('',1,(#5940,#5941),.UNSPECIFIED.,.F.,
  .F.,(2,2),(-45.75,-27.75),.PIECEWISE_BEZIER_KNOTS.);
#5940 = CARTESIAN_POINT('',(73.5,34.85));
#5941 = CARTESIAN_POINT('',(55.5,34.85));
#5942 = ( GEOMETRIC_REPRESENTATION_CONTEXT(2) 
PARAMETRIC_REPRESENTATION_CONTEXT() REPRESENTATION_CONTEXT('2D SPACE',''
  ) );
#5943 = ORIENTED_EDGE('',*,*,#5877,.T.);
#5944 = ORIENTED_EDGE('',*,*,#5465,.F.);
#5945 = ADVANCED_FACE('',(#5946),#5402,.F.);
#5946 = FACE_BOUND('',#5947,.F.);
#5947 = EDGE_LOOP('',(#5948,#5949,#5968,#5969));
#5948 = ORIENTED_EDGE('',*,*,#5786,.F.);
#5949 = ORIENTED_EDGE('',*,*,#5950,.T.);
#5950 = EDGE_CURVE('',#5787,#5903,#5951,.T.);
#5951 = SURFACE_CURVE('',#5952,(#5956,#5962),.PCURVE_S1.);
#5952 = LINE('',#5953,#5954);
#5953 = CARTESIAN_POINT('',(-84.575,-62.,221.5));
#5954 = VECTOR('',#5955,1.);
#5955 = DIRECTION('',(1.,0.,0.));
#5956 = PCURVE('',#5402,#5957);
#5957 = DEFINITIONAL_REPRESENTATION('',(#5958),#5961);
#5958 = B_SPLINE_CURVE_WITH_KNOTS('',1,(#5959,#5960),.UNSPECIFIED.,.F.,
  .F.,(2,2),(16.425,18.425),.PIECEWISE_BEZIER_KNOTS.);
#5959 = CARTESIAN_POINT('',(0.,0.5));
#5960 = CARTESIAN_POINT('',(2.,0.5));
#5961 = ( GEOMETRIC_REPRESENTATION_CONTEXT(2) 
PARAMETRIC_REPRESENTATION_CONTEXT() REPRESENTATION_CONTEXT('2D SPACE',''
  ) );
#5962 = PCURVE('',#806,#5963);
#5963 = DEFINITIONAL_REPRESENTATION('',(#5964),#5967);
#5964 = B_SPLINE_CURVE_WITH_KNOTS('',1,(#5965,#5966),.UNSPECIFIED.,.F.,
  .F.,(2,2),(16.425,18.425),.PIECEWISE_BEZIER_KNOTS.);
#5965 = CARTESIAN_POINT('',(73.5,32.85));
#5966 = CARTESIAN_POINT('',(73.5,34.85));
#5967 = ( GEOMETRIC_REPRESENTATION_CONTEXT(2) 
PARAMETRIC_REPRESENTATION_CONTEXT() REPRESENTATION_CONTEXT('2D SPACE',''
  ) );
#5968 = ORIENTED_EDGE('',*,*,#5902,.T.);
#5969 = ORIENTED_EDGE('',*,*,#5385,.F.);
#5970 = ADVANCED_FACE('',(#5971),#5202,.F.);
#5971 = FACE_BOUND('',#5972,.F.);
#5972 = EDGE_LOOP('',(#5973,#5974,#5997,#6018));
#5973 = ORIENTED_EDGE('',*,*,#5362,.F.);
#5974 = ORIENTED_EDGE('',*,*,#5975,.T.);
#5975 = EDGE_CURVE('',#5319,#5976,#5978,.T.);
#5976 = VERTEX_POINT('',#5977);
#5977 = CARTESIAN_POINT('',(-61.25,-17.,150.5));
#5978 = SURFACE_CURVE('',#5979,(#5983,#5990),.PCURVE_S1.);
#5979 = LINE('',#5980,#5981);
#5980 = CARTESIAN_POINT('',(-61.25,-59.5,150.5));
#5981 = VECTOR('',#5982,1.);
#5982 = DIRECTION('',(0.,1.,0.));
#5983 = PCURVE('',#5202,#5984);
#5984 = DEFINITIONAL_REPRESENTATION('',(#5985),#5989);
#5985 = LINE('',#5986,#5987);
#5986 = CARTESIAN_POINT('',(2.5,-10.5));
#5987 = VECTOR('',#5988,1.);
#5988 = DIRECTION('',(0.,-1.));
#5989 = ( GEOMETRIC_REPRESENTATION_CONTEXT(2) 
PARAMETRIC_REPRESENTATION_CONTEXT() REPRESENTATION_CONTEXT('2D SPACE',''
  ) );
#5990 = PCURVE('',#3482,#5991);
#5991 = DEFINITIONAL_REPRESENTATION('',(#5992),#5996);
#5992 = LINE('',#5993,#5994);
#5993 = CARTESIAN_POINT('',(40.75,0.));
#5994 = VECTOR('',#5995,1.);
#5995 = DIRECTION('',(0.,1.));
#5996 = ( GEOMETRIC_REPRESENTATION_CONTEXT(2) 
PARAMETRIC_REPRESENTATION_CONTEXT() REPRESENTATION_CONTEXT('2D SPACE',''
  ) );
#5997 = ORIENTED_EDGE('',*,*,#5998,.T.);
#5998 = EDGE_CURVE('',#5976,#5187,#5999,.T.);
#5999 = SURFACE_CURVE('',#6000,(#6004,#6011),.PCURVE_S1.);
#6000 = LINE('',#6001,#6002);
#6001 = CARTESIAN_POINT('',(-61.25,-17.,148.));
#6002 = VECTOR('',#6003,1.);
#6003 = DIRECTION('',(0.,0.,1.));
#6004 = PCURVE('',#5202,#6005);
#6005 = DEFINITIONAL_REPRESENTATION('',(#6006),#6010);
#6006 = LINE('',#6007,#6008);
#6007 = CARTESIAN_POINT('',(0.,-53.));
#6008 = VECTOR('',#6009,1.);
#6009 = DIRECTION('',(1.,0.));
#6010 = ( GEOMETRIC_REPRESENTATION_CONTEXT(2) 
PARAMETRIC_REPRESENTATION_CONTEXT() REPRESENTATION_CONTEXT('2D SPACE',''
  ) );
#6011 = PCURVE('',#5229,#6012);
#6012 = DEFINITIONAL_REPRESENTATION('',(#6013),#6017);
#6013 = LINE('',#6014,#6015);
#6014 = CARTESIAN_POINT('',(0.,8.75));
#6015 = VECTOR('',#6016,1.);
#6016 = DIRECTION('',(1.,0.));
#6017 = ( GEOMETRIC_REPRESENTATION_CONTEXT(2) 
PARAMETRIC_REPRESENTATION_CONTEXT() REPRESENTATION_CONTEXT('2D SPACE',''
  ) );
#6018 = ORIENTED_EDGE('',*,*,#5186,.F.);
#6019 = ADVANCED_FACE('',(#6020),#5229,.F.);
#6020 = FACE_BOUND('',#6021,.F.);
#6021 = EDGE_LOOP('',(#6022,#6023,#6044,#6065));
#6022 = ORIENTED_EDGE('',*,*,#5998,.F.);
#6023 = ORIENTED_EDGE('',*,*,#6024,.T.);
#6024 = EDGE_CURVE('',#5976,#6025,#6027,.T.);
#6025 = VERTEX_POINT('',#6026);
#6026 = CARTESIAN_POINT('',(-70.,-17.,150.5));
#6027 = SURFACE_CURVE('',#6028,(#6032,#6038),.PCURVE_S1.);
#6028 = LINE('',#6029,#6030);
#6029 = CARTESIAN_POINT('',(-86.,-17.,150.5));
#6030 = VECTOR('',#6031,1.);
#6031 = DIRECTION('',(-1.,0.,0.));
#6032 = PCURVE('',#5229,#6033);
#6033 = DEFINITIONAL_REPRESENTATION('',(#6034),#6037);
#6034 = B_SPLINE_CURVE_WITH_KNOTS('',1,(#6035,#6036),.UNSPECIFIED.,.F.,
  .F.,(2,2),(-24.75,-16.),.PIECEWISE_BEZIER_KNOTS.);
#6035 = CARTESIAN_POINT('',(2.5,8.75));
#6036 = CARTESIAN_POINT('',(2.5,0.));
#6037 = ( GEOMETRIC_REPRESENTATION_CONTEXT(2) 
PARAMETRIC_REPRESENTATION_CONTEXT() REPRESENTATION_CONTEXT('2D SPACE',''
  ) );
#6038 = PCURVE('',#3482,#6039);
#6039 = DEFINITIONAL_REPRESENTATION('',(#6040),#6043);
#6040 = B_SPLINE_CURVE_WITH_KNOTS('',1,(#6041,#6042),.UNSPECIFIED.,.F.,
  .F.,(2,2),(-24.75,-16.),.PIECEWISE_BEZIER_KNOTS.);
#6041 = CARTESIAN_POINT('',(40.75,42.5));
#6042 = CARTESIAN_POINT('',(32.,42.5));
#6043 = ( GEOMETRIC_REPRESENTATION_CONTEXT(2) 
PARAMETRIC_REPRESENTATION_CONTEXT() REPRESENTATION_CONTEXT('2D SPACE',''
  ) );
#6044 = ORIENTED_EDGE('',*,*,#6045,.T.);
#6045 = EDGE_CURVE('',#6025,#5215,#6046,.T.);
#6046 = SURFACE_CURVE('',#6047,(#6051,#6058),.PCURVE_S1.);
#6047 = LINE('',#6048,#6049);
#6048 = CARTESIAN_POINT('',(-70.,-17.,148.));
#6049 = VECTOR('',#6050,1.);
#6050 = DIRECTION('',(0.,0.,1.));
#6051 = PCURVE('',#5229,#6052);
#6052 = DEFINITIONAL_REPRESENTATION('',(#6053),#6057);
#6053 = LINE('',#6054,#6055);
#6054 = CARTESIAN_POINT('',(0.,0.));
#6055 = VECTOR('',#6056,1.);
#6056 = DIRECTION('',(1.,0.));
#6057 = ( GEOMETRIC_REPRESENTATION_CONTEXT(2) 
PARAMETRIC_REPRESENTATION_CONTEXT() REPRESENTATION_CONTEXT('2D SPACE',''
  ) );
#6058 = PCURVE('',#5255,#6059);
#6059 = DEFINITIONAL_REPRESENTATION('',(#6060),#6064);
#6060 = LINE('',#6061,#6062);
#6061 = CARTESIAN_POINT('',(0.,0.));
#6062 = VECTOR('',#6063,1.);
#6063 = DIRECTION('',(1.,0.));
#6064 = ( GEOMETRIC_REPRESENTATION_CONTEXT(2) 
PARAMETRIC_REPRESENTATION_CONTEXT() REPRESENTATION_CONTEXT('2D SPACE',''
  ) );
#6065 = ORIENTED_EDGE('',*,*,#5214,.F.);
#6066 = ADVANCED_FACE('',(#6067),#5255,.F.);
#6067 = FACE_BOUND('',#6068,.F.);
#6068 = EDGE_LOOP('',(#6069,#6070,#6091,#6112));
#6069 = ORIENTED_EDGE('',*,*,#6045,.F.);
#6070 = ORIENTED_EDGE('',*,*,#6071,.T.);
#6071 = EDGE_CURVE('',#6025,#6072,#6074,.T.);
#6072 = VERTEX_POINT('',#6073);
#6073 = CARTESIAN_POINT('',(-70.,17.,150.5));
#6074 = SURFACE_CURVE('',#6075,(#6079,#6085),.PCURVE_S1.);
#6075 = LINE('',#6076,#6077);
#6076 = CARTESIAN_POINT('',(-70.,-38.25,150.5));
#6077 = VECTOR('',#6078,1.);
#6078 = DIRECTION('',(0.,1.,0.));
#6079 = PCURVE('',#5255,#6080);
#6080 = DEFINITIONAL_REPRESENTATION('',(#6081),#6084);
#6081 = B_SPLINE_CURVE_WITH_KNOTS('',1,(#6082,#6083),.UNSPECIFIED.,.F.,
  .F.,(2,2),(21.25,55.25),.PIECEWISE_BEZIER_KNOTS.);
#6082 = CARTESIAN_POINT('',(2.5,0.));
#6083 = CARTESIAN_POINT('',(2.5,-34.));
#6084 = ( GEOMETRIC_REPRESENTATION_CONTEXT(2) 
PARAMETRIC_REPRESENTATION_CONTEXT() REPRESENTATION_CONTEXT('2D SPACE',''
  ) );
#6085 = PCURVE('',#3482,#6086);
#6086 = DEFINITIONAL_REPRESENTATION('',(#6087),#6090);
#6087 = B_SPLINE_CURVE_WITH_KNOTS('',1,(#6088,#6089),.UNSPECIFIED.,.F.,
  .F.,(2,2),(21.25,55.25),.PIECEWISE_BEZIER_KNOTS.);
#6088 = CARTESIAN_POINT('',(32.,42.5));
#6089 = CARTESIAN_POINT('',(32.,76.5));
#6090 = ( GEOMETRIC_REPRESENTATION_CONTEXT(2) 
PARAMETRIC_REPRESENTATION_CONTEXT() REPRESENTATION_CONTEXT('2D SPACE',''
  ) );
#6091 = ORIENTED_EDGE('',*,*,#6092,.T.);
#6092 = EDGE_CURVE('',#6072,#5241,#6093,.T.);
#6093 = SURFACE_CURVE('',#6094,(#6098,#6105),.PCURVE_S1.);
#6094 = LINE('',#6095,#6096);
#6095 = CARTESIAN_POINT('',(-70.,17.,148.));
#6096 = VECTOR('',#6097,1.);
#6097 = DIRECTION('',(0.,0.,1.));
#6098 = PCURVE('',#5255,#6099);
#6099 = DEFINITIONAL_REPRESENTATION('',(#6100),#6104);
#6100 = LINE('',#6101,#6102);
#6101 = CARTESIAN_POINT('',(0.,-34.));
#6102 = VECTOR('',#6103,1.);
#6103 = DIRECTION('',(1.,0.));
#6104 = ( GEOMETRIC_REPRESENTATION_CONTEXT(2) 
PARAMETRIC_REPRESENTATION_CONTEXT() REPRESENTATION_CONTEXT('2D SPACE',''
  ) );
#6105 = PCURVE('',#5281,#6106);
#6106 = DEFINITIONAL_REPRESENTATION('',(#6107),#6111);
#6107 = LINE('',#6108,#6109);
#6108 = CARTESIAN_POINT('',(0.,0.));
#6109 = VECTOR('',#6110,1.);
#6110 = DIRECTION('',(1.,0.));
#6111 = ( GEOMETRIC_REPRESENTATION_CONTEXT(2) 
PARAMETRIC_REPRESENTATION_CONTEXT() REPRESENTATION_CONTEXT('2D SPACE',''
  ) );
#6112 = ORIENTED_EDGE('',*,*,#5240,.F.);
#6113 = ADVANCED_FACE('',(#6114),#5281,.T.);
#6114 = FACE_BOUND('',#6115,.T.);
#6115 = EDGE_LOOP('',(#6116,#6139,#6158,#6159));
#6116 = ORIENTED_EDGE('',*,*,#6117,.F.);
#6117 = EDGE_CURVE('',#6118,#5267,#6120,.T.);
#6118 = VERTEX_POINT('',#6119);
#6119 = CARTESIAN_POINT('',(-61.25,17.,150.5));
#6120 = SURFACE_CURVE('',#6121,(#6125,#6132),.PCURVE_S1.);
#6121 = LINE('',#6122,#6123);
#6122 = CARTESIAN_POINT('',(-61.25,17.,148.));
#6123 = VECTOR('',#6124,1.);
#6124 = DIRECTION('',(0.,0.,1.));
#6125 = PCURVE('',#5281,#6126);
#6126 = DEFINITIONAL_REPRESENTATION('',(#6127),#6131);
#6127 = LINE('',#6128,#6129);
#6128 = CARTESIAN_POINT('',(0.,8.75));
#6129 = VECTOR('',#6130,1.);
#6130 = DIRECTION('',(1.,0.));
#6131 = ( GEOMETRIC_REPRESENTATION_CONTEXT(2) 
PARAMETRIC_REPRESENTATION_CONTEXT() REPRESENTATION_CONTEXT('2D SPACE',''
  ) );
#6132 = PCURVE('',#3558,#6133);
#6133 = DEFINITIONAL_REPRESENTATION('',(#6134),#6138);
#6134 = LINE('',#6135,#6136);
#6135 = CARTESIAN_POINT('',(0.,-87.));
#6136 = VECTOR('',#6137,1.);
#6137 = DIRECTION('',(1.,0.));
#6138 = ( GEOMETRIC_REPRESENTATION_CONTEXT(2) 
PARAMETRIC_REPRESENTATION_CONTEXT() REPRESENTATION_CONTEXT('2D SPACE',''
  ) );
#6139 = ORIENTED_EDGE('',*,*,#6140,.T.);
#6140 = EDGE_CURVE('',#6118,#6072,#6141,.T.);
#6141 = SURFACE_CURVE('',#6142,(#6146,#6152),.PCURVE_S1.);
#6142 = LINE('',#6143,#6144);
#6143 = CARTESIAN_POINT('',(-86.,17.,150.5));
#6144 = VECTOR('',#6145,1.);
#6145 = DIRECTION('',(-1.,0.,0.));
#6146 = PCURVE('',#5281,#6147);
#6147 = DEFINITIONAL_REPRESENTATION('',(#6148),#6151);
#6148 = B_SPLINE_CURVE_WITH_KNOTS('',1,(#6149,#6150),.UNSPECIFIED.,.F.,
  .F.,(2,2),(-24.75,-16.),.PIECEWISE_BEZIER_KNOTS.);
#6149 = CARTESIAN_POINT('',(2.5,8.75));
#6150 = CARTESIAN_POINT('',(2.5,0.));
#6151 = ( GEOMETRIC_REPRESENTATION_CONTEXT(2) 
PARAMETRIC_REPRESENTATION_CONTEXT() REPRESENTATION_CONTEXT('2D SPACE',''
  ) );
#6152 = PCURVE('',#3482,#6153);
#6153 = DEFINITIONAL_REPRESENTATION('',(#6154),#6157);
#6154 = B_SPLINE_CURVE_WITH_KNOTS('',1,(#6155,#6156),.UNSPECIFIED.,.F.,
  .F.,(2,2),(-24.75,-16.),.PIECEWISE_BEZIER_KNOTS.);
#6155 = CARTESIAN_POINT('',(40.75,76.5));
#6156 = CARTESIAN_POINT('',(32.,76.5));
#6157 = ( GEOMETRIC_REPRESENTATION_CONTEXT(2) 
PARAMETRIC_REPRESENTATION_CONTEXT() REPRESENTATION_CONTEXT('2D SPACE',''
  ) );
#6158 = ORIENTED_EDGE('',*,*,#6092,.T.);
#6159 = ORIENTED_EDGE('',*,*,#5266,.F.);
#6160 = ADVANCED_FACE('',(#6161),#3558,.F.);
#6161 = FACE_BOUND('',#6162,.F.);
#6162 = EDGE_LOOP('',(#6163,#6164,#6185,#6186));
#6163 = ORIENTED_EDGE('',*,*,#6117,.F.);
#6164 = ORIENTED_EDGE('',*,*,#6165,.T.);
#6165 = EDGE_CURVE('',#6118,#3467,#6166,.T.);
#6166 = SURFACE_CURVE('',#6167,(#6171,#6178),.PCURVE_S1.);
#6167 = LINE('',#6168,#6169);
#6168 = CARTESIAN_POINT('',(-61.25,-59.5,150.5));
#6169 = VECTOR('',#6170,1.);
#6170 = DIRECTION('',(0.,1.,0.));
#6171 = PCURVE('',#3558,#6172);
#6172 = DEFINITIONAL_REPRESENTATION('',(#6173),#6177);
#6173 = LINE('',#6174,#6175);
#6174 = CARTESIAN_POINT('',(2.5,-10.5));
#6175 = VECTOR('',#6176,1.);
#6176 = DIRECTION('',(0.,-1.));
#6177 = ( GEOMETRIC_REPRESENTATION_CONTEXT(2) 
PARAMETRIC_REPRESENTATION_CONTEXT() REPRESENTATION_CONTEXT('2D SPACE',''
  ) );
#6178 = PCURVE('',#3482,#6179);
#6179 = DEFINITIONAL_REPRESENTATION('',(#6180),#6184);
#6180 = LINE('',#6181,#6182);
#6181 = CARTESIAN_POINT('',(40.75,0.));
#6182 = VECTOR('',#6183,1.);
#6183 = DIRECTION('',(0.,1.));
#6184 = ( GEOMETRIC_REPRESENTATION_CONTEXT(2) 
PARAMETRIC_REPRESENTATION_CONTEXT() REPRESENTATION_CONTEXT('2D SPACE',''
  ) );
#6185 = ORIENTED_EDGE('',*,*,#3544,.T.);
#6186 = ORIENTED_EDGE('',*,*,#5292,.F.);
#6187 = ADVANCED_FACE('',(#6188),#3482,.T.);
#6188 = FACE_BOUND('',#6189,.T.);
#6189 = EDGE_LOOP('',(#6190,#6191,#6211,#6212,#6213,#6214,#6215,#6216));
#6190 = ORIENTED_EDGE('',*,*,#3464,.F.);
#6191 = ORIENTED_EDGE('',*,*,#6192,.T.);
#6192 = EDGE_CURVE('',#3465,#5317,#6193,.T.);
#6193 = SURFACE_CURVE('',#6194,(#6198,#6204),.PCURVE_S1.);
#6194 = LINE('',#6195,#6196);
#6195 = CARTESIAN_POINT('',(-101.,-60.75,150.5));
#6196 = VECTOR('',#6197,1.);
#6197 = DIRECTION('',(0.,-1.,0.));
#6198 = PCURVE('',#3482,#6199);
#6199 = DEFINITIONAL_REPRESENTATION('',(#6200),#6203);
#6200 = B_SPLINE_CURVE_WITH_KNOTS('',1,(#6201,#6202),.UNSPECIFIED.,.F.,
  .F.,(2,2),(-120.25,-1.25),.PIECEWISE_BEZIER_KNOTS.);
#6201 = CARTESIAN_POINT('',(1.,119.));
#6202 = CARTESIAN_POINT('',(1.,0.));
#6203 = ( GEOMETRIC_REPRESENTATION_CONTEXT(2) 
PARAMETRIC_REPRESENTATION_CONTEXT() REPRESENTATION_CONTEXT('2D SPACE',''
  ) );
#6204 = PCURVE('',#780,#6205);
#6205 = DEFINITIONAL_REPRESENTATION('',(#6206),#6210);
#6206 = LINE('',#6207,#6208);
#6207 = CARTESIAN_POINT('',(2.5,-1.25));
#6208 = VECTOR('',#6209,1.);
#6209 = DIRECTION('',(0.,1.));
#6210 = ( GEOMETRIC_REPRESENTATION_CONTEXT(2) 
PARAMETRIC_REPRESENTATION_CONTEXT() REPRESENTATION_CONTEXT('2D SPACE',''
  ) );
#6211 = ORIENTED_EDGE('',*,*,#5316,.T.);
#6212 = ORIENTED_EDGE('',*,*,#5975,.T.);
#6213 = ORIENTED_EDGE('',*,*,#6024,.T.);
#6214 = ORIENTED_EDGE('',*,*,#6071,.T.);
#6215 = ORIENTED_EDGE('',*,*,#6140,.F.);
#6216 = ORIENTED_EDGE('',*,*,#6165,.T.);
#6217 = ADVANCED_FACE('',(#6218),#3376,.F.);
#6218 = FACE_BOUND('',#6219,.F.);
#6219 = EDGE_LOOP('',(#6220,#6241,#6242,#6243));
#6220 = ORIENTED_EDGE('',*,*,#6221,.F.);
#6221 = EDGE_CURVE('',#4077,#3286,#6222,.T.);
#6222 = SURFACE_CURVE('',#6223,(#6227,#6234),.PCURVE_S1.);
#6223 = LINE('',#6224,#6225);
#6224 = CARTESIAN_POINT('',(-62.65,58.,221.5));
#6225 = VECTOR('',#6226,1.);
#6226 = DIRECTION('',(0.,1.,0.));
#6227 = PCURVE('',#3376,#6228);
#6228 = DEFINITIONAL_REPRESENTATION('',(#6229),#6233);
#6229 = LINE('',#6230,#6231);
#6230 = CARTESIAN_POINT('',(18.,0.));
#6231 = VECTOR('',#6232,1.);
#6232 = DIRECTION('',(0.,-1.));
#6233 = ( GEOMETRIC_REPRESENTATION_CONTEXT(2) 
PARAMETRIC_REPRESENTATION_CONTEXT() REPRESENTATION_CONTEXT('2D SPACE',''
  ) );
#6234 = PCURVE('',#3300,#6235);
#6235 = DEFINITIONAL_REPRESENTATION('',(#6236),#6240);
#6236 = LINE('',#6237,#6238);
#6237 = CARTESIAN_POINT('',(2.,0.));
#6238 = VECTOR('',#6239,1.);
#6239 = DIRECTION('',(0.,1.));
#6240 = ( GEOMETRIC_REPRESENTATION_CONTEXT(2) 
PARAMETRIC_REPRESENTATION_CONTEXT() REPRESENTATION_CONTEXT('2D SPACE',''
  ) );
#6241 = ORIENTED_EDGE('',*,*,#4117,.T.);
#6242 = ORIENTED_EDGE('',*,*,#3439,.T.);
#6243 = ORIENTED_EDGE('',*,*,#3363,.F.);
#6244 = ADVANCED_FACE('',(#6245),#3326,.T.);
#6245 = FACE_BOUND('',#6246,.T.);
#6246 = EDGE_LOOP('',(#6247,#6268,#6269,#6270));
#6247 = ORIENTED_EDGE('',*,*,#6248,.F.);
#6248 = EDGE_CURVE('',#4075,#3284,#6249,.T.);
#6249 = SURFACE_CURVE('',#6250,(#6254,#6261),.PCURVE_S1.);
#6250 = LINE('',#6251,#6252);
#6251 = CARTESIAN_POINT('',(-64.65,58.,221.5));
#6252 = VECTOR('',#6253,1.);
#6253 = DIRECTION('',(0.,1.,0.));
#6254 = PCURVE('',#3326,#6255);
#6255 = DEFINITIONAL_REPRESENTATION('',(#6256),#6260);
#6256 = LINE('',#6257,#6258);
#6257 = CARTESIAN_POINT('',(18.,0.));
#6258 = VECTOR('',#6259,1.);
#6259 = DIRECTION('',(0.,-1.));
#6260 = ( GEOMETRIC_REPRESENTATION_CONTEXT(2) 
PARAMETRIC_REPRESENTATION_CONTEXT() REPRESENTATION_CONTEXT('2D SPACE',''
  ) );
#6261 = PCURVE('',#3300,#6262);
#6262 = DEFINITIONAL_REPRESENTATION('',(#6263),#6267);
#6263 = LINE('',#6264,#6265);
#6264 = CARTESIAN_POINT('',(0.,0.));
#6265 = VECTOR('',#6266,1.);
#6266 = DIRECTION('',(0.,1.));
#6267 = ( GEOMETRIC_REPRESENTATION_CONTEXT(2) 
PARAMETRIC_REPRESENTATION_CONTEXT() REPRESENTATION_CONTEXT('2D SPACE',''
  ) );
#6268 = ORIENTED_EDGE('',*,*,#4097,.T.);
#6269 = ORIENTED_EDGE('',*,*,#3390,.T.);
#6270 = ORIENTED_EDGE('',*,*,#3311,.F.);
#6271 = ADVANCED_FACE('',(#6272),#3300,.F.);
#6272 = FACE_BOUND('',#6273,.F.);
#6273 = EDGE_LOOP('',(#6274,#6275,#6276,#6277));
#6274 = ORIENTED_EDGE('',*,*,#6248,.F.);
#6275 = ORIENTED_EDGE('',*,*,#4074,.T.);
#6276 = ORIENTED_EDGE('',*,*,#6221,.T.);
#6277 = ORIENTED_EDGE('',*,*,#3283,.F.);
#6278 = ADVANCED_FACE('',(#6279),#3246,.T.);
#6279 = FACE_BOUND('',#6280,.T.);
#6280 = EDGE_LOOP('',(#6281,#6302,#6303,#6324));
#6281 = ORIENTED_EDGE('',*,*,#6282,.F.);
#6282 = EDGE_CURVE('',#4012,#3206,#6283,.T.);
#6283 = SURFACE_CURVE('',#6284,(#6288,#6295),.PCURVE_S1.);
#6284 = LINE('',#6285,#6286);
#6285 = CARTESIAN_POINT('',(-68.15,58.,203.5));
#6286 = VECTOR('',#6287,1.);
#6287 = DIRECTION('',(0.,1.,0.));
#6288 = PCURVE('',#3246,#6289);
#6289 = DEFINITIONAL_REPRESENTATION('',(#6290),#6294);
#6290 = LINE('',#6291,#6292);
#6291 = CARTESIAN_POINT('',(0.,0.));
#6292 = VECTOR('',#6293,1.);
#6293 = DIRECTION('',(0.,1.));
#6294 = ( GEOMETRIC_REPRESENTATION_CONTEXT(2) 
PARAMETRIC_REPRESENTATION_CONTEXT() REPRESENTATION_CONTEXT('2D SPACE',''
  ) );
#6295 = PCURVE('',#3220,#6296);
#6296 = DEFINITIONAL_REPRESENTATION('',(#6297),#6301);
#6297 = LINE('',#6298,#6299);
#6298 = CARTESIAN_POINT('',(0.,0.));
#6299 = VECTOR('',#6300,1.);
#6300 = DIRECTION('',(0.,-1.));
#6301 = ( GEOMETRIC_REPRESENTATION_CONTEXT(2) 
PARAMETRIC_REPRESENTATION_CONTEXT() REPRESENTATION_CONTEXT('2D SPACE',''
  ) );
#6302 = ORIENTED_EDGE('',*,*,#4032,.T.);
#6303 = ORIENTED_EDGE('',*,*,#6304,.T.);
#6304 = EDGE_CURVE('',#4033,#3232,#6305,.T.);
#6305 = SURFACE_CURVE('',#6306,(#6310,#6317),.PCURVE_S1.);
#6306 = LINE('',#6307,#6308);
#6307 = CARTESIAN_POINT('',(-66.15,58.,203.5));
#6308 = VECTOR('',#6309,1.);
#6309 = DIRECTION('',(0.,1.,0.));
#6310 = PCURVE('',#3246,#6311);
#6311 = DEFINITIONAL_REPRESENTATION('',(#6312),#6316);
#6312 = LINE('',#6313,#6314);
#6313 = CARTESIAN_POINT('',(2.,0.));
#6314 = VECTOR('',#6315,1.);
#6315 = DIRECTION('',(0.,1.));
#6316 = ( GEOMETRIC_REPRESENTATION_CONTEXT(2) 
PARAMETRIC_REPRESENTATION_CONTEXT() REPRESENTATION_CONTEXT('2D SPACE',''
  ) );
#6317 = PCURVE('',#3270,#6318);
#6318 = DEFINITIONAL_REPRESENTATION('',(#6319),#6323);
#6319 = LINE('',#6320,#6321);
#6320 = CARTESIAN_POINT('',(0.,0.));
#6321 = VECTOR('',#6322,1.);
#6322 = DIRECTION('',(0.,-1.));
#6323 = ( GEOMETRIC_REPRESENTATION_CONTEXT(2) 
PARAMETRIC_REPRESENTATION_CONTEXT() REPRESENTATION_CONTEXT('2D SPACE',''
  ) );
#6324 = ORIENTED_EDGE('',*,*,#3231,.F.);
#6325 = ADVANCED_FACE('',(#6326),#3270,.F.);
#6326 = FACE_BOUND('',#6327,.F.);
#6327 = EDGE_LOOP('',(#6328,#6349,#6350,#6351));
#6328 = ORIENTED_EDGE('',*,*,#6329,.F.);
#6329 = EDGE_CURVE('',#3991,#3180,#6330,.T.);
#6330 = SURFACE_CURVE('',#6331,(#6335,#6342),.PCURVE_S1.);
#6331 = LINE('',#6332,#6333);
#6332 = CARTESIAN_POINT('',(-66.15,58.,221.5));
#6333 = VECTOR('',#6334,1.);
#6334 = DIRECTION('',(0.,1.,0.));
#6335 = PCURVE('',#3270,#6336);
#6336 = DEFINITIONAL_REPRESENTATION('',(#6337),#6341);
#6337 = LINE('',#6338,#6339);
#6338 = CARTESIAN_POINT('',(18.,0.));
#6339 = VECTOR('',#6340,1.);
#6340 = DIRECTION('',(0.,-1.));
#6341 = ( GEOMETRIC_REPRESENTATION_CONTEXT(2) 
PARAMETRIC_REPRESENTATION_CONTEXT() REPRESENTATION_CONTEXT('2D SPACE',''
  ) );
#6342 = PCURVE('',#3194,#6343);
#6343 = DEFINITIONAL_REPRESENTATION('',(#6344),#6348);
#6344 = LINE('',#6345,#6346);
#6345 = CARTESIAN_POINT('',(2.,0.));
#6346 = VECTOR('',#6347,1.);
#6347 = DIRECTION('',(0.,1.));
#6348 = ( GEOMETRIC_REPRESENTATION_CONTEXT(2) 
PARAMETRIC_REPRESENTATION_CONTEXT() REPRESENTATION_CONTEXT('2D SPACE',''
  ) );
#6349 = ORIENTED_EDGE('',*,*,#4053,.T.);
#6350 = ORIENTED_EDGE('',*,*,#6304,.T.);
#6351 = ORIENTED_EDGE('',*,*,#3257,.F.);
#6352 = ADVANCED_FACE('',(#6353),#3220,.T.);
#6353 = FACE_BOUND('',#6354,.T.);
#6354 = EDGE_LOOP('',(#6355,#6376,#6377,#6378));
#6355 = ORIENTED_EDGE('',*,*,#6356,.F.);
#6356 = EDGE_CURVE('',#3989,#3178,#6357,.T.);
#6357 = SURFACE_CURVE('',#6358,(#6362,#6369),.PCURVE_S1.);
#6358 = LINE('',#6359,#6360);
#6359 = CARTESIAN_POINT('',(-68.15,58.,221.5));
#6360 = VECTOR('',#6361,1.);
#6361 = DIRECTION('',(0.,1.,0.));
#6362 = PCURVE('',#3220,#6363);
#6363 = DEFINITIONAL_REPRESENTATION('',(#6364),#6368);
#6364 = LINE('',#6365,#6366);
#6365 = CARTESIAN_POINT('',(18.,0.));
#6366 = VECTOR('',#6367,1.);
#6367 = DIRECTION('',(0.,-1.));
#6368 = ( GEOMETRIC_REPRESENTATION_CONTEXT(2) 
PARAMETRIC_REPRESENTATION_CONTEXT() REPRESENTATION_CONTEXT('2D SPACE',''
  ) );
#6369 = PCURVE('',#3194,#6370);
#6370 = DEFINITIONAL_REPRESENTATION('',(#6371),#6375);
#6371 = LINE('',#6372,#6373);
#6372 = CARTESIAN_POINT('',(0.,0.));
#6373 = VECTOR('',#6374,1.);
#6374 = DIRECTION('',(0.,1.));
#6375 = ( GEOMETRIC_REPRESENTATION_CONTEXT(2) 
PARAMETRIC_REPRESENTATION_CONTEXT() REPRESENTATION_CONTEXT('2D SPACE',''
  ) );
#6376 = ORIENTED_EDGE('',*,*,#4011,.T.);
#6377 = ORIENTED_EDGE('',*,*,#6282,.T.);
#6378 = ORIENTED_EDGE('',*,*,#3205,.F.);
#6379 = ADVANCED_FACE('',(#6380),#3194,.F.);
#6380 = FACE_BOUND('',#6381,.F.);
#6381 = EDGE_LOOP('',(#6382,#6383,#6384,#6385));
#6382 = ORIENTED_EDGE('',*,*,#6356,.F.);
#6383 = ORIENTED_EDGE('',*,*,#3988,.T.);
#6384 = ORIENTED_EDGE('',*,*,#6329,.T.);
#6385 = ORIENTED_EDGE('',*,*,#3177,.F.);
#6386 = ADVANCED_FACE('',(#6387),#3110,.F.);
#6387 = FACE_BOUND('',#6388,.F.);
#6388 = EDGE_LOOP('',(#6389,#6390,#6411,#6412,#6433,#6462,#6483));
#6389 = ORIENTED_EDGE('',*,*,#3962,.T.);
#6390 = ORIENTED_EDGE('',*,*,#6391,.F.);
#6391 = EDGE_CURVE('',#3068,#3963,#6392,.T.);
#6392 = SEAM_CURVE('',#6393,(#6397,#6404),.PCURVE_S1.);
#6393 = LINE('',#6394,#6395);
#6394 = CARTESIAN_POINT('',(-81.,62.,208.3));
#6395 = VECTOR('',#6396,1.);
#6396 = DIRECTION('',(0.,-1.,0.));
#6397 = PCURVE('',#3110,#6398);
#6398 = DEFINITIONAL_REPRESENTATION('',(#6399),#6403);
#6399 = LINE('',#6400,#6401);
#6400 = CARTESIAN_POINT('',(6.28318530718,3.5));
#6401 = VECTOR('',#6402,1.);
#6402 = DIRECTION('',(-0.,-1.));
#6403 = ( GEOMETRIC_REPRESENTATION_CONTEXT(2) 
PARAMETRIC_REPRESENTATION_CONTEXT() REPRESENTATION_CONTEXT('2D SPACE',''
  ) );
#6404 = PCURVE('',#3110,#6405);
#6405 = DEFINITIONAL_REPRESENTATION('',(#6406),#6410);
#6406 = LINE('',#6407,#6408);
#6407 = CARTESIAN_POINT('',(0.,3.5));
#6408 = VECTOR('',#6409,1.);
#6409 = DIRECTION('',(-0.,-1.));
#6410 = ( GEOMETRIC_REPRESENTATION_CONTEXT(2) 
PARAMETRIC_REPRESENTATION_CONTEXT() REPRESENTATION_CONTEXT('2D SPACE',''
  ) );
#6411 = ORIENTED_EDGE('',*,*,#3093,.F.);
#6412 = ORIENTED_EDGE('',*,*,#6413,.T.);
#6413 = EDGE_CURVE('',#3094,#6414,#6416,.T.);
#6414 = VERTEX_POINT('',#6415);
#6415 = CARTESIAN_POINT('',(-81.,64.5,205.3));
#6416 = SURFACE_CURVE('',#6417,(#6421,#6427),.PCURVE_S1.);
#6417 = LINE('',#6418,#6419);
#6418 = CARTESIAN_POINT('',(-81.,60.5,205.3));
#6419 = VECTOR('',#6420,1.);
#6420 = DIRECTION('',(0.,1.,0.));
#6421 = PCURVE('',#3110,#6422);
#6422 = DEFINITIONAL_REPRESENTATION('',(#6423),#6426);
#6423 = B_SPLINE_CURVE_WITH_KNOTS('',1,(#6424,#6425),.UNSPECIFIED.,.F.,
  .F.,(2,2),(0.9999994,4.0000006),.PIECEWISE_BEZIER_KNOTS.);
#6424 = CARTESIAN_POINT('',(3.14159265359,2.9999994));
#6425 = CARTESIAN_POINT('',(3.14159265359,6.0000006));
#6426 = ( GEOMETRIC_REPRESENTATION_CONTEXT(2) 
PARAMETRIC_REPRESENTATION_CONTEXT() REPRESENTATION_CONTEXT('2D SPACE',''
  ) );
#6427 = PCURVE('',#3137,#6428);
#6428 = DEFINITIONAL_REPRESENTATION('',(#6429),#6432);
#6429 = B_SPLINE_CURVE_WITH_KNOTS('',1,(#6430,#6431),.UNSPECIFIED.,.F.,
  .F.,(2,2),(0.9999994,4.0000006),.PIECEWISE_BEZIER_KNOTS.);
#6430 = CARTESIAN_POINT('',(8.5,-0.9999994));
#6431 = CARTESIAN_POINT('',(8.5,-4.0000006));
#6432 = ( GEOMETRIC_REPRESENTATION_CONTEXT(2) 
PARAMETRIC_REPRESENTATION_CONTEXT() REPRESENTATION_CONTEXT('2D SPACE',''
  ) );
#6433 = ORIENTED_EDGE('',*,*,#6434,.F.);
#6434 = EDGE_CURVE('',#6435,#6414,#6437,.T.);
#6435 = VERTEX_POINT('',#6436);
#6436 = CARTESIAN_POINT('',(-81.,64.5,208.3));
#6437 = SURFACE_CURVE('',#6438,(#6443,#6450),.PCURVE_S1.);
#6438 = CIRCLE('',#6439,1.5);
#6439 = AXIS2_PLACEMENT_3D('',#6440,#6441,#6442);
#6440 = CARTESIAN_POINT('',(-81.,64.5,206.8));
#6441 = DIRECTION('',(0.,1.,0.));
#6442 = DIRECTION('',(0.,-0.,1.));
#6443 = PCURVE('',#3110,#6444);
#6444 = DEFINITIONAL_REPRESENTATION('',(#6445),#6449);
#6445 = LINE('',#6446,#6447);
#6446 = CARTESIAN_POINT('',(0.,6.));
#6447 = VECTOR('',#6448,1.);
#6448 = DIRECTION('',(1.,0.));
#6449 = ( GEOMETRIC_REPRESENTATION_CONTEXT(2) 
PARAMETRIC_REPRESENTATION_CONTEXT() REPRESENTATION_CONTEXT('2D SPACE',''
  ) );
#6450 = PCURVE('',#6451,#6456);
#6451 = PLANE('',#6452);
#6452 = AXIS2_PLACEMENT_3D('',#6453,#6454,#6455);
#6453 = CARTESIAN_POINT('',(-81.,64.5,206.8));
#6454 = DIRECTION('',(0.,1.,0.));
#6455 = DIRECTION('',(0.,-0.,1.));
#6456 = DEFINITIONAL_REPRESENTATION('',(#6457),#6461);
#6457 = CIRCLE('',#6458,1.5);
#6458 = AXIS2_PLACEMENT_2D('',#6459,#6460);
#6459 = CARTESIAN_POINT('',(0.,0.));
#6460 = DIRECTION('',(1.,0.));
#6461 = ( GEOMETRIC_REPRESENTATION_CONTEXT(2) 
PARAMETRIC_REPRESENTATION_CONTEXT() REPRESENTATION_CONTEXT('2D SPACE',''
  ) );
#6462 = ORIENTED_EDGE('',*,*,#6463,.F.);
#6463 = EDGE_CURVE('',#3068,#6435,#6464,.T.);
#6464 = SURFACE_CURVE('',#6465,(#6469,#6476),.PCURVE_S1.);
#6465 = LINE('',#6466,#6467);
#6466 = CARTESIAN_POINT('',(-81.,60.5,208.3));
#6467 = VECTOR('',#6468,1.);
#6468 = DIRECTION('',(0.,1.,0.));
#6469 = PCURVE('',#3110,#6470);
#6470 = DEFINITIONAL_REPRESENTATION('',(#6471),#6475);
#6471 = LINE('',#6472,#6473);
#6472 = CARTESIAN_POINT('',(0.,2.));
#6473 = VECTOR('',#6474,1.);
#6474 = DIRECTION('',(0.,1.));
#6475 = ( GEOMETRIC_REPRESENTATION_CONTEXT(2) 
PARAMETRIC_REPRESENTATION_CONTEXT() REPRESENTATION_CONTEXT('2D SPACE',''
  ) );
#6476 = PCURVE('',#3082,#6477);
#6477 = DEFINITIONAL_REPRESENTATION('',(#6478),#6482);
#6478 = LINE('',#6479,#6480);
#6479 = CARTESIAN_POINT('',(11.5,0.));
#6480 = VECTOR('',#6481,1.);
#6481 = DIRECTION('',(0.,-1.));
#6482 = ( GEOMETRIC_REPRESENTATION_CONTEXT(2) 
PARAMETRIC_REPRESENTATION_CONTEXT() REPRESENTATION_CONTEXT('2D SPACE',''
  ) );
#6483 = ORIENTED_EDGE('',*,*,#6391,.T.);
#6484 = ADVANCED_FACE('',(#6485),#6451,.T.);
#6485 = FACE_BOUND('',#6486,.T.);
#6486 = EDGE_LOOP('',(#6487,#6508,#6532,#6551));
#6487 = ORIENTED_EDGE('',*,*,#6488,.F.);
#6488 = EDGE_CURVE('',#6489,#6435,#6491,.T.);
#6489 = VERTEX_POINT('',#6490);
#6490 = CARTESIAN_POINT('',(-81.,64.5,209.1));
#6491 = SURFACE_CURVE('',#6492,(#6496,#6502),.PCURVE_S1.);
#6492 = LINE('',#6493,#6494);
#6493 = CARTESIAN_POINT('',(-81.,64.5,201.8));
#6494 = VECTOR('',#6495,1.);
#6495 = DIRECTION('',(0.,0.,-1.));
#6496 = PCURVE('',#6451,#6497);
#6497 = DEFINITIONAL_REPRESENTATION('',(#6498),#6501);
#6498 = B_SPLINE_CURVE_WITH_KNOTS('',1,(#6499,#6500),.UNSPECIFIED.,.F.,
  .F.,(2,2),(-7.3,-2.7),.PIECEWISE_BEZIER_KNOTS.);
#6499 = CARTESIAN_POINT('',(2.3,0.));
#6500 = CARTESIAN_POINT('',(-2.3,0.));
#6501 = ( GEOMETRIC_REPRESENTATION_CONTEXT(2) 
PARAMETRIC_REPRESENTATION_CONTEXT() REPRESENTATION_CONTEXT('2D SPACE',''
  ) );
#6502 = PCURVE('',#3082,#6503);
#6503 = DEFINITIONAL_REPRESENTATION('',(#6504),#6507);
#6504 = B_SPLINE_CURVE_WITH_KNOTS('',1,(#6505,#6506),.UNSPECIFIED.,.F.,
  .F.,(2,2),(-7.3,-2.7),.PIECEWISE_BEZIER_KNOTS.);
#6505 = CARTESIAN_POINT('',(12.3,-4.));
#6506 = CARTESIAN_POINT('',(7.7,-4.));
#6507 = ( GEOMETRIC_REPRESENTATION_CONTEXT(2) 
PARAMETRIC_REPRESENTATION_CONTEXT() REPRESENTATION_CONTEXT('2D SPACE',''
  ) );
#6508 = ORIENTED_EDGE('',*,*,#6509,.T.);
#6509 = EDGE_CURVE('',#6489,#6510,#6512,.T.);
#6510 = VERTEX_POINT('',#6511);
#6511 = CARTESIAN_POINT('',(-81.,64.5,204.5));
#6512 = SURFACE_CURVE('',#6513,(#6518,#6525),.PCURVE_S1.);
#6513 = CIRCLE('',#6514,2.3);
#6514 = AXIS2_PLACEMENT_3D('',#6515,#6516,#6517);
#6515 = CARTESIAN_POINT('',(-81.,64.5,206.8));
#6516 = DIRECTION('',(0.,1.,0.));
#6517 = DIRECTION('',(0.,-0.,1.));
#6518 = PCURVE('',#6451,#6519);
#6519 = DEFINITIONAL_REPRESENTATION('',(#6520),#6524);
#6520 = CIRCLE('',#6521,2.3);
#6521 = AXIS2_PLACEMENT_2D('',#6522,#6523);
#6522 = CARTESIAN_POINT('',(0.,0.));
#6523 = DIRECTION('',(1.,0.));
#6524 = ( GEOMETRIC_REPRESENTATION_CONTEXT(2) 
PARAMETRIC_REPRESENTATION_CONTEXT() REPRESENTATION_CONTEXT('2D SPACE',''
  ) );
#6525 = PCURVE('',#3163,#6526);
#6526 = DEFINITIONAL_REPRESENTATION('',(#6527),#6531);
#6527 = LINE('',#6528,#6529);
#6528 = CARTESIAN_POINT('',(0.,3.));
#6529 = VECTOR('',#6530,1.);
#6530 = DIRECTION('',(1.,0.));
#6531 = ( GEOMETRIC_REPRESENTATION_CONTEXT(2) 
PARAMETRIC_REPRESENTATION_CONTEXT() REPRESENTATION_CONTEXT('2D SPACE',''
  ) );
#6532 = ORIENTED_EDGE('',*,*,#6533,.F.);
#6533 = EDGE_CURVE('',#6414,#6510,#6534,.T.);
#6534 = SURFACE_CURVE('',#6535,(#6539,#6545),.PCURVE_S1.);
#6535 = LINE('',#6536,#6537);
#6536 = CARTESIAN_POINT('',(-81.,64.5,201.8));
#6537 = VECTOR('',#6538,1.);
#6538 = DIRECTION('',(0.,0.,-1.));
#6539 = PCURVE('',#6451,#6540);
#6540 = DEFINITIONAL_REPRESENTATION('',(#6541),#6544);
#6541 = B_SPLINE_CURVE_WITH_KNOTS('',1,(#6542,#6543),.UNSPECIFIED.,.F.,
  .F.,(2,2),(-7.3,-2.7),.PIECEWISE_BEZIER_KNOTS.);
#6542 = CARTESIAN_POINT('',(2.3,0.));
#6543 = CARTESIAN_POINT('',(-2.3,0.));
#6544 = ( GEOMETRIC_REPRESENTATION_CONTEXT(2) 
PARAMETRIC_REPRESENTATION_CONTEXT() REPRESENTATION_CONTEXT('2D SPACE',''
  ) );
#6545 = PCURVE('',#3137,#6546);
#6546 = DEFINITIONAL_REPRESENTATION('',(#6547),#6550);
#6547 = B_SPLINE_CURVE_WITH_KNOTS('',1,(#6548,#6549),.UNSPECIFIED.,.F.,
  .F.,(2,2),(-7.3,-2.7),.PIECEWISE_BEZIER_KNOTS.);
#6548 = CARTESIAN_POINT('',(12.3,-4.));
#6549 = CARTESIAN_POINT('',(7.7,-4.));
#6550 = ( GEOMETRIC_REPRESENTATION_CONTEXT(2) 
PARAMETRIC_REPRESENTATION_CONTEXT() REPRESENTATION_CONTEXT('2D SPACE',''
  ) );
#6551 = ORIENTED_EDGE('',*,*,#6434,.F.);
#6552 = ADVANCED_FACE('',(#6553),#3137,.F.);
#6553 = FACE_BOUND('',#6554,.F.);
#6554 = EDGE_LOOP('',(#6555,#6556,#6557,#6576));
#6555 = ORIENTED_EDGE('',*,*,#6413,.F.);
#6556 = ORIENTED_EDGE('',*,*,#3122,.T.);
#6557 = ORIENTED_EDGE('',*,*,#6558,.T.);
#6558 = EDGE_CURVE('',#3123,#6510,#6559,.T.);
#6559 = SURFACE_CURVE('',#6560,(#6564,#6570),.PCURVE_S1.);
#6560 = LINE('',#6561,#6562);
#6561 = CARTESIAN_POINT('',(-81.,61.5,204.5));
#6562 = VECTOR('',#6563,1.);
#6563 = DIRECTION('',(0.,1.,0.));
#6564 = PCURVE('',#3137,#6565);
#6565 = DEFINITIONAL_REPRESENTATION('',(#6566),#6569);
#6566 = B_SPLINE_CURVE_WITH_KNOTS('',1,(#6567,#6568),.UNSPECIFIED.,.F.,
  .F.,(2,2),(-5.999999999062E-07,3.0000006),.PIECEWISE_BEZIER_KNOTS.);
#6567 = CARTESIAN_POINT('',(7.7,-0.9999994));
#6568 = CARTESIAN_POINT('',(7.7,-4.0000006));
#6569 = ( GEOMETRIC_REPRESENTATION_CONTEXT(2) 
PARAMETRIC_REPRESENTATION_CONTEXT() REPRESENTATION_CONTEXT('2D SPACE',''
  ) );
#6570 = PCURVE('',#3163,#6571);
#6571 = DEFINITIONAL_REPRESENTATION('',(#6572),#6575);
#6572 = B_SPLINE_CURVE_WITH_KNOTS('',1,(#6573,#6574),.UNSPECIFIED.,.F.,
  .F.,(2,2),(-5.999999999062E-07,3.0000006),.PIECEWISE_BEZIER_KNOTS.);
#6573 = CARTESIAN_POINT('',(3.14159265359,-5.999999999062E-07));
#6574 = CARTESIAN_POINT('',(3.14159265359,3.0000006));
#6575 = ( GEOMETRIC_REPRESENTATION_CONTEXT(2) 
PARAMETRIC_REPRESENTATION_CONTEXT() REPRESENTATION_CONTEXT('2D SPACE',''
  ) );
#6576 = ORIENTED_EDGE('',*,*,#6533,.F.);
#6577 = ADVANCED_FACE('',(#6578),#3163,.T.);
#6578 = FACE_BOUND('',#6579,.T.);
#6579 = EDGE_LOOP('',(#6580,#6581,#6602,#6603));
#6580 = ORIENTED_EDGE('',*,*,#6509,.F.);
#6581 = ORIENTED_EDGE('',*,*,#6582,.F.);
#6582 = EDGE_CURVE('',#3066,#6489,#6583,.T.);
#6583 = SURFACE_CURVE('',#6584,(#6588,#6595),.PCURVE_S1.);
#6584 = LINE('',#6585,#6586);
#6585 = CARTESIAN_POINT('',(-81.,61.5,209.1));
#6586 = VECTOR('',#6587,1.);
#6587 = DIRECTION('',(0.,1.,0.));
#6588 = PCURVE('',#3163,#6589);
#6589 = DEFINITIONAL_REPRESENTATION('',(#6590),#6594);
#6590 = LINE('',#6591,#6592);
#6591 = CARTESIAN_POINT('',(0.,-0.));
#6592 = VECTOR('',#6593,1.);
#6593 = DIRECTION('',(0.,1.));
#6594 = ( GEOMETRIC_REPRESENTATION_CONTEXT(2) 
PARAMETRIC_REPRESENTATION_CONTEXT() REPRESENTATION_CONTEXT('2D SPACE',''
  ) );
#6595 = PCURVE('',#3082,#6596);
#6596 = DEFINITIONAL_REPRESENTATION('',(#6597),#6601);
#6597 = LINE('',#6598,#6599);
#6598 = CARTESIAN_POINT('',(12.3,-1.));
#6599 = VECTOR('',#6600,1.);
#6600 = DIRECTION('',(0.,-1.));
#6601 = ( GEOMETRIC_REPRESENTATION_CONTEXT(2) 
PARAMETRIC_REPRESENTATION_CONTEXT() REPRESENTATION_CONTEXT('2D SPACE',''
  ) );
#6602 = ORIENTED_EDGE('',*,*,#3148,.T.);
#6603 = ORIENTED_EDGE('',*,*,#6558,.T.);
#6604 = ADVANCED_FACE('',(#6605),#3082,.F.);
#6605 = FACE_BOUND('',#6606,.F.);
#6606 = EDGE_LOOP('',(#6607,#6608,#6609,#6610));
#6607 = ORIENTED_EDGE('',*,*,#6488,.F.);
#6608 = ORIENTED_EDGE('',*,*,#6582,.F.);
#6609 = ORIENTED_EDGE('',*,*,#3065,.T.);
#6610 = ORIENTED_EDGE('',*,*,#6463,.T.);
#6611 = ADVANCED_FACE('',(#6612),#2998,.F.);
#6612 = FACE_BOUND('',#6613,.F.);
#6613 = EDGE_LOOP('',(#6614,#6615,#6636,#6637,#6658,#6687,#6708));
#6614 = ORIENTED_EDGE('',*,*,#3936,.T.);
#6615 = ORIENTED_EDGE('',*,*,#6616,.F.);
#6616 = EDGE_CURVE('',#2956,#3937,#6617,.T.);
#6617 = SEAM_CURVE('',#6618,(#6622,#6629),.PCURVE_S1.);
#6618 = LINE('',#6619,#6620);
#6619 = CARTESIAN_POINT('',(-81.,62.,203.4));
#6620 = VECTOR('',#6621,1.);
#6621 = DIRECTION('',(0.,-1.,0.));
#6622 = PCURVE('',#2998,#6623);
#6623 = DEFINITIONAL_REPRESENTATION('',(#6624),#6628);
#6624 = LINE('',#6625,#6626);
#6625 = CARTESIAN_POINT('',(6.28318530718,3.5));
#6626 = VECTOR('',#6627,1.);
#6627 = DIRECTION('',(-0.,-1.));
#6628 = ( GEOMETRIC_REPRESENTATION_CONTEXT(2) 
PARAMETRIC_REPRESENTATION_CONTEXT() REPRESENTATION_CONTEXT('2D SPACE',''
  ) );
#6629 = PCURVE('',#2998,#6630);
#6630 = DEFINITIONAL_REPRESENTATION('',(#6631),#6635);
#6631 = LINE('',#6632,#6633);
#6632 = CARTESIAN_POINT('',(0.,3.5));
#6633 = VECTOR('',#6634,1.);
#6634 = DIRECTION('',(-0.,-1.));
#6635 = ( GEOMETRIC_REPRESENTATION_CONTEXT(2) 
PARAMETRIC_REPRESENTATION_CONTEXT() REPRESENTATION_CONTEXT('2D SPACE',''
  ) );
#6636 = ORIENTED_EDGE('',*,*,#2981,.F.);
#6637 = ORIENTED_EDGE('',*,*,#6638,.T.);
#6638 = EDGE_CURVE('',#2982,#6639,#6641,.T.);
#6639 = VERTEX_POINT('',#6640);
#6640 = CARTESIAN_POINT('',(-81.,64.5,200.4));
#6641 = SURFACE_CURVE('',#6642,(#6646,#6652),.PCURVE_S1.);
#6642 = LINE('',#6643,#6644);
#6643 = CARTESIAN_POINT('',(-81.,60.5,200.4));
#6644 = VECTOR('',#6645,1.);
#6645 = DIRECTION('',(0.,1.,0.));
#6646 = PCURVE('',#2998,#6647);
#6647 = DEFINITIONAL_REPRESENTATION('',(#6648),#6651);
#6648 = B_SPLINE_CURVE_WITH_KNOTS('',1,(#6649,#6650),.UNSPECIFIED.,.F.,
  .F.,(2,2),(0.9999994,4.0000006),.PIECEWISE_BEZIER_KNOTS.);
#6649 = CARTESIAN_POINT('',(3.14159265359,2.9999994));
#6650 = CARTESIAN_POINT('',(3.14159265359,6.0000006));
#6651 = ( GEOMETRIC_REPRESENTATION_CONTEXT(2) 
PARAMETRIC_REPRESENTATION_CONTEXT() REPRESENTATION_CONTEXT('2D SPACE',''
  ) );
#6652 = PCURVE('',#3025,#6653);
#6653 = DEFINITIONAL_REPRESENTATION('',(#6654),#6657);
#6654 = B_SPLINE_CURVE_WITH_KNOTS('',1,(#6655,#6656),.UNSPECIFIED.,.F.,
  .F.,(2,2),(0.9999994,4.0000006),.PIECEWISE_BEZIER_KNOTS.);
#6655 = CARTESIAN_POINT('',(8.5,-0.9999994));
#6656 = CARTESIAN_POINT('',(8.5,-4.0000006));
#6657 = ( GEOMETRIC_REPRESENTATION_CONTEXT(2) 
PARAMETRIC_REPRESENTATION_CONTEXT() REPRESENTATION_CONTEXT('2D SPACE',''
  ) );
#6658 = ORIENTED_EDGE('',*,*,#6659,.F.);
#6659 = EDGE_CURVE('',#6660,#6639,#6662,.T.);
#6660 = VERTEX_POINT('',#6661);
#6661 = CARTESIAN_POINT('',(-81.,64.5,203.4));
#6662 = SURFACE_CURVE('',#6663,(#6668,#6675),.PCURVE_S1.);
#6663 = CIRCLE('',#6664,1.5);
#6664 = AXIS2_PLACEMENT_3D('',#6665,#6666,#6667);
#6665 = CARTESIAN_POINT('',(-81.,64.5,201.9));
#6666 = DIRECTION('',(0.,1.,0.));
#6667 = DIRECTION('',(0.,-0.,1.));
#6668 = PCURVE('',#2998,#6669);
#6669 = DEFINITIONAL_REPRESENTATION('',(#6670),#6674);
#6670 = LINE('',#6671,#6672);
#6671 = CARTESIAN_POINT('',(0.,6.));
#6672 = VECTOR('',#6673,1.);
#6673 = DIRECTION('',(1.,0.));
#6674 = ( GEOMETRIC_REPRESENTATION_CONTEXT(2) 
PARAMETRIC_REPRESENTATION_CONTEXT() REPRESENTATION_CONTEXT('2D SPACE',''
  ) );
#6675 = PCURVE('',#6676,#6681);
#6676 = PLANE('',#6677);
#6677 = AXIS2_PLACEMENT_3D('',#6678,#6679,#6680);
#6678 = CARTESIAN_POINT('',(-81.,64.5,201.9));
#6679 = DIRECTION('',(0.,1.,0.));
#6680 = DIRECTION('',(0.,-0.,1.));
#6681 = DEFINITIONAL_REPRESENTATION('',(#6682),#6686);
#6682 = CIRCLE('',#6683,1.5);
#6683 = AXIS2_PLACEMENT_2D('',#6684,#6685);
#6684 = CARTESIAN_POINT('',(0.,0.));
#6685 = DIRECTION('',(1.,0.));
#6686 = ( GEOMETRIC_REPRESENTATION_CONTEXT(2) 
PARAMETRIC_REPRESENTATION_CONTEXT() REPRESENTATION_CONTEXT('2D SPACE',''
  ) );
#6687 = ORIENTED_EDGE('',*,*,#6688,.F.);
#6688 = EDGE_CURVE('',#2956,#6660,#6689,.T.);
#6689 = SURFACE_CURVE('',#6690,(#6694,#6701),.PCURVE_S1.);
#6690 = LINE('',#6691,#6692);
#6691 = CARTESIAN_POINT('',(-81.,60.5,203.4));
#6692 = VECTOR('',#6693,1.);
#6693 = DIRECTION('',(0.,1.,0.));
#6694 = PCURVE('',#2998,#6695);
#6695 = DEFINITIONAL_REPRESENTATION('',(#6696),#6700);
#6696 = LINE('',#6697,#6698);
#6697 = CARTESIAN_POINT('',(0.,2.));
#6698 = VECTOR('',#6699,1.);
#6699 = DIRECTION('',(0.,1.));
#6700 = ( GEOMETRIC_REPRESENTATION_CONTEXT(2) 
PARAMETRIC_REPRESENTATION_CONTEXT() REPRESENTATION_CONTEXT('2D SPACE',''
  ) );
#6701 = PCURVE('',#2970,#6702);
#6702 = DEFINITIONAL_REPRESENTATION('',(#6703),#6707);
#6703 = LINE('',#6704,#6705);
#6704 = CARTESIAN_POINT('',(11.5,0.));
#6705 = VECTOR('',#6706,1.);
#6706 = DIRECTION('',(0.,-1.));
#6707 = ( GEOMETRIC_REPRESENTATION_CONTEXT(2) 
PARAMETRIC_REPRESENTATION_CONTEXT() REPRESENTATION_CONTEXT('2D SPACE',''
  ) );
#6708 = ORIENTED_EDGE('',*,*,#6616,.T.);
#6709 = ADVANCED_FACE('',(#6710),#6676,.T.);
#6710 = FACE_BOUND('',#6711,.T.);
#6711 = EDGE_LOOP('',(#6712,#6733,#6757,#6776));
#6712 = ORIENTED_EDGE('',*,*,#6713,.F.);
#6713 = EDGE_CURVE('',#6714,#6660,#6716,.T.);
#6714 = VERTEX_POINT('',#6715);
#6715 = CARTESIAN_POINT('',(-81.,64.5,204.2));
#6716 = SURFACE_CURVE('',#6717,(#6721,#6727),.PCURVE_S1.);
#6717 = LINE('',#6718,#6719);
#6718 = CARTESIAN_POINT('',(-81.,64.5,196.9));
#6719 = VECTOR('',#6720,1.);
#6720 = DIRECTION('',(0.,0.,-1.));
#6721 = PCURVE('',#6676,#6722);
#6722 = DEFINITIONAL_REPRESENTATION('',(#6723),#6726);
#6723 = B_SPLINE_CURVE_WITH_KNOTS('',1,(#6724,#6725),.UNSPECIFIED.,.F.,
  .F.,(2,2),(-7.3,-2.7),.PIECEWISE_BEZIER_KNOTS.);
#6724 = CARTESIAN_POINT('',(2.3,0.));
#6725 = CARTESIAN_POINT('',(-2.3,0.));
#6726 = ( GEOMETRIC_REPRESENTATION_CONTEXT(2) 
PARAMETRIC_REPRESENTATION_CONTEXT() REPRESENTATION_CONTEXT('2D SPACE',''
  ) );
#6727 = PCURVE('',#2970,#6728);
#6728 = DEFINITIONAL_REPRESENTATION('',(#6729),#6732);
#6729 = B_SPLINE_CURVE_WITH_KNOTS('',1,(#6730,#6731),.UNSPECIFIED.,.F.,
  .F.,(2,2),(-7.3,-2.7),.PIECEWISE_BEZIER_KNOTS.);
#6730 = CARTESIAN_POINT('',(12.3,-4.));
#6731 = CARTESIAN_POINT('',(7.7,-4.));
#6732 = ( GEOMETRIC_REPRESENTATION_CONTEXT(2) 
PARAMETRIC_REPRESENTATION_CONTEXT() REPRESENTATION_CONTEXT('2D SPACE',''
  ) );
#6733 = ORIENTED_EDGE('',*,*,#6734,.T.);
#6734 = EDGE_CURVE('',#6714,#6735,#6737,.T.);
#6735 = VERTEX_POINT('',#6736);
#6736 = CARTESIAN_POINT('',(-81.,64.5,199.6));
#6737 = SURFACE_CURVE('',#6738,(#6743,#6750),.PCURVE_S1.);
#6738 = CIRCLE('',#6739,2.3);
#6739 = AXIS2_PLACEMENT_3D('',#6740,#6741,#6742);
#6740 = CARTESIAN_POINT('',(-81.,64.5,201.9));
#6741 = DIRECTION('',(0.,1.,0.));
#6742 = DIRECTION('',(0.,-0.,1.));
#6743 = PCURVE('',#6676,#6744);
#6744 = DEFINITIONAL_REPRESENTATION('',(#6745),#6749);
#6745 = CIRCLE('',#6746,2.3);
#6746 = AXIS2_PLACEMENT_2D('',#6747,#6748);
#6747 = CARTESIAN_POINT('',(0.,0.));
#6748 = DIRECTION('',(1.,0.));
#6749 = ( GEOMETRIC_REPRESENTATION_CONTEXT(2) 
PARAMETRIC_REPRESENTATION_CONTEXT() REPRESENTATION_CONTEXT('2D SPACE',''
  ) );
#6750 = PCURVE('',#3051,#6751);
#6751 = DEFINITIONAL_REPRESENTATION('',(#6752),#6756);
#6752 = LINE('',#6753,#6754);
#6753 = CARTESIAN_POINT('',(0.,3.));
#6754 = VECTOR('',#6755,1.);
#6755 = DIRECTION('',(1.,0.));
#6756 = ( GEOMETRIC_REPRESENTATION_CONTEXT(2) 
PARAMETRIC_REPRESENTATION_CONTEXT() REPRESENTATION_CONTEXT('2D SPACE',''
  ) );
#6757 = ORIENTED_EDGE('',*,*,#6758,.F.);
#6758 = EDGE_CURVE('',#6639,#6735,#6759,.T.);
#6759 = SURFACE_CURVE('',#6760,(#6764,#6770),.PCURVE_S1.);
#6760 = LINE('',#6761,#6762);
#6761 = CARTESIAN_POINT('',(-81.,64.5,196.9));
#6762 = VECTOR('',#6763,1.);
#6763 = DIRECTION('',(0.,0.,-1.));
#6764 = PCURVE('',#6676,#6765);
#6765 = DEFINITIONAL_REPRESENTATION('',(#6766),#6769);
#6766 = B_SPLINE_CURVE_WITH_KNOTS('',1,(#6767,#6768),.UNSPECIFIED.,.F.,
  .F.,(2,2),(-7.3,-2.7),.PIECEWISE_BEZIER_KNOTS.);
#6767 = CARTESIAN_POINT('',(2.3,0.));
#6768 = CARTESIAN_POINT('',(-2.3,0.));
#6769 = ( GEOMETRIC_REPRESENTATION_CONTEXT(2) 
PARAMETRIC_REPRESENTATION_CONTEXT() REPRESENTATION_CONTEXT('2D SPACE',''
  ) );
#6770 = PCURVE('',#3025,#6771);
#6771 = DEFINITIONAL_REPRESENTATION('',(#6772),#6775);
#6772 = B_SPLINE_CURVE_WITH_KNOTS('',1,(#6773,#6774),.UNSPECIFIED.,.F.,
  .F.,(2,2),(-7.3,-2.7),.PIECEWISE_BEZIER_KNOTS.);
#6773 = CARTESIAN_POINT('',(12.3,-4.));
#6774 = CARTESIAN_POINT('',(7.7,-4.));
#6775 = ( GEOMETRIC_REPRESENTATION_CONTEXT(2) 
PARAMETRIC_REPRESENTATION_CONTEXT() REPRESENTATION_CONTEXT('2D SPACE',''
  ) );
#6776 = ORIENTED_EDGE('',*,*,#6659,.F.);
#6777 = ADVANCED_FACE('',(#6778),#3025,.F.);
#6778 = FACE_BOUND('',#6779,.F.);
#6779 = EDGE_LOOP('',(#6780,#6781,#6782,#6801));
#6780 = ORIENTED_EDGE('',*,*,#6638,.F.);
#6781 = ORIENTED_EDGE('',*,*,#3010,.T.);
#6782 = ORIENTED_EDGE('',*,*,#6783,.T.);
#6783 = EDGE_CURVE('',#3011,#6735,#6784,.T.);
#6784 = SURFACE_CURVE('',#6785,(#6789,#6795),.PCURVE_S1.);
#6785 = LINE('',#6786,#6787);
#6786 = CARTESIAN_POINT('',(-81.,61.5,199.6));
#6787 = VECTOR('',#6788,1.);
#6788 = DIRECTION('',(0.,1.,0.));
#6789 = PCURVE('',#3025,#6790);
#6790 = DEFINITIONAL_REPRESENTATION('',(#6791),#6794);
#6791 = B_SPLINE_CURVE_WITH_KNOTS('',1,(#6792,#6793),.UNSPECIFIED.,.F.,
  .F.,(2,2),(-5.999999999062E-07,3.0000006),.PIECEWISE_BEZIER_KNOTS.);
#6792 = CARTESIAN_POINT('',(7.7,-0.9999994));
#6793 = CARTESIAN_POINT('',(7.7,-4.0000006));
#6794 = ( GEOMETRIC_REPRESENTATION_CONTEXT(2) 
PARAMETRIC_REPRESENTATION_CONTEXT() REPRESENTATION_CONTEXT('2D SPACE',''
  ) );
#6795 = PCURVE('',#3051,#6796);
#6796 = DEFINITIONAL_REPRESENTATION('',(#6797),#6800);
#6797 = B_SPLINE_CURVE_WITH_KNOTS('',1,(#6798,#6799),.UNSPECIFIED.,.F.,
  .F.,(2,2),(-5.999999999062E-07,3.0000006),.PIECEWISE_BEZIER_KNOTS.);
#6798 = CARTESIAN_POINT('',(3.14159265359,-5.999999999062E-07));
#6799 = CARTESIAN_POINT('',(3.14159265359,3.0000006));
#6800 = ( GEOMETRIC_REPRESENTATION_CONTEXT(2) 
PARAMETRIC_REPRESENTATION_CONTEXT() REPRESENTATION_CONTEXT('2D SPACE',''
  ) );
#6801 = ORIENTED_EDGE('',*,*,#6758,.F.);
#6802 = ADVANCED_FACE('',(#6803),#3051,.T.);
#6803 = FACE_BOUND('',#6804,.T.);
#6804 = EDGE_LOOP('',(#6805,#6806,#6827,#6828));
#6805 = ORIENTED_EDGE('',*,*,#6734,.F.);
#6806 = ORIENTED_EDGE('',*,*,#6807,.F.);
#6807 = EDGE_CURVE('',#2954,#6714,#6808,.T.);
#6808 = SURFACE_CURVE('',#6809,(#6813,#6820),.PCURVE_S1.);
#6809 = LINE('',#6810,#6811);
#6810 = CARTESIAN_POINT('',(-81.,61.5,204.2));
#6811 = VECTOR('',#6812,1.);
#6812 = DIRECTION('',(0.,1.,0.));
#6813 = PCURVE('',#3051,#6814);
#6814 = DEFINITIONAL_REPRESENTATION('',(#6815),#6819);
#6815 = LINE('',#6816,#6817);
#6816 = CARTESIAN_POINT('',(0.,-0.));
#6817 = VECTOR('',#6818,1.);
#6818 = DIRECTION('',(0.,1.));
#6819 = ( GEOMETRIC_REPRESENTATION_CONTEXT(2) 
PARAMETRIC_REPRESENTATION_CONTEXT() REPRESENTATION_CONTEXT('2D SPACE',''
  ) );
#6820 = PCURVE('',#2970,#6821);
#6821 = DEFINITIONAL_REPRESENTATION('',(#6822),#6826);
#6822 = LINE('',#6823,#6824);
#6823 = CARTESIAN_POINT('',(12.3,-1.));
#6824 = VECTOR('',#6825,1.);
#6825 = DIRECTION('',(0.,-1.));
#6826 = ( GEOMETRIC_REPRESENTATION_CONTEXT(2) 
PARAMETRIC_REPRESENTATION_CONTEXT() REPRESENTATION_CONTEXT('2D SPACE',''
  ) );
#6827 = ORIENTED_EDGE('',*,*,#3036,.T.);
#6828 = ORIENTED_EDGE('',*,*,#6783,.T.);
#6829 = ADVANCED_FACE('',(#6830),#2970,.F.);
#6830 = FACE_BOUND('',#6831,.F.);
#6831 = EDGE_LOOP('',(#6832,#6833,#6834,#6835));
#6832 = ORIENTED_EDGE('',*,*,#6713,.F.);
#6833 = ORIENTED_EDGE('',*,*,#6807,.F.);
#6834 = ORIENTED_EDGE('',*,*,#2953,.T.);
#6835 = ORIENTED_EDGE('',*,*,#6688,.T.);
#6836 = ADVANCED_FACE('',(#6837),#2838,.T.);
#6837 = FACE_BOUND('',#6838,.T.);
#6838 = EDGE_LOOP('',(#6839,#6840,#6841,#6842));
#6839 = ORIENTED_EDGE('',*,*,#4447,.T.);
#6840 = ORIENTED_EDGE('',*,*,#3809,.T.);
#6841 = ORIENTED_EDGE('',*,*,#4139,.T.);
#6842 = ORIENTED_EDGE('',*,*,#2823,.F.);
#6843 = ADVANCED_FACE('',(#6844),#2864,.F.);
#6844 = FACE_BOUND('',#6845,.F.);
#6845 = EDGE_LOOP('',(#6846,#6847,#6868,#6869));
#6846 = ORIENTED_EDGE('',*,*,#2849,.T.);
#6847 = ORIENTED_EDGE('',*,*,#6848,.T.);
#6848 = EDGE_CURVE('',#2850,#4261,#6849,.T.);
#6849 = SURFACE_CURVE('',#6850,(#6854,#6861),.PCURVE_S1.);
#6850 = LINE('',#6851,#6852);
#6851 = CARTESIAN_POINT('',(-92.5,61.5,195.6));
#6852 = VECTOR('',#6853,1.);
#6853 = DIRECTION('',(0.,1.,0.));
#6854 = PCURVE('',#2864,#6855);
#6855 = DEFINITIONAL_REPRESENTATION('',(#6856),#6860);
#6856 = LINE('',#6857,#6858);
#6857 = CARTESIAN_POINT('',(0.,0.));
#6858 = VECTOR('',#6859,1.);
#6859 = DIRECTION('',(0.,-1.));
#6860 = ( GEOMETRIC_REPRESENTATION_CONTEXT(2) 
PARAMETRIC_REPRESENTATION_CONTEXT() REPRESENTATION_CONTEXT('2D SPACE',''
  ) );
#6861 = PCURVE('',#2890,#6862);
#6862 = DEFINITIONAL_REPRESENTATION('',(#6863),#6867);
#6863 = LINE('',#6864,#6865);
#6864 = CARTESIAN_POINT('',(0.,0.));
#6865 = VECTOR('',#6866,1.);
#6866 = DIRECTION('',(0.,1.));
#6867 = ( GEOMETRIC_REPRESENTATION_CONTEXT(2) 
PARAMETRIC_REPRESENTATION_CONTEXT() REPRESENTATION_CONTEXT('2D SPACE',''
  ) );
#6868 = ORIENTED_EDGE('',*,*,#4283,.T.);
#6869 = ORIENTED_EDGE('',*,*,#4211,.F.);
#6870 = ADVANCED_FACE('',(#6871),#2890,.F.);
#6871 = FACE_BOUND('',#6872,.F.);
#6872 = EDGE_LOOP('',(#6873,#6874,#6875,#6896));
#6873 = ORIENTED_EDGE('',*,*,#6848,.F.);
#6874 = ORIENTED_EDGE('',*,*,#2875,.T.);
#6875 = ORIENTED_EDGE('',*,*,#6876,.T.);
#6876 = EDGE_CURVE('',#2876,#4236,#6877,.T.);
#6877 = SURFACE_CURVE('',#6878,(#6882,#6889),.PCURVE_S1.);
#6878 = LINE('',#6879,#6880);
#6879 = CARTESIAN_POINT('',(-83.5,61.5,195.6));
#6880 = VECTOR('',#6881,1.);
#6881 = DIRECTION('',(0.,1.,0.));
#6882 = PCURVE('',#2890,#6883);
#6883 = DEFINITIONAL_REPRESENTATION('',(#6884),#6888);
#6884 = LINE('',#6885,#6886);
#6885 = CARTESIAN_POINT('',(9.,0.));
#6886 = VECTOR('',#6887,1.);
#6887 = DIRECTION('',(0.,1.));
#6888 = ( GEOMETRIC_REPRESENTATION_CONTEXT(2) 
PARAMETRIC_REPRESENTATION_CONTEXT() REPRESENTATION_CONTEXT('2D SPACE',''
  ) );
#6889 = PCURVE('',#2916,#6890);
#6890 = DEFINITIONAL_REPRESENTATION('',(#6891),#6895);
#6891 = LINE('',#6892,#6893);
#6892 = CARTESIAN_POINT('',(0.,0.));
#6893 = VECTOR('',#6894,1.);
#6894 = DIRECTION('',(0.,-1.));
#6895 = ( GEOMETRIC_REPRESENTATION_CONTEXT(2) 
PARAMETRIC_REPRESENTATION_CONTEXT() REPRESENTATION_CONTEXT('2D SPACE',''
  ) );
#6896 = ORIENTED_EDGE('',*,*,#4260,.F.);
#6897 = ADVANCED_FACE('',(#6898),#2916,.T.);
#6898 = FACE_BOUND('',#6899,.T.);
#6899 = EDGE_LOOP('',(#6900,#6921,#6922,#6923));
#6900 = ORIENTED_EDGE('',*,*,#6901,.F.);
#6901 = EDGE_CURVE('',#2902,#4238,#6902,.T.);
#6902 = SURFACE_CURVE('',#6903,(#6907,#6914),.PCURVE_S1.);
#6903 = LINE('',#6904,#6905);
#6904 = CARTESIAN_POINT('',(-83.5,61.5,209.6));
#6905 = VECTOR('',#6906,1.);
#6906 = DIRECTION('',(0.,1.,0.));
#6907 = PCURVE('',#2916,#6908);
#6908 = DEFINITIONAL_REPRESENTATION('',(#6909),#6913);
#6909 = LINE('',#6910,#6911);
#6910 = CARTESIAN_POINT('',(14.,0.));
#6911 = VECTOR('',#6912,1.);
#6912 = DIRECTION('',(0.,-1.));
#6913 = ( GEOMETRIC_REPRESENTATION_CONTEXT(2) 
PARAMETRIC_REPRESENTATION_CONTEXT() REPRESENTATION_CONTEXT('2D SPACE',''
  ) );
#6914 = PCURVE('',#2940,#6915);
#6915 = DEFINITIONAL_REPRESENTATION('',(#6916),#6920);
#6916 = LINE('',#6917,#6918);
#6917 = CARTESIAN_POINT('',(9.,0.));
#6918 = VECTOR('',#6919,1.);
#6919 = DIRECTION('',(0.,1.));
#6920 = ( GEOMETRIC_REPRESENTATION_CONTEXT(2) 
PARAMETRIC_REPRESENTATION_CONTEXT() REPRESENTATION_CONTEXT('2D SPACE',''
  ) );
#6921 = ORIENTED_EDGE('',*,*,#2901,.T.);
#6922 = ORIENTED_EDGE('',*,*,#6876,.T.);
#6923 = ORIENTED_EDGE('',*,*,#4235,.T.);
#6924 = ADVANCED_FACE('',(#6925),#2940,.T.);
#6925 = FACE_BOUND('',#6926,.T.);
#6926 = EDGE_LOOP('',(#6927,#6948,#6949,#6950));
#6927 = ORIENTED_EDGE('',*,*,#6928,.F.);
#6928 = EDGE_CURVE('',#2796,#4350,#6929,.T.);
#6929 = SURFACE_CURVE('',#6930,(#6934,#6941),.PCURVE_S1.);
#6930 = LINE('',#6931,#6932);
#6931 = CARTESIAN_POINT('',(-92.5,61.5,209.6));
#6932 = VECTOR('',#6933,1.);
#6933 = DIRECTION('',(0.,1.,0.));
#6934 = PCURVE('',#2940,#6935);
#6935 = DEFINITIONAL_REPRESENTATION('',(#6936),#6940);
#6936 = LINE('',#6937,#6938);
#6937 = CARTESIAN_POINT('',(0.,0.));
#6938 = VECTOR('',#6939,1.);
#6939 = DIRECTION('',(0.,1.));
#6940 = ( GEOMETRIC_REPRESENTATION_CONTEXT(2) 
PARAMETRIC_REPRESENTATION_CONTEXT() REPRESENTATION_CONTEXT('2D SPACE',''
  ) );
#6941 = PCURVE('',#2812,#6942);
#6942 = DEFINITIONAL_REPRESENTATION('',(#6943),#6947);
#6943 = LINE('',#6944,#6945);
#6944 = CARTESIAN_POINT('',(14.,0.));
#6945 = VECTOR('',#6946,1.);
#6946 = DIRECTION('',(0.,-1.));
#6947 = ( GEOMETRIC_REPRESENTATION_CONTEXT(2) 
PARAMETRIC_REPRESENTATION_CONTEXT() REPRESENTATION_CONTEXT('2D SPACE',''
  ) );
#6948 = ORIENTED_EDGE('',*,*,#2927,.T.);
#6949 = ORIENTED_EDGE('',*,*,#6901,.T.);
#6950 = ORIENTED_EDGE('',*,*,#4372,.F.);
#6951 = ADVANCED_FACE('',(#6952),#2812,.F.);
#6952 = FACE_BOUND('',#6953,.F.);
#6953 = EDGE_LOOP('',(#6954,#6955,#6956,#6957));
#6954 = ORIENTED_EDGE('',*,*,#2795,.T.);
#6955 = ORIENTED_EDGE('',*,*,#4426,.T.);
#6956 = ORIENTED_EDGE('',*,*,#4349,.T.);
#6957 = ORIENTED_EDGE('',*,*,#6928,.F.);
#6958 = ADVANCED_FACE('',(#6959),#2596,.T.);
#6959 = FACE_BOUND('',#6960,.T.);
#6960 = EDGE_LOOP('',(#6961,#6962,#6963,#6964));
#6961 = ORIENTED_EDGE('',*,*,#4779,.T.);
#6962 = ORIENTED_EDGE('',*,*,#3705,.T.);
#6963 = ORIENTED_EDGE('',*,*,#4471,.T.);
#6964 = ORIENTED_EDGE('',*,*,#2581,.F.);
#6965 = ADVANCED_FACE('',(#6966),#2622,.F.);
#6966 = FACE_BOUND('',#6967,.F.);
#6967 = EDGE_LOOP('',(#6968,#6969,#6990,#6991));
#6968 = ORIENTED_EDGE('',*,*,#2607,.T.);
#6969 = ORIENTED_EDGE('',*,*,#6970,.T.);
#6970 = EDGE_CURVE('',#2608,#4593,#6971,.T.);
#6971 = SURFACE_CURVE('',#6972,(#6976,#6983),.PCURVE_S1.);
#6972 = LINE('',#6973,#6974);
#6973 = CARTESIAN_POINT('',(-91.5,61.5,177.5));
#6974 = VECTOR('',#6975,1.);
#6975 = DIRECTION('',(0.,1.,0.));
#6976 = PCURVE('',#2622,#6977);
#6977 = DEFINITIONAL_REPRESENTATION('',(#6978),#6982);
#6978 = LINE('',#6979,#6980);
#6979 = CARTESIAN_POINT('',(0.,0.));
#6980 = VECTOR('',#6981,1.);
#6981 = DIRECTION('',(0.,-1.));
#6982 = ( GEOMETRIC_REPRESENTATION_CONTEXT(2) 
PARAMETRIC_REPRESENTATION_CONTEXT() REPRESENTATION_CONTEXT('2D SPACE',''
  ) );
#6983 = PCURVE('',#2648,#6984);
#6984 = DEFINITIONAL_REPRESENTATION('',(#6985),#6989);
#6985 = LINE('',#6986,#6987);
#6986 = CARTESIAN_POINT('',(0.,0.));
#6987 = VECTOR('',#6988,1.);
#6988 = DIRECTION('',(0.,1.));
#6989 = ( GEOMETRIC_REPRESENTATION_CONTEXT(2) 
PARAMETRIC_REPRESENTATION_CONTEXT() REPRESENTATION_CONTEXT('2D SPACE',''
  ) );
#6990 = ORIENTED_EDGE('',*,*,#4615,.T.);
#6991 = ORIENTED_EDGE('',*,*,#4543,.F.);
#6992 = ADVANCED_FACE('',(#6993),#2648,.F.);
#6993 = FACE_BOUND('',#6994,.F.);
#6994 = EDGE_LOOP('',(#6995,#6996,#6997,#7018));
#6995 = ORIENTED_EDGE('',*,*,#6970,.F.);
#6996 = ORIENTED_EDGE('',*,*,#2633,.T.);
#6997 = ORIENTED_EDGE('',*,*,#6998,.T.);
#6998 = EDGE_CURVE('',#2634,#4568,#6999,.T.);
#6999 = SURFACE_CURVE('',#7000,(#7004,#7011),.PCURVE_S1.);
#7000 = LINE('',#7001,#7002);
#7001 = CARTESIAN_POINT('',(-80.5,61.5,177.5));
#7002 = VECTOR('',#7003,1.);
#7003 = DIRECTION('',(0.,1.,0.));
#7004 = PCURVE('',#2648,#7005);
#7005 = DEFINITIONAL_REPRESENTATION('',(#7006),#7010);
#7006 = LINE('',#7007,#7008);
#7007 = CARTESIAN_POINT('',(11.,0.));
#7008 = VECTOR('',#7009,1.);
#7009 = DIRECTION('',(0.,1.));
#7010 = ( GEOMETRIC_REPRESENTATION_CONTEXT(2) 
PARAMETRIC_REPRESENTATION_CONTEXT() REPRESENTATION_CONTEXT('2D SPACE',''
  ) );
#7011 = PCURVE('',#2674,#7012);
#7012 = DEFINITIONAL_REPRESENTATION('',(#7013),#7017);
#7013 = LINE('',#7014,#7015);
#7014 = CARTESIAN_POINT('',(0.,0.));
#7015 = VECTOR('',#7016,1.);
#7016 = DIRECTION('',(0.,-1.));
#7017 = ( GEOMETRIC_REPRESENTATION_CONTEXT(2) 
PARAMETRIC_REPRESENTATION_CONTEXT() REPRESENTATION_CONTEXT('2D SPACE',''
  ) );
#7018 = ORIENTED_EDGE('',*,*,#4592,.F.);
#7019 = ADVANCED_FACE('',(#7020),#2674,.T.);
#7020 = FACE_BOUND('',#7021,.T.);
#7021 = EDGE_LOOP('',(#7022,#7023,#7024,#7025,#7048,#7074));
#7022 = ORIENTED_EDGE('',*,*,#2659,.T.);
#7023 = ORIENTED_EDGE('',*,*,#6998,.T.);
#7024 = ORIENTED_EDGE('',*,*,#4567,.T.);
#7025 = ORIENTED_EDGE('',*,*,#7026,.F.);
#7026 = EDGE_CURVE('',#7027,#4570,#7029,.T.);
#7027 = VERTEX_POINT('',#7028);
#7028 = CARTESIAN_POINT('',(-80.5,64.5,195.5));
#7029 = SURFACE_CURVE('',#7030,(#7034,#7041),.PCURVE_S1.);
#7030 = LINE('',#7031,#7032);
#7031 = CARTESIAN_POINT('',(-80.5,61.5,195.5));
#7032 = VECTOR('',#7033,1.);
#7033 = DIRECTION('',(0.,1.,0.));
#7034 = PCURVE('',#2674,#7035);
#7035 = DEFINITIONAL_REPRESENTATION('',(#7036),#7040);
#7036 = LINE('',#7037,#7038);
#7037 = CARTESIAN_POINT('',(18.,0.));
#7038 = VECTOR('',#7039,1.);
#7039 = DIRECTION('',(0.,-1.));
#7040 = ( GEOMETRIC_REPRESENTATION_CONTEXT(2) 
PARAMETRIC_REPRESENTATION_CONTEXT() REPRESENTATION_CONTEXT('2D SPACE',''
  ) );
#7041 = PCURVE('',#2782,#7042);
#7042 = DEFINITIONAL_REPRESENTATION('',(#7043),#7047);
#7043 = LINE('',#7044,#7045);
#7044 = CARTESIAN_POINT('',(11.,0.));
#7045 = VECTOR('',#7046,1.);
#7046 = DIRECTION('',(0.,1.));
#7047 = ( GEOMETRIC_REPRESENTATION_CONTEXT(2) 
PARAMETRIC_REPRESENTATION_CONTEXT() REPRESENTATION_CONTEXT('2D SPACE',''
  ) );
#7048 = ORIENTED_EDGE('',*,*,#7049,.F.);
#7049 = EDGE_CURVE('',#7050,#7027,#7052,.T.);
#7050 = VERTEX_POINT('',#7051);
#7051 = CARTESIAN_POINT('',(-80.5,64.5,194.75500556793));
#7052 = SURFACE_CURVE('',#7053,(#7057,#7063),.PCURVE_S1.);
#7053 = LINE('',#7054,#7055);
#7054 = CARTESIAN_POINT('',(-80.5,64.5,187.25));
#7055 = VECTOR('',#7056,1.);
#7056 = DIRECTION('',(0.,0.,1.));
#7057 = PCURVE('',#2674,#7058);
#7058 = DEFINITIONAL_REPRESENTATION('',(#7059),#7062);
#7059 = B_SPLINE_CURVE_WITH_KNOTS('',1,(#7060,#7061),.UNSPECIFIED.,.F.,
  .F.,(2,2),(7.45,8.25),.PIECEWISE_BEZIER_KNOTS.);
#7060 = CARTESIAN_POINT('',(17.2,-3.));
#7061 = CARTESIAN_POINT('',(18.,-3.));
#7062 = ( GEOMETRIC_REPRESENTATION_CONTEXT(2) 
PARAMETRIC_REPRESENTATION_CONTEXT() REPRESENTATION_CONTEXT('2D SPACE',''
  ) );
#7063 = PCURVE('',#7064,#7069);
#7064 = PLANE('',#7065);
#7065 = AXIS2_PLACEMENT_3D('',#7066,#7067,#7068);
#7066 = CARTESIAN_POINT('',(-81.,64.5,197.));
#7067 = DIRECTION('',(0.,1.,0.));
#7068 = DIRECTION('',(0.,-0.,1.));
#7069 = DEFINITIONAL_REPRESENTATION('',(#7070),#7073);
#7070 = B_SPLINE_CURVE_WITH_KNOTS('',1,(#7071,#7072),.UNSPECIFIED.,.F.,
  .F.,(2,2),(7.45,8.25),.PIECEWISE_BEZIER_KNOTS.);
#7071 = CARTESIAN_POINT('',(-2.3,0.5));
#7072 = CARTESIAN_POINT('',(-1.5,0.5));
#7073 = ( GEOMETRIC_REPRESENTATION_CONTEXT(2) 
PARAMETRIC_REPRESENTATION_CONTEXT() REPRESENTATION_CONTEXT('2D SPACE',''
  ) );
#7074 = ORIENTED_EDGE('',*,*,#7075,.F.);
#7075 = EDGE_CURVE('',#2660,#7050,#7076,.T.);
#7076 = SURFACE_CURVE('',#7077,(#7081,#7087),.PCURVE_S1.);
#7077 = LINE('',#7078,#7079);
#7078 = CARTESIAN_POINT('',(-80.5,61.5,194.75500556793));
#7079 = VECTOR('',#7080,1.);
#7080 = DIRECTION('',(0.,1.,0.));
#7081 = PCURVE('',#2674,#7082);
#7082 = DEFINITIONAL_REPRESENTATION('',(#7083),#7086);
#7083 = B_SPLINE_CURVE_WITH_KNOTS('',1,(#7084,#7085),.UNSPECIFIED.,.F.,
  .F.,(2,2),(-5.999999999062E-07,3.0000006),.PIECEWISE_BEZIER_KNOTS.);
#7084 = CARTESIAN_POINT('',(17.255005567936,5.999999999062E-07));
#7085 = CARTESIAN_POINT('',(17.255005567936,-3.0000006));
#7086 = ( GEOMETRIC_REPRESENTATION_CONTEXT(2) 
PARAMETRIC_REPRESENTATION_CONTEXT() REPRESENTATION_CONTEXT('2D SPACE',''
  ) );
#7087 = PCURVE('',#2702,#7088);
#7088 = DEFINITIONAL_REPRESENTATION('',(#7089),#7092);
#7089 = B_SPLINE_CURVE_WITH_KNOTS('',1,(#7090,#7091),.UNSPECIFIED.,.F.,
  .F.,(2,2),(-5.999999999062E-07,3.0000006),.PIECEWISE_BEZIER_KNOTS.);
#7090 = CARTESIAN_POINT('',(2.922451594592,-5.999999999062E-07));
#7091 = CARTESIAN_POINT('',(2.922451594592,3.0000006));
#7092 = ( GEOMETRIC_REPRESENTATION_CONTEXT(2) 
PARAMETRIC_REPRESENTATION_CONTEXT() REPRESENTATION_CONTEXT('2D SPACE',''
  ) );
#7093 = ADVANCED_FACE('',(#7094),#7064,.T.);
#7094 = FACE_BOUND('',#7095,.T.);
#7095 = EDGE_LOOP('',(#7096,#7119,#7141,#7142,#7164));
#7096 = ORIENTED_EDGE('',*,*,#7097,.F.);
#7097 = EDGE_CURVE('',#7098,#7100,#7102,.T.);
#7098 = VERTEX_POINT('',#7099);
#7099 = CARTESIAN_POINT('',(-81.,64.5,199.3));
#7100 = VERTEX_POINT('',#7101);
#7101 = CARTESIAN_POINT('',(-81.,64.5,198.5));
#7102 = SURFACE_CURVE('',#7103,(#7107,#7113),.PCURVE_S1.);
#7103 = LINE('',#7104,#7105);
#7104 = CARTESIAN_POINT('',(-81.,64.5,192.));
#7105 = VECTOR('',#7106,1.);
#7106 = DIRECTION('',(0.,0.,-1.));
#7107 = PCURVE('',#7064,#7108);
#7108 = DEFINITIONAL_REPRESENTATION('',(#7109),#7112);
#7109 = B_SPLINE_CURVE_WITH_KNOTS('',1,(#7110,#7111),.UNSPECIFIED.,.F.,
  .F.,(2,2),(-7.3,-2.7),.PIECEWISE_BEZIER_KNOTS.);
#7110 = CARTESIAN_POINT('',(2.3,0.));
#7111 = CARTESIAN_POINT('',(-2.3,0.));
#7112 = ( GEOMETRIC_REPRESENTATION_CONTEXT(2) 
PARAMETRIC_REPRESENTATION_CONTEXT() REPRESENTATION_CONTEXT('2D SPACE',''
  ) );
#7113 = PCURVE('',#2729,#7114);
#7114 = DEFINITIONAL_REPRESENTATION('',(#7115),#7118);
#7115 = B_SPLINE_CURVE_WITH_KNOTS('',1,(#7116,#7117),.UNSPECIFIED.,.F.,
  .F.,(2,2),(-7.3,-2.7),.PIECEWISE_BEZIER_KNOTS.);
#7116 = CARTESIAN_POINT('',(12.3,-4.));
#7117 = CARTESIAN_POINT('',(7.7,-4.));
#7118 = ( GEOMETRIC_REPRESENTATION_CONTEXT(2) 
PARAMETRIC_REPRESENTATION_CONTEXT() REPRESENTATION_CONTEXT('2D SPACE',''
  ) );
#7119 = ORIENTED_EDGE('',*,*,#7120,.T.);
#7120 = EDGE_CURVE('',#7098,#7050,#7121,.T.);
#7121 = SURFACE_CURVE('',#7122,(#7127,#7134),.PCURVE_S1.);
#7122 = CIRCLE('',#7123,2.3);
#7123 = AXIS2_PLACEMENT_3D('',#7124,#7125,#7126);
#7124 = CARTESIAN_POINT('',(-81.,64.5,197.));
#7125 = DIRECTION('',(0.,1.,0.));
#7126 = DIRECTION('',(0.,-0.,1.));
#7127 = PCURVE('',#7064,#7128);
#7128 = DEFINITIONAL_REPRESENTATION('',(#7129),#7133);
#7129 = CIRCLE('',#7130,2.3);
#7130 = AXIS2_PLACEMENT_2D('',#7131,#7132);
#7131 = CARTESIAN_POINT('',(0.,0.));
#7132 = DIRECTION('',(1.,0.));
#7133 = ( GEOMETRIC_REPRESENTATION_CONTEXT(2) 
PARAMETRIC_REPRESENTATION_CONTEXT() REPRESENTATION_CONTEXT('2D SPACE',''
  ) );
#7134 = PCURVE('',#2702,#7135);
#7135 = DEFINITIONAL_REPRESENTATION('',(#7136),#7140);
#7136 = LINE('',#7137,#7138);
#7137 = CARTESIAN_POINT('',(0.,3.));
#7138 = VECTOR('',#7139,1.);
#7139 = DIRECTION('',(1.,0.));
#7140 = ( GEOMETRIC_REPRESENTATION_CONTEXT(2) 
PARAMETRIC_REPRESENTATION_CONTEXT() REPRESENTATION_CONTEXT('2D SPACE',''
  ) );
#7141 = ORIENTED_EDGE('',*,*,#7049,.T.);
#7142 = ORIENTED_EDGE('',*,*,#7143,.T.);
#7143 = EDGE_CURVE('',#7027,#7144,#7146,.T.);
#7144 = VERTEX_POINT('',#7145);
#7145 = CARTESIAN_POINT('',(-81.,64.5,195.5));
#7146 = SURFACE_CURVE('',#7147,(#7151,#7157),.PCURVE_S1.);
#7147 = LINE('',#7148,#7149);
#7148 = CARTESIAN_POINT('',(-86.25,64.5,195.5));
#7149 = VECTOR('',#7150,1.);
#7150 = DIRECTION('',(-1.,0.,0.));
#7151 = PCURVE('',#7064,#7152);
#7152 = DEFINITIONAL_REPRESENTATION('',(#7153),#7156);
#7153 = B_SPLINE_CURVE_WITH_KNOTS('',1,(#7154,#7155),.UNSPECIFIED.,.F.,
  .F.,(2,2),(-5.75,-5.25),.PIECEWISE_BEZIER_KNOTS.);
#7154 = CARTESIAN_POINT('',(-1.5,0.5));
#7155 = CARTESIAN_POINT('',(-1.5,0.));
#7156 = ( GEOMETRIC_REPRESENTATION_CONTEXT(2) 
PARAMETRIC_REPRESENTATION_CONTEXT() REPRESENTATION_CONTEXT('2D SPACE',''
  ) );
#7157 = PCURVE('',#2782,#7158);
#7158 = DEFINITIONAL_REPRESENTATION('',(#7159),#7163);
#7159 = LINE('',#7160,#7161);
#7160 = CARTESIAN_POINT('',(5.25,3.));
#7161 = VECTOR('',#7162,1.);
#7162 = DIRECTION('',(-1.,0.));
#7163 = ( GEOMETRIC_REPRESENTATION_CONTEXT(2) 
PARAMETRIC_REPRESENTATION_CONTEXT() REPRESENTATION_CONTEXT('2D SPACE',''
  ) );
#7164 = ORIENTED_EDGE('',*,*,#7165,.F.);
#7165 = EDGE_CURVE('',#7100,#7144,#7166,.T.);
#7166 = SURFACE_CURVE('',#7167,(#7172,#7179),.PCURVE_S1.);
#7167 = CIRCLE('',#7168,1.5);
#7168 = AXIS2_PLACEMENT_3D('',#7169,#7170,#7171);
#7169 = CARTESIAN_POINT('',(-81.,64.5,197.));
#7170 = DIRECTION('',(0.,1.,0.));
#7171 = DIRECTION('',(0.,-0.,1.));
#7172 = PCURVE('',#7064,#7173);
#7173 = DEFINITIONAL_REPRESENTATION('',(#7174),#7178);
#7174 = CIRCLE('',#7175,1.5);
#7175 = AXIS2_PLACEMENT_2D('',#7176,#7177);
#7176 = CARTESIAN_POINT('',(0.,0.));
#7177 = DIRECTION('',(1.,0.));
#7178 = ( GEOMETRIC_REPRESENTATION_CONTEXT(2) 
PARAMETRIC_REPRESENTATION_CONTEXT() REPRESENTATION_CONTEXT('2D SPACE',''
  ) );
#7179 = PCURVE('',#2757,#7180);
#7180 = DEFINITIONAL_REPRESENTATION('',(#7181),#7185);
#7181 = LINE('',#7182,#7183);
#7182 = CARTESIAN_POINT('',(0.,6.));
#7183 = VECTOR('',#7184,1.);
#7184 = DIRECTION('',(1.,0.));
#7185 = ( GEOMETRIC_REPRESENTATION_CONTEXT(2) 
PARAMETRIC_REPRESENTATION_CONTEXT() REPRESENTATION_CONTEXT('2D SPACE',''
  ) );
#7186 = ADVANCED_FACE('',(#7187),#2702,.T.);
#7187 = FACE_BOUND('',#7188,.T.);
#7188 = EDGE_LOOP('',(#7189,#7190,#7211,#7212));
#7189 = ORIENTED_EDGE('',*,*,#7120,.F.);
#7190 = ORIENTED_EDGE('',*,*,#7191,.F.);
#7191 = EDGE_CURVE('',#2686,#7098,#7192,.T.);
#7192 = SURFACE_CURVE('',#7193,(#7197,#7204),.PCURVE_S1.);
#7193 = LINE('',#7194,#7195);
#7194 = CARTESIAN_POINT('',(-81.,61.5,199.3));
#7195 = VECTOR('',#7196,1.);
#7196 = DIRECTION('',(0.,1.,0.));
#7197 = PCURVE('',#2702,#7198);
#7198 = DEFINITIONAL_REPRESENTATION('',(#7199),#7203);
#7199 = LINE('',#7200,#7201);
#7200 = CARTESIAN_POINT('',(0.,-0.));
#7201 = VECTOR('',#7202,1.);
#7202 = DIRECTION('',(0.,1.));
#7203 = ( GEOMETRIC_REPRESENTATION_CONTEXT(2) 
PARAMETRIC_REPRESENTATION_CONTEXT() REPRESENTATION_CONTEXT('2D SPACE',''
  ) );
#7204 = PCURVE('',#2729,#7205);
#7205 = DEFINITIONAL_REPRESENTATION('',(#7206),#7210);
#7206 = LINE('',#7207,#7208);
#7207 = CARTESIAN_POINT('',(12.3,-1.));
#7208 = VECTOR('',#7209,1.);
#7209 = DIRECTION('',(0.,-1.));
#7210 = ( GEOMETRIC_REPRESENTATION_CONTEXT(2) 
PARAMETRIC_REPRESENTATION_CONTEXT() REPRESENTATION_CONTEXT('2D SPACE',''
  ) );
#7211 = ORIENTED_EDGE('',*,*,#2685,.T.);
#7212 = ORIENTED_EDGE('',*,*,#7075,.T.);
#7213 = ADVANCED_FACE('',(#7214),#2729,.F.);
#7214 = FACE_BOUND('',#7215,.F.);
#7215 = EDGE_LOOP('',(#7216,#7217,#7218,#7219));
#7216 = ORIENTED_EDGE('',*,*,#7097,.F.);
#7217 = ORIENTED_EDGE('',*,*,#7191,.F.);
#7218 = ORIENTED_EDGE('',*,*,#2714,.T.);
#7219 = ORIENTED_EDGE('',*,*,#7220,.T.);
#7220 = EDGE_CURVE('',#2715,#7100,#7221,.T.);
#7221 = SURFACE_CURVE('',#7222,(#7226,#7233),.PCURVE_S1.);
#7222 = LINE('',#7223,#7224);
#7223 = CARTESIAN_POINT('',(-81.,60.5,198.5));
#7224 = VECTOR('',#7225,1.);
#7225 = DIRECTION('',(0.,1.,0.));
#7226 = PCURVE('',#2729,#7227);
#7227 = DEFINITIONAL_REPRESENTATION('',(#7228),#7232);
#7228 = LINE('',#7229,#7230);
#7229 = CARTESIAN_POINT('',(11.5,0.));
#7230 = VECTOR('',#7231,1.);
#7231 = DIRECTION('',(0.,-1.));
#7232 = ( GEOMETRIC_REPRESENTATION_CONTEXT(2) 
PARAMETRIC_REPRESENTATION_CONTEXT() REPRESENTATION_CONTEXT('2D SPACE',''
  ) );
#7233 = PCURVE('',#2757,#7234);
#7234 = DEFINITIONAL_REPRESENTATION('',(#7235),#7239);
#7235 = LINE('',#7236,#7237);
#7236 = CARTESIAN_POINT('',(0.,2.));
#7237 = VECTOR('',#7238,1.);
#7238 = DIRECTION('',(0.,1.));
#7239 = ( GEOMETRIC_REPRESENTATION_CONTEXT(2) 
PARAMETRIC_REPRESENTATION_CONTEXT() REPRESENTATION_CONTEXT('2D SPACE',''
  ) );
#7240 = ADVANCED_FACE('',(#7241),#2757,.F.);
#7241 = FACE_BOUND('',#7242,.F.);
#7242 = EDGE_LOOP('',(#7243,#7244,#7265,#7266,#7286,#7287,#7288));
#7243 = ORIENTED_EDGE('',*,*,#3910,.T.);
#7244 = ORIENTED_EDGE('',*,*,#7245,.F.);
#7245 = EDGE_CURVE('',#2715,#3911,#7246,.T.);
#7246 = SEAM_CURVE('',#7247,(#7251,#7258),.PCURVE_S1.);
#7247 = LINE('',#7248,#7249);
#7248 = CARTESIAN_POINT('',(-81.,62.,198.5));
#7249 = VECTOR('',#7250,1.);
#7250 = DIRECTION('',(0.,-1.,0.));
#7251 = PCURVE('',#2757,#7252);
#7252 = DEFINITIONAL_REPRESENTATION('',(#7253),#7257);
#7253 = LINE('',#7254,#7255);
#7254 = CARTESIAN_POINT('',(6.28318530718,3.5));
#7255 = VECTOR('',#7256,1.);
#7256 = DIRECTION('',(-0.,-1.));
#7257 = ( GEOMETRIC_REPRESENTATION_CONTEXT(2) 
PARAMETRIC_REPRESENTATION_CONTEXT() REPRESENTATION_CONTEXT('2D SPACE',''
  ) );
#7258 = PCURVE('',#2757,#7259);
#7259 = DEFINITIONAL_REPRESENTATION('',(#7260),#7264);
#7260 = LINE('',#7261,#7262);
#7261 = CARTESIAN_POINT('',(0.,3.5));
#7262 = VECTOR('',#7263,1.);
#7263 = DIRECTION('',(-0.,-1.));
#7264 = ( GEOMETRIC_REPRESENTATION_CONTEXT(2) 
PARAMETRIC_REPRESENTATION_CONTEXT() REPRESENTATION_CONTEXT('2D SPACE',''
  ) );
#7265 = ORIENTED_EDGE('',*,*,#2740,.F.);
#7266 = ORIENTED_EDGE('',*,*,#7267,.T.);
#7267 = EDGE_CURVE('',#2741,#7144,#7268,.T.);
#7268 = SURFACE_CURVE('',#7269,(#7273,#7279),.PCURVE_S1.);
#7269 = LINE('',#7270,#7271);
#7270 = CARTESIAN_POINT('',(-81.,60.5,195.5));
#7271 = VECTOR('',#7272,1.);
#7272 = DIRECTION('',(0.,1.,0.));
#7273 = PCURVE('',#2757,#7274);
#7274 = DEFINITIONAL_REPRESENTATION('',(#7275),#7278);
#7275 = B_SPLINE_CURVE_WITH_KNOTS('',1,(#7276,#7277),.UNSPECIFIED.,.F.,
  .F.,(2,2),(0.9999994,4.0000006),.PIECEWISE_BEZIER_KNOTS.);
#7276 = CARTESIAN_POINT('',(3.14159265359,2.9999994));
#7277 = CARTESIAN_POINT('',(3.14159265359,6.0000006));
#7278 = ( GEOMETRIC_REPRESENTATION_CONTEXT(2) 
PARAMETRIC_REPRESENTATION_CONTEXT() REPRESENTATION_CONTEXT('2D SPACE',''
  ) );
#7279 = PCURVE('',#2782,#7280);
#7280 = DEFINITIONAL_REPRESENTATION('',(#7281),#7285);
#7281 = LINE('',#7282,#7283);
#7282 = CARTESIAN_POINT('',(10.5,-1.));
#7283 = VECTOR('',#7284,1.);
#7284 = DIRECTION('',(0.,1.));
#7285 = ( GEOMETRIC_REPRESENTATION_CONTEXT(2) 
PARAMETRIC_REPRESENTATION_CONTEXT() REPRESENTATION_CONTEXT('2D SPACE',''
  ) );
#7286 = ORIENTED_EDGE('',*,*,#7165,.F.);
#7287 = ORIENTED_EDGE('',*,*,#7220,.F.);
#7288 = ORIENTED_EDGE('',*,*,#7245,.T.);
#7289 = ADVANCED_FACE('',(#7290),#2782,.T.);
#7290 = FACE_BOUND('',#7291,.T.);
#7291 = EDGE_LOOP('',(#7292,#7293,#7314,#7315,#7316,#7317));
#7292 = ORIENTED_EDGE('',*,*,#4704,.F.);
#7293 = ORIENTED_EDGE('',*,*,#7294,.F.);
#7294 = EDGE_CURVE('',#2554,#4682,#7295,.T.);
#7295 = SURFACE_CURVE('',#7296,(#7300,#7307),.PCURVE_S1.);
#7296 = LINE('',#7297,#7298);
#7297 = CARTESIAN_POINT('',(-91.5,61.5,195.5));
#7298 = VECTOR('',#7299,1.);
#7299 = DIRECTION('',(0.,1.,0.));
#7300 = PCURVE('',#2782,#7301);
#7301 = DEFINITIONAL_REPRESENTATION('',(#7302),#7306);
#7302 = LINE('',#7303,#7304);
#7303 = CARTESIAN_POINT('',(0.,0.));
#7304 = VECTOR('',#7305,1.);
#7305 = DIRECTION('',(0.,1.));
#7306 = ( GEOMETRIC_REPRESENTATION_CONTEXT(2) 
PARAMETRIC_REPRESENTATION_CONTEXT() REPRESENTATION_CONTEXT('2D SPACE',''
  ) );
#7307 = PCURVE('',#2570,#7308);
#7308 = DEFINITIONAL_REPRESENTATION('',(#7309),#7313);
#7309 = LINE('',#7310,#7311);
#7310 = CARTESIAN_POINT('',(18.,0.));
#7311 = VECTOR('',#7312,1.);
#7312 = DIRECTION('',(0.,-1.));
#7313 = ( GEOMETRIC_REPRESENTATION_CONTEXT(2) 
PARAMETRIC_REPRESENTATION_CONTEXT() REPRESENTATION_CONTEXT('2D SPACE',''
  ) );
#7314 = ORIENTED_EDGE('',*,*,#2769,.T.);
#7315 = ORIENTED_EDGE('',*,*,#7267,.T.);
#7316 = ORIENTED_EDGE('',*,*,#7143,.F.);
#7317 = ORIENTED_EDGE('',*,*,#7026,.T.);
#7318 = ADVANCED_FACE('',(#7319),#2570,.F.);
#7319 = FACE_BOUND('',#7320,.F.);
#7320 = EDGE_LOOP('',(#7321,#7322,#7323,#7324));
#7321 = ORIENTED_EDGE('',*,*,#2553,.T.);
#7322 = ORIENTED_EDGE('',*,*,#4758,.T.);
#7323 = ORIENTED_EDGE('',*,*,#4681,.T.);
#7324 = ORIENTED_EDGE('',*,*,#7294,.F.);
#7325 = ADVANCED_FACE('',(#7326),#2438,.T.);
#7326 = FACE_BOUND('',#7327,.T.);
#7327 = EDGE_LOOP('',(#7328,#7329,#7330,#7331));
#7328 = ORIENTED_EDGE('',*,*,#5111,.T.);
#7329 = ORIENTED_EDGE('',*,*,#3601,.T.);
#7330 = ORIENTED_EDGE('',*,*,#4803,.T.);
#7331 = ORIENTED_EDGE('',*,*,#2423,.F.);
#7332 = ADVANCED_FACE('',(#7333),#2464,.F.);
#7333 = FACE_BOUND('',#7334,.F.);
#7334 = EDGE_LOOP('',(#7335,#7336,#7357,#7358));
#7335 = ORIENTED_EDGE('',*,*,#2449,.T.);
#7336 = ORIENTED_EDGE('',*,*,#7337,.T.);
#7337 = EDGE_CURVE('',#2450,#4925,#7338,.T.);
#7338 = SURFACE_CURVE('',#7339,(#7343,#7350),.PCURVE_S1.);
#7339 = LINE('',#7340,#7341);
#7340 = CARTESIAN_POINT('',(-90.,61.5,166.3));
#7341 = VECTOR('',#7342,1.);
#7342 = DIRECTION('',(0.,1.,0.));
#7343 = PCURVE('',#2464,#7344);
#7344 = DEFINITIONAL_REPRESENTATION('',(#7345),#7349);
#7345 = LINE('',#7346,#7347);
#7346 = CARTESIAN_POINT('',(0.,0.));
#7347 = VECTOR('',#7348,1.);
#7348 = DIRECTION('',(0.,-1.));
#7349 = ( GEOMETRIC_REPRESENTATION_CONTEXT(2) 
PARAMETRIC_REPRESENTATION_CONTEXT() REPRESENTATION_CONTEXT('2D SPACE',''
  ) );
#7350 = PCURVE('',#2490,#7351);
#7351 = DEFINITIONAL_REPRESENTATION('',(#7352),#7356);
#7352 = LINE('',#7353,#7354);
#7353 = CARTESIAN_POINT('',(0.,0.));
#7354 = VECTOR('',#7355,1.);
#7355 = DIRECTION('',(0.,1.));
#7356 = ( GEOMETRIC_REPRESENTATION_CONTEXT(2) 
PARAMETRIC_REPRESENTATION_CONTEXT() REPRESENTATION_CONTEXT('2D SPACE',''
  ) );
#7357 = ORIENTED_EDGE('',*,*,#4947,.T.);
#7358 = ORIENTED_EDGE('',*,*,#4875,.F.);
#7359 = ADVANCED_FACE('',(#7360),#2490,.F.);
#7360 = FACE_BOUND('',#7361,.F.);
#7361 = EDGE_LOOP('',(#7362,#7363,#7364,#7385));
#7362 = ORIENTED_EDGE('',*,*,#7337,.F.);
#7363 = ORIENTED_EDGE('',*,*,#2475,.T.);
#7364 = ORIENTED_EDGE('',*,*,#7365,.T.);
#7365 = EDGE_CURVE('',#2476,#4900,#7366,.T.);
#7366 = SURFACE_CURVE('',#7367,(#7371,#7378),.PCURVE_S1.);
#7367 = LINE('',#7368,#7369);
#7368 = CARTESIAN_POINT('',(-82.,61.5,166.3));
#7369 = VECTOR('',#7370,1.);
#7370 = DIRECTION('',(0.,1.,0.));
#7371 = PCURVE('',#2490,#7372);
#7372 = DEFINITIONAL_REPRESENTATION('',(#7373),#7377);
#7373 = LINE('',#7374,#7375);
#7374 = CARTESIAN_POINT('',(8.,0.));
#7375 = VECTOR('',#7376,1.);
#7376 = DIRECTION('',(0.,1.));
#7377 = ( GEOMETRIC_REPRESENTATION_CONTEXT(2) 
PARAMETRIC_REPRESENTATION_CONTEXT() REPRESENTATION_CONTEXT('2D SPACE',''
  ) );
#7378 = PCURVE('',#2516,#7379);
#7379 = DEFINITIONAL_REPRESENTATION('',(#7380),#7384);
#7380 = LINE('',#7381,#7382);
#7381 = CARTESIAN_POINT('',(0.,0.));
#7382 = VECTOR('',#7383,1.);
#7383 = DIRECTION('',(0.,-1.));
#7384 = ( GEOMETRIC_REPRESENTATION_CONTEXT(2) 
PARAMETRIC_REPRESENTATION_CONTEXT() REPRESENTATION_CONTEXT('2D SPACE',''
  ) );
#7385 = ORIENTED_EDGE('',*,*,#4924,.F.);
#7386 = ADVANCED_FACE('',(#7387),#2516,.T.);
#7387 = FACE_BOUND('',#7388,.T.);
#7388 = EDGE_LOOP('',(#7389,#7410,#7411,#7412));
#7389 = ORIENTED_EDGE('',*,*,#7390,.F.);
#7390 = EDGE_CURVE('',#2502,#4902,#7391,.T.);
#7391 = SURFACE_CURVE('',#7392,(#7396,#7403),.PCURVE_S1.);
#7392 = LINE('',#7393,#7394);
#7393 = CARTESIAN_POINT('',(-82.,61.5,177.3));
#7394 = VECTOR('',#7395,1.);
#7395 = DIRECTION('',(0.,1.,0.));
#7396 = PCURVE('',#2516,#7397);
#7397 = DEFINITIONAL_REPRESENTATION('',(#7398),#7402);
#7398 = LINE('',#7399,#7400);
#7399 = CARTESIAN_POINT('',(11.,0.));
#7400 = VECTOR('',#7401,1.);
#7401 = DIRECTION('',(0.,-1.));
#7402 = ( GEOMETRIC_REPRESENTATION_CONTEXT(2) 
PARAMETRIC_REPRESENTATION_CONTEXT() REPRESENTATION_CONTEXT('2D SPACE',''
  ) );
#7403 = PCURVE('',#2540,#7404);
#7404 = DEFINITIONAL_REPRESENTATION('',(#7405),#7409);
#7405 = LINE('',#7406,#7407);
#7406 = CARTESIAN_POINT('',(8.,0.));
#7407 = VECTOR('',#7408,1.);
#7408 = DIRECTION('',(0.,1.));
#7409 = ( GEOMETRIC_REPRESENTATION_CONTEXT(2) 
PARAMETRIC_REPRESENTATION_CONTEXT() REPRESENTATION_CONTEXT('2D SPACE',''
  ) );
#7410 = ORIENTED_EDGE('',*,*,#2501,.T.);
#7411 = ORIENTED_EDGE('',*,*,#7365,.T.);
#7412 = ORIENTED_EDGE('',*,*,#4899,.T.);
#7413 = ADVANCED_FACE('',(#7414),#2540,.T.);
#7414 = FACE_BOUND('',#7415,.T.);
#7415 = EDGE_LOOP('',(#7416,#7437,#7438,#7439));
#7416 = ORIENTED_EDGE('',*,*,#7417,.F.);
#7417 = EDGE_CURVE('',#2396,#5014,#7418,.T.);
#7418 = SURFACE_CURVE('',#7419,(#7423,#7430),.PCURVE_S1.);
#7419 = LINE('',#7420,#7421);
#7420 = CARTESIAN_POINT('',(-90.,61.5,177.3));
#7421 = VECTOR('',#7422,1.);
#7422 = DIRECTION('',(0.,1.,0.));
#7423 = PCURVE('',#2540,#7424);
#7424 = DEFINITIONAL_REPRESENTATION('',(#7425),#7429);
#7425 = LINE('',#7426,#7427);
#7426 = CARTESIAN_POINT('',(0.,0.));
#7427 = VECTOR('',#7428,1.);
#7428 = DIRECTION('',(0.,1.));
#7429 = ( GEOMETRIC_REPRESENTATION_CONTEXT(2) 
PARAMETRIC_REPRESENTATION_CONTEXT() REPRESENTATION_CONTEXT('2D SPACE',''
  ) );
#7430 = PCURVE('',#2412,#7431);
#7431 = DEFINITIONAL_REPRESENTATION('',(#7432),#7436);
#7432 = LINE('',#7433,#7434);
#7433 = CARTESIAN_POINT('',(11.,0.));
#7434 = VECTOR('',#7435,1.);
#7435 = DIRECTION('',(0.,-1.));
#7436 = ( GEOMETRIC_REPRESENTATION_CONTEXT(2) 
PARAMETRIC_REPRESENTATION_CONTEXT() REPRESENTATION_CONTEXT('2D SPACE',''
  ) );
#7437 = ORIENTED_EDGE('',*,*,#2527,.T.);
#7438 = ORIENTED_EDGE('',*,*,#7390,.T.);
#7439 = ORIENTED_EDGE('',*,*,#5036,.F.);
#7440 = ADVANCED_FACE('',(#7441),#2412,.F.);
#7441 = FACE_BOUND('',#7442,.F.);
#7442 = EDGE_LOOP('',(#7443,#7444,#7445,#7446));
#7443 = ORIENTED_EDGE('',*,*,#2395,.T.);
#7444 = ORIENTED_EDGE('',*,*,#5090,.T.);
#7445 = ORIENTED_EDGE('',*,*,#5013,.T.);
#7446 = ORIENTED_EDGE('',*,*,#7417,.F.);
#7447 = ADVANCED_FACE('',(#7448),#1902,.T.);
#7448 = FACE_BOUND('',#7449,.T.);
#7449 = EDGE_LOOP('',(#7450,#7473,#7474));
#7450 = ORIENTED_EDGE('',*,*,#7451,.F.);
#7451 = EDGE_CURVE('',#1888,#7452,#7454,.T.);
#7452 = VERTEX_POINT('',#7453);
#7453 = CARTESIAN_POINT('',(-94.,65.,155.5));
#7454 = SURFACE_CURVE('',#7455,(#7459,#7466),.PCURVE_S1.);
#7455 = LINE('',#7456,#7457);
#7456 = CARTESIAN_POINT('',(-94.,61.5,155.5));
#7457 = VECTOR('',#7458,1.);
#7458 = DIRECTION('',(0.,1.,0.));
#7459 = PCURVE('',#1902,#7460);
#7460 = DEFINITIONAL_REPRESENTATION('',(#7461),#7465);
#7461 = LINE('',#7462,#7463);
#7462 = CARTESIAN_POINT('',(0.,0.));
#7463 = VECTOR('',#7464,1.);
#7464 = DIRECTION('',(1.,0.));
#7465 = ( GEOMETRIC_REPRESENTATION_CONTEXT(2) 
PARAMETRIC_REPRESENTATION_CONTEXT() REPRESENTATION_CONTEXT('2D SPACE',''
  ) );
#7466 = PCURVE('',#1928,#7467);
#7467 = DEFINITIONAL_REPRESENTATION('',(#7468),#7472);
#7468 = LINE('',#7469,#7470);
#7469 = CARTESIAN_POINT('',(2.474873734153,-2.474873734153));
#7470 = VECTOR('',#7471,1.);
#7471 = DIRECTION('',(0.,1.));
#7472 = ( GEOMETRIC_REPRESENTATION_CONTEXT(2) 
PARAMETRIC_REPRESENTATION_CONTEXT() REPRESENTATION_CONTEXT('2D SPACE',''
  ) );
#7473 = ORIENTED_EDGE('',*,*,#1887,.T.);
#7474 = ORIENTED_EDGE('',*,*,#7475,.F.);
#7475 = EDGE_CURVE('',#7452,#1862,#7476,.T.);
#7476 = SURFACE_CURVE('',#7477,(#7482,#7489),.PCURVE_S1.);
#7477 = CIRCLE('',#7478,3.5);
#7478 = AXIS2_PLACEMENT_3D('',#7479,#7480,#7481);
#7479 = CARTESIAN_POINT('',(-94.,65.,159.));
#7480 = DIRECTION('',(-1.,0.,0.));
#7481 = DIRECTION('',(0.,-0.857142857143,0.515078753638));
#7482 = PCURVE('',#1902,#7483);
#7483 = DEFINITIONAL_REPRESENTATION('',(#7484),#7488);
#7484 = CIRCLE('',#7485,3.5);
#7485 = AXIS2_PLACEMENT_2D('',#7486,#7487);
#7486 = CARTESIAN_POINT('',(3.5,-3.5));
#7487 = DIRECTION('',(-0.857142857143,-0.515078753638));
#7488 = ( GEOMETRIC_REPRESENTATION_CONTEXT(2) 
PARAMETRIC_REPRESENTATION_CONTEXT() REPRESENTATION_CONTEXT('2D SPACE',''
  ) );
#7489 = PCURVE('',#1876,#7490);
#7490 = DEFINITIONAL_REPRESENTATION('',(#7491),#7495);
#7491 = LINE('',#7492,#7493);
#7492 = CARTESIAN_POINT('',(7.312882108017,7.));
#7493 = VECTOR('',#7494,1.);
#7494 = DIRECTION('',(-1.,-0.));
#7495 = ( GEOMETRIC_REPRESENTATION_CONTEXT(2) 
PARAMETRIC_REPRESENTATION_CONTEXT() REPRESENTATION_CONTEXT('2D SPACE',''
  ) );
#7496 = ADVANCED_FACE('',(#7497),#1928,.T.);
#7497 = FACE_BOUND('',#7498,.T.);
#7498 = EDGE_LOOP('',(#7499,#7500,#7528,#7549));
#7499 = ORIENTED_EDGE('',*,*,#7451,.T.);
#7500 = ORIENTED_EDGE('',*,*,#7501,.T.);
#7501 = EDGE_CURVE('',#7452,#7502,#7504,.T.);
#7502 = VERTEX_POINT('',#7503);
#7503 = CARTESIAN_POINT('',(-94.,68.5,155.5));
#7504 = SURFACE_CURVE('',#7505,(#7509,#7516),.PCURVE_S1.);
#7505 = LINE('',#7506,#7507);
#7506 = CARTESIAN_POINT('',(-94.,61.5,155.5));
#7507 = VECTOR('',#7508,1.);
#7508 = DIRECTION('',(0.,1.,0.));
#7509 = PCURVE('',#1928,#7510);
#7510 = DEFINITIONAL_REPRESENTATION('',(#7511),#7515);
#7511 = LINE('',#7512,#7513);
#7512 = CARTESIAN_POINT('',(2.474873734153,-2.474873734153));
#7513 = VECTOR('',#7514,1.);
#7514 = DIRECTION('',(0.,1.));
#7515 = ( GEOMETRIC_REPRESENTATION_CONTEXT(2) 
PARAMETRIC_REPRESENTATION_CONTEXT() REPRESENTATION_CONTEXT('2D SPACE',''
  ) );
#7516 = PCURVE('',#7517,#7522);
#7517 = PLANE('',#7518);
#7518 = AXIS2_PLACEMENT_3D('',#7519,#7520,#7521);
#7519 = CARTESIAN_POINT('',(-94.,61.5,155.5));
#7520 = DIRECTION('',(-1.,0.,0.));
#7521 = DIRECTION('',(0.,1.,0.));
#7522 = DEFINITIONAL_REPRESENTATION('',(#7523),#7527);
#7523 = LINE('',#7524,#7525);
#7524 = CARTESIAN_POINT('',(0.,0.));
#7525 = VECTOR('',#7526,1.);
#7526 = DIRECTION('',(1.,0.));
#7527 = ( GEOMETRIC_REPRESENTATION_CONTEXT(2) 
PARAMETRIC_REPRESENTATION_CONTEXT() REPRESENTATION_CONTEXT('2D SPACE',''
  ) );
#7528 = ORIENTED_EDGE('',*,*,#7529,.T.);
#7529 = EDGE_CURVE('',#7502,#1914,#7530,.T.);
#7530 = SURFACE_CURVE('',#7531,(#7535,#7542),.PCURVE_S1.);
#7531 = LINE('',#7532,#7533);
#7532 = CARTESIAN_POINT('',(-94.,68.5,155.5));
#7533 = VECTOR('',#7534,1.);
#7534 = DIRECTION('',(0.707106781187,-0.707106781187,0.));
#7535 = PCURVE('',#1928,#7536);
#7536 = DEFINITIONAL_REPRESENTATION('',(#7537),#7541);
#7537 = LINE('',#7538,#7539);
#7538 = CARTESIAN_POINT('',(2.474873734153,4.525126265847));
#7539 = VECTOR('',#7540,1.);
#7540 = DIRECTION('',(-0.707106781187,-0.707106781187));
#7541 = ( GEOMETRIC_REPRESENTATION_CONTEXT(2) 
PARAMETRIC_REPRESENTATION_CONTEXT() REPRESENTATION_CONTEXT('2D SPACE',''
  ) );
#7542 = PCURVE('',#1954,#7543);
#7543 = DEFINITIONAL_REPRESENTATION('',(#7544),#7548);
#7544 = LINE('',#7545,#7546);
#7545 = CARTESIAN_POINT('',(0.,0.));
#7546 = VECTOR('',#7547,1.);
#7547 = DIRECTION('',(1.,0.));
#7548 = ( GEOMETRIC_REPRESENTATION_CONTEXT(2) 
PARAMETRIC_REPRESENTATION_CONTEXT() REPRESENTATION_CONTEXT('2D SPACE',''
  ) );
#7549 = ORIENTED_EDGE('',*,*,#1913,.T.);
#7550 = ADVANCED_FACE('',(#7551),#7517,.T.);
#7551 = FACE_BOUND('',#7552,.T.);
#7552 = EDGE_LOOP('',(#7553,#7554,#7578));
#7553 = ORIENTED_EDGE('',*,*,#7501,.F.);
#7554 = ORIENTED_EDGE('',*,*,#7555,.F.);
#7555 = EDGE_CURVE('',#7556,#7452,#7558,.T.);
#7556 = VERTEX_POINT('',#7557);
#7557 = CARTESIAN_POINT('',(-94.,68.5,159.));
#7558 = SURFACE_CURVE('',#7559,(#7564,#7571),.PCURVE_S1.);
#7559 = CIRCLE('',#7560,3.5);
#7560 = AXIS2_PLACEMENT_3D('',#7561,#7562,#7563);
#7561 = CARTESIAN_POINT('',(-94.,65.,159.));
#7562 = DIRECTION('',(-1.,0.,0.));
#7563 = DIRECTION('',(0.,-0.857142857143,0.515078753638));
#7564 = PCURVE('',#7517,#7565);
#7565 = DEFINITIONAL_REPRESENTATION('',(#7566),#7570);
#7566 = CIRCLE('',#7567,3.5);
#7567 = AXIS2_PLACEMENT_2D('',#7568,#7569);
#7568 = CARTESIAN_POINT('',(3.5,-3.5));
#7569 = DIRECTION('',(-0.857142857143,-0.515078753638));
#7570 = ( GEOMETRIC_REPRESENTATION_CONTEXT(2) 
PARAMETRIC_REPRESENTATION_CONTEXT() REPRESENTATION_CONTEXT('2D SPACE',''
  ) );
#7571 = PCURVE('',#1876,#7572);
#7572 = DEFINITIONAL_REPRESENTATION('',(#7573),#7577);
#7573 = LINE('',#7574,#7575);
#7574 = CARTESIAN_POINT('',(7.312882108017,7.));
#7575 = VECTOR('',#7576,1.);
#7576 = DIRECTION('',(-1.,-0.));
#7577 = ( GEOMETRIC_REPRESENTATION_CONTEXT(2) 
PARAMETRIC_REPRESENTATION_CONTEXT() REPRESENTATION_CONTEXT('2D SPACE',''
  ) );
#7578 = ORIENTED_EDGE('',*,*,#7579,.F.);
#7579 = EDGE_CURVE('',#7502,#7556,#7580,.T.);
#7580 = SURFACE_CURVE('',#7581,(#7585,#7592),.PCURVE_S1.);
#7581 = LINE('',#7582,#7583);
#7582 = CARTESIAN_POINT('',(-94.,68.5,155.5));
#7583 = VECTOR('',#7584,1.);
#7584 = DIRECTION('',(0.,0.,1.));
#7585 = PCURVE('',#7517,#7586);
#7586 = DEFINITIONAL_REPRESENTATION('',(#7587),#7591);
#7587 = LINE('',#7588,#7589);
#7588 = CARTESIAN_POINT('',(7.,0.));
#7589 = VECTOR('',#7590,1.);
#7590 = DIRECTION('',(0.,-1.));
#7591 = ( GEOMETRIC_REPRESENTATION_CONTEXT(2) 
PARAMETRIC_REPRESENTATION_CONTEXT() REPRESENTATION_CONTEXT('2D SPACE',''
  ) );
#7592 = PCURVE('',#1954,#7593);
#7593 = DEFINITIONAL_REPRESENTATION('',(#7594),#7598);
#7594 = LINE('',#7595,#7596);
#7595 = CARTESIAN_POINT('',(0.,0.));
#7596 = VECTOR('',#7597,1.);
#7597 = DIRECTION('',(0.,-1.));
#7598 = ( GEOMETRIC_REPRESENTATION_CONTEXT(2) 
PARAMETRIC_REPRESENTATION_CONTEXT() REPRESENTATION_CONTEXT('2D SPACE',''
  ) );
#7599 = ADVANCED_FACE('',(#7600),#1954,.T.);
#7600 = FACE_BOUND('',#7601,.T.);
#7601 = EDGE_LOOP('',(#7602,#7603,#7604,#7632,#7653));
#7602 = ORIENTED_EDGE('',*,*,#7529,.F.);
#7603 = ORIENTED_EDGE('',*,*,#7579,.T.);
#7604 = ORIENTED_EDGE('',*,*,#7605,.T.);
#7605 = EDGE_CURVE('',#7556,#7606,#7608,.T.);
#7606 = VERTEX_POINT('',#7607);
#7607 = CARTESIAN_POINT('',(-94.,68.5,162.5));
#7608 = SURFACE_CURVE('',#7609,(#7613,#7620),.PCURVE_S1.);
#7609 = LINE('',#7610,#7611);
#7610 = CARTESIAN_POINT('',(-94.,68.5,155.5));
#7611 = VECTOR('',#7612,1.);
#7612 = DIRECTION('',(0.,0.,1.));
#7613 = PCURVE('',#1954,#7614);
#7614 = DEFINITIONAL_REPRESENTATION('',(#7615),#7619);
#7615 = LINE('',#7616,#7617);
#7616 = CARTESIAN_POINT('',(0.,0.));
#7617 = VECTOR('',#7618,1.);
#7618 = DIRECTION('',(0.,-1.));
#7619 = ( GEOMETRIC_REPRESENTATION_CONTEXT(2) 
PARAMETRIC_REPRESENTATION_CONTEXT() REPRESENTATION_CONTEXT('2D SPACE',''
  ) );
#7620 = PCURVE('',#7621,#7626);
#7621 = PLANE('',#7622);
#7622 = AXIS2_PLACEMENT_3D('',#7623,#7624,#7625);
#7623 = CARTESIAN_POINT('',(-94.,61.5,155.5));
#7624 = DIRECTION('',(-1.,0.,0.));
#7625 = DIRECTION('',(0.,1.,0.));
#7626 = DEFINITIONAL_REPRESENTATION('',(#7627),#7631);
#7627 = LINE('',#7628,#7629);
#7628 = CARTESIAN_POINT('',(7.,0.));
#7629 = VECTOR('',#7630,1.);
#7630 = DIRECTION('',(0.,-1.));
#7631 = ( GEOMETRIC_REPRESENTATION_CONTEXT(2) 
PARAMETRIC_REPRESENTATION_CONTEXT() REPRESENTATION_CONTEXT('2D SPACE',''
  ) );
#7632 = ORIENTED_EDGE('',*,*,#7633,.T.);
#7633 = EDGE_CURVE('',#7606,#1940,#7634,.T.);
#7634 = SURFACE_CURVE('',#7635,(#7639,#7646),.PCURVE_S1.);
#7635 = LINE('',#7636,#7637);
#7636 = CARTESIAN_POINT('',(-94.,68.5,162.5));
#7637 = VECTOR('',#7638,1.);
#7638 = DIRECTION('',(0.707106781187,-0.707106781187,0.));
#7639 = PCURVE('',#1954,#7640);
#7640 = DEFINITIONAL_REPRESENTATION('',(#7641),#7645);
#7641 = LINE('',#7642,#7643);
#7642 = CARTESIAN_POINT('',(0.,-7.));
#7643 = VECTOR('',#7644,1.);
#7644 = DIRECTION('',(1.,0.));
#7645 = ( GEOMETRIC_REPRESENTATION_CONTEXT(2) 
PARAMETRIC_REPRESENTATION_CONTEXT() REPRESENTATION_CONTEXT('2D SPACE',''
  ) );
#7646 = PCURVE('',#1980,#7647);
#7647 = DEFINITIONAL_REPRESENTATION('',(#7648),#7652);
#7648 = LINE('',#7649,#7650);
#7649 = CARTESIAN_POINT('',(2.474873734153,4.525126265847));
#7650 = VECTOR('',#7651,1.);
#7651 = DIRECTION('',(-0.707106781187,-0.707106781187));
#7652 = ( GEOMETRIC_REPRESENTATION_CONTEXT(2) 
PARAMETRIC_REPRESENTATION_CONTEXT() REPRESENTATION_CONTEXT('2D SPACE',''
  ) );
#7653 = ORIENTED_EDGE('',*,*,#1939,.T.);
#7654 = ADVANCED_FACE('',(#7655),#7621,.T.);
#7655 = FACE_BOUND('',#7656,.T.);
#7656 = EDGE_LOOP('',(#7657,#7681,#7702));
#7657 = ORIENTED_EDGE('',*,*,#7658,.F.);
#7658 = EDGE_CURVE('',#7659,#7556,#7661,.T.);
#7659 = VERTEX_POINT('',#7660);
#7660 = CARTESIAN_POINT('',(-94.,65.000000000001,162.5));
#7661 = SURFACE_CURVE('',#7662,(#7667,#7674),.PCURVE_S1.);
#7662 = CIRCLE('',#7663,3.5);
#7663 = AXIS2_PLACEMENT_3D('',#7664,#7665,#7666);
#7664 = CARTESIAN_POINT('',(-94.,65.,159.));
#7665 = DIRECTION('',(-1.,0.,0.));
#7666 = DIRECTION('',(0.,-0.857142857143,0.515078753638));
#7667 = PCURVE('',#7621,#7668);
#7668 = DEFINITIONAL_REPRESENTATION('',(#7669),#7673);
#7669 = CIRCLE('',#7670,3.5);
#7670 = AXIS2_PLACEMENT_2D('',#7671,#7672);
#7671 = CARTESIAN_POINT('',(3.5,-3.5));
#7672 = DIRECTION('',(-0.857142857143,-0.515078753638));
#7673 = ( GEOMETRIC_REPRESENTATION_CONTEXT(2) 
PARAMETRIC_REPRESENTATION_CONTEXT() REPRESENTATION_CONTEXT('2D SPACE',''
  ) );
#7674 = PCURVE('',#1876,#7675);
#7675 = DEFINITIONAL_REPRESENTATION('',(#7676),#7680);
#7676 = LINE('',#7677,#7678);
#7677 = CARTESIAN_POINT('',(7.312882108017,7.));
#7678 = VECTOR('',#7679,1.);
#7679 = DIRECTION('',(-1.,-0.));
#7680 = ( GEOMETRIC_REPRESENTATION_CONTEXT(2) 
PARAMETRIC_REPRESENTATION_CONTEXT() REPRESENTATION_CONTEXT('2D SPACE',''
  ) );
#7681 = ORIENTED_EDGE('',*,*,#7682,.T.);
#7682 = EDGE_CURVE('',#7659,#7606,#7683,.T.);
#7683 = SURFACE_CURVE('',#7684,(#7688,#7695),.PCURVE_S1.);
#7684 = LINE('',#7685,#7686);
#7685 = CARTESIAN_POINT('',(-94.,61.5,162.5));
#7686 = VECTOR('',#7687,1.);
#7687 = DIRECTION('',(0.,1.,0.));
#7688 = PCURVE('',#7621,#7689);
#7689 = DEFINITIONAL_REPRESENTATION('',(#7690),#7694);
#7690 = LINE('',#7691,#7692);
#7691 = CARTESIAN_POINT('',(0.,-7.));
#7692 = VECTOR('',#7693,1.);
#7693 = DIRECTION('',(1.,0.));
#7694 = ( GEOMETRIC_REPRESENTATION_CONTEXT(2) 
PARAMETRIC_REPRESENTATION_CONTEXT() REPRESENTATION_CONTEXT('2D SPACE',''
  ) );
#7695 = PCURVE('',#1980,#7696);
#7696 = DEFINITIONAL_REPRESENTATION('',(#7697),#7701);
#7697 = LINE('',#7698,#7699);
#7698 = CARTESIAN_POINT('',(2.474873734153,-2.474873734153));
#7699 = VECTOR('',#7700,1.);
#7700 = DIRECTION('',(0.,1.));
#7701 = ( GEOMETRIC_REPRESENTATION_CONTEXT(2) 
PARAMETRIC_REPRESENTATION_CONTEXT() REPRESENTATION_CONTEXT('2D SPACE',''
  ) );
#7702 = ORIENTED_EDGE('',*,*,#7605,.F.);
#7703 = ADVANCED_FACE('',(#7704),#1980,.F.);
#7704 = FACE_BOUND('',#7705,.F.);
#7705 = EDGE_LOOP('',(#7706,#7727,#7728,#7729));
#7706 = ORIENTED_EDGE('',*,*,#7707,.T.);
#7707 = EDGE_CURVE('',#1966,#7659,#7708,.T.);
#7708 = SURFACE_CURVE('',#7709,(#7713,#7720),.PCURVE_S1.);
#7709 = LINE('',#7710,#7711);
#7710 = CARTESIAN_POINT('',(-94.,61.5,162.5));
#7711 = VECTOR('',#7712,1.);
#7712 = DIRECTION('',(0.,1.,0.));
#7713 = PCURVE('',#1980,#7714);
#7714 = DEFINITIONAL_REPRESENTATION('',(#7715),#7719);
#7715 = LINE('',#7716,#7717);
#7716 = CARTESIAN_POINT('',(2.474873734153,-2.474873734153));
#7717 = VECTOR('',#7718,1.);
#7718 = DIRECTION('',(0.,1.));
#7719 = ( GEOMETRIC_REPRESENTATION_CONTEXT(2) 
PARAMETRIC_REPRESENTATION_CONTEXT() REPRESENTATION_CONTEXT('2D SPACE',''
  ) );
#7720 = PCURVE('',#2006,#7721);
#7721 = DEFINITIONAL_REPRESENTATION('',(#7722),#7726);
#7722 = LINE('',#7723,#7724);
#7723 = CARTESIAN_POINT('',(0.,-7.));
#7724 = VECTOR('',#7725,1.);
#7725 = DIRECTION('',(1.,0.));
#7726 = ( GEOMETRIC_REPRESENTATION_CONTEXT(2) 
PARAMETRIC_REPRESENTATION_CONTEXT() REPRESENTATION_CONTEXT('2D SPACE',''
  ) );
#7727 = ORIENTED_EDGE('',*,*,#7682,.T.);
#7728 = ORIENTED_EDGE('',*,*,#7633,.T.);
#7729 = ORIENTED_EDGE('',*,*,#1965,.T.);
#7730 = ADVANCED_FACE('',(#7731),#2006,.T.);
#7731 = FACE_BOUND('',#7732,.T.);
#7732 = EDGE_LOOP('',(#7733,#7734,#7735));
#7733 = ORIENTED_EDGE('',*,*,#1991,.T.);
#7734 = ORIENTED_EDGE('',*,*,#7707,.T.);
#7735 = ORIENTED_EDGE('',*,*,#7736,.F.);
#7736 = EDGE_CURVE('',#1992,#7659,#7737,.T.);
#7737 = SURFACE_CURVE('',#7738,(#7743,#7750),.PCURVE_S1.);
#7738 = CIRCLE('',#7739,3.5);
#7739 = AXIS2_PLACEMENT_3D('',#7740,#7741,#7742);
#7740 = CARTESIAN_POINT('',(-94.,65.,159.));
#7741 = DIRECTION('',(-1.,0.,0.));
#7742 = DIRECTION('',(0.,-0.857142857143,0.515078753638));
#7743 = PCURVE('',#2006,#7744);
#7744 = DEFINITIONAL_REPRESENTATION('',(#7745),#7749);
#7745 = CIRCLE('',#7746,3.5);
#7746 = AXIS2_PLACEMENT_2D('',#7747,#7748);
#7747 = CARTESIAN_POINT('',(3.5,-3.5));
#7748 = DIRECTION('',(-0.857142857143,-0.515078753638));
#7749 = ( GEOMETRIC_REPRESENTATION_CONTEXT(2) 
PARAMETRIC_REPRESENTATION_CONTEXT() REPRESENTATION_CONTEXT('2D SPACE',''
  ) );
#7750 = PCURVE('',#1876,#7751);
#7751 = DEFINITIONAL_REPRESENTATION('',(#7752),#7756);
#7752 = LINE('',#7753,#7754);
#7753 = CARTESIAN_POINT('',(7.312882108017,7.));
#7754 = VECTOR('',#7755,1.);
#7755 = DIRECTION('',(-1.,-0.));
#7756 = ( GEOMETRIC_REPRESENTATION_CONTEXT(2) 
PARAMETRIC_REPRESENTATION_CONTEXT() REPRESENTATION_CONTEXT('2D SPACE',''
  ) );
#7757 = ADVANCED_FACE('',(#7758),#1876,.T.);
#7758 = FACE_BOUND('',#7759,.T.);
#7759 = EDGE_LOOP('',(#7760,#7761,#7762,#7763,#7764,#7765,#7791));
#7760 = ORIENTED_EDGE('',*,*,#7736,.T.);
#7761 = ORIENTED_EDGE('',*,*,#7658,.T.);
#7762 = ORIENTED_EDGE('',*,*,#7555,.T.);
#7763 = ORIENTED_EDGE('',*,*,#7475,.T.);
#7764 = ORIENTED_EDGE('',*,*,#1861,.F.);
#7765 = ORIENTED_EDGE('',*,*,#7766,.F.);
#7766 = EDGE_CURVE('',#2018,#1839,#7767,.T.);
#7767 = SURFACE_CURVE('',#7768,(#7773,#7780),.PCURVE_S1.);
#7768 = CIRCLE('',#7769,3.5);
#7769 = AXIS2_PLACEMENT_3D('',#7770,#7771,#7772);
#7770 = CARTESIAN_POINT('',(-101.,65.,159.));
#7771 = DIRECTION('',(-1.,0.,0.));
#7772 = DIRECTION('',(0.,-0.857142857143,0.515078753638));
#7773 = PCURVE('',#1876,#7774);
#7774 = DEFINITIONAL_REPRESENTATION('',(#7775),#7779);
#7775 = LINE('',#7776,#7777);
#7776 = CARTESIAN_POINT('',(7.312882108017,0.));
#7777 = VECTOR('',#7778,1.);
#7778 = DIRECTION('',(-1.,-0.));
#7779 = ( GEOMETRIC_REPRESENTATION_CONTEXT(2) 
PARAMETRIC_REPRESENTATION_CONTEXT() REPRESENTATION_CONTEXT('2D SPACE',''
  ) );
#7780 = PCURVE('',#780,#7781);
#7781 = DEFINITIONAL_REPRESENTATION('',(#7782),#7790);
#7782 = ( BOUNDED_CURVE() B_SPLINE_CURVE(2,(#7783,#7784,#7785,#7786,
#7787,#7788,#7789),.UNSPECIFIED.,.T.,.F.) B_SPLINE_CURVE_WITH_KNOTS((1,2
    ,2,2,2,1),(-2.094395102393,0.,2.094395102393,4.188790204786,
6.28318530718,8.377580409573),.UNSPECIFIED.) CURVE() 
GEOMETRIC_REPRESENTATION_ITEM() RATIONAL_B_SPLINE_CURVE((1.,0.5,1.,0.5,
1.,0.5,1.)) REPRESENTATION_ITEM('') );
#7783 = CARTESIAN_POINT('',(12.802775637732,-124.));
#7784 = CARTESIAN_POINT('',(17.998928060439,-127.1224989992));
#7785 = CARTESIAN_POINT('',(12.696688392487,-130.0612494996));
#7786 = CARTESIAN_POINT('',(7.394448724536,-133.));
#7787 = CARTESIAN_POINT('',(7.500535969781,-126.9387505004));
#7788 = CARTESIAN_POINT('',(7.606623215026,-120.8775010008));
#7789 = CARTESIAN_POINT('',(12.802775637732,-124.));
#7790 = ( GEOMETRIC_REPRESENTATION_CONTEXT(2) 
PARAMETRIC_REPRESENTATION_CONTEXT() REPRESENTATION_CONTEXT('2D SPACE',''
  ) );
#7791 = ORIENTED_EDGE('',*,*,#2017,.T.);
#7792 = ADVANCED_FACE('',(#7793),#2102,.T.);
#7793 = FACE_BOUND('',#7794,.T.);
#7794 = EDGE_LOOP('',(#7795,#7818,#7819));
#7795 = ORIENTED_EDGE('',*,*,#7796,.F.);
#7796 = EDGE_CURVE('',#2088,#7797,#7799,.T.);
#7797 = VERTEX_POINT('',#7798);
#7798 = CARTESIAN_POINT('',(-94.,65.,217.5));
#7799 = SURFACE_CURVE('',#7800,(#7804,#7811),.PCURVE_S1.);
#7800 = LINE('',#7801,#7802);
#7801 = CARTESIAN_POINT('',(-94.,61.5,217.5));
#7802 = VECTOR('',#7803,1.);
#7803 = DIRECTION('',(0.,1.,0.));
#7804 = PCURVE('',#2102,#7805);
#7805 = DEFINITIONAL_REPRESENTATION('',(#7806),#7810);
#7806 = LINE('',#7807,#7808);
#7807 = CARTESIAN_POINT('',(0.,0.));
#7808 = VECTOR('',#7809,1.);
#7809 = DIRECTION('',(1.,0.));
#7810 = ( GEOMETRIC_REPRESENTATION_CONTEXT(2) 
PARAMETRIC_REPRESENTATION_CONTEXT() REPRESENTATION_CONTEXT('2D SPACE',''
  ) );
#7811 = PCURVE('',#2128,#7812);
#7812 = DEFINITIONAL_REPRESENTATION('',(#7813),#7817);
#7813 = LINE('',#7814,#7815);
#7814 = CARTESIAN_POINT('',(2.474873734153,-2.474873734153));
#7815 = VECTOR('',#7816,1.);
#7816 = DIRECTION('',(0.,1.));
#7817 = ( GEOMETRIC_REPRESENTATION_CONTEXT(2) 
PARAMETRIC_REPRESENTATION_CONTEXT() REPRESENTATION_CONTEXT('2D SPACE',''
  ) );
#7818 = ORIENTED_EDGE('',*,*,#2087,.T.);
#7819 = ORIENTED_EDGE('',*,*,#7820,.F.);
#7820 = EDGE_CURVE('',#7797,#2062,#7821,.T.);
#7821 = SURFACE_CURVE('',#7822,(#7827,#7834),.PCURVE_S1.);
#7822 = CIRCLE('',#7823,3.5);
#7823 = AXIS2_PLACEMENT_3D('',#7824,#7825,#7826);
#7824 = CARTESIAN_POINT('',(-94.,65.,221.));
#7825 = DIRECTION('',(-1.,0.,0.));
#7826 = DIRECTION('',(0.,-0.857142857143,0.515078753638));
#7827 = PCURVE('',#2102,#7828);
#7828 = DEFINITIONAL_REPRESENTATION('',(#7829),#7833);
#7829 = CIRCLE('',#7830,3.5);
#7830 = AXIS2_PLACEMENT_2D('',#7831,#7832);
#7831 = CARTESIAN_POINT('',(3.5,-3.5));
#7832 = DIRECTION('',(-0.857142857143,-0.515078753638));
#7833 = ( GEOMETRIC_REPRESENTATION_CONTEXT(2) 
PARAMETRIC_REPRESENTATION_CONTEXT() REPRESENTATION_CONTEXT('2D SPACE',''
  ) );
#7834 = PCURVE('',#2076,#7835);
#7835 = DEFINITIONAL_REPRESENTATION('',(#7836),#7840);
#7836 = LINE('',#7837,#7838);
#7837 = CARTESIAN_POINT('',(7.312882108017,7.));
#7838 = VECTOR('',#7839,1.);
#7839 = DIRECTION('',(-1.,-0.));
#7840 = ( GEOMETRIC_REPRESENTATION_CONTEXT(2) 
PARAMETRIC_REPRESENTATION_CONTEXT() REPRESENTATION_CONTEXT('2D SPACE',''
  ) );
#7841 = ADVANCED_FACE('',(#7842),#2128,.T.);
#7842 = FACE_BOUND('',#7843,.T.);
#7843 = EDGE_LOOP('',(#7844,#7845,#7846,#7874,#7897));
#7844 = ORIENTED_EDGE('',*,*,#2113,.T.);
#7845 = ORIENTED_EDGE('',*,*,#7796,.T.);
#7846 = ORIENTED_EDGE('',*,*,#7847,.T.);
#7847 = EDGE_CURVE('',#7797,#7848,#7850,.T.);
#7848 = VERTEX_POINT('',#7849);
#7849 = CARTESIAN_POINT('',(-94.,68.5,217.5));
#7850 = SURFACE_CURVE('',#7851,(#7855,#7862),.PCURVE_S1.);
#7851 = LINE('',#7852,#7853);
#7852 = CARTESIAN_POINT('',(-94.,61.5,217.5));
#7853 = VECTOR('',#7854,1.);
#7854 = DIRECTION('',(0.,1.,0.));
#7855 = PCURVE('',#2128,#7856);
#7856 = DEFINITIONAL_REPRESENTATION('',(#7857),#7861);
#7857 = LINE('',#7858,#7859);
#7858 = CARTESIAN_POINT('',(2.474873734153,-2.474873734153));
#7859 = VECTOR('',#7860,1.);
#7860 = DIRECTION('',(0.,1.));
#7861 = ( GEOMETRIC_REPRESENTATION_CONTEXT(2) 
PARAMETRIC_REPRESENTATION_CONTEXT() REPRESENTATION_CONTEXT('2D SPACE',''
  ) );
#7862 = PCURVE('',#7863,#7868);
#7863 = PLANE('',#7864);
#7864 = AXIS2_PLACEMENT_3D('',#7865,#7866,#7867);
#7865 = CARTESIAN_POINT('',(-94.,61.5,217.5));
#7866 = DIRECTION('',(-1.,0.,0.));
#7867 = DIRECTION('',(0.,1.,0.));
#7868 = DEFINITIONAL_REPRESENTATION('',(#7869),#7873);
#7869 = LINE('',#7870,#7871);
#7870 = CARTESIAN_POINT('',(0.,0.));
#7871 = VECTOR('',#7872,1.);
#7872 = DIRECTION('',(1.,0.));
#7873 = ( GEOMETRIC_REPRESENTATION_CONTEXT(2) 
PARAMETRIC_REPRESENTATION_CONTEXT() REPRESENTATION_CONTEXT('2D SPACE',''
  ) );
#7874 = ORIENTED_EDGE('',*,*,#7875,.T.);
#7875 = EDGE_CURVE('',#7848,#7876,#7878,.T.);
#7876 = VERTEX_POINT('',#7877);
#7877 = CARTESIAN_POINT('',(-89.03973683071,63.539736830713,217.5));
#7878 = SURFACE_CURVE('',#7879,(#7883,#7890),.PCURVE_S1.);
#7879 = LINE('',#7880,#7881);
#7880 = CARTESIAN_POINT('',(-94.,68.5,217.5));
#7881 = VECTOR('',#7882,1.);
#7882 = DIRECTION('',(0.707106781187,-0.707106781187,0.));
#7883 = PCURVE('',#2128,#7884);
#7884 = DEFINITIONAL_REPRESENTATION('',(#7885),#7889);
#7885 = LINE('',#7886,#7887);
#7886 = CARTESIAN_POINT('',(2.474873734153,4.525126265847));
#7887 = VECTOR('',#7888,1.);
#7888 = DIRECTION('',(-0.707106781187,-0.707106781187));
#7889 = ( GEOMETRIC_REPRESENTATION_CONTEXT(2) 
PARAMETRIC_REPRESENTATION_CONTEXT() REPRESENTATION_CONTEXT('2D SPACE',''
  ) );
#7890 = PCURVE('',#2288,#7891);
#7891 = DEFINITIONAL_REPRESENTATION('',(#7892),#7896);
#7892 = LINE('',#7893,#7894);
#7893 = CARTESIAN_POINT('',(0.,0.));
#7894 = VECTOR('',#7895,1.);
#7895 = DIRECTION('',(1.,0.));
#7896 = ( GEOMETRIC_REPRESENTATION_CONTEXT(2) 
PARAMETRIC_REPRESENTATION_CONTEXT() REPRESENTATION_CONTEXT('2D SPACE',''
  ) );
#7897 = ORIENTED_EDGE('',*,*,#7898,.F.);
#7898 = EDGE_CURVE('',#2114,#7876,#7899,.T.);
#7899 = SURFACE_CURVE('',#7900,(#7904,#7910),.PCURVE_S1.);
#7900 = LINE('',#7901,#7902);
#7901 = CARTESIAN_POINT('',(-89.03973683071,58.5,217.5));
#7902 = VECTOR('',#7903,1.);
#7903 = DIRECTION('',(0.,1.,0.));
#7904 = PCURVE('',#2128,#7905);
#7905 = DEFINITIONAL_REPRESENTATION('',(#7906),#7909);
#7906 = B_SPLINE_CURVE_WITH_KNOTS('',1,(#7907,#7908),.UNSPECIFIED.,.F.,
  .F.,(2,2),(2.85,10.65),.PIECEWISE_BEZIER_KNOTS.);
#7907 = CARTESIAN_POINT('',(-2.485389435133,-2.624873734153));
#7908 = CARTESIAN_POINT('',(-2.485389435133,5.175126265847));
#7909 = ( GEOMETRIC_REPRESENTATION_CONTEXT(2) 
PARAMETRIC_REPRESENTATION_CONTEXT() REPRESENTATION_CONTEXT('2D SPACE',''
  ) );
#7910 = PCURVE('',#2156,#7911);
#7911 = DEFINITIONAL_REPRESENTATION('',(#7912),#7915);
#7912 = B_SPLINE_CURVE_WITH_KNOTS('',1,(#7913,#7914),.UNSPECIFIED.,.F.,
  .F.,(2,2),(2.85,10.65),.PIECEWISE_BEZIER_KNOTS.);
#7913 = CARTESIAN_POINT('',(5.41997341711,2.85));
#7914 = CARTESIAN_POINT('',(5.41997341711,10.65));
#7915 = ( GEOMETRIC_REPRESENTATION_CONTEXT(2) 
PARAMETRIC_REPRESENTATION_CONTEXT() REPRESENTATION_CONTEXT('2D SPACE',''
  ) );
#7916 = ADVANCED_FACE('',(#7917),#7863,.T.);
#7917 = FACE_BOUND('',#7918,.T.);
#7918 = EDGE_LOOP('',(#7919,#7920,#7944));
#7919 = ORIENTED_EDGE('',*,*,#7847,.F.);
#7920 = ORIENTED_EDGE('',*,*,#7921,.F.);
#7921 = EDGE_CURVE('',#7922,#7797,#7924,.T.);
#7922 = VERTEX_POINT('',#7923);
#7923 = CARTESIAN_POINT('',(-94.,68.5,221.));
#7924 = SURFACE_CURVE('',#7925,(#7930,#7937),.PCURVE_S1.);
#7925 = CIRCLE('',#7926,3.5);
#7926 = AXIS2_PLACEMENT_3D('',#7927,#7928,#7929);
#7927 = CARTESIAN_POINT('',(-94.,65.,221.));
#7928 = DIRECTION('',(-1.,0.,0.));
#7929 = DIRECTION('',(0.,-0.857142857143,0.515078753638));
#7930 = PCURVE('',#7863,#7931);
#7931 = DEFINITIONAL_REPRESENTATION('',(#7932),#7936);
#7932 = CIRCLE('',#7933,3.5);
#7933 = AXIS2_PLACEMENT_2D('',#7934,#7935);
#7934 = CARTESIAN_POINT('',(3.5,-3.5));
#7935 = DIRECTION('',(-0.857142857143,-0.515078753638));
#7936 = ( GEOMETRIC_REPRESENTATION_CONTEXT(2) 
PARAMETRIC_REPRESENTATION_CONTEXT() REPRESENTATION_CONTEXT('2D SPACE',''
  ) );
#7937 = PCURVE('',#2076,#7938);
#7938 = DEFINITIONAL_REPRESENTATION('',(#7939),#7943);
#7939 = LINE('',#7940,#7941);
#7940 = CARTESIAN_POINT('',(7.312882108017,7.));
#7941 = VECTOR('',#7942,1.);
#7942 = DIRECTION('',(-1.,-0.));
#7943 = ( GEOMETRIC_REPRESENTATION_CONTEXT(2) 
PARAMETRIC_REPRESENTATION_CONTEXT() REPRESENTATION_CONTEXT('2D SPACE',''
  ) );
#7944 = ORIENTED_EDGE('',*,*,#7945,.F.);
#7945 = EDGE_CURVE('',#7848,#7922,#7946,.T.);
#7946 = SURFACE_CURVE('',#7947,(#7951,#7958),.PCURVE_S1.);
#7947 = LINE('',#7948,#7949);
#7948 = CARTESIAN_POINT('',(-94.,68.5,217.5));
#7949 = VECTOR('',#7950,1.);
#7950 = DIRECTION('',(0.,0.,1.));
#7951 = PCURVE('',#7863,#7952);
#7952 = DEFINITIONAL_REPRESENTATION('',(#7953),#7957);
#7953 = LINE('',#7954,#7955);
#7954 = CARTESIAN_POINT('',(7.,0.));
#7955 = VECTOR('',#7956,1.);
#7956 = DIRECTION('',(0.,-1.));
#7957 = ( GEOMETRIC_REPRESENTATION_CONTEXT(2) 
PARAMETRIC_REPRESENTATION_CONTEXT() REPRESENTATION_CONTEXT('2D SPACE',''
  ) );
#7958 = PCURVE('',#2288,#7959);
#7959 = DEFINITIONAL_REPRESENTATION('',(#7960),#7964);
#7960 = LINE('',#7961,#7962);
#7961 = CARTESIAN_POINT('',(0.,0.));
#7962 = VECTOR('',#7963,1.);
#7963 = DIRECTION('',(0.,-1.));
#7964 = ( GEOMETRIC_REPRESENTATION_CONTEXT(2) 
PARAMETRIC_REPRESENTATION_CONTEXT() REPRESENTATION_CONTEXT('2D SPACE',''
  ) );
#7965 = ADVANCED_FACE('',(#7966),#2183,.F.);
#7966 = FACE_BOUND('',#7967,.F.);
#7967 = EDGE_LOOP('',(#7968,#7989,#7990,#8011));
#7968 = ORIENTED_EDGE('',*,*,#7969,.F.);
#7969 = EDGE_CURVE('',#2140,#7970,#7972,.T.);
#7970 = VERTEX_POINT('',#7971);
#7971 = CARTESIAN_POINT('',(-86.,66.,210.9));
#7972 = SURFACE_CURVE('',#7973,(#7977,#7983),.PCURVE_S1.);
#7973 = LINE('',#7974,#7975);
#7974 = CARTESIAN_POINT('',(-86.,60.5,210.9));
#7975 = VECTOR('',#7976,1.);
#7976 = DIRECTION('',(0.,1.,0.));
#7977 = PCURVE('',#2183,#7978);
#7978 = DEFINITIONAL_REPRESENTATION('',(#7979),#7982);
#7979 = B_SPLINE_CURVE_WITH_KNOTS('',1,(#7980,#7981),.UNSPECIFIED.,.F.,
  .F.,(2,2),(0.9999994,5.5000006),.PIECEWISE_BEZIER_KNOTS.);
#7980 = CARTESIAN_POINT('',(6.,-0.9999994));
#7981 = CARTESIAN_POINT('',(6.,-5.5000006));
#7982 = ( GEOMETRIC_REPRESENTATION_CONTEXT(2) 
PARAMETRIC_REPRESENTATION_CONTEXT() REPRESENTATION_CONTEXT('2D SPACE',''
  ) );
#7983 = PCURVE('',#2156,#7984);
#7984 = DEFINITIONAL_REPRESENTATION('',(#7985),#7988);
#7985 = B_SPLINE_CURVE_WITH_KNOTS('',1,(#7986,#7987),.UNSPECIFIED.,.F.,
  .F.,(2,2),(0.9999994,5.5000006),.PIECEWISE_BEZIER_KNOTS.);
#7986 = CARTESIAN_POINT('',(3.14159265359,2.9999994));
#7987 = CARTESIAN_POINT('',(3.14159265359,7.5000006));
#7988 = ( GEOMETRIC_REPRESENTATION_CONTEXT(2) 
PARAMETRIC_REPRESENTATION_CONTEXT() REPRESENTATION_CONTEXT('2D SPACE',''
  ) );
#7989 = ORIENTED_EDGE('',*,*,#2168,.T.);
#7990 = ORIENTED_EDGE('',*,*,#7991,.T.);
#7991 = EDGE_CURVE('',#2169,#7992,#7994,.T.);
#7992 = VERTEX_POINT('',#7993);
#7993 = CARTESIAN_POINT('',(-86.,66.,209.9));
#7994 = SURFACE_CURVE('',#7995,(#7999,#8005),.PCURVE_S1.);
#7995 = LINE('',#7996,#7997);
#7996 = CARTESIAN_POINT('',(-86.,61.5,209.9));
#7997 = VECTOR('',#7998,1.);
#7998 = DIRECTION('',(0.,1.,0.));
#7999 = PCURVE('',#2183,#8000);
#8000 = DEFINITIONAL_REPRESENTATION('',(#8001),#8004);
#8001 = B_SPLINE_CURVE_WITH_KNOTS('',1,(#8002,#8003),.UNSPECIFIED.,.F.,
  .F.,(2,2),(-5.999999999062E-07,4.5000006),.PIECEWISE_BEZIER_KNOTS.);
#8002 = CARTESIAN_POINT('',(5.,-0.9999994));
#8003 = CARTESIAN_POINT('',(5.,-5.5000006));
#8004 = ( GEOMETRIC_REPRESENTATION_CONTEXT(2) 
PARAMETRIC_REPRESENTATION_CONTEXT() REPRESENTATION_CONTEXT('2D SPACE',''
  ) );
#8005 = PCURVE('',#2211,#8006);
#8006 = DEFINITIONAL_REPRESENTATION('',(#8007),#8010);
#8007 = B_SPLINE_CURVE_WITH_KNOTS('',1,(#8008,#8009),.UNSPECIFIED.,.F.,
  .F.,(2,2),(-5.999999999062E-07,4.5000006),.PIECEWISE_BEZIER_KNOTS.);
#8008 = CARTESIAN_POINT('',(3.14159265359,-5.999999999062E-07));
#8009 = CARTESIAN_POINT('',(3.14159265359,4.5000006));
#8010 = ( GEOMETRIC_REPRESENTATION_CONTEXT(2) 
PARAMETRIC_REPRESENTATION_CONTEXT() REPRESENTATION_CONTEXT('2D SPACE',''
  ) );
#8011 = ORIENTED_EDGE('',*,*,#8012,.F.);
#8012 = EDGE_CURVE('',#7970,#7992,#8013,.T.);
#8013 = SURFACE_CURVE('',#8014,(#8018,#8024),.PCURVE_S1.);
#8014 = LINE('',#8015,#8016);
#8015 = CARTESIAN_POINT('',(-86.,66.,209.9));
#8016 = VECTOR('',#8017,1.);
#8017 = DIRECTION('',(0.,0.,-1.));
#8018 = PCURVE('',#2183,#8019);
#8019 = DEFINITIONAL_REPRESENTATION('',(#8020),#8023);
#8020 = B_SPLINE_CURVE_WITH_KNOTS('',1,(#8021,#8022),.UNSPECIFIED.,.F.,
  .F.,(2,2),(-10.,0.),.PIECEWISE_BEZIER_KNOTS.);
#8021 = CARTESIAN_POINT('',(15.,-5.5));
#8022 = CARTESIAN_POINT('',(5.,-5.5));
#8023 = ( GEOMETRIC_REPRESENTATION_CONTEXT(2) 
PARAMETRIC_REPRESENTATION_CONTEXT() REPRESENTATION_CONTEXT('2D SPACE',''
  ) );
#8024 = PCURVE('',#8025,#8030);
#8025 = PLANE('',#8026);
#8026 = AXIS2_PLACEMENT_3D('',#8027,#8028,#8029);
#8027 = CARTESIAN_POINT('',(-86.,66.,214.9));
#8028 = DIRECTION('',(0.,1.,0.));
#8029 = DIRECTION('',(0.,-0.,1.));
#8030 = DEFINITIONAL_REPRESENTATION('',(#8031),#8034);
#8031 = B_SPLINE_CURVE_WITH_KNOTS('',1,(#8032,#8033),.UNSPECIFIED.,.F.,
  .F.,(2,2),(-10.,0.),.PIECEWISE_BEZIER_KNOTS.);
#8032 = CARTESIAN_POINT('',(5.,0.));
#8033 = CARTESIAN_POINT('',(-5.,0.));
#8034 = ( GEOMETRIC_REPRESENTATION_CONTEXT(2) 
PARAMETRIC_REPRESENTATION_CONTEXT() REPRESENTATION_CONTEXT('2D SPACE',''
  ) );
#8035 = ADVANCED_FACE('',(#8036),#8025,.T.);
#8036 = FACE_BOUND('',#8037,.T.);
#8037 = EDGE_LOOP('',(#8038,#8061,#8083,#8084));
#8038 = ORIENTED_EDGE('',*,*,#8039,.F.);
#8039 = EDGE_CURVE('',#8040,#8042,#8044,.T.);
#8040 = VERTEX_POINT('',#8041);
#8041 = CARTESIAN_POINT('',(-86.,66.,219.9));
#8042 = VERTEX_POINT('',#8043);
#8043 = CARTESIAN_POINT('',(-86.,66.,218.9));
#8044 = SURFACE_CURVE('',#8045,(#8049,#8055),.PCURVE_S1.);
#8045 = LINE('',#8046,#8047);
#8046 = CARTESIAN_POINT('',(-86.,66.,209.9));
#8047 = VECTOR('',#8048,1.);
#8048 = DIRECTION('',(0.,0.,-1.));
#8049 = PCURVE('',#8025,#8050);
#8050 = DEFINITIONAL_REPRESENTATION('',(#8051),#8054);
#8051 = B_SPLINE_CURVE_WITH_KNOTS('',1,(#8052,#8053),.UNSPECIFIED.,.F.,
  .F.,(2,2),(-10.,0.),.PIECEWISE_BEZIER_KNOTS.);
#8052 = CARTESIAN_POINT('',(5.,0.));
#8053 = CARTESIAN_POINT('',(-5.,0.));
#8054 = ( GEOMETRIC_REPRESENTATION_CONTEXT(2) 
PARAMETRIC_REPRESENTATION_CONTEXT() REPRESENTATION_CONTEXT('2D SPACE',''
  ) );
#8055 = PCURVE('',#2238,#8056);
#8056 = DEFINITIONAL_REPRESENTATION('',(#8057),#8060);
#8057 = B_SPLINE_CURVE_WITH_KNOTS('',1,(#8058,#8059),.UNSPECIFIED.,.F.,
  .F.,(2,2),(-10.,0.),.PIECEWISE_BEZIER_KNOTS.);
#8058 = CARTESIAN_POINT('',(15.,-5.5));
#8059 = CARTESIAN_POINT('',(5.,-5.5));
#8060 = ( GEOMETRIC_REPRESENTATION_CONTEXT(2) 
PARAMETRIC_REPRESENTATION_CONTEXT() REPRESENTATION_CONTEXT('2D SPACE',''
  ) );
#8061 = ORIENTED_EDGE('',*,*,#8062,.T.);
#8062 = EDGE_CURVE('',#8040,#7992,#8063,.T.);
#8063 = SURFACE_CURVE('',#8064,(#8069,#8076),.PCURVE_S1.);
#8064 = CIRCLE('',#8065,5.);
#8065 = AXIS2_PLACEMENT_3D('',#8066,#8067,#8068);
#8066 = CARTESIAN_POINT('',(-86.,66.,214.9));
#8067 = DIRECTION('',(0.,1.,0.));
#8068 = DIRECTION('',(0.,-0.,1.));
#8069 = PCURVE('',#8025,#8070);
#8070 = DEFINITIONAL_REPRESENTATION('',(#8071),#8075);
#8071 = CIRCLE('',#8072,5.);
#8072 = AXIS2_PLACEMENT_2D('',#8073,#8074);
#8073 = CARTESIAN_POINT('',(0.,0.));
#8074 = DIRECTION('',(1.,0.));
#8075 = ( GEOMETRIC_REPRESENTATION_CONTEXT(2) 
PARAMETRIC_REPRESENTATION_CONTEXT() REPRESENTATION_CONTEXT('2D SPACE',''
  ) );
#8076 = PCURVE('',#2211,#8077);
#8077 = DEFINITIONAL_REPRESENTATION('',(#8078),#8082);
#8078 = LINE('',#8079,#8080);
#8079 = CARTESIAN_POINT('',(0.,4.5));
#8080 = VECTOR('',#8081,1.);
#8081 = DIRECTION('',(1.,0.));
#8082 = ( GEOMETRIC_REPRESENTATION_CONTEXT(2) 
PARAMETRIC_REPRESENTATION_CONTEXT() REPRESENTATION_CONTEXT('2D SPACE',''
  ) );
#8083 = ORIENTED_EDGE('',*,*,#8012,.F.);
#8084 = ORIENTED_EDGE('',*,*,#8085,.F.);
#8085 = EDGE_CURVE('',#8042,#7970,#8086,.T.);
#8086 = SURFACE_CURVE('',#8087,(#8092,#8099),.PCURVE_S1.);
#8087 = CIRCLE('',#8088,4.);
#8088 = AXIS2_PLACEMENT_3D('',#8089,#8090,#8091);
#8089 = CARTESIAN_POINT('',(-86.,66.,214.9));
#8090 = DIRECTION('',(0.,1.,0.));
#8091 = DIRECTION('',(0.,-0.,1.));
#8092 = PCURVE('',#8025,#8093);
#8093 = DEFINITIONAL_REPRESENTATION('',(#8094),#8098);
#8094 = CIRCLE('',#8095,4.);
#8095 = AXIS2_PLACEMENT_2D('',#8096,#8097);
#8096 = CARTESIAN_POINT('',(0.,0.));
#8097 = DIRECTION('',(1.,0.));
#8098 = ( GEOMETRIC_REPRESENTATION_CONTEXT(2) 
PARAMETRIC_REPRESENTATION_CONTEXT() REPRESENTATION_CONTEXT('2D SPACE',''
  ) );
#8099 = PCURVE('',#2156,#8100);
#8100 = DEFINITIONAL_REPRESENTATION('',(#8101),#8105);
#8101 = LINE('',#8102,#8103);
#8102 = CARTESIAN_POINT('',(0.,7.5));
#8103 = VECTOR('',#8104,1.);
#8104 = DIRECTION('',(1.,0.));
#8105 = ( GEOMETRIC_REPRESENTATION_CONTEXT(2) 
PARAMETRIC_REPRESENTATION_CONTEXT() REPRESENTATION_CONTEXT('2D SPACE',''
  ) );
#8106 = ADVANCED_FACE('',(#8107),#2211,.T.);
#8107 = FACE_BOUND('',#8108,.T.);
#8108 = EDGE_LOOP('',(#8109,#8110,#8131,#8132));
#8109 = ORIENTED_EDGE('',*,*,#8062,.F.);
#8110 = ORIENTED_EDGE('',*,*,#8111,.F.);
#8111 = EDGE_CURVE('',#2195,#8040,#8112,.T.);
#8112 = SURFACE_CURVE('',#8113,(#8117,#8124),.PCURVE_S1.);
#8113 = LINE('',#8114,#8115);
#8114 = CARTESIAN_POINT('',(-86.,61.5,219.9));
#8115 = VECTOR('',#8116,1.);
#8116 = DIRECTION('',(0.,1.,0.));
#8117 = PCURVE('',#2211,#8118);
#8118 = DEFINITIONAL_REPRESENTATION('',(#8119),#8123);
#8119 = LINE('',#8120,#8121);
#8120 = CARTESIAN_POINT('',(0.,-0.));
#8121 = VECTOR('',#8122,1.);
#8122 = DIRECTION('',(0.,1.));
#8123 = ( GEOMETRIC_REPRESENTATION_CONTEXT(2) 
PARAMETRIC_REPRESENTATION_CONTEXT() REPRESENTATION_CONTEXT('2D SPACE',''
  ) );
#8124 = PCURVE('',#2238,#8125);
#8125 = DEFINITIONAL_REPRESENTATION('',(#8126),#8130);
#8126 = LINE('',#8127,#8128);
#8127 = CARTESIAN_POINT('',(15.,-1.));
#8128 = VECTOR('',#8129,1.);
#8129 = DIRECTION('',(0.,-1.));
#8130 = ( GEOMETRIC_REPRESENTATION_CONTEXT(2) 
PARAMETRIC_REPRESENTATION_CONTEXT() REPRESENTATION_CONTEXT('2D SPACE',''
  ) );
#8131 = ORIENTED_EDGE('',*,*,#2194,.T.);
#8132 = ORIENTED_EDGE('',*,*,#7991,.T.);
#8133 = ADVANCED_FACE('',(#8134),#2238,.F.);
#8134 = FACE_BOUND('',#8135,.F.);
#8135 = EDGE_LOOP('',(#8136,#8137,#8138,#8139));
#8136 = ORIENTED_EDGE('',*,*,#8039,.F.);
#8137 = ORIENTED_EDGE('',*,*,#8111,.F.);
#8138 = ORIENTED_EDGE('',*,*,#2223,.T.);
#8139 = ORIENTED_EDGE('',*,*,#8140,.T.);
#8140 = EDGE_CURVE('',#2224,#8042,#8141,.T.);
#8141 = SURFACE_CURVE('',#8142,(#8146,#8153),.PCURVE_S1.);
#8142 = LINE('',#8143,#8144);
#8143 = CARTESIAN_POINT('',(-86.,60.5,218.9));
#8144 = VECTOR('',#8145,1.);
#8145 = DIRECTION('',(0.,1.,0.));
#8146 = PCURVE('',#2238,#8147);
#8147 = DEFINITIONAL_REPRESENTATION('',(#8148),#8152);
#8148 = LINE('',#8149,#8150);
#8149 = CARTESIAN_POINT('',(14.,0.));
#8150 = VECTOR('',#8151,1.);
#8151 = DIRECTION('',(0.,-1.));
#8152 = ( GEOMETRIC_REPRESENTATION_CONTEXT(2) 
PARAMETRIC_REPRESENTATION_CONTEXT() REPRESENTATION_CONTEXT('2D SPACE',''
  ) );
#8153 = PCURVE('',#2156,#8154);
#8154 = DEFINITIONAL_REPRESENTATION('',(#8155),#8159);
#8155 = LINE('',#8156,#8157);
#8156 = CARTESIAN_POINT('',(0.,2.));
#8157 = VECTOR('',#8158,1.);
#8158 = DIRECTION('',(0.,1.));
#8159 = ( GEOMETRIC_REPRESENTATION_CONTEXT(2) 
PARAMETRIC_REPRESENTATION_CONTEXT() REPRESENTATION_CONTEXT('2D SPACE',''
  ) );
#8160 = ADVANCED_FACE('',(#8161),#2156,.F.);
#8161 = FACE_BOUND('',#8162,.F.);
#8162 = EDGE_LOOP('',(#8163,#8164,#8185,#8186,#8212,#8213,#8214,#8215,
    #8216,#8217));
#8163 = ORIENTED_EDGE('',*,*,#3884,.T.);
#8164 = ORIENTED_EDGE('',*,*,#8165,.F.);
#8165 = EDGE_CURVE('',#2224,#3885,#8166,.T.);
#8166 = SEAM_CURVE('',#8167,(#8171,#8178),.PCURVE_S1.);
#8167 = LINE('',#8168,#8169);
#8168 = CARTESIAN_POINT('',(-86.,62.,218.9));
#8169 = VECTOR('',#8170,1.);
#8170 = DIRECTION('',(0.,-1.,0.));
#8171 = PCURVE('',#2156,#8172);
#8172 = DEFINITIONAL_REPRESENTATION('',(#8173),#8177);
#8173 = LINE('',#8174,#8175);
#8174 = CARTESIAN_POINT('',(6.28318530718,3.5));
#8175 = VECTOR('',#8176,1.);
#8176 = DIRECTION('',(-0.,-1.));
#8177 = ( GEOMETRIC_REPRESENTATION_CONTEXT(2) 
PARAMETRIC_REPRESENTATION_CONTEXT() REPRESENTATION_CONTEXT('2D SPACE',''
  ) );
#8178 = PCURVE('',#2156,#8179);
#8179 = DEFINITIONAL_REPRESENTATION('',(#8180),#8184);
#8180 = LINE('',#8181,#8182);
#8181 = CARTESIAN_POINT('',(0.,3.5));
#8182 = VECTOR('',#8183,1.);
#8183 = DIRECTION('',(-0.,-1.));
#8184 = ( GEOMETRIC_REPRESENTATION_CONTEXT(2) 
PARAMETRIC_REPRESENTATION_CONTEXT() REPRESENTATION_CONTEXT('2D SPACE',''
  ) );
#8185 = ORIENTED_EDGE('',*,*,#2249,.F.);
#8186 = ORIENTED_EDGE('',*,*,#8187,.F.);
#8187 = EDGE_CURVE('',#7876,#2250,#8188,.T.);
#8188 = SURFACE_CURVE('',#8189,(#8194,#8205),.PCURVE_S1.);
#8189 = ELLIPSE('',#8190,5.656854249492,4.);
#8190 = AXIS2_PLACEMENT_3D('',#8191,#8192,#8193);
#8191 = CARTESIAN_POINT('',(-86.,60.5,214.9));
#8192 = DIRECTION('',(0.707106781187,0.707106781187,-0.));
#8193 = DIRECTION('',(-0.707106781187,0.707106781187,0.));
#8194 = PCURVE('',#2156,#8195);
#8195 = DEFINITIONAL_REPRESENTATION('',(#8196),#8204);
#8196 = B_SPLINE_CURVE_WITH_KNOTS('',6,(#8197,#8198,#8199,#8200,#8201,
    #8202,#8203),.UNSPECIFIED.,.F.,.F.,(7,7),(0.494964031717,
    1.356663643721),.PIECEWISE_BEZIER_KNOTS.);
#8197 = CARTESIAN_POINT('',(5.207353012101,5.51994318136));
#8198 = CARTESIAN_POINT('',(5.350969614102,5.247071637559));
#8199 = CARTESIAN_POINT('',(5.494586216103,4.887079671409));
#8200 = CARTESIAN_POINT('',(5.638202818103,4.450088992466));
#8201 = CARTESIAN_POINT('',(5.781819420104,3.9516528491));
#8202 = CARTESIAN_POINT('',(5.925436022105,3.411346207947));
#8203 = CARTESIAN_POINT('',(6.069052624106,2.85));
#8204 = ( GEOMETRIC_REPRESENTATION_CONTEXT(2) 
PARAMETRIC_REPRESENTATION_CONTEXT() REPRESENTATION_CONTEXT('2D SPACE',''
  ) );
#8205 = PCURVE('',#2288,#8206);
#8206 = DEFINITIONAL_REPRESENTATION('',(#8207),#8211);
#8207 = ELLIPSE('',#8208,5.656854249492,4.);
#8208 = AXIS2_PLACEMENT_2D('',#8209,#8210);
#8209 = CARTESIAN_POINT('',(11.313708498985,2.6));
#8210 = DIRECTION('',(-1.,-0.));
#8211 = ( GEOMETRIC_REPRESENTATION_CONTEXT(2) 
PARAMETRIC_REPRESENTATION_CONTEXT() REPRESENTATION_CONTEXT('2D SPACE',''
  ) );
#8212 = ORIENTED_EDGE('',*,*,#7898,.F.);
#8213 = ORIENTED_EDGE('',*,*,#2139,.F.);
#8214 = ORIENTED_EDGE('',*,*,#7969,.T.);
#8215 = ORIENTED_EDGE('',*,*,#8085,.F.);
#8216 = ORIENTED_EDGE('',*,*,#8140,.F.);
#8217 = ORIENTED_EDGE('',*,*,#8165,.T.);
#8218 = ADVANCED_FACE('',(#8219),#2288,.T.);
#8219 = FACE_BOUND('',#8220,.T.);
#8220 = EDGE_LOOP('',(#8221,#8222,#8223,#8251,#8272,#8273));
#8221 = ORIENTED_EDGE('',*,*,#7875,.F.);
#8222 = ORIENTED_EDGE('',*,*,#7945,.T.);
#8223 = ORIENTED_EDGE('',*,*,#8224,.T.);
#8224 = EDGE_CURVE('',#7922,#8225,#8227,.T.);
#8225 = VERTEX_POINT('',#8226);
#8226 = CARTESIAN_POINT('',(-94.,68.5,224.5));
#8227 = SURFACE_CURVE('',#8228,(#8232,#8239),.PCURVE_S1.);
#8228 = LINE('',#8229,#8230);
#8229 = CARTESIAN_POINT('',(-94.,68.5,217.5));
#8230 = VECTOR('',#8231,1.);
#8231 = DIRECTION('',(0.,0.,1.));
#8232 = PCURVE('',#2288,#8233);
#8233 = DEFINITIONAL_REPRESENTATION('',(#8234),#8238);
#8234 = LINE('',#8235,#8236);
#8235 = CARTESIAN_POINT('',(0.,0.));
#8236 = VECTOR('',#8237,1.);
#8237 = DIRECTION('',(0.,-1.));
#8238 = ( GEOMETRIC_REPRESENTATION_CONTEXT(2) 
PARAMETRIC_REPRESENTATION_CONTEXT() REPRESENTATION_CONTEXT('2D SPACE',''
  ) );
#8239 = PCURVE('',#8240,#8245);
#8240 = PLANE('',#8241);
#8241 = AXIS2_PLACEMENT_3D('',#8242,#8243,#8244);
#8242 = CARTESIAN_POINT('',(-94.,61.5,217.5));
#8243 = DIRECTION('',(-1.,0.,0.));
#8244 = DIRECTION('',(0.,1.,0.));
#8245 = DEFINITIONAL_REPRESENTATION('',(#8246),#8250);
#8246 = LINE('',#8247,#8248);
#8247 = CARTESIAN_POINT('',(7.,0.));
#8248 = VECTOR('',#8249,1.);
#8249 = DIRECTION('',(0.,-1.));
#8250 = ( GEOMETRIC_REPRESENTATION_CONTEXT(2) 
PARAMETRIC_REPRESENTATION_CONTEXT() REPRESENTATION_CONTEXT('2D SPACE',''
  ) );
#8251 = ORIENTED_EDGE('',*,*,#8252,.T.);
#8252 = EDGE_CURVE('',#8225,#2274,#8253,.T.);
#8253 = SURFACE_CURVE('',#8254,(#8258,#8265),.PCURVE_S1.);
#8254 = LINE('',#8255,#8256);
#8255 = CARTESIAN_POINT('',(-94.,68.5,224.5));
#8256 = VECTOR('',#8257,1.);
#8257 = DIRECTION('',(0.707106781187,-0.707106781187,0.));
#8258 = PCURVE('',#2288,#8259);
#8259 = DEFINITIONAL_REPRESENTATION('',(#8260),#8264);
#8260 = LINE('',#8261,#8262);
#8261 = CARTESIAN_POINT('',(0.,-7.));
#8262 = VECTOR('',#8263,1.);
#8263 = DIRECTION('',(1.,0.));
#8264 = ( GEOMETRIC_REPRESENTATION_CONTEXT(2) 
PARAMETRIC_REPRESENTATION_CONTEXT() REPRESENTATION_CONTEXT('2D SPACE',''
  ) );
#8265 = PCURVE('',#2314,#8266);
#8266 = DEFINITIONAL_REPRESENTATION('',(#8267),#8271);
#8267 = LINE('',#8268,#8269);
#8268 = CARTESIAN_POINT('',(2.474873734153,4.525126265847));
#8269 = VECTOR('',#8270,1.);
#8270 = DIRECTION('',(-0.707106781187,-0.707106781187));
#8271 = ( GEOMETRIC_REPRESENTATION_CONTEXT(2) 
PARAMETRIC_REPRESENTATION_CONTEXT() REPRESENTATION_CONTEXT('2D SPACE',''
  ) );
#8272 = ORIENTED_EDGE('',*,*,#2273,.T.);
#8273 = ORIENTED_EDGE('',*,*,#8187,.F.);
#8274 = ADVANCED_FACE('',(#8275),#8240,.T.);
#8275 = FACE_BOUND('',#8276,.T.);
#8276 = EDGE_LOOP('',(#8277,#8301,#8322));
#8277 = ORIENTED_EDGE('',*,*,#8278,.F.);
#8278 = EDGE_CURVE('',#8279,#7922,#8281,.T.);
#8279 = VERTEX_POINT('',#8280);
#8280 = CARTESIAN_POINT('',(-94.,65.000000000001,224.5));
#8281 = SURFACE_CURVE('',#8282,(#8287,#8294),.PCURVE_S1.);
#8282 = CIRCLE('',#8283,3.5);
#8283 = AXIS2_PLACEMENT_3D('',#8284,#8285,#8286);
#8284 = CARTESIAN_POINT('',(-94.,65.,221.));
#8285 = DIRECTION('',(-1.,0.,0.));
#8286 = DIRECTION('',(0.,-0.857142857143,0.515078753638));
#8287 = PCURVE('',#8240,#8288);
#8288 = DEFINITIONAL_REPRESENTATION('',(#8289),#8293);
#8289 = CIRCLE('',#8290,3.5);
#8290 = AXIS2_PLACEMENT_2D('',#8291,#8292);
#8291 = CARTESIAN_POINT('',(3.5,-3.5));
#8292 = DIRECTION('',(-0.857142857143,-0.515078753638));
#8293 = ( GEOMETRIC_REPRESENTATION_CONTEXT(2) 
PARAMETRIC_REPRESENTATION_CONTEXT() REPRESENTATION_CONTEXT('2D SPACE',''
  ) );
#8294 = PCURVE('',#2076,#8295);
#8295 = DEFINITIONAL_REPRESENTATION('',(#8296),#8300);
#8296 = LINE('',#8297,#8298);
#8297 = CARTESIAN_POINT('',(7.312882108017,7.));
#8298 = VECTOR('',#8299,1.);
#8299 = DIRECTION('',(-1.,-0.));
#8300 = ( GEOMETRIC_REPRESENTATION_CONTEXT(2) 
PARAMETRIC_REPRESENTATION_CONTEXT() REPRESENTATION_CONTEXT('2D SPACE',''
  ) );
#8301 = ORIENTED_EDGE('',*,*,#8302,.T.);
#8302 = EDGE_CURVE('',#8279,#8225,#8303,.T.);
#8303 = SURFACE_CURVE('',#8304,(#8308,#8315),.PCURVE_S1.);
#8304 = LINE('',#8305,#8306);
#8305 = CARTESIAN_POINT('',(-94.,61.5,224.5));
#8306 = VECTOR('',#8307,1.);
#8307 = DIRECTION('',(0.,1.,0.));
#8308 = PCURVE('',#8240,#8309);
#8309 = DEFINITIONAL_REPRESENTATION('',(#8310),#8314);
#8310 = LINE('',#8311,#8312);
#8311 = CARTESIAN_POINT('',(0.,-7.));
#8312 = VECTOR('',#8313,1.);
#8313 = DIRECTION('',(1.,0.));
#8314 = ( GEOMETRIC_REPRESENTATION_CONTEXT(2) 
PARAMETRIC_REPRESENTATION_CONTEXT() REPRESENTATION_CONTEXT('2D SPACE',''
  ) );
#8315 = PCURVE('',#2314,#8316);
#8316 = DEFINITIONAL_REPRESENTATION('',(#8317),#8321);
#8317 = LINE('',#8318,#8319);
#8318 = CARTESIAN_POINT('',(2.474873734153,-2.474873734153));
#8319 = VECTOR('',#8320,1.);
#8320 = DIRECTION('',(0.,1.));
#8321 = ( GEOMETRIC_REPRESENTATION_CONTEXT(2) 
PARAMETRIC_REPRESENTATION_CONTEXT() REPRESENTATION_CONTEXT('2D SPACE',''
  ) );
#8322 = ORIENTED_EDGE('',*,*,#8224,.F.);
#8323 = ADVANCED_FACE('',(#8324),#2314,.F.);
#8324 = FACE_BOUND('',#8325,.F.);
#8325 = EDGE_LOOP('',(#8326,#8347,#8348,#8349));
#8326 = ORIENTED_EDGE('',*,*,#8327,.T.);
#8327 = EDGE_CURVE('',#2300,#8279,#8328,.T.);
#8328 = SURFACE_CURVE('',#8329,(#8333,#8340),.PCURVE_S1.);
#8329 = LINE('',#8330,#8331);
#8330 = CARTESIAN_POINT('',(-94.,61.5,224.5));
#8331 = VECTOR('',#8332,1.);
#8332 = DIRECTION('',(0.,1.,0.));
#8333 = PCURVE('',#2314,#8334);
#8334 = DEFINITIONAL_REPRESENTATION('',(#8335),#8339);
#8335 = LINE('',#8336,#8337);
#8336 = CARTESIAN_POINT('',(2.474873734153,-2.474873734153));
#8337 = VECTOR('',#8338,1.);
#8338 = DIRECTION('',(0.,1.));
#8339 = ( GEOMETRIC_REPRESENTATION_CONTEXT(2) 
PARAMETRIC_REPRESENTATION_CONTEXT() REPRESENTATION_CONTEXT('2D SPACE',''
  ) );
#8340 = PCURVE('',#2340,#8341);
#8341 = DEFINITIONAL_REPRESENTATION('',(#8342),#8346);
#8342 = LINE('',#8343,#8344);
#8343 = CARTESIAN_POINT('',(0.,-7.));
#8344 = VECTOR('',#8345,1.);
#8345 = DIRECTION('',(1.,0.));
#8346 = ( GEOMETRIC_REPRESENTATION_CONTEXT(2) 
PARAMETRIC_REPRESENTATION_CONTEXT() REPRESENTATION_CONTEXT('2D SPACE',''
  ) );
#8347 = ORIENTED_EDGE('',*,*,#8302,.T.);
#8348 = ORIENTED_EDGE('',*,*,#8252,.T.);
#8349 = ORIENTED_EDGE('',*,*,#2299,.T.);
#8350 = ADVANCED_FACE('',(#8351),#2340,.T.);
#8351 = FACE_BOUND('',#8352,.T.);
#8352 = EDGE_LOOP('',(#8353,#8354,#8355));
#8353 = ORIENTED_EDGE('',*,*,#2325,.T.);
#8354 = ORIENTED_EDGE('',*,*,#8327,.T.);
#8355 = ORIENTED_EDGE('',*,*,#8356,.F.);
#8356 = EDGE_CURVE('',#2326,#8279,#8357,.T.);
#8357 = SURFACE_CURVE('',#8358,(#8363,#8370),.PCURVE_S1.);
#8358 = CIRCLE('',#8359,3.5);
#8359 = AXIS2_PLACEMENT_3D('',#8360,#8361,#8362);
#8360 = CARTESIAN_POINT('',(-94.,65.,221.));
#8361 = DIRECTION('',(-1.,0.,0.));
#8362 = DIRECTION('',(0.,-0.857142857143,0.515078753638));
#8363 = PCURVE('',#2340,#8364);
#8364 = DEFINITIONAL_REPRESENTATION('',(#8365),#8369);
#8365 = CIRCLE('',#8366,3.5);
#8366 = AXIS2_PLACEMENT_2D('',#8367,#8368);
#8367 = CARTESIAN_POINT('',(3.5,-3.5));
#8368 = DIRECTION('',(-0.857142857143,-0.515078753638));
#8369 = ( GEOMETRIC_REPRESENTATION_CONTEXT(2) 
PARAMETRIC_REPRESENTATION_CONTEXT() REPRESENTATION_CONTEXT('2D SPACE',''
  ) );
#8370 = PCURVE('',#2076,#8371);
#8371 = DEFINITIONAL_REPRESENTATION('',(#8372),#8376);
#8372 = LINE('',#8373,#8374);
#8373 = CARTESIAN_POINT('',(7.312882108017,7.));
#8374 = VECTOR('',#8375,1.);
#8375 = DIRECTION('',(-1.,-0.));
#8376 = ( GEOMETRIC_REPRESENTATION_CONTEXT(2) 
PARAMETRIC_REPRESENTATION_CONTEXT() REPRESENTATION_CONTEXT('2D SPACE',''
  ) );
#8377 = ADVANCED_FACE('',(#8378),#2076,.T.);
#8378 = FACE_BOUND('',#8379,.T.);
#8379 = EDGE_LOOP('',(#8380,#8381,#8382,#8383,#8384,#8385,#8411));
#8380 = ORIENTED_EDGE('',*,*,#8356,.T.);
#8381 = ORIENTED_EDGE('',*,*,#8278,.T.);
#8382 = ORIENTED_EDGE('',*,*,#7921,.T.);
#8383 = ORIENTED_EDGE('',*,*,#7820,.T.);
#8384 = ORIENTED_EDGE('',*,*,#2061,.F.);
#8385 = ORIENTED_EDGE('',*,*,#8386,.F.);
#8386 = EDGE_CURVE('',#2352,#2039,#8387,.T.);
#8387 = SURFACE_CURVE('',#8388,(#8393,#8400),.PCURVE_S1.);
#8388 = CIRCLE('',#8389,3.5);
#8389 = AXIS2_PLACEMENT_3D('',#8390,#8391,#8392);
#8390 = CARTESIAN_POINT('',(-101.,65.,221.));
#8391 = DIRECTION('',(-1.,0.,0.));
#8392 = DIRECTION('',(0.,-0.857142857143,0.515078753638));
#8393 = PCURVE('',#2076,#8394);
#8394 = DEFINITIONAL_REPRESENTATION('',(#8395),#8399);
#8395 = LINE('',#8396,#8397);
#8396 = CARTESIAN_POINT('',(7.312882108017,0.));
#8397 = VECTOR('',#8398,1.);
#8398 = DIRECTION('',(-1.,-0.));
#8399 = ( GEOMETRIC_REPRESENTATION_CONTEXT(2) 
PARAMETRIC_REPRESENTATION_CONTEXT() REPRESENTATION_CONTEXT('2D SPACE',''
  ) );
#8400 = PCURVE('',#780,#8401);
#8401 = DEFINITIONAL_REPRESENTATION('',(#8402),#8410);
#8402 = ( BOUNDED_CURVE() B_SPLINE_CURVE(2,(#8403,#8404,#8405,#8406,
#8407,#8408,#8409),.UNSPECIFIED.,.T.,.F.) B_SPLINE_CURVE_WITH_KNOTS((1,2
    ,2,2,2,1),(-2.094395102393,0.,2.094395102393,4.188790204786,
6.28318530718,8.377580409573),.UNSPECIFIED.) CURVE() 
GEOMETRIC_REPRESENTATION_ITEM() RATIONAL_B_SPLINE_CURVE((1.,0.5,1.,0.5,
1.,0.5,1.)) REPRESENTATION_ITEM('') );
#8403 = CARTESIAN_POINT('',(74.802775637732,-124.));
#8404 = CARTESIAN_POINT('',(79.998928060439,-127.1224989992));
#8405 = CARTESIAN_POINT('',(74.696688392487,-130.0612494996));
#8406 = CARTESIAN_POINT('',(69.394448724536,-133.));
#8407 = CARTESIAN_POINT('',(69.500535969781,-126.9387505004));
#8408 = CARTESIAN_POINT('',(69.606623215026,-120.8775010008));
#8409 = CARTESIAN_POINT('',(74.802775637732,-124.));
#8410 = ( GEOMETRIC_REPRESENTATION_CONTEXT(2) 
PARAMETRIC_REPRESENTATION_CONTEXT() REPRESENTATION_CONTEXT('2D SPACE',''
  ) );
#8411 = ORIENTED_EDGE('',*,*,#2351,.T.);
#8412 = ADVANCED_FACE('',(#8413,#8555,#8586,#8617,#8648,#8654),#780,.F.
  );
#8413 = FACE_BOUND('',#8414,.F.);
#8414 = EDGE_LOOP('',(#8415,#8416,#8417,#8418,#8441,#8474,#8497,#8530,
    #8551,#8552,#8553,#8554));
#8415 = ORIENTED_EDGE('',*,*,#8386,.F.);
#8416 = ORIENTED_EDGE('',*,*,#2372,.T.);
#8417 = ORIENTED_EDGE('',*,*,#1701,.F.);
#8418 = ORIENTED_EDGE('',*,*,#8419,.F.);
#8419 = EDGE_CURVE('',#8420,#1702,#8422,.T.);
#8420 = VERTEX_POINT('',#8421);
#8421 = CARTESIAN_POINT('',(-101.,-62.,222.80277563773));
#8422 = SURFACE_CURVE('',#8423,(#8427,#8434),.PCURVE_S1.);
#8423 = LINE('',#8424,#8425);
#8424 = CARTESIAN_POINT('',(-101.,-62.,148.));
#8425 = VECTOR('',#8426,1.);
#8426 = DIRECTION('',(0.,0.,1.));
#8427 = PCURVE('',#780,#8428);
#8428 = DEFINITIONAL_REPRESENTATION('',(#8429),#8433);
#8429 = LINE('',#8430,#8431);
#8430 = CARTESIAN_POINT('',(0.,0.));
#8431 = VECTOR('',#8432,1.);
#8432 = DIRECTION('',(1.,0.));
#8433 = ( GEOMETRIC_REPRESENTATION_CONTEXT(2) 
PARAMETRIC_REPRESENTATION_CONTEXT() REPRESENTATION_CONTEXT('2D SPACE',''
  ) );
#8434 = PCURVE('',#806,#8435);
#8435 = DEFINITIONAL_REPRESENTATION('',(#8436),#8440);
#8436 = LINE('',#8437,#8438);
#8437 = CARTESIAN_POINT('',(0.,0.));
#8438 = VECTOR('',#8439,1.);
#8439 = DIRECTION('',(1.,0.));
#8440 = ( GEOMETRIC_REPRESENTATION_CONTEXT(2) 
PARAMETRIC_REPRESENTATION_CONTEXT() REPRESENTATION_CONTEXT('2D SPACE',''
  ) );
#8441 = ORIENTED_EDGE('',*,*,#8442,.F.);
#8442 = EDGE_CURVE('',#8443,#8420,#8445,.T.);
#8443 = VERTEX_POINT('',#8444);
#8444 = CARTESIAN_POINT('',(-101.,-62.,219.19722436226));
#8445 = SURFACE_CURVE('',#8446,(#8451,#8462),.PCURVE_S1.);
#8446 = CIRCLE('',#8447,3.5);
#8447 = AXIS2_PLACEMENT_3D('',#8448,#8449,#8450);
#8448 = CARTESIAN_POINT('',(-101.,-65.,221.));
#8449 = DIRECTION('',(-1.,0.,-0.));
#8450 = DIRECTION('',(0.,0.857142857143,-0.515078753638));
#8451 = PCURVE('',#780,#8452);
#8452 = DEFINITIONAL_REPRESENTATION('',(#8453),#8461);
#8453 = ( BOUNDED_CURVE() B_SPLINE_CURVE(2,(#8454,#8455,#8456,#8457,
#8458,#8459,#8460),.UNSPECIFIED.,.T.,.F.) B_SPLINE_CURVE_WITH_KNOTS((1,2
    ,2,2,2,1),(-2.094395102393,0.,2.094395102393,4.188790204786,
6.28318530718,8.377580409573),.UNSPECIFIED.) CURVE() 
GEOMETRIC_REPRESENTATION_ITEM() RATIONAL_B_SPLINE_CURVE((1.,0.5,1.,0.5,
1.,0.5,1.)) REPRESENTATION_ITEM('') );
#8454 = CARTESIAN_POINT('',(71.197224362268,1.181277298201E-13));
#8455 = CARTESIAN_POINT('',(66.001071939561,3.1224989992));
#8456 = CARTESIAN_POINT('',(71.303311607513,6.0612494996));
#8457 = CARTESIAN_POINT('',(76.605551275464,9.));
#8458 = CARTESIAN_POINT('',(76.499464030219,2.9387505004));
#8459 = CARTESIAN_POINT('',(76.393376784974,-3.122498999199));
#8460 = CARTESIAN_POINT('',(71.197224362268,1.181277298201E-13));
#8461 = ( GEOMETRIC_REPRESENTATION_CONTEXT(2) 
PARAMETRIC_REPRESENTATION_CONTEXT() REPRESENTATION_CONTEXT('2D SPACE',''
  ) );
#8462 = PCURVE('',#8463,#8468);
#8463 = CYLINDRICAL_SURFACE('',#8464,3.5);
#8464 = AXIS2_PLACEMENT_3D('',#8465,#8466,#8467);
#8465 = CARTESIAN_POINT('',(-101.,-65.,221.));
#8466 = DIRECTION('',(1.,0.,0.));
#8467 = DIRECTION('',(-0.,0.,1.));
#8468 = DEFINITIONAL_REPRESENTATION('',(#8469),#8473);
#8469 = LINE('',#8470,#8471);
#8470 = CARTESIAN_POINT('',(10.454474761607,0.));
#8471 = VECTOR('',#8472,1.);
#8472 = DIRECTION('',(-1.,-0.));
#8473 = ( GEOMETRIC_REPRESENTATION_CONTEXT(2) 
PARAMETRIC_REPRESENTATION_CONTEXT() REPRESENTATION_CONTEXT('2D SPACE',''
  ) );
#8474 = ORIENTED_EDGE('',*,*,#8475,.F.);
#8475 = EDGE_CURVE('',#8476,#8443,#8478,.T.);
#8476 = VERTEX_POINT('',#8477);
#8477 = CARTESIAN_POINT('',(-101.,-62.,160.80277563773));
#8478 = SURFACE_CURVE('',#8479,(#8483,#8490),.PCURVE_S1.);
#8479 = LINE('',#8480,#8481);
#8480 = CARTESIAN_POINT('',(-101.,-62.,148.));
#8481 = VECTOR('',#8482,1.);
#8482 = DIRECTION('',(0.,0.,1.));
#8483 = PCURVE('',#780,#8484);
#8484 = DEFINITIONAL_REPRESENTATION('',(#8485),#8489);
#8485 = LINE('',#8486,#8487);
#8486 = CARTESIAN_POINT('',(0.,0.));
#8487 = VECTOR('',#8488,1.);
#8488 = DIRECTION('',(1.,0.));
#8489 = ( GEOMETRIC_REPRESENTATION_CONTEXT(2) 
PARAMETRIC_REPRESENTATION_CONTEXT() REPRESENTATION_CONTEXT('2D SPACE',''
  ) );
#8490 = PCURVE('',#806,#8491);
#8491 = DEFINITIONAL_REPRESENTATION('',(#8492),#8496);
#8492 = LINE('',#8493,#8494);
#8493 = CARTESIAN_POINT('',(0.,0.));
#8494 = VECTOR('',#8495,1.);
#8495 = DIRECTION('',(1.,0.));
#8496 = ( GEOMETRIC_REPRESENTATION_CONTEXT(2) 
PARAMETRIC_REPRESENTATION_CONTEXT() REPRESENTATION_CONTEXT('2D SPACE',''
  ) );
#8497 = ORIENTED_EDGE('',*,*,#8498,.F.);
#8498 = EDGE_CURVE('',#8499,#8476,#8501,.T.);
#8499 = VERTEX_POINT('',#8500);
#8500 = CARTESIAN_POINT('',(-101.,-62.,157.19722436226));
#8501 = SURFACE_CURVE('',#8502,(#8507,#8518),.PCURVE_S1.);
#8502 = CIRCLE('',#8503,3.5);
#8503 = AXIS2_PLACEMENT_3D('',#8504,#8505,#8506);
#8504 = CARTESIAN_POINT('',(-101.,-65.,159.));
#8505 = DIRECTION('',(-1.,0.,-0.));
#8506 = DIRECTION('',(0.,0.857142857143,-0.515078753638));
#8507 = PCURVE('',#780,#8508);
#8508 = DEFINITIONAL_REPRESENTATION('',(#8509),#8517);
#8509 = ( BOUNDED_CURVE() B_SPLINE_CURVE(2,(#8510,#8511,#8512,#8513,
#8514,#8515,#8516),.UNSPECIFIED.,.T.,.F.) B_SPLINE_CURVE_WITH_KNOTS((1,2
    ,2,2,2,1),(-2.094395102393,0.,2.094395102393,4.188790204786,
6.28318530718,8.377580409573),.UNSPECIFIED.) CURVE() 
GEOMETRIC_REPRESENTATION_ITEM() RATIONAL_B_SPLINE_CURVE((1.,0.5,1.,0.5,
1.,0.5,1.)) REPRESENTATION_ITEM('') );
#8510 = CARTESIAN_POINT('',(9.197224362268,1.181277298201E-13));
#8511 = CARTESIAN_POINT('',(4.001071939561,3.1224989992));
#8512 = CARTESIAN_POINT('',(9.303311607513,6.0612494996));
#8513 = CARTESIAN_POINT('',(14.605551275464,9.));
#8514 = CARTESIAN_POINT('',(14.499464030219,2.9387505004));
#8515 = CARTESIAN_POINT('',(14.393376784974,-3.122498999199));
#8516 = CARTESIAN_POINT('',(9.197224362268,1.181277298201E-13));
#8517 = ( GEOMETRIC_REPRESENTATION_CONTEXT(2) 
PARAMETRIC_REPRESENTATION_CONTEXT() REPRESENTATION_CONTEXT('2D SPACE',''
  ) );
#8518 = PCURVE('',#8519,#8524);
#8519 = CYLINDRICAL_SURFACE('',#8520,3.5);
#8520 = AXIS2_PLACEMENT_3D('',#8521,#8522,#8523);
#8521 = CARTESIAN_POINT('',(-101.,-65.,159.));
#8522 = DIRECTION('',(1.,0.,0.));
#8523 = DIRECTION('',(-0.,0.,1.));
#8524 = DEFINITIONAL_REPRESENTATION('',(#8525),#8529);
#8525 = LINE('',#8526,#8527);
#8526 = CARTESIAN_POINT('',(10.454474761607,0.));
#8527 = VECTOR('',#8528,1.);
#8528 = DIRECTION('',(-1.,-0.));
#8529 = ( GEOMETRIC_REPRESENTATION_CONTEXT(2) 
PARAMETRIC_REPRESENTATION_CONTEXT() REPRESENTATION_CONTEXT('2D SPACE',''
  ) );
#8530 = ORIENTED_EDGE('',*,*,#8531,.F.);
#8531 = EDGE_CURVE('',#765,#8499,#8532,.T.);
#8532 = SURFACE_CURVE('',#8533,(#8537,#8544),.PCURVE_S1.);
#8533 = LINE('',#8534,#8535);
#8534 = CARTESIAN_POINT('',(-101.,-62.,148.));
#8535 = VECTOR('',#8536,1.);
#8536 = DIRECTION('',(0.,0.,1.));
#8537 = PCURVE('',#780,#8538);
#8538 = DEFINITIONAL_REPRESENTATION('',(#8539),#8543);
#8539 = LINE('',#8540,#8541);
#8540 = CARTESIAN_POINT('',(0.,0.));
#8541 = VECTOR('',#8542,1.);
#8542 = DIRECTION('',(1.,0.));
#8543 = ( GEOMETRIC_REPRESENTATION_CONTEXT(2) 
PARAMETRIC_REPRESENTATION_CONTEXT() REPRESENTATION_CONTEXT('2D SPACE',''
  ) );
#8544 = PCURVE('',#806,#8545);
#8545 = DEFINITIONAL_REPRESENTATION('',(#8546),#8550);
#8546 = LINE('',#8547,#8548);
#8547 = CARTESIAN_POINT('',(0.,0.));
#8548 = VECTOR('',#8549,1.);
#8549 = DIRECTION('',(1.,0.));
#8550 = ( GEOMETRIC_REPRESENTATION_CONTEXT(2) 
PARAMETRIC_REPRESENTATION_CONTEXT() REPRESENTATION_CONTEXT('2D SPACE',''
  ) );
#8551 = ORIENTED_EDGE('',*,*,#764,.T.);
#8552 = ORIENTED_EDGE('',*,*,#1838,.T.);
#8553 = ORIENTED_EDGE('',*,*,#7766,.F.);
#8554 = ORIENTED_EDGE('',*,*,#2038,.T.);
#8555 = FACE_BOUND('',#8556,.F.);
#8556 = EDGE_LOOP('',(#8557));
#8557 = ORIENTED_EDGE('',*,*,#8558,.F.);
#8558 = EDGE_CURVE('',#8559,#8559,#8561,.T.);
#8559 = VERTEX_POINT('',#8560);
#8560 = CARTESIAN_POINT('',(-101.,65.,160.25));
#8561 = SURFACE_CURVE('',#8562,(#8567,#8574),.PCURVE_S1.);
#8562 = CIRCLE('',#8563,1.25);
#8563 = AXIS2_PLACEMENT_3D('',#8564,#8565,#8566);
#8564 = CARTESIAN_POINT('',(-101.,65.,159.));
#8565 = DIRECTION('',(1.,0.,0.));
#8566 = DIRECTION('',(-0.,0.,1.));
#8567 = PCURVE('',#780,#8568);
#8568 = DEFINITIONAL_REPRESENTATION('',(#8569),#8573);
#8569 = CIRCLE('',#8570,1.25);
#8570 = AXIS2_PLACEMENT_2D('',#8571,#8572);
#8571 = CARTESIAN_POINT('',(11.,-127.));
#8572 = DIRECTION('',(1.,0.));
#8573 = ( GEOMETRIC_REPRESENTATION_CONTEXT(2) 
PARAMETRIC_REPRESENTATION_CONTEXT() REPRESENTATION_CONTEXT('2D SPACE',''
  ) );
#8574 = PCURVE('',#8575,#8580);
#8575 = CYLINDRICAL_SURFACE('',#8576,1.25);
#8576 = AXIS2_PLACEMENT_3D('',#8577,#8578,#8579);
#8577 = CARTESIAN_POINT('',(-101.1,65.,159.));
#8578 = DIRECTION('',(1.,0.,0.));
#8579 = DIRECTION('',(-0.,0.,1.));
#8580 = DEFINITIONAL_REPRESENTATION('',(#8581),#8585);
#8581 = LINE('',#8582,#8583);
#8582 = CARTESIAN_POINT('',(0.,9.999999999999E-02));
#8583 = VECTOR('',#8584,1.);
#8584 = DIRECTION('',(1.,0.));
#8585 = ( GEOMETRIC_REPRESENTATION_CONTEXT(2) 
PARAMETRIC_REPRESENTATION_CONTEXT() REPRESENTATION_CONTEXT('2D SPACE',''
  ) );
#8586 = FACE_BOUND('',#8587,.F.);
#8587 = EDGE_LOOP('',(#8588));
#8588 = ORIENTED_EDGE('',*,*,#8589,.F.);
#8589 = EDGE_CURVE('',#8590,#8590,#8592,.T.);
#8590 = VERTEX_POINT('',#8591);
#8591 = CARTESIAN_POINT('',(-101.,65.,222.25));
#8592 = SURFACE_CURVE('',#8593,(#8598,#8605),.PCURVE_S1.);
#8593 = CIRCLE('',#8594,1.25);
#8594 = AXIS2_PLACEMENT_3D('',#8595,#8596,#8597);
#8595 = CARTESIAN_POINT('',(-101.,65.,221.));
#8596 = DIRECTION('',(1.,0.,0.));
#8597 = DIRECTION('',(-0.,0.,1.));
#8598 = PCURVE('',#780,#8599);
#8599 = DEFINITIONAL_REPRESENTATION('',(#8600),#8604);
#8600 = CIRCLE('',#8601,1.25);
#8601 = AXIS2_PLACEMENT_2D('',#8602,#8603);
#8602 = CARTESIAN_POINT('',(73.,-127.));
#8603 = DIRECTION('',(1.,0.));
#8604 = ( GEOMETRIC_REPRESENTATION_CONTEXT(2) 
PARAMETRIC_REPRESENTATION_CONTEXT() REPRESENTATION_CONTEXT('2D SPACE',''
  ) );
#8605 = PCURVE('',#8606,#8611);
#8606 = CYLINDRICAL_SURFACE('',#8607,1.25);
#8607 = AXIS2_PLACEMENT_3D('',#8608,#8609,#8610);
#8608 = CARTESIAN_POINT('',(-101.1,65.,221.));
#8609 = DIRECTION('',(1.,0.,0.));
#8610 = DIRECTION('',(-0.,0.,1.));
#8611 = DEFINITIONAL_REPRESENTATION('',(#8612),#8616);
#8612 = LINE('',#8613,#8614);
#8613 = CARTESIAN_POINT('',(0.,9.999999999999E-02));
#8614 = VECTOR('',#8615,1.);
#8615 = DIRECTION('',(1.,0.));
#8616 = ( GEOMETRIC_REPRESENTATION_CONTEXT(2) 
PARAMETRIC_REPRESENTATION_CONTEXT() REPRESENTATION_CONTEXT('2D SPACE',''
  ) );
#8617 = FACE_BOUND('',#8618,.F.);
#8618 = EDGE_LOOP('',(#8619));
#8619 = ORIENTED_EDGE('',*,*,#8620,.F.);
#8620 = EDGE_CURVE('',#8621,#8621,#8623,.T.);
#8621 = VERTEX_POINT('',#8622);
#8622 = CARTESIAN_POINT('',(-101.,-65.,160.25));
#8623 = SURFACE_CURVE('',#8624,(#8629,#8636),.PCURVE_S1.);
#8624 = CIRCLE('',#8625,1.25);
#8625 = AXIS2_PLACEMENT_3D('',#8626,#8627,#8628);
#8626 = CARTESIAN_POINT('',(-101.,-65.,159.));
#8627 = DIRECTION('',(1.,0.,0.));
#8628 = DIRECTION('',(-0.,0.,1.));
#8629 = PCURVE('',#780,#8630);
#8630 = DEFINITIONAL_REPRESENTATION('',(#8631),#8635);
#8631 = CIRCLE('',#8632,1.25);
#8632 = AXIS2_PLACEMENT_2D('',#8633,#8634);
#8633 = CARTESIAN_POINT('',(11.,3.));
#8634 = DIRECTION('',(1.,0.));
#8635 = ( GEOMETRIC_REPRESENTATION_CONTEXT(2) 
PARAMETRIC_REPRESENTATION_CONTEXT() REPRESENTATION_CONTEXT('2D SPACE',''
  ) );
#8636 = PCURVE('',#8637,#8642);
#8637 = CYLINDRICAL_SURFACE('',#8638,1.25);
#8638 = AXIS2_PLACEMENT_3D('',#8639,#8640,#8641);
#8639 = CARTESIAN_POINT('',(-101.1,-65.,159.));
#8640 = DIRECTION('',(1.,0.,0.));
#8641 = DIRECTION('',(-0.,0.,1.));
#8642 = DEFINITIONAL_REPRESENTATION('',(#8643),#8647);
#8643 = LINE('',#8644,#8645);
#8644 = CARTESIAN_POINT('',(0.,9.999999999999E-02));
#8645 = VECTOR('',#8646,1.);
#8646 = DIRECTION('',(1.,0.));
#8647 = ( GEOMETRIC_REPRESENTATION_CONTEXT(2) 
PARAMETRIC_REPRESENTATION_CONTEXT() REPRESENTATION_CONTEXT('2D SPACE',''
  ) );
#8648 = FACE_BOUND('',#8649,.F.);
#8649 = EDGE_LOOP('',(#8650,#8651,#8652,#8653));
#8650 = ORIENTED_EDGE('',*,*,#6192,.T.);
#8651 = ORIENTED_EDGE('',*,*,#5341,.T.);
#8652 = ORIENTED_EDGE('',*,*,#5136,.F.);
#8653 = ORIENTED_EDGE('',*,*,#3494,.F.);
#8654 = FACE_BOUND('',#8655,.F.);
#8655 = EDGE_LOOP('',(#8656));
#8656 = ORIENTED_EDGE('',*,*,#8657,.F.);
#8657 = EDGE_CURVE('',#8658,#8658,#8660,.T.);
#8658 = VERTEX_POINT('',#8659);
#8659 = CARTESIAN_POINT('',(-101.,-65.,222.25));
#8660 = SURFACE_CURVE('',#8661,(#8666,#8673),.PCURVE_S1.);
#8661 = CIRCLE('',#8662,1.25);
#8662 = AXIS2_PLACEMENT_3D('',#8663,#8664,#8665);
#8663 = CARTESIAN_POINT('',(-101.,-65.,221.));
#8664 = DIRECTION('',(1.,0.,0.));
#8665 = DIRECTION('',(-0.,0.,1.));
#8666 = PCURVE('',#780,#8667);
#8667 = DEFINITIONAL_REPRESENTATION('',(#8668),#8672);
#8668 = CIRCLE('',#8669,1.25);
#8669 = AXIS2_PLACEMENT_2D('',#8670,#8671);
#8670 = CARTESIAN_POINT('',(73.,3.));
#8671 = DIRECTION('',(1.,0.));
#8672 = ( GEOMETRIC_REPRESENTATION_CONTEXT(2) 
PARAMETRIC_REPRESENTATION_CONTEXT() REPRESENTATION_CONTEXT('2D SPACE',''
  ) );
#8673 = PCURVE('',#8674,#8679);
#8674 = CYLINDRICAL_SURFACE('',#8675,1.25);
#8675 = AXIS2_PLACEMENT_3D('',#8676,#8677,#8678);
#8676 = CARTESIAN_POINT('',(-101.1,-65.,221.));
#8677 = DIRECTION('',(1.,0.,0.));
#8678 = DIRECTION('',(-0.,0.,1.));
#8679 = DEFINITIONAL_REPRESENTATION('',(#8680),#8684);
#8680 = LINE('',#8681,#8682);
#8681 = CARTESIAN_POINT('',(0.,9.999999999999E-02));
#8682 = VECTOR('',#8683,1.);
#8683 = DIRECTION('',(1.,0.));
#8684 = ( GEOMETRIC_REPRESENTATION_CONTEXT(2) 
PARAMETRIC_REPRESENTATION_CONTEXT() REPRESENTATION_CONTEXT('2D SPACE',''
  ) );
#8685 = ADVANCED_FACE('',(#8686),#8674,.F.);
#8686 = FACE_BOUND('',#8687,.F.);
#8687 = EDGE_LOOP('',(#8688,#8711,#8738,#8739));
#8688 = ORIENTED_EDGE('',*,*,#8689,.T.);
#8689 = EDGE_CURVE('',#8658,#8690,#8692,.T.);
#8690 = VERTEX_POINT('',#8691);
#8691 = CARTESIAN_POINT('',(-95.1,-65.,222.25));
#8692 = SEAM_CURVE('',#8693,(#8697,#8704),.PCURVE_S1.);
#8693 = LINE('',#8694,#8695);
#8694 = CARTESIAN_POINT('',(-101.1,-65.,222.25));
#8695 = VECTOR('',#8696,1.);
#8696 = DIRECTION('',(1.,0.,0.));
#8697 = PCURVE('',#8674,#8698);
#8698 = DEFINITIONAL_REPRESENTATION('',(#8699),#8703);
#8699 = LINE('',#8700,#8701);
#8700 = CARTESIAN_POINT('',(6.28318530718,-0.));
#8701 = VECTOR('',#8702,1.);
#8702 = DIRECTION('',(0.,1.));
#8703 = ( GEOMETRIC_REPRESENTATION_CONTEXT(2) 
PARAMETRIC_REPRESENTATION_CONTEXT() REPRESENTATION_CONTEXT('2D SPACE',''
  ) );
#8704 = PCURVE('',#8674,#8705);
#8705 = DEFINITIONAL_REPRESENTATION('',(#8706),#8710);
#8706 = LINE('',#8707,#8708);
#8707 = CARTESIAN_POINT('',(0.,-0.));
#8708 = VECTOR('',#8709,1.);
#8709 = DIRECTION('',(0.,1.));
#8710 = ( GEOMETRIC_REPRESENTATION_CONTEXT(2) 
PARAMETRIC_REPRESENTATION_CONTEXT() REPRESENTATION_CONTEXT('2D SPACE',''
  ) );
#8711 = ORIENTED_EDGE('',*,*,#8712,.F.);
#8712 = EDGE_CURVE('',#8690,#8690,#8713,.T.);
#8713 = SURFACE_CURVE('',#8714,(#8719,#8726),.PCURVE_S1.);
#8714 = CIRCLE('',#8715,1.25);
#8715 = AXIS2_PLACEMENT_3D('',#8716,#8717,#8718);
#8716 = CARTESIAN_POINT('',(-95.1,-65.,221.));
#8717 = DIRECTION('',(1.,0.,0.));
#8718 = DIRECTION('',(-0.,0.,1.));
#8719 = PCURVE('',#8674,#8720);
#8720 = DEFINITIONAL_REPRESENTATION('',(#8721),#8725);
#8721 = LINE('',#8722,#8723);
#8722 = CARTESIAN_POINT('',(0.,6.));
#8723 = VECTOR('',#8724,1.);
#8724 = DIRECTION('',(1.,0.));
#8725 = ( GEOMETRIC_REPRESENTATION_CONTEXT(2) 
PARAMETRIC_REPRESENTATION_CONTEXT() REPRESENTATION_CONTEXT('2D SPACE',''
  ) );
#8726 = PCURVE('',#8727,#8732);
#8727 = PLANE('',#8728);
#8728 = AXIS2_PLACEMENT_3D('',#8729,#8730,#8731);
#8729 = CARTESIAN_POINT('',(-95.1,-65.,221.));
#8730 = DIRECTION('',(1.,0.,0.));
#8731 = DIRECTION('',(-0.,0.,1.));
#8732 = DEFINITIONAL_REPRESENTATION('',(#8733),#8737);
#8733 = CIRCLE('',#8734,1.25);
#8734 = AXIS2_PLACEMENT_2D('',#8735,#8736);
#8735 = CARTESIAN_POINT('',(0.,0.));
#8736 = DIRECTION('',(1.,0.));
#8737 = ( GEOMETRIC_REPRESENTATION_CONTEXT(2) 
PARAMETRIC_REPRESENTATION_CONTEXT() REPRESENTATION_CONTEXT('2D SPACE',''
  ) );
#8738 = ORIENTED_EDGE('',*,*,#8689,.F.);
#8739 = ORIENTED_EDGE('',*,*,#8657,.T.);
#8740 = ADVANCED_FACE('',(#8741),#8727,.F.);
#8741 = FACE_BOUND('',#8742,.F.);
#8742 = EDGE_LOOP('',(#8743));
#8743 = ORIENTED_EDGE('',*,*,#8712,.T.);
#8744 = ADVANCED_FACE('',(#8745),#8637,.F.);
#8745 = FACE_BOUND('',#8746,.F.);
#8746 = EDGE_LOOP('',(#8747,#8770,#8797,#8798));
#8747 = ORIENTED_EDGE('',*,*,#8748,.T.);
#8748 = EDGE_CURVE('',#8621,#8749,#8751,.T.);
#8749 = VERTEX_POINT('',#8750);
#8750 = CARTESIAN_POINT('',(-95.1,-65.,160.25));
#8751 = SEAM_CURVE('',#8752,(#8756,#8763),.PCURVE_S1.);
#8752 = LINE('',#8753,#8754);
#8753 = CARTESIAN_POINT('',(-101.1,-65.,160.25));
#8754 = VECTOR('',#8755,1.);
#8755 = DIRECTION('',(1.,0.,0.));
#8756 = PCURVE('',#8637,#8757);
#8757 = DEFINITIONAL_REPRESENTATION('',(#8758),#8762);
#8758 = LINE('',#8759,#8760);
#8759 = CARTESIAN_POINT('',(6.28318530718,-0.));
#8760 = VECTOR('',#8761,1.);
#8761 = DIRECTION('',(0.,1.));
#8762 = ( GEOMETRIC_REPRESENTATION_CONTEXT(2) 
PARAMETRIC_REPRESENTATION_CONTEXT() REPRESENTATION_CONTEXT('2D SPACE',''
  ) );
#8763 = PCURVE('',#8637,#8764);
#8764 = DEFINITIONAL_REPRESENTATION('',(#8765),#8769);
#8765 = LINE('',#8766,#8767);
#8766 = CARTESIAN_POINT('',(0.,-0.));
#8767 = VECTOR('',#8768,1.);
#8768 = DIRECTION('',(0.,1.));
#8769 = ( GEOMETRIC_REPRESENTATION_CONTEXT(2) 
PARAMETRIC_REPRESENTATION_CONTEXT() REPRESENTATION_CONTEXT('2D SPACE',''
  ) );
#8770 = ORIENTED_EDGE('',*,*,#8771,.F.);
#8771 = EDGE_CURVE('',#8749,#8749,#8772,.T.);
#8772 = SURFACE_CURVE('',#8773,(#8778,#8785),.PCURVE_S1.);
#8773 = CIRCLE('',#8774,1.25);
#8774 = AXIS2_PLACEMENT_3D('',#8775,#8776,#8777);
#8775 = CARTESIAN_POINT('',(-95.1,-65.,159.));
#8776 = DIRECTION('',(1.,0.,0.));
#8777 = DIRECTION('',(-0.,0.,1.));
#8778 = PCURVE('',#8637,#8779);
#8779 = DEFINITIONAL_REPRESENTATION('',(#8780),#8784);
#8780 = LINE('',#8781,#8782);
#8781 = CARTESIAN_POINT('',(0.,6.));
#8782 = VECTOR('',#8783,1.);
#8783 = DIRECTION('',(1.,0.));
#8784 = ( GEOMETRIC_REPRESENTATION_CONTEXT(2) 
PARAMETRIC_REPRESENTATION_CONTEXT() REPRESENTATION_CONTEXT('2D SPACE',''
  ) );
#8785 = PCURVE('',#8786,#8791);
#8786 = PLANE('',#8787);
#8787 = AXIS2_PLACEMENT_3D('',#8788,#8789,#8790);
#8788 = CARTESIAN_POINT('',(-95.1,-65.,159.));
#8789 = DIRECTION('',(1.,0.,0.));
#8790 = DIRECTION('',(-0.,0.,1.));
#8791 = DEFINITIONAL_REPRESENTATION('',(#8792),#8796);
#8792 = CIRCLE('',#8793,1.25);
#8793 = AXIS2_PLACEMENT_2D('',#8794,#8795);
#8794 = CARTESIAN_POINT('',(0.,0.));
#8795 = DIRECTION('',(1.,0.));
#8796 = ( GEOMETRIC_REPRESENTATION_CONTEXT(2) 
PARAMETRIC_REPRESENTATION_CONTEXT() REPRESENTATION_CONTEXT('2D SPACE',''
  ) );
#8797 = ORIENTED_EDGE('',*,*,#8748,.F.);
#8798 = ORIENTED_EDGE('',*,*,#8620,.T.);
#8799 = ADVANCED_FACE('',(#8800),#8786,.F.);
#8800 = FACE_BOUND('',#8801,.F.);
#8801 = EDGE_LOOP('',(#8802));
#8802 = ORIENTED_EDGE('',*,*,#8771,.T.);
#8803 = ADVANCED_FACE('',(#8804),#8606,.F.);
#8804 = FACE_BOUND('',#8805,.F.);
#8805 = EDGE_LOOP('',(#8806,#8829,#8856,#8857));
#8806 = ORIENTED_EDGE('',*,*,#8807,.T.);
#8807 = EDGE_CURVE('',#8590,#8808,#8810,.T.);
#8808 = VERTEX_POINT('',#8809);
#8809 = CARTESIAN_POINT('',(-95.1,65.,222.25));
#8810 = SEAM_CURVE('',#8811,(#8815,#8822),.PCURVE_S1.);
#8811 = LINE('',#8812,#8813);
#8812 = CARTESIAN_POINT('',(-101.1,65.,222.25));
#8813 = VECTOR('',#8814,1.);
#8814 = DIRECTION('',(1.,0.,0.));
#8815 = PCURVE('',#8606,#8816);
#8816 = DEFINITIONAL_REPRESENTATION('',(#8817),#8821);
#8817 = LINE('',#8818,#8819);
#8818 = CARTESIAN_POINT('',(6.28318530718,-0.));
#8819 = VECTOR('',#8820,1.);
#8820 = DIRECTION('',(0.,1.));
#8821 = ( GEOMETRIC_REPRESENTATION_CONTEXT(2) 
PARAMETRIC_REPRESENTATION_CONTEXT() REPRESENTATION_CONTEXT('2D SPACE',''
  ) );
#8822 = PCURVE('',#8606,#8823);
#8823 = DEFINITIONAL_REPRESENTATION('',(#8824),#8828);
#8824 = LINE('',#8825,#8826);
#8825 = CARTESIAN_POINT('',(0.,-0.));
#8826 = VECTOR('',#8827,1.);
#8827 = DIRECTION('',(0.,1.));
#8828 = ( GEOMETRIC_REPRESENTATION_CONTEXT(2) 
PARAMETRIC_REPRESENTATION_CONTEXT() REPRESENTATION_CONTEXT('2D SPACE',''
  ) );
#8829 = ORIENTED_EDGE('',*,*,#8830,.F.);
#8830 = EDGE_CURVE('',#8808,#8808,#8831,.T.);
#8831 = SURFACE_CURVE('',#8832,(#8837,#8844),.PCURVE_S1.);
#8832 = CIRCLE('',#8833,1.25);
#8833 = AXIS2_PLACEMENT_3D('',#8834,#8835,#8836);
#8834 = CARTESIAN_POINT('',(-95.1,65.,221.));
#8835 = DIRECTION('',(1.,0.,0.));
#8836 = DIRECTION('',(-0.,0.,1.));
#8837 = PCURVE('',#8606,#8838);
#8838 = DEFINITIONAL_REPRESENTATION('',(#8839),#8843);
#8839 = LINE('',#8840,#8841);
#8840 = CARTESIAN_POINT('',(0.,6.));
#8841 = VECTOR('',#8842,1.);
#8842 = DIRECTION('',(1.,0.));
#8843 = ( GEOMETRIC_REPRESENTATION_CONTEXT(2) 
PARAMETRIC_REPRESENTATION_CONTEXT() REPRESENTATION_CONTEXT('2D SPACE',''
  ) );
#8844 = PCURVE('',#8845,#8850);
#8845 = PLANE('',#8846);
#8846 = AXIS2_PLACEMENT_3D('',#8847,#8848,#8849);
#8847 = CARTESIAN_POINT('',(-95.1,65.,221.));
#8848 = DIRECTION('',(1.,0.,0.));
#8849 = DIRECTION('',(-0.,0.,1.));
#8850 = DEFINITIONAL_REPRESENTATION('',(#8851),#8855);
#8851 = CIRCLE('',#8852,1.25);
#8852 = AXIS2_PLACEMENT_2D('',#8853,#8854);
#8853 = CARTESIAN_POINT('',(0.,0.));
#8854 = DIRECTION('',(1.,0.));
#8855 = ( GEOMETRIC_REPRESENTATION_CONTEXT(2) 
PARAMETRIC_REPRESENTATION_CONTEXT() REPRESENTATION_CONTEXT('2D SPACE',''
  ) );
#8856 = ORIENTED_EDGE('',*,*,#8807,.F.);
#8857 = ORIENTED_EDGE('',*,*,#8589,.T.);
#8858 = ADVANCED_FACE('',(#8859),#8845,.F.);
#8859 = FACE_BOUND('',#8860,.F.);
#8860 = EDGE_LOOP('',(#8861));
#8861 = ORIENTED_EDGE('',*,*,#8830,.T.);
#8862 = ADVANCED_FACE('',(#8863),#8575,.F.);
#8863 = FACE_BOUND('',#8864,.F.);
#8864 = EDGE_LOOP('',(#8865,#8888,#8915,#8916));
#8865 = ORIENTED_EDGE('',*,*,#8866,.T.);
#8866 = EDGE_CURVE('',#8559,#8867,#8869,.T.);
#8867 = VERTEX_POINT('',#8868);
#8868 = CARTESIAN_POINT('',(-95.1,65.,160.25));
#8869 = SEAM_CURVE('',#8870,(#8874,#8881),.PCURVE_S1.);
#8870 = LINE('',#8871,#8872);
#8871 = CARTESIAN_POINT('',(-101.1,65.,160.25));
#8872 = VECTOR('',#8873,1.);
#8873 = DIRECTION('',(1.,0.,0.));
#8874 = PCURVE('',#8575,#8875);
#8875 = DEFINITIONAL_REPRESENTATION('',(#8876),#8880);
#8876 = LINE('',#8877,#8878);
#8877 = CARTESIAN_POINT('',(6.28318530718,-0.));
#8878 = VECTOR('',#8879,1.);
#8879 = DIRECTION('',(0.,1.));
#8880 = ( GEOMETRIC_REPRESENTATION_CONTEXT(2) 
PARAMETRIC_REPRESENTATION_CONTEXT() REPRESENTATION_CONTEXT('2D SPACE',''
  ) );
#8881 = PCURVE('',#8575,#8882);
#8882 = DEFINITIONAL_REPRESENTATION('',(#8883),#8887);
#8883 = LINE('',#8884,#8885);
#8884 = CARTESIAN_POINT('',(0.,-0.));
#8885 = VECTOR('',#8886,1.);
#8886 = DIRECTION('',(0.,1.));
#8887 = ( GEOMETRIC_REPRESENTATION_CONTEXT(2) 
PARAMETRIC_REPRESENTATION_CONTEXT() REPRESENTATION_CONTEXT('2D SPACE',''
  ) );
#8888 = ORIENTED_EDGE('',*,*,#8889,.F.);
#8889 = EDGE_CURVE('',#8867,#8867,#8890,.T.);
#8890 = SURFACE_CURVE('',#8891,(#8896,#8903),.PCURVE_S1.);
#8891 = CIRCLE('',#8892,1.25);
#8892 = AXIS2_PLACEMENT_3D('',#8893,#8894,#8895);
#8893 = CARTESIAN_POINT('',(-95.1,65.,159.));
#8894 = DIRECTION('',(1.,0.,0.));
#8895 = DIRECTION('',(-0.,0.,1.));
#8896 = PCURVE('',#8575,#8897);
#8897 = DEFINITIONAL_REPRESENTATION('',(#8898),#8902);
#8898 = LINE('',#8899,#8900);
#8899 = CARTESIAN_POINT('',(0.,6.));
#8900 = VECTOR('',#8901,1.);
#8901 = DIRECTION('',(1.,0.));
#8902 = ( GEOMETRIC_REPRESENTATION_CONTEXT(2) 
PARAMETRIC_REPRESENTATION_CONTEXT() REPRESENTATION_CONTEXT('2D SPACE',''
  ) );
#8903 = PCURVE('',#8904,#8909);
#8904 = PLANE('',#8905);
#8905 = AXIS2_PLACEMENT_3D('',#8906,#8907,#8908);
#8906 = CARTESIAN_POINT('',(-95.1,65.,159.));
#8907 = DIRECTION('',(1.,0.,0.));
#8908 = DIRECTION('',(-0.,0.,1.));
#8909 = DEFINITIONAL_REPRESENTATION('',(#8910),#8914);
#8910 = CIRCLE('',#8911,1.25);
#8911 = AXIS2_PLACEMENT_2D('',#8912,#8913);
#8912 = CARTESIAN_POINT('',(0.,0.));
#8913 = DIRECTION('',(1.,0.));
#8914 = ( GEOMETRIC_REPRESENTATION_CONTEXT(2) 
PARAMETRIC_REPRESENTATION_CONTEXT() REPRESENTATION_CONTEXT('2D SPACE',''
  ) );
#8915 = ORIENTED_EDGE('',*,*,#8866,.F.);
#8916 = ORIENTED_EDGE('',*,*,#8558,.T.);
#8917 = ADVANCED_FACE('',(#8918),#8904,.F.);
#8918 = FACE_BOUND('',#8919,.F.);
#8919 = EDGE_LOOP('',(#8920));
#8920 = ORIENTED_EDGE('',*,*,#8889,.T.);
#8921 = ADVANCED_FACE('',(#8922),#8519,.T.);
#8922 = FACE_BOUND('',#8923,.T.);
#8923 = EDGE_LOOP('',(#8924,#8925,#8946,#8979,#9012,#9045,#9078));
#8924 = ORIENTED_EDGE('',*,*,#8498,.F.);
#8925 = ORIENTED_EDGE('',*,*,#8926,.T.);
#8926 = EDGE_CURVE('',#8499,#8927,#8929,.T.);
#8927 = VERTEX_POINT('',#8928);
#8928 = CARTESIAN_POINT('',(-94.,-62.,157.19722436226));
#8929 = SURFACE_CURVE('',#8930,(#8934,#8940),.PCURVE_S1.);
#8930 = LINE('',#8931,#8932);
#8931 = CARTESIAN_POINT('',(-101.,-62.,157.19722436226));
#8932 = VECTOR('',#8933,1.);
#8933 = DIRECTION('',(1.,0.,0.));
#8934 = PCURVE('',#8519,#8935);
#8935 = DEFINITIONAL_REPRESENTATION('',(#8936),#8939);
#8936 = B_SPLINE_CURVE_WITH_KNOTS('',1,(#8937,#8938),.UNSPECIFIED.,.F.,
  .F.,(2,2),(0.,7.),.PIECEWISE_BEZIER_KNOTS.);
#8937 = CARTESIAN_POINT('',(10.454474761607,0.));
#8938 = CARTESIAN_POINT('',(10.454474761607,7.));
#8939 = ( GEOMETRIC_REPRESENTATION_CONTEXT(2) 
PARAMETRIC_REPRESENTATION_CONTEXT() REPRESENTATION_CONTEXT('2D SPACE',''
  ) );
#8940 = PCURVE('',#806,#8941);
#8941 = DEFINITIONAL_REPRESENTATION('',(#8942),#8945);
#8942 = B_SPLINE_CURVE_WITH_KNOTS('',1,(#8943,#8944),.UNSPECIFIED.,.F.,
  .F.,(2,2),(-6.000000070117E-07,7.0000006),.PIECEWISE_BEZIER_KNOTS.);
#8943 = CARTESIAN_POINT('',(9.197224362268,-6.000000070117E-07));
#8944 = CARTESIAN_POINT('',(9.197224362268,7.0000006));
#8945 = ( GEOMETRIC_REPRESENTATION_CONTEXT(2) 
PARAMETRIC_REPRESENTATION_CONTEXT() REPRESENTATION_CONTEXT('2D SPACE',''
  ) );
#8946 = ORIENTED_EDGE('',*,*,#8947,.T.);
#8947 = EDGE_CURVE('',#8927,#8948,#8950,.T.);
#8948 = VERTEX_POINT('',#8949);
#8949 = CARTESIAN_POINT('',(-94.,-65.,155.5));
#8950 = SURFACE_CURVE('',#8951,(#8956,#8963),.PCURVE_S1.);
#8951 = CIRCLE('',#8952,3.5);
#8952 = AXIS2_PLACEMENT_3D('',#8953,#8954,#8955);
#8953 = CARTESIAN_POINT('',(-94.,-65.,159.));
#8954 = DIRECTION('',(-1.,0.,-0.));
#8955 = DIRECTION('',(0.,0.857142857143,-0.515078753638));
#8956 = PCURVE('',#8519,#8957);
#8957 = DEFINITIONAL_REPRESENTATION('',(#8958),#8962);
#8958 = LINE('',#8959,#8960);
#8959 = CARTESIAN_POINT('',(10.454474761607,7.));
#8960 = VECTOR('',#8961,1.);
#8961 = DIRECTION('',(-1.,-0.));
#8962 = ( GEOMETRIC_REPRESENTATION_CONTEXT(2) 
PARAMETRIC_REPRESENTATION_CONTEXT() REPRESENTATION_CONTEXT('2D SPACE',''
  ) );
#8963 = PCURVE('',#8964,#8969);
#8964 = PLANE('',#8965);
#8965 = AXIS2_PLACEMENT_3D('',#8966,#8967,#8968);
#8966 = CARTESIAN_POINT('',(-94.,-61.5,155.5));
#8967 = DIRECTION('',(1.,0.,-0.));
#8968 = DIRECTION('',(0.,-1.,0.));
#8969 = DEFINITIONAL_REPRESENTATION('',(#8970),#8978);
#8970 = ( BOUNDED_CURVE() B_SPLINE_CURVE(2,(#8971,#8972,#8973,#8974,
#8975,#8976,#8977),.UNSPECIFIED.,.T.,.F.) B_SPLINE_CURVE_WITH_KNOTS((1,2
    ,2,2,2,1),(-2.094395102393,0.,2.094395102393,4.188790204786,
6.28318530718,8.377580409573),.UNSPECIFIED.) CURVE() 
GEOMETRIC_REPRESENTATION_ITEM() RATIONAL_B_SPLINE_CURVE((1.,0.5,1.,0.5,
1.,0.5,1.)) REPRESENTATION_ITEM('') );
#8971 = CARTESIAN_POINT('',(0.5,-1.697224362268));
#8972 = CARTESIAN_POINT('',(3.622498999199,3.498928060439));
#8973 = CARTESIAN_POINT('',(6.5612494996,-1.803311607513));
#8974 = CARTESIAN_POINT('',(9.5,-7.105551275464));
#8975 = CARTESIAN_POINT('',(3.4387505004,-6.999464030219));
#8976 = CARTESIAN_POINT('',(-2.622498999199,-6.893376784975));
#8977 = CARTESIAN_POINT('',(0.5,-1.697224362268));
#8978 = ( GEOMETRIC_REPRESENTATION_CONTEXT(2) 
PARAMETRIC_REPRESENTATION_CONTEXT() REPRESENTATION_CONTEXT('2D SPACE',''
  ) );
#8979 = ORIENTED_EDGE('',*,*,#8980,.T.);
#8980 = EDGE_CURVE('',#8948,#8981,#8983,.T.);
#8981 = VERTEX_POINT('',#8982);
#8982 = CARTESIAN_POINT('',(-94.,-68.5,159.));
#8983 = SURFACE_CURVE('',#8984,(#8989,#8996),.PCURVE_S1.);
#8984 = CIRCLE('',#8985,3.5);
#8985 = AXIS2_PLACEMENT_3D('',#8986,#8987,#8988);
#8986 = CARTESIAN_POINT('',(-94.,-65.,159.));
#8987 = DIRECTION('',(-1.,0.,-0.));
#8988 = DIRECTION('',(0.,0.857142857143,-0.515078753638));
#8989 = PCURVE('',#8519,#8990);
#8990 = DEFINITIONAL_REPRESENTATION('',(#8991),#8995);
#8991 = LINE('',#8992,#8993);
#8992 = CARTESIAN_POINT('',(10.454474761607,7.));
#8993 = VECTOR('',#8994,1.);
#8994 = DIRECTION('',(-1.,-0.));
#8995 = ( GEOMETRIC_REPRESENTATION_CONTEXT(2) 
PARAMETRIC_REPRESENTATION_CONTEXT() REPRESENTATION_CONTEXT('2D SPACE',''
  ) );
#8996 = PCURVE('',#8997,#9002);
#8997 = PLANE('',#8998);
#8998 = AXIS2_PLACEMENT_3D('',#8999,#9000,#9001);
#8999 = CARTESIAN_POINT('',(-94.,-61.5,155.5));
#9000 = DIRECTION('',(1.,0.,-0.));
#9001 = DIRECTION('',(0.,-1.,0.));
#9002 = DEFINITIONAL_REPRESENTATION('',(#9003),#9011);
#9003 = ( BOUNDED_CURVE() B_SPLINE_CURVE(2,(#9004,#9005,#9006,#9007,
#9008,#9009,#9010),.UNSPECIFIED.,.T.,.F.) B_SPLINE_CURVE_WITH_KNOTS((1,2
    ,2,2,2,1),(-2.094395102393,0.,2.094395102393,4.188790204786,
6.28318530718,8.377580409573),.UNSPECIFIED.) CURVE() 
GEOMETRIC_REPRESENTATION_ITEM() RATIONAL_B_SPLINE_CURVE((1.,0.5,1.,0.5,
1.,0.5,1.)) REPRESENTATION_ITEM('') );
#9004 = CARTESIAN_POINT('',(0.5,-1.697224362268));
#9005 = CARTESIAN_POINT('',(3.622498999199,3.498928060439));
#9006 = CARTESIAN_POINT('',(6.5612494996,-1.803311607513));
#9007 = CARTESIAN_POINT('',(9.5,-7.105551275464));
#9008 = CARTESIAN_POINT('',(3.4387505004,-6.999464030219));
#9009 = CARTESIAN_POINT('',(-2.622498999199,-6.893376784975));
#9010 = CARTESIAN_POINT('',(0.5,-1.697224362268));
#9011 = ( GEOMETRIC_REPRESENTATION_CONTEXT(2) 
PARAMETRIC_REPRESENTATION_CONTEXT() REPRESENTATION_CONTEXT('2D SPACE',''
  ) );
#9012 = ORIENTED_EDGE('',*,*,#9013,.T.);
#9013 = EDGE_CURVE('',#8981,#9014,#9016,.T.);
#9014 = VERTEX_POINT('',#9015);
#9015 = CARTESIAN_POINT('',(-94.,-65.,162.5));
#9016 = SURFACE_CURVE('',#9017,(#9022,#9029),.PCURVE_S1.);
#9017 = CIRCLE('',#9018,3.5);
#9018 = AXIS2_PLACEMENT_3D('',#9019,#9020,#9021);
#9019 = CARTESIAN_POINT('',(-94.,-65.,159.));
#9020 = DIRECTION('',(-1.,0.,-0.));
#9021 = DIRECTION('',(0.,0.857142857143,-0.515078753638));
#9022 = PCURVE('',#8519,#9023);
#9023 = DEFINITIONAL_REPRESENTATION('',(#9024),#9028);
#9024 = LINE('',#9025,#9026);
#9025 = CARTESIAN_POINT('',(10.454474761607,7.));
#9026 = VECTOR('',#9027,1.);
#9027 = DIRECTION('',(-1.,-0.));
#9028 = ( GEOMETRIC_REPRESENTATION_CONTEXT(2) 
PARAMETRIC_REPRESENTATION_CONTEXT() REPRESENTATION_CONTEXT('2D SPACE',''
  ) );
#9029 = PCURVE('',#9030,#9035);
#9030 = PLANE('',#9031);
#9031 = AXIS2_PLACEMENT_3D('',#9032,#9033,#9034);
#9032 = CARTESIAN_POINT('',(-94.,-61.5,155.5));
#9033 = DIRECTION('',(1.,0.,-0.));
#9034 = DIRECTION('',(0.,-1.,0.));
#9035 = DEFINITIONAL_REPRESENTATION('',(#9036),#9044);
#9036 = ( BOUNDED_CURVE() B_SPLINE_CURVE(2,(#9037,#9038,#9039,#9040,
#9041,#9042,#9043),.UNSPECIFIED.,.T.,.F.) B_SPLINE_CURVE_WITH_KNOTS((1,2
    ,2,2,2,1),(-2.094395102393,0.,2.094395102393,4.188790204786,
6.28318530718,8.377580409573),.UNSPECIFIED.) CURVE() 
GEOMETRIC_REPRESENTATION_ITEM() RATIONAL_B_SPLINE_CURVE((1.,0.5,1.,0.5,
1.,0.5,1.)) REPRESENTATION_ITEM('') );
#9037 = CARTESIAN_POINT('',(0.5,-1.697224362268));
#9038 = CARTESIAN_POINT('',(3.622498999199,3.498928060439));
#9039 = CARTESIAN_POINT('',(6.5612494996,-1.803311607513));
#9040 = CARTESIAN_POINT('',(9.5,-7.105551275464));
#9041 = CARTESIAN_POINT('',(3.4387505004,-6.999464030219));
#9042 = CARTESIAN_POINT('',(-2.622498999199,-6.893376784975));
#9043 = CARTESIAN_POINT('',(0.5,-1.697224362268));
#9044 = ( GEOMETRIC_REPRESENTATION_CONTEXT(2) 
PARAMETRIC_REPRESENTATION_CONTEXT() REPRESENTATION_CONTEXT('2D SPACE',''
  ) );
#9045 = ORIENTED_EDGE('',*,*,#9046,.T.);
#9046 = EDGE_CURVE('',#9014,#9047,#9049,.T.);
#9047 = VERTEX_POINT('',#9048);
#9048 = CARTESIAN_POINT('',(-94.,-62.,160.80277563773));
#9049 = SURFACE_CURVE('',#9050,(#9055,#9062),.PCURVE_S1.);
#9050 = CIRCLE('',#9051,3.5);
#9051 = AXIS2_PLACEMENT_3D('',#9052,#9053,#9054);
#9052 = CARTESIAN_POINT('',(-94.,-65.,159.));
#9053 = DIRECTION('',(-1.,0.,-0.));
#9054 = DIRECTION('',(0.,0.857142857143,-0.515078753638));
#9055 = PCURVE('',#8519,#9056);
#9056 = DEFINITIONAL_REPRESENTATION('',(#9057),#9061);
#9057 = LINE('',#9058,#9059);
#9058 = CARTESIAN_POINT('',(10.454474761607,7.));
#9059 = VECTOR('',#9060,1.);
#9060 = DIRECTION('',(-1.,-0.));
#9061 = ( GEOMETRIC_REPRESENTATION_CONTEXT(2) 
PARAMETRIC_REPRESENTATION_CONTEXT() REPRESENTATION_CONTEXT('2D SPACE',''
  ) );
#9062 = PCURVE('',#9063,#9068);
#9063 = PLANE('',#9064);
#9064 = AXIS2_PLACEMENT_3D('',#9065,#9066,#9067);
#9065 = CARTESIAN_POINT('',(-94.,-61.5,155.5));
#9066 = DIRECTION('',(1.,0.,-0.));
#9067 = DIRECTION('',(0.,-1.,0.));
#9068 = DEFINITIONAL_REPRESENTATION('',(#9069),#9077);
#9069 = ( BOUNDED_CURVE() B_SPLINE_CURVE(2,(#9070,#9071,#9072,#9073,
#9074,#9075,#9076),.UNSPECIFIED.,.T.,.F.) B_SPLINE_CURVE_WITH_KNOTS((1,2
    ,2,2,2,1),(-2.094395102393,0.,2.094395102393,4.188790204786,
6.28318530718,8.377580409573),.UNSPECIFIED.) CURVE() 
GEOMETRIC_REPRESENTATION_ITEM() RATIONAL_B_SPLINE_CURVE((1.,0.5,1.,0.5,
1.,0.5,1.)) REPRESENTATION_ITEM('') );
#9070 = CARTESIAN_POINT('',(0.5,-1.697224362268));
#9071 = CARTESIAN_POINT('',(3.622498999199,3.498928060439));
#9072 = CARTESIAN_POINT('',(6.5612494996,-1.803311607513));
#9073 = CARTESIAN_POINT('',(9.5,-7.105551275464));
#9074 = CARTESIAN_POINT('',(3.4387505004,-6.999464030219));
#9075 = CARTESIAN_POINT('',(-2.622498999199,-6.893376784975));
#9076 = CARTESIAN_POINT('',(0.5,-1.697224362268));
#9077 = ( GEOMETRIC_REPRESENTATION_CONTEXT(2) 
PARAMETRIC_REPRESENTATION_CONTEXT() REPRESENTATION_CONTEXT('2D SPACE',''
  ) );
#9078 = ORIENTED_EDGE('',*,*,#9079,.F.);
#9079 = EDGE_CURVE('',#8476,#9047,#9080,.T.);
#9080 = SURFACE_CURVE('',#9081,(#9085,#9091),.PCURVE_S1.);
#9081 = LINE('',#9082,#9083);
#9082 = CARTESIAN_POINT('',(-101.,-62.,160.80277563773));
#9083 = VECTOR('',#9084,1.);
#9084 = DIRECTION('',(1.,0.,0.));
#9085 = PCURVE('',#8519,#9086);
#9086 = DEFINITIONAL_REPRESENTATION('',(#9087),#9090);
#9087 = B_SPLINE_CURVE_WITH_KNOTS('',1,(#9088,#9089),.UNSPECIFIED.,.F.,
  .F.,(2,2),(0.,7.),.PIECEWISE_BEZIER_KNOTS.);
#9088 = CARTESIAN_POINT('',(5.253488506342,0.));
#9089 = CARTESIAN_POINT('',(5.253488506342,7.));
#9090 = ( GEOMETRIC_REPRESENTATION_CONTEXT(2) 
PARAMETRIC_REPRESENTATION_CONTEXT() REPRESENTATION_CONTEXT('2D SPACE',''
  ) );
#9091 = PCURVE('',#806,#9092);
#9092 = DEFINITIONAL_REPRESENTATION('',(#9093),#9096);
#9093 = B_SPLINE_CURVE_WITH_KNOTS('',1,(#9094,#9095),.UNSPECIFIED.,.F.,
  .F.,(2,2),(-6.000000070117E-07,7.0000006),.PIECEWISE_BEZIER_KNOTS.);
#9094 = CARTESIAN_POINT('',(12.802775637732,-6.000000070117E-07));
#9095 = CARTESIAN_POINT('',(12.802775637732,7.0000006));
#9096 = ( GEOMETRIC_REPRESENTATION_CONTEXT(2) 
PARAMETRIC_REPRESENTATION_CONTEXT() REPRESENTATION_CONTEXT('2D SPACE',''
  ) );
#9097 = ADVANCED_FACE('',(#9098),#9063,.F.);
#9098 = FACE_BOUND('',#9099,.F.);
#9099 = EDGE_LOOP('',(#9100,#9121,#9147));
#9100 = ORIENTED_EDGE('',*,*,#9101,.F.);
#9101 = EDGE_CURVE('',#9102,#9047,#9104,.T.);
#9102 = VERTEX_POINT('',#9103);
#9103 = CARTESIAN_POINT('',(-94.,-62.,162.5));
#9104 = SURFACE_CURVE('',#9105,(#9109,#9115),.PCURVE_S1.);
#9105 = LINE('',#9106,#9107);
#9106 = CARTESIAN_POINT('',(-94.,-62.,151.75));
#9107 = VECTOR('',#9108,1.);
#9108 = DIRECTION('',(-0.,0.,-1.));
#9109 = PCURVE('',#9063,#9110);
#9110 = DEFINITIONAL_REPRESENTATION('',(#9111),#9114);
#9111 = B_SPLINE_CURVE_WITH_KNOTS('',1,(#9112,#9113),.UNSPECIFIED.,.F.,
  .F.,(2,2),(-10.75,-3.75),.PIECEWISE_BEZIER_KNOTS.);
#9112 = CARTESIAN_POINT('',(0.5,-7.));
#9113 = CARTESIAN_POINT('',(0.5,0.));
#9114 = ( GEOMETRIC_REPRESENTATION_CONTEXT(2) 
PARAMETRIC_REPRESENTATION_CONTEXT() REPRESENTATION_CONTEXT('2D SPACE',''
  ) );
#9115 = PCURVE('',#806,#9116);
#9116 = DEFINITIONAL_REPRESENTATION('',(#9117),#9120);
#9117 = B_SPLINE_CURVE_WITH_KNOTS('',1,(#9118,#9119),.UNSPECIFIED.,.F.,
  .F.,(2,2),(-10.75,-3.75),.PIECEWISE_BEZIER_KNOTS.);
#9118 = CARTESIAN_POINT('',(14.5,7.));
#9119 = CARTESIAN_POINT('',(7.5,7.));
#9120 = ( GEOMETRIC_REPRESENTATION_CONTEXT(2) 
PARAMETRIC_REPRESENTATION_CONTEXT() REPRESENTATION_CONTEXT('2D SPACE',''
  ) );
#9121 = ORIENTED_EDGE('',*,*,#9122,.T.);
#9122 = EDGE_CURVE('',#9102,#9014,#9123,.T.);
#9123 = SURFACE_CURVE('',#9124,(#9128,#9135),.PCURVE_S1.);
#9124 = LINE('',#9125,#9126);
#9125 = CARTESIAN_POINT('',(-94.,-61.5,162.5));
#9126 = VECTOR('',#9127,1.);
#9127 = DIRECTION('',(0.,-1.,0.));
#9128 = PCURVE('',#9063,#9129);
#9129 = DEFINITIONAL_REPRESENTATION('',(#9130),#9134);
#9130 = LINE('',#9131,#9132);
#9131 = CARTESIAN_POINT('',(0.,-7.));
#9132 = VECTOR('',#9133,1.);
#9133 = DIRECTION('',(1.,0.));
#9134 = ( GEOMETRIC_REPRESENTATION_CONTEXT(2) 
PARAMETRIC_REPRESENTATION_CONTEXT() REPRESENTATION_CONTEXT('2D SPACE',''
  ) );
#9135 = PCURVE('',#9136,#9141);
#9136 = PLANE('',#9137);
#9137 = AXIS2_PLACEMENT_3D('',#9138,#9139,#9140);
#9138 = CARTESIAN_POINT('',(-91.52512626584,-63.97487373415,162.5));
#9139 = DIRECTION('',(0.,0.,1.));
#9140 = DIRECTION('',(1.,0.,-0.));
#9141 = DEFINITIONAL_REPRESENTATION('',(#9142),#9146);
#9142 = LINE('',#9143,#9144);
#9143 = CARTESIAN_POINT('',(-2.474873734153,2.474873734153));
#9144 = VECTOR('',#9145,1.);
#9145 = DIRECTION('',(0.,-1.));
#9146 = ( GEOMETRIC_REPRESENTATION_CONTEXT(2) 
PARAMETRIC_REPRESENTATION_CONTEXT() REPRESENTATION_CONTEXT('2D SPACE',''
  ) );
#9147 = ORIENTED_EDGE('',*,*,#9046,.T.);
#9148 = ADVANCED_FACE('',(#9149),#9136,.T.);
#9149 = FACE_BOUND('',#9150,.T.);
#9150 = EDGE_LOOP('',(#9151,#9152,#9175,#9203));
#9151 = ORIENTED_EDGE('',*,*,#9122,.T.);
#9152 = ORIENTED_EDGE('',*,*,#9153,.T.);
#9153 = EDGE_CURVE('',#9014,#9154,#9156,.T.);
#9154 = VERTEX_POINT('',#9155);
#9155 = CARTESIAN_POINT('',(-94.,-68.5,162.5));
#9156 = SURFACE_CURVE('',#9157,(#9161,#9168),.PCURVE_S1.);
#9157 = LINE('',#9158,#9159);
#9158 = CARTESIAN_POINT('',(-94.,-61.5,162.5));
#9159 = VECTOR('',#9160,1.);
#9160 = DIRECTION('',(0.,-1.,0.));
#9161 = PCURVE('',#9136,#9162);
#9162 = DEFINITIONAL_REPRESENTATION('',(#9163),#9167);
#9163 = LINE('',#9164,#9165);
#9164 = CARTESIAN_POINT('',(-2.474873734153,2.474873734153));
#9165 = VECTOR('',#9166,1.);
#9166 = DIRECTION('',(0.,-1.));
#9167 = ( GEOMETRIC_REPRESENTATION_CONTEXT(2) 
PARAMETRIC_REPRESENTATION_CONTEXT() REPRESENTATION_CONTEXT('2D SPACE',''
  ) );
#9168 = PCURVE('',#9030,#9169);
#9169 = DEFINITIONAL_REPRESENTATION('',(#9170),#9174);
#9170 = LINE('',#9171,#9172);
#9171 = CARTESIAN_POINT('',(0.,-7.));
#9172 = VECTOR('',#9173,1.);
#9173 = DIRECTION('',(1.,0.));
#9174 = ( GEOMETRIC_REPRESENTATION_CONTEXT(2) 
PARAMETRIC_REPRESENTATION_CONTEXT() REPRESENTATION_CONTEXT('2D SPACE',''
  ) );
#9175 = ORIENTED_EDGE('',*,*,#9176,.T.);
#9176 = EDGE_CURVE('',#9154,#9177,#9179,.T.);
#9177 = VERTEX_POINT('',#9178);
#9178 = CARTESIAN_POINT('',(-87.5,-62.,162.5));
#9179 = SURFACE_CURVE('',#9180,(#9184,#9191),.PCURVE_S1.);
#9180 = LINE('',#9181,#9182);
#9181 = CARTESIAN_POINT('',(-94.,-68.5,162.5));
#9182 = VECTOR('',#9183,1.);
#9183 = DIRECTION('',(0.707106781187,0.707106781187,0.));
#9184 = PCURVE('',#9136,#9185);
#9185 = DEFINITIONAL_REPRESENTATION('',(#9186),#9190);
#9186 = LINE('',#9187,#9188);
#9187 = CARTESIAN_POINT('',(-2.474873734153,-4.525126265847));
#9188 = VECTOR('',#9189,1.);
#9189 = DIRECTION('',(0.707106781187,0.707106781187));
#9190 = ( GEOMETRIC_REPRESENTATION_CONTEXT(2) 
PARAMETRIC_REPRESENTATION_CONTEXT() REPRESENTATION_CONTEXT('2D SPACE',''
  ) );
#9191 = PCURVE('',#9192,#9197);
#9192 = PLANE('',#9193);
#9193 = AXIS2_PLACEMENT_3D('',#9194,#9195,#9196);
#9194 = CARTESIAN_POINT('',(-94.,-68.5,155.5));
#9195 = DIRECTION('',(-0.707106781187,0.707106781187,0.));
#9196 = DIRECTION('',(0.707106781187,0.707106781187,0.));
#9197 = DEFINITIONAL_REPRESENTATION('',(#9198),#9202);
#9198 = LINE('',#9199,#9200);
#9199 = CARTESIAN_POINT('',(0.,-7.));
#9200 = VECTOR('',#9201,1.);
#9201 = DIRECTION('',(1.,0.));
#9202 = ( GEOMETRIC_REPRESENTATION_CONTEXT(2) 
PARAMETRIC_REPRESENTATION_CONTEXT() REPRESENTATION_CONTEXT('2D SPACE',''
  ) );
#9203 = ORIENTED_EDGE('',*,*,#9204,.F.);
#9204 = EDGE_CURVE('',#9102,#9177,#9205,.T.);
#9205 = SURFACE_CURVE('',#9206,(#9210,#9216),.PCURVE_S1.);
#9206 = LINE('',#9207,#9208);
#9207 = CARTESIAN_POINT('',(-96.26256313292,-62.,162.5));
#9208 = VECTOR('',#9209,1.);
#9209 = DIRECTION('',(1.,0.,0.));
#9210 = PCURVE('',#9136,#9211);
#9211 = DEFINITIONAL_REPRESENTATION('',(#9212),#9215);
#9212 = B_SPLINE_CURVE_WITH_KNOTS('',1,(#9213,#9214),.UNSPECIFIED.,.F.,
  .F.,(2,2),(2.262563132924,9.262563132924),.PIECEWISE_BEZIER_KNOTS.);
#9213 = CARTESIAN_POINT('',(-2.474873734153,1.974873734153));
#9214 = CARTESIAN_POINT('',(4.525126265847,1.974873734153));
#9215 = ( GEOMETRIC_REPRESENTATION_CONTEXT(2) 
PARAMETRIC_REPRESENTATION_CONTEXT() REPRESENTATION_CONTEXT('2D SPACE',''
  ) );
#9216 = PCURVE('',#806,#9217);
#9217 = DEFINITIONAL_REPRESENTATION('',(#9218),#9221);
#9218 = B_SPLINE_CURVE_WITH_KNOTS('',1,(#9219,#9220),.UNSPECIFIED.,.F.,
  .F.,(2,2),(2.262563132924,9.262563132924),.PIECEWISE_BEZIER_KNOTS.);
#9219 = CARTESIAN_POINT('',(14.5,7.));
#9220 = CARTESIAN_POINT('',(14.5,14.));
#9221 = ( GEOMETRIC_REPRESENTATION_CONTEXT(2) 
PARAMETRIC_REPRESENTATION_CONTEXT() REPRESENTATION_CONTEXT('2D SPACE',''
  ) );
#9222 = ADVANCED_FACE('',(#9223),#9192,.F.);
#9223 = FACE_BOUND('',#9224,.F.);
#9224 = EDGE_LOOP('',(#9225,#9255,#9276,#9297,#9298));
#9225 = ORIENTED_EDGE('',*,*,#9226,.F.);
#9226 = EDGE_CURVE('',#9227,#9229,#9231,.T.);
#9227 = VERTEX_POINT('',#9228);
#9228 = CARTESIAN_POINT('',(-94.,-68.5,155.5));
#9229 = VERTEX_POINT('',#9230);
#9230 = CARTESIAN_POINT('',(-87.5,-62.,155.5));
#9231 = SURFACE_CURVE('',#9232,(#9236,#9243),.PCURVE_S1.);
#9232 = LINE('',#9233,#9234);
#9233 = CARTESIAN_POINT('',(-94.,-68.5,155.5));
#9234 = VECTOR('',#9235,1.);
#9235 = DIRECTION('',(0.707106781187,0.707106781187,0.));
#9236 = PCURVE('',#9192,#9237);
#9237 = DEFINITIONAL_REPRESENTATION('',(#9238),#9242);
#9238 = LINE('',#9239,#9240);
#9239 = CARTESIAN_POINT('',(0.,0.));
#9240 = VECTOR('',#9241,1.);
#9241 = DIRECTION('',(1.,0.));
#9242 = ( GEOMETRIC_REPRESENTATION_CONTEXT(2) 
PARAMETRIC_REPRESENTATION_CONTEXT() REPRESENTATION_CONTEXT('2D SPACE',''
  ) );
#9243 = PCURVE('',#9244,#9249);
#9244 = PLANE('',#9245);
#9245 = AXIS2_PLACEMENT_3D('',#9246,#9247,#9248);
#9246 = CARTESIAN_POINT('',(-91.52512626584,-63.97487373415,155.5));
#9247 = DIRECTION('',(0.,0.,1.));
#9248 = DIRECTION('',(1.,0.,-0.));
#9249 = DEFINITIONAL_REPRESENTATION('',(#9250),#9254);
#9250 = LINE('',#9251,#9252);
#9251 = CARTESIAN_POINT('',(-2.474873734153,-4.525126265847));
#9252 = VECTOR('',#9253,1.);
#9253 = DIRECTION('',(0.707106781187,0.707106781187));
#9254 = ( GEOMETRIC_REPRESENTATION_CONTEXT(2) 
PARAMETRIC_REPRESENTATION_CONTEXT() REPRESENTATION_CONTEXT('2D SPACE',''
  ) );
#9255 = ORIENTED_EDGE('',*,*,#9256,.T.);
#9256 = EDGE_CURVE('',#9227,#8981,#9257,.T.);
#9257 = SURFACE_CURVE('',#9258,(#9262,#9269),.PCURVE_S1.);
#9258 = LINE('',#9259,#9260);
#9259 = CARTESIAN_POINT('',(-94.,-68.5,155.5));
#9260 = VECTOR('',#9261,1.);
#9261 = DIRECTION('',(0.,0.,1.));
#9262 = PCURVE('',#9192,#9263);
#9263 = DEFINITIONAL_REPRESENTATION('',(#9264),#9268);
#9264 = LINE('',#9265,#9266);
#9265 = CARTESIAN_POINT('',(0.,0.));
#9266 = VECTOR('',#9267,1.);
#9267 = DIRECTION('',(0.,-1.));
#9268 = ( GEOMETRIC_REPRESENTATION_CONTEXT(2) 
PARAMETRIC_REPRESENTATION_CONTEXT() REPRESENTATION_CONTEXT('2D SPACE',''
  ) );
#9269 = PCURVE('',#8997,#9270);
#9270 = DEFINITIONAL_REPRESENTATION('',(#9271),#9275);
#9271 = LINE('',#9272,#9273);
#9272 = CARTESIAN_POINT('',(7.,0.));
#9273 = VECTOR('',#9274,1.);
#9274 = DIRECTION('',(0.,-1.));
#9275 = ( GEOMETRIC_REPRESENTATION_CONTEXT(2) 
PARAMETRIC_REPRESENTATION_CONTEXT() REPRESENTATION_CONTEXT('2D SPACE',''
  ) );
#9276 = ORIENTED_EDGE('',*,*,#9277,.T.);
#9277 = EDGE_CURVE('',#8981,#9154,#9278,.T.);
#9278 = SURFACE_CURVE('',#9279,(#9283,#9290),.PCURVE_S1.);
#9279 = LINE('',#9280,#9281);
#9280 = CARTESIAN_POINT('',(-94.,-68.5,155.5));
#9281 = VECTOR('',#9282,1.);
#9282 = DIRECTION('',(0.,0.,1.));
#9283 = PCURVE('',#9192,#9284);
#9284 = DEFINITIONAL_REPRESENTATION('',(#9285),#9289);
#9285 = LINE('',#9286,#9287);
#9286 = CARTESIAN_POINT('',(0.,0.));
#9287 = VECTOR('',#9288,1.);
#9288 = DIRECTION('',(0.,-1.));
#9289 = ( GEOMETRIC_REPRESENTATION_CONTEXT(2) 
PARAMETRIC_REPRESENTATION_CONTEXT() REPRESENTATION_CONTEXT('2D SPACE',''
  ) );
#9290 = PCURVE('',#9030,#9291);
#9291 = DEFINITIONAL_REPRESENTATION('',(#9292),#9296);
#9292 = LINE('',#9293,#9294);
#9293 = CARTESIAN_POINT('',(7.,0.));
#9294 = VECTOR('',#9295,1.);
#9295 = DIRECTION('',(0.,-1.));
#9296 = ( GEOMETRIC_REPRESENTATION_CONTEXT(2) 
PARAMETRIC_REPRESENTATION_CONTEXT() REPRESENTATION_CONTEXT('2D SPACE',''
  ) );
#9297 = ORIENTED_EDGE('',*,*,#9176,.T.);
#9298 = ORIENTED_EDGE('',*,*,#9299,.F.);
#9299 = EDGE_CURVE('',#9229,#9177,#9300,.T.);
#9300 = SURFACE_CURVE('',#9301,(#9305,#9311),.PCURVE_S1.);
#9301 = LINE('',#9302,#9303);
#9302 = CARTESIAN_POINT('',(-87.5,-62.,151.75));
#9303 = VECTOR('',#9304,1.);
#9304 = DIRECTION('',(0.,-0.,1.));
#9305 = PCURVE('',#9192,#9306);
#9306 = DEFINITIONAL_REPRESENTATION('',(#9307),#9310);
#9307 = B_SPLINE_CURVE_WITH_KNOTS('',1,(#9308,#9309),.UNSPECIFIED.,.F.,
  .F.,(2,2),(3.75,10.75),.PIECEWISE_BEZIER_KNOTS.);
#9308 = CARTESIAN_POINT('',(9.192388155425,0.));
#9309 = CARTESIAN_POINT('',(9.192388155425,-7.));
#9310 = ( GEOMETRIC_REPRESENTATION_CONTEXT(2) 
PARAMETRIC_REPRESENTATION_CONTEXT() REPRESENTATION_CONTEXT('2D SPACE',''
  ) );
#9311 = PCURVE('',#806,#9312);
#9312 = DEFINITIONAL_REPRESENTATION('',(#9313),#9316);
#9313 = B_SPLINE_CURVE_WITH_KNOTS('',1,(#9314,#9315),.UNSPECIFIED.,.F.,
  .F.,(2,2),(3.75,10.75),.PIECEWISE_BEZIER_KNOTS.);
#9314 = CARTESIAN_POINT('',(7.5,13.5));
#9315 = CARTESIAN_POINT('',(14.5,13.5));
#9316 = ( GEOMETRIC_REPRESENTATION_CONTEXT(2) 
PARAMETRIC_REPRESENTATION_CONTEXT() REPRESENTATION_CONTEXT('2D SPACE',''
  ) );
#9317 = ADVANCED_FACE('',(#9318),#9244,.F.);
#9318 = FACE_BOUND('',#9319,.F.);
#9319 = EDGE_LOOP('',(#9320,#9343,#9364,#9365));
#9320 = ORIENTED_EDGE('',*,*,#9321,.T.);
#9321 = EDGE_CURVE('',#9322,#8948,#9324,.T.);
#9322 = VERTEX_POINT('',#9323);
#9323 = CARTESIAN_POINT('',(-94.,-62.,155.5));
#9324 = SURFACE_CURVE('',#9325,(#9329,#9336),.PCURVE_S1.);
#9325 = LINE('',#9326,#9327);
#9326 = CARTESIAN_POINT('',(-94.,-61.5,155.5));
#9327 = VECTOR('',#9328,1.);
#9328 = DIRECTION('',(0.,-1.,0.));
#9329 = PCURVE('',#9244,#9330);
#9330 = DEFINITIONAL_REPRESENTATION('',(#9331),#9335);
#9331 = LINE('',#9332,#9333);
#9332 = CARTESIAN_POINT('',(-2.474873734153,2.474873734153));
#9333 = VECTOR('',#9334,1.);
#9334 = DIRECTION('',(0.,-1.));
#9335 = ( GEOMETRIC_REPRESENTATION_CONTEXT(2) 
PARAMETRIC_REPRESENTATION_CONTEXT() REPRESENTATION_CONTEXT('2D SPACE',''
  ) );
#9336 = PCURVE('',#8964,#9337);
#9337 = DEFINITIONAL_REPRESENTATION('',(#9338),#9342);
#9338 = LINE('',#9339,#9340);
#9339 = CARTESIAN_POINT('',(0.,0.));
#9340 = VECTOR('',#9341,1.);
#9341 = DIRECTION('',(1.,0.));
#9342 = ( GEOMETRIC_REPRESENTATION_CONTEXT(2) 
PARAMETRIC_REPRESENTATION_CONTEXT() REPRESENTATION_CONTEXT('2D SPACE',''
  ) );
#9343 = ORIENTED_EDGE('',*,*,#9344,.T.);
#9344 = EDGE_CURVE('',#8948,#9227,#9345,.T.);
#9345 = SURFACE_CURVE('',#9346,(#9350,#9357),.PCURVE_S1.);
#9346 = LINE('',#9347,#9348);
#9347 = CARTESIAN_POINT('',(-94.,-61.5,155.5));
#9348 = VECTOR('',#9349,1.);
#9349 = DIRECTION('',(0.,-1.,0.));
#9350 = PCURVE('',#9244,#9351);
#9351 = DEFINITIONAL_REPRESENTATION('',(#9352),#9356);
#9352 = LINE('',#9353,#9354);
#9353 = CARTESIAN_POINT('',(-2.474873734153,2.474873734153));
#9354 = VECTOR('',#9355,1.);
#9355 = DIRECTION('',(0.,-1.));
#9356 = ( GEOMETRIC_REPRESENTATION_CONTEXT(2) 
PARAMETRIC_REPRESENTATION_CONTEXT() REPRESENTATION_CONTEXT('2D SPACE',''
  ) );
#9357 = PCURVE('',#8997,#9358);
#9358 = DEFINITIONAL_REPRESENTATION('',(#9359),#9363);
#9359 = LINE('',#9360,#9361);
#9360 = CARTESIAN_POINT('',(0.,0.));
#9361 = VECTOR('',#9362,1.);
#9362 = DIRECTION('',(1.,0.));
#9363 = ( GEOMETRIC_REPRESENTATION_CONTEXT(2) 
PARAMETRIC_REPRESENTATION_CONTEXT() REPRESENTATION_CONTEXT('2D SPACE',''
  ) );
#9364 = ORIENTED_EDGE('',*,*,#9226,.T.);
#9365 = ORIENTED_EDGE('',*,*,#9366,.F.);
#9366 = EDGE_CURVE('',#9322,#9229,#9367,.T.);
#9367 = SURFACE_CURVE('',#9368,(#9372,#9378),.PCURVE_S1.);
#9368 = LINE('',#9369,#9370);
#9369 = CARTESIAN_POINT('',(-96.26256313292,-62.,155.5));
#9370 = VECTOR('',#9371,1.);
#9371 = DIRECTION('',(1.,0.,0.));
#9372 = PCURVE('',#9244,#9373);
#9373 = DEFINITIONAL_REPRESENTATION('',(#9374),#9377);
#9374 = B_SPLINE_CURVE_WITH_KNOTS('',1,(#9375,#9376),.UNSPECIFIED.,.F.,
  .F.,(2,2),(2.262563132924,9.262563132924),.PIECEWISE_BEZIER_KNOTS.);
#9375 = CARTESIAN_POINT('',(-2.474873734153,1.974873734153));
#9376 = CARTESIAN_POINT('',(4.525126265847,1.974873734153));
#9377 = ( GEOMETRIC_REPRESENTATION_CONTEXT(2) 
PARAMETRIC_REPRESENTATION_CONTEXT() REPRESENTATION_CONTEXT('2D SPACE',''
  ) );
#9378 = PCURVE('',#806,#9379);
#9379 = DEFINITIONAL_REPRESENTATION('',(#9380),#9383);
#9380 = B_SPLINE_CURVE_WITH_KNOTS('',1,(#9381,#9382),.UNSPECIFIED.,.F.,
  .F.,(2,2),(2.262563132924,9.262563132924),.PIECEWISE_BEZIER_KNOTS.);
#9381 = CARTESIAN_POINT('',(7.5,7.));
#9382 = CARTESIAN_POINT('',(7.5,14.));
#9383 = ( GEOMETRIC_REPRESENTATION_CONTEXT(2) 
PARAMETRIC_REPRESENTATION_CONTEXT() REPRESENTATION_CONTEXT('2D SPACE',''
  ) );
#9384 = ADVANCED_FACE('',(#9385),#9030,.F.);
#9385 = FACE_BOUND('',#9386,.F.);
#9386 = EDGE_LOOP('',(#9387,#9388,#9389));
#9387 = ORIENTED_EDGE('',*,*,#9013,.T.);
#9388 = ORIENTED_EDGE('',*,*,#9153,.T.);
#9389 = ORIENTED_EDGE('',*,*,#9277,.F.);
#9390 = ADVANCED_FACE('',(#9391),#8997,.F.);
#9391 = FACE_BOUND('',#9392,.F.);
#9392 = EDGE_LOOP('',(#9393,#9394,#9395));
#9393 = ORIENTED_EDGE('',*,*,#9344,.F.);
#9394 = ORIENTED_EDGE('',*,*,#8980,.T.);
#9395 = ORIENTED_EDGE('',*,*,#9256,.F.);
#9396 = ADVANCED_FACE('',(#9397),#8964,.F.);
#9397 = FACE_BOUND('',#9398,.F.);
#9398 = EDGE_LOOP('',(#9399,#9400,#9419));
#9399 = ORIENTED_EDGE('',*,*,#9321,.F.);
#9400 = ORIENTED_EDGE('',*,*,#9401,.F.);
#9401 = EDGE_CURVE('',#8927,#9322,#9402,.T.);
#9402 = SURFACE_CURVE('',#9403,(#9407,#9413),.PCURVE_S1.);
#9403 = LINE('',#9404,#9405);
#9404 = CARTESIAN_POINT('',(-94.,-62.,151.75));
#9405 = VECTOR('',#9406,1.);
#9406 = DIRECTION('',(-0.,0.,-1.));
#9407 = PCURVE('',#8964,#9408);
#9408 = DEFINITIONAL_REPRESENTATION('',(#9409),#9412);
#9409 = B_SPLINE_CURVE_WITH_KNOTS('',1,(#9410,#9411),.UNSPECIFIED.,.F.,
  .F.,(2,2),(-10.75,-3.75),.PIECEWISE_BEZIER_KNOTS.);
#9410 = CARTESIAN_POINT('',(0.5,-7.));
#9411 = CARTESIAN_POINT('',(0.5,0.));
#9412 = ( GEOMETRIC_REPRESENTATION_CONTEXT(2) 
PARAMETRIC_REPRESENTATION_CONTEXT() REPRESENTATION_CONTEXT('2D SPACE',''
  ) );
#9413 = PCURVE('',#806,#9414);
#9414 = DEFINITIONAL_REPRESENTATION('',(#9415),#9418);
#9415 = B_SPLINE_CURVE_WITH_KNOTS('',1,(#9416,#9417),.UNSPECIFIED.,.F.,
  .F.,(2,2),(-10.75,-3.75),.PIECEWISE_BEZIER_KNOTS.);
#9416 = CARTESIAN_POINT('',(14.5,7.));
#9417 = CARTESIAN_POINT('',(7.5,7.));
#9418 = ( GEOMETRIC_REPRESENTATION_CONTEXT(2) 
PARAMETRIC_REPRESENTATION_CONTEXT() REPRESENTATION_CONTEXT('2D SPACE',''
  ) );
#9419 = ORIENTED_EDGE('',*,*,#8947,.T.);
#9420 = ADVANCED_FACE('',(#9421),#8463,.T.);
#9421 = FACE_BOUND('',#9422,.T.);
#9422 = EDGE_LOOP('',(#9423,#9424,#9445,#9478,#9511,#9544,#9577));
#9423 = ORIENTED_EDGE('',*,*,#8442,.F.);
#9424 = ORIENTED_EDGE('',*,*,#9425,.T.);
#9425 = EDGE_CURVE('',#8443,#9426,#9428,.T.);
#9426 = VERTEX_POINT('',#9427);
#9427 = CARTESIAN_POINT('',(-94.,-62.,219.19722436226));
#9428 = SURFACE_CURVE('',#9429,(#9433,#9439),.PCURVE_S1.);
#9429 = LINE('',#9430,#9431);
#9430 = CARTESIAN_POINT('',(-101.,-62.,219.19722436226));
#9431 = VECTOR('',#9432,1.);
#9432 = DIRECTION('',(1.,0.,0.));
#9433 = PCURVE('',#8463,#9434);
#9434 = DEFINITIONAL_REPRESENTATION('',(#9435),#9438);
#9435 = B_SPLINE_CURVE_WITH_KNOTS('',1,(#9436,#9437),.UNSPECIFIED.,.F.,
  .F.,(2,2),(0.,7.),.PIECEWISE_BEZIER_KNOTS.);
#9436 = CARTESIAN_POINT('',(10.454474761607,0.));
#9437 = CARTESIAN_POINT('',(10.454474761607,7.));
#9438 = ( GEOMETRIC_REPRESENTATION_CONTEXT(2) 
PARAMETRIC_REPRESENTATION_CONTEXT() REPRESENTATION_CONTEXT('2D SPACE',''
  ) );
#9439 = PCURVE('',#806,#9440);
#9440 = DEFINITIONAL_REPRESENTATION('',(#9441),#9444);
#9441 = B_SPLINE_CURVE_WITH_KNOTS('',1,(#9442,#9443),.UNSPECIFIED.,.F.,
  .F.,(2,2),(-6.000000070117E-07,7.0000006),.PIECEWISE_BEZIER_KNOTS.);
#9442 = CARTESIAN_POINT('',(71.197224362268,-6.000000070117E-07));
#9443 = CARTESIAN_POINT('',(71.197224362268,7.0000006));
#9444 = ( GEOMETRIC_REPRESENTATION_CONTEXT(2) 
PARAMETRIC_REPRESENTATION_CONTEXT() REPRESENTATION_CONTEXT('2D SPACE',''
  ) );
#9445 = ORIENTED_EDGE('',*,*,#9446,.T.);
#9446 = EDGE_CURVE('',#9426,#9447,#9449,.T.);
#9447 = VERTEX_POINT('',#9448);
#9448 = CARTESIAN_POINT('',(-94.,-65.,217.5));
#9449 = SURFACE_CURVE('',#9450,(#9455,#9462),.PCURVE_S1.);
#9450 = CIRCLE('',#9451,3.5);
#9451 = AXIS2_PLACEMENT_3D('',#9452,#9453,#9454);
#9452 = CARTESIAN_POINT('',(-94.,-65.,221.));
#9453 = DIRECTION('',(-1.,0.,-0.));
#9454 = DIRECTION('',(0.,0.857142857143,-0.515078753638));
#9455 = PCURVE('',#8463,#9456);
#9456 = DEFINITIONAL_REPRESENTATION('',(#9457),#9461);
#9457 = LINE('',#9458,#9459);
#9458 = CARTESIAN_POINT('',(10.454474761607,7.));
#9459 = VECTOR('',#9460,1.);
#9460 = DIRECTION('',(-1.,-0.));
#9461 = ( GEOMETRIC_REPRESENTATION_CONTEXT(2) 
PARAMETRIC_REPRESENTATION_CONTEXT() REPRESENTATION_CONTEXT('2D SPACE',''
  ) );
#9462 = PCURVE('',#9463,#9468);
#9463 = PLANE('',#9464);
#9464 = AXIS2_PLACEMENT_3D('',#9465,#9466,#9467);
#9465 = CARTESIAN_POINT('',(-94.,-61.5,217.5));
#9466 = DIRECTION('',(1.,0.,-0.));
#9467 = DIRECTION('',(0.,-1.,0.));
#9468 = DEFINITIONAL_REPRESENTATION('',(#9469),#9477);
#9469 = ( BOUNDED_CURVE() B_SPLINE_CURVE(2,(#9470,#9471,#9472,#9473,
#9474,#9475,#9476),.UNSPECIFIED.,.T.,.F.) B_SPLINE_CURVE_WITH_KNOTS((1,2
    ,2,2,2,1),(-2.094395102393,0.,2.094395102393,4.188790204786,
6.28318530718,8.377580409573),.UNSPECIFIED.) CURVE() 
GEOMETRIC_REPRESENTATION_ITEM() RATIONAL_B_SPLINE_CURVE((1.,0.5,1.,0.5,
1.,0.5,1.)) REPRESENTATION_ITEM('') );
#9470 = CARTESIAN_POINT('',(0.5,-1.697224362268));
#9471 = CARTESIAN_POINT('',(3.622498999199,3.498928060439));
#9472 = CARTESIAN_POINT('',(6.5612494996,-1.803311607513));
#9473 = CARTESIAN_POINT('',(9.5,-7.105551275464));
#9474 = CARTESIAN_POINT('',(3.4387505004,-6.999464030219));
#9475 = CARTESIAN_POINT('',(-2.622498999199,-6.893376784975));
#9476 = CARTESIAN_POINT('',(0.5,-1.697224362268));
#9477 = ( GEOMETRIC_REPRESENTATION_CONTEXT(2) 
PARAMETRIC_REPRESENTATION_CONTEXT() REPRESENTATION_CONTEXT('2D SPACE',''
  ) );
#9478 = ORIENTED_EDGE('',*,*,#9479,.T.);
#9479 = EDGE_CURVE('',#9447,#9480,#9482,.T.);
#9480 = VERTEX_POINT('',#9481);
#9481 = CARTESIAN_POINT('',(-94.,-68.5,221.));
#9482 = SURFACE_CURVE('',#9483,(#9488,#9495),.PCURVE_S1.);
#9483 = CIRCLE('',#9484,3.5);
#9484 = AXIS2_PLACEMENT_3D('',#9485,#9486,#9487);
#9485 = CARTESIAN_POINT('',(-94.,-65.,221.));
#9486 = DIRECTION('',(-1.,0.,-0.));
#9487 = DIRECTION('',(0.,0.857142857143,-0.515078753638));
#9488 = PCURVE('',#8463,#9489);
#9489 = DEFINITIONAL_REPRESENTATION('',(#9490),#9494);
#9490 = LINE('',#9491,#9492);
#9491 = CARTESIAN_POINT('',(10.454474761607,7.));
#9492 = VECTOR('',#9493,1.);
#9493 = DIRECTION('',(-1.,-0.));
#9494 = ( GEOMETRIC_REPRESENTATION_CONTEXT(2) 
PARAMETRIC_REPRESENTATION_CONTEXT() REPRESENTATION_CONTEXT('2D SPACE',''
  ) );
#9495 = PCURVE('',#9496,#9501);
#9496 = PLANE('',#9497);
#9497 = AXIS2_PLACEMENT_3D('',#9498,#9499,#9500);
#9498 = CARTESIAN_POINT('',(-94.,-61.5,217.5));
#9499 = DIRECTION('',(1.,0.,-0.));
#9500 = DIRECTION('',(0.,-1.,0.));
#9501 = DEFINITIONAL_REPRESENTATION('',(#9502),#9510);
#9502 = ( BOUNDED_CURVE() B_SPLINE_CURVE(2,(#9503,#9504,#9505,#9506,
#9507,#9508,#9509),.UNSPECIFIED.,.T.,.F.) B_SPLINE_CURVE_WITH_KNOTS((1,2
    ,2,2,2,1),(-2.094395102393,0.,2.094395102393,4.188790204786,
6.28318530718,8.377580409573),.UNSPECIFIED.) CURVE() 
GEOMETRIC_REPRESENTATION_ITEM() RATIONAL_B_SPLINE_CURVE((1.,0.5,1.,0.5,
1.,0.5,1.)) REPRESENTATION_ITEM('') );
#9503 = CARTESIAN_POINT('',(0.5,-1.697224362268));
#9504 = CARTESIAN_POINT('',(3.622498999199,3.498928060439));
#9505 = CARTESIAN_POINT('',(6.5612494996,-1.803311607513));
#9506 = CARTESIAN_POINT('',(9.5,-7.105551275464));
#9507 = CARTESIAN_POINT('',(3.4387505004,-6.999464030219));
#9508 = CARTESIAN_POINT('',(-2.622498999199,-6.893376784975));
#9509 = CARTESIAN_POINT('',(0.5,-1.697224362268));
#9510 = ( GEOMETRIC_REPRESENTATION_CONTEXT(2) 
PARAMETRIC_REPRESENTATION_CONTEXT() REPRESENTATION_CONTEXT('2D SPACE',''
  ) );
#9511 = ORIENTED_EDGE('',*,*,#9512,.T.);
#9512 = EDGE_CURVE('',#9480,#9513,#9515,.T.);
#9513 = VERTEX_POINT('',#9514);
#9514 = CARTESIAN_POINT('',(-94.,-65.,224.5));
#9515 = SURFACE_CURVE('',#9516,(#9521,#9528),.PCURVE_S1.);
#9516 = CIRCLE('',#9517,3.5);
#9517 = AXIS2_PLACEMENT_3D('',#9518,#9519,#9520);
#9518 = CARTESIAN_POINT('',(-94.,-65.,221.));
#9519 = DIRECTION('',(-1.,0.,-0.));
#9520 = DIRECTION('',(0.,0.857142857143,-0.515078753638));
#9521 = PCURVE('',#8463,#9522);
#9522 = DEFINITIONAL_REPRESENTATION('',(#9523),#9527);
#9523 = LINE('',#9524,#9525);
#9524 = CARTESIAN_POINT('',(10.454474761607,7.));
#9525 = VECTOR('',#9526,1.);
#9526 = DIRECTION('',(-1.,-0.));
#9527 = ( GEOMETRIC_REPRESENTATION_CONTEXT(2) 
PARAMETRIC_REPRESENTATION_CONTEXT() REPRESENTATION_CONTEXT('2D SPACE',''
  ) );
#9528 = PCURVE('',#9529,#9534);
#9529 = PLANE('',#9530);
#9530 = AXIS2_PLACEMENT_3D('',#9531,#9532,#9533);
#9531 = CARTESIAN_POINT('',(-94.,-61.5,217.5));
#9532 = DIRECTION('',(1.,0.,-0.));
#9533 = DIRECTION('',(0.,-1.,0.));
#9534 = DEFINITIONAL_REPRESENTATION('',(#9535),#9543);
#9535 = ( BOUNDED_CURVE() B_SPLINE_CURVE(2,(#9536,#9537,#9538,#9539,
#9540,#9541,#9542),.UNSPECIFIED.,.T.,.F.) B_SPLINE_CURVE_WITH_KNOTS((1,2
    ,2,2,2,1),(-2.094395102393,0.,2.094395102393,4.188790204786,
6.28318530718,8.377580409573),.UNSPECIFIED.) CURVE() 
GEOMETRIC_REPRESENTATION_ITEM() RATIONAL_B_SPLINE_CURVE((1.,0.5,1.,0.5,
1.,0.5,1.)) REPRESENTATION_ITEM('') );
#9536 = CARTESIAN_POINT('',(0.5,-1.697224362268));
#9537 = CARTESIAN_POINT('',(3.622498999199,3.498928060439));
#9538 = CARTESIAN_POINT('',(6.5612494996,-1.803311607513));
#9539 = CARTESIAN_POINT('',(9.5,-7.105551275464));
#9540 = CARTESIAN_POINT('',(3.4387505004,-6.999464030219));
#9541 = CARTESIAN_POINT('',(-2.622498999199,-6.893376784975));
#9542 = CARTESIAN_POINT('',(0.5,-1.697224362268));
#9543 = ( GEOMETRIC_REPRESENTATION_CONTEXT(2) 
PARAMETRIC_REPRESENTATION_CONTEXT() REPRESENTATION_CONTEXT('2D SPACE',''
  ) );
#9544 = ORIENTED_EDGE('',*,*,#9545,.T.);
#9545 = EDGE_CURVE('',#9513,#9546,#9548,.T.);
#9546 = VERTEX_POINT('',#9547);
#9547 = CARTESIAN_POINT('',(-94.,-62.,222.80277563773));
#9548 = SURFACE_CURVE('',#9549,(#9554,#9561),.PCURVE_S1.);
#9549 = CIRCLE('',#9550,3.5);
#9550 = AXIS2_PLACEMENT_3D('',#9551,#9552,#9553);
#9551 = CARTESIAN_POINT('',(-94.,-65.,221.));
#9552 = DIRECTION('',(-1.,0.,-0.));
#9553 = DIRECTION('',(0.,0.857142857143,-0.515078753638));
#9554 = PCURVE('',#8463,#9555);
#9555 = DEFINITIONAL_REPRESENTATION('',(#9556),#9560);
#9556 = LINE('',#9557,#9558);
#9557 = CARTESIAN_POINT('',(10.454474761607,7.));
#9558 = VECTOR('',#9559,1.);
#9559 = DIRECTION('',(-1.,-0.));
#9560 = ( GEOMETRIC_REPRESENTATION_CONTEXT(2) 
PARAMETRIC_REPRESENTATION_CONTEXT() REPRESENTATION_CONTEXT('2D SPACE',''
  ) );
#9561 = PCURVE('',#9562,#9567);
#9562 = PLANE('',#9563);
#9563 = AXIS2_PLACEMENT_3D('',#9564,#9565,#9566);
#9564 = CARTESIAN_POINT('',(-94.,-61.5,217.5));
#9565 = DIRECTION('',(1.,0.,-0.));
#9566 = DIRECTION('',(0.,-1.,0.));
#9567 = DEFINITIONAL_REPRESENTATION('',(#9568),#9576);
#9568 = ( BOUNDED_CURVE() B_SPLINE_CURVE(2,(#9569,#9570,#9571,#9572,
#9573,#9574,#9575),.UNSPECIFIED.,.T.,.F.) B_SPLINE_CURVE_WITH_KNOTS((1,2
    ,2,2,2,1),(-2.094395102393,0.,2.094395102393,4.188790204786,
6.28318530718,8.377580409573),.UNSPECIFIED.) CURVE() 
GEOMETRIC_REPRESENTATION_ITEM() RATIONAL_B_SPLINE_CURVE((1.,0.5,1.,0.5,
1.,0.5,1.)) REPRESENTATION_ITEM('') );
#9569 = CARTESIAN_POINT('',(0.5,-1.697224362268));
#9570 = CARTESIAN_POINT('',(3.622498999199,3.498928060439));
#9571 = CARTESIAN_POINT('',(6.5612494996,-1.803311607513));
#9572 = CARTESIAN_POINT('',(9.5,-7.105551275464));
#9573 = CARTESIAN_POINT('',(3.4387505004,-6.999464030219));
#9574 = CARTESIAN_POINT('',(-2.622498999199,-6.893376784975));
#9575 = CARTESIAN_POINT('',(0.5,-1.697224362268));
#9576 = ( GEOMETRIC_REPRESENTATION_CONTEXT(2) 
PARAMETRIC_REPRESENTATION_CONTEXT() REPRESENTATION_CONTEXT('2D SPACE',''
  ) );
#9577 = ORIENTED_EDGE('',*,*,#9578,.F.);
#9578 = EDGE_CURVE('',#8420,#9546,#9579,.T.);
#9579 = SURFACE_CURVE('',#9580,(#9584,#9590),.PCURVE_S1.);
#9580 = LINE('',#9581,#9582);
#9581 = CARTESIAN_POINT('',(-101.,-62.,222.80277563773));
#9582 = VECTOR('',#9583,1.);
#9583 = DIRECTION('',(1.,0.,0.));
#9584 = PCURVE('',#8463,#9585);
#9585 = DEFINITIONAL_REPRESENTATION('',(#9586),#9589);
#9586 = B_SPLINE_CURVE_WITH_KNOTS('',1,(#9587,#9588),.UNSPECIFIED.,.F.,
  .F.,(2,2),(0.,7.),.PIECEWISE_BEZIER_KNOTS.);
#9587 = CARTESIAN_POINT('',(5.253488506342,0.));
#9588 = CARTESIAN_POINT('',(5.253488506342,7.));
#9589 = ( GEOMETRIC_REPRESENTATION_CONTEXT(2) 
PARAMETRIC_REPRESENTATION_CONTEXT() REPRESENTATION_CONTEXT('2D SPACE',''
  ) );
#9590 = PCURVE('',#806,#9591);
#9591 = DEFINITIONAL_REPRESENTATION('',(#9592),#9595);
#9592 = B_SPLINE_CURVE_WITH_KNOTS('',1,(#9593,#9594),.UNSPECIFIED.,.F.,
  .F.,(2,2),(-6.000000070117E-07,7.0000006),.PIECEWISE_BEZIER_KNOTS.);
#9593 = CARTESIAN_POINT('',(74.802775637732,-6.000000070117E-07));
#9594 = CARTESIAN_POINT('',(74.802775637732,7.0000006));
#9595 = ( GEOMETRIC_REPRESENTATION_CONTEXT(2) 
PARAMETRIC_REPRESENTATION_CONTEXT() REPRESENTATION_CONTEXT('2D SPACE',''
  ) );
#9596 = ADVANCED_FACE('',(#9597),#9562,.F.);
#9597 = FACE_BOUND('',#9598,.F.);
#9598 = EDGE_LOOP('',(#9599,#9620,#9646));
#9599 = ORIENTED_EDGE('',*,*,#9600,.F.);
#9600 = EDGE_CURVE('',#9601,#9546,#9603,.T.);
#9601 = VERTEX_POINT('',#9602);
#9602 = CARTESIAN_POINT('',(-94.,-62.,224.5));
#9603 = SURFACE_CURVE('',#9604,(#9608,#9614),.PCURVE_S1.);
#9604 = LINE('',#9605,#9606);
#9605 = CARTESIAN_POINT('',(-94.,-62.,182.75));
#9606 = VECTOR('',#9607,1.);
#9607 = DIRECTION('',(-0.,0.,-1.));
#9608 = PCURVE('',#9562,#9609);
#9609 = DEFINITIONAL_REPRESENTATION('',(#9610),#9613);
#9610 = B_SPLINE_CURVE_WITH_KNOTS('',1,(#9611,#9612),.UNSPECIFIED.,.F.,
  .F.,(2,2),(-41.75,-34.75),.PIECEWISE_BEZIER_KNOTS.);
#9611 = CARTESIAN_POINT('',(0.5,-7.));
#9612 = CARTESIAN_POINT('',(0.5,0.));
#9613 = ( GEOMETRIC_REPRESENTATION_CONTEXT(2) 
PARAMETRIC_REPRESENTATION_CONTEXT() REPRESENTATION_CONTEXT('2D SPACE',''
  ) );
#9614 = PCURVE('',#806,#9615);
#9615 = DEFINITIONAL_REPRESENTATION('',(#9616),#9619);
#9616 = B_SPLINE_CURVE_WITH_KNOTS('',1,(#9617,#9618),.UNSPECIFIED.,.F.,
  .F.,(2,2),(-41.75,-34.75),.PIECEWISE_BEZIER_KNOTS.);
#9617 = CARTESIAN_POINT('',(76.5,7.));
#9618 = CARTESIAN_POINT('',(69.5,7.));
#9619 = ( GEOMETRIC_REPRESENTATION_CONTEXT(2) 
PARAMETRIC_REPRESENTATION_CONTEXT() REPRESENTATION_CONTEXT('2D SPACE',''
  ) );
#9620 = ORIENTED_EDGE('',*,*,#9621,.T.);
#9621 = EDGE_CURVE('',#9601,#9513,#9622,.T.);
#9622 = SURFACE_CURVE('',#9623,(#9627,#9634),.PCURVE_S1.);
#9623 = LINE('',#9624,#9625);
#9624 = CARTESIAN_POINT('',(-94.,-61.5,224.5));
#9625 = VECTOR('',#9626,1.);
#9626 = DIRECTION('',(0.,-1.,0.));
#9627 = PCURVE('',#9562,#9628);
#9628 = DEFINITIONAL_REPRESENTATION('',(#9629),#9633);
#9629 = LINE('',#9630,#9631);
#9630 = CARTESIAN_POINT('',(0.,-7.));
#9631 = VECTOR('',#9632,1.);
#9632 = DIRECTION('',(1.,0.));
#9633 = ( GEOMETRIC_REPRESENTATION_CONTEXT(2) 
PARAMETRIC_REPRESENTATION_CONTEXT() REPRESENTATION_CONTEXT('2D SPACE',''
  ) );
#9634 = PCURVE('',#9635,#9640);
#9635 = PLANE('',#9636);
#9636 = AXIS2_PLACEMENT_3D('',#9637,#9638,#9639);
#9637 = CARTESIAN_POINT('',(-91.52512626584,-63.97487373415,224.5));
#9638 = DIRECTION('',(0.,0.,1.));
#9639 = DIRECTION('',(1.,0.,-0.));
#9640 = DEFINITIONAL_REPRESENTATION('',(#9641),#9645);
#9641 = LINE('',#9642,#9643);
#9642 = CARTESIAN_POINT('',(-2.474873734153,2.474873734153));
#9643 = VECTOR('',#9644,1.);
#9644 = DIRECTION('',(0.,-1.));
#9645 = ( GEOMETRIC_REPRESENTATION_CONTEXT(2) 
PARAMETRIC_REPRESENTATION_CONTEXT() REPRESENTATION_CONTEXT('2D SPACE',''
  ) );
#9646 = ORIENTED_EDGE('',*,*,#9545,.T.);
#9647 = ADVANCED_FACE('',(#9648),#9635,.T.);
#9648 = FACE_BOUND('',#9649,.T.);
#9649 = EDGE_LOOP('',(#9650,#9651,#9674,#9702));
#9650 = ORIENTED_EDGE('',*,*,#9621,.T.);
#9651 = ORIENTED_EDGE('',*,*,#9652,.T.);
#9652 = EDGE_CURVE('',#9513,#9653,#9655,.T.);
#9653 = VERTEX_POINT('',#9654);
#9654 = CARTESIAN_POINT('',(-94.,-68.5,224.5));
#9655 = SURFACE_CURVE('',#9656,(#9660,#9667),.PCURVE_S1.);
#9656 = LINE('',#9657,#9658);
#9657 = CARTESIAN_POINT('',(-94.,-61.5,224.5));
#9658 = VECTOR('',#9659,1.);
#9659 = DIRECTION('',(0.,-1.,0.));
#9660 = PCURVE('',#9635,#9661);
#9661 = DEFINITIONAL_REPRESENTATION('',(#9662),#9666);
#9662 = LINE('',#9663,#9664);
#9663 = CARTESIAN_POINT('',(-2.474873734153,2.474873734153));
#9664 = VECTOR('',#9665,1.);
#9665 = DIRECTION('',(0.,-1.));
#9666 = ( GEOMETRIC_REPRESENTATION_CONTEXT(2) 
PARAMETRIC_REPRESENTATION_CONTEXT() REPRESENTATION_CONTEXT('2D SPACE',''
  ) );
#9667 = PCURVE('',#9529,#9668);
#9668 = DEFINITIONAL_REPRESENTATION('',(#9669),#9673);
#9669 = LINE('',#9670,#9671);
#9670 = CARTESIAN_POINT('',(0.,-7.));
#9671 = VECTOR('',#9672,1.);
#9672 = DIRECTION('',(1.,0.));
#9673 = ( GEOMETRIC_REPRESENTATION_CONTEXT(2) 
PARAMETRIC_REPRESENTATION_CONTEXT() REPRESENTATION_CONTEXT('2D SPACE',''
  ) );
#9674 = ORIENTED_EDGE('',*,*,#9675,.T.);
#9675 = EDGE_CURVE('',#9653,#9676,#9678,.T.);
#9676 = VERTEX_POINT('',#9677);
#9677 = CARTESIAN_POINT('',(-87.5,-62.,224.5));
#9678 = SURFACE_CURVE('',#9679,(#9683,#9690),.PCURVE_S1.);
#9679 = LINE('',#9680,#9681);
#9680 = CARTESIAN_POINT('',(-94.,-68.5,224.5));
#9681 = VECTOR('',#9682,1.);
#9682 = DIRECTION('',(0.707106781187,0.707106781187,0.));
#9683 = PCURVE('',#9635,#9684);
#9684 = DEFINITIONAL_REPRESENTATION('',(#9685),#9689);
#9685 = LINE('',#9686,#9687);
#9686 = CARTESIAN_POINT('',(-2.474873734153,-4.525126265847));
#9687 = VECTOR('',#9688,1.);
#9688 = DIRECTION('',(0.707106781187,0.707106781187));
#9689 = ( GEOMETRIC_REPRESENTATION_CONTEXT(2) 
PARAMETRIC_REPRESENTATION_CONTEXT() REPRESENTATION_CONTEXT('2D SPACE',''
  ) );
#9690 = PCURVE('',#9691,#9696);
#9691 = PLANE('',#9692);
#9692 = AXIS2_PLACEMENT_3D('',#9693,#9694,#9695);
#9693 = CARTESIAN_POINT('',(-94.,-68.5,217.5));
#9694 = DIRECTION('',(-0.707106781187,0.707106781187,0.));
#9695 = DIRECTION('',(0.707106781187,0.707106781187,0.));
#9696 = DEFINITIONAL_REPRESENTATION('',(#9697),#9701);
#9697 = LINE('',#9698,#9699);
#9698 = CARTESIAN_POINT('',(0.,-7.));
#9699 = VECTOR('',#9700,1.);
#9700 = DIRECTION('',(1.,0.));
#9701 = ( GEOMETRIC_REPRESENTATION_CONTEXT(2) 
PARAMETRIC_REPRESENTATION_CONTEXT() REPRESENTATION_CONTEXT('2D SPACE',''
  ) );
#9702 = ORIENTED_EDGE('',*,*,#9703,.F.);
#9703 = EDGE_CURVE('',#9601,#9676,#9704,.T.);
#9704 = SURFACE_CURVE('',#9705,(#9709,#9715),.PCURVE_S1.);
#9705 = LINE('',#9706,#9707);
#9706 = CARTESIAN_POINT('',(-96.26256313292,-62.,224.5));
#9707 = VECTOR('',#9708,1.);
#9708 = DIRECTION('',(1.,0.,0.));
#9709 = PCURVE('',#9635,#9710);
#9710 = DEFINITIONAL_REPRESENTATION('',(#9711),#9714);
#9711 = B_SPLINE_CURVE_WITH_KNOTS('',1,(#9712,#9713),.UNSPECIFIED.,.F.,
  .F.,(2,2),(2.262563132924,9.262563132924),.PIECEWISE_BEZIER_KNOTS.);
#9712 = CARTESIAN_POINT('',(-2.474873734153,1.974873734153));
#9713 = CARTESIAN_POINT('',(4.525126265847,1.974873734153));
#9714 = ( GEOMETRIC_REPRESENTATION_CONTEXT(2) 
PARAMETRIC_REPRESENTATION_CONTEXT() REPRESENTATION_CONTEXT('2D SPACE',''
  ) );
#9715 = PCURVE('',#806,#9716);
#9716 = DEFINITIONAL_REPRESENTATION('',(#9717),#9720);
#9717 = B_SPLINE_CURVE_WITH_KNOTS('',1,(#9718,#9719),.UNSPECIFIED.,.F.,
  .F.,(2,2),(2.262563132924,9.262563132924),.PIECEWISE_BEZIER_KNOTS.);
#9718 = CARTESIAN_POINT('',(76.5,7.));
#9719 = CARTESIAN_POINT('',(76.5,14.));
#9720 = ( GEOMETRIC_REPRESENTATION_CONTEXT(2) 
PARAMETRIC_REPRESENTATION_CONTEXT() REPRESENTATION_CONTEXT('2D SPACE',''
  ) );
#9721 = ADVANCED_FACE('',(#9722),#9691,.F.);
#9722 = FACE_BOUND('',#9723,.F.);
#9723 = EDGE_LOOP('',(#9724,#9754,#9775,#9796,#9797));
#9724 = ORIENTED_EDGE('',*,*,#9725,.F.);
#9725 = EDGE_CURVE('',#9726,#9728,#9730,.T.);
#9726 = VERTEX_POINT('',#9727);
#9727 = CARTESIAN_POINT('',(-94.,-68.5,217.5));
#9728 = VERTEX_POINT('',#9729);
#9729 = CARTESIAN_POINT('',(-87.5,-62.,217.5));
#9730 = SURFACE_CURVE('',#9731,(#9735,#9742),.PCURVE_S1.);
#9731 = LINE('',#9732,#9733);
#9732 = CARTESIAN_POINT('',(-94.,-68.5,217.5));
#9733 = VECTOR('',#9734,1.);
#9734 = DIRECTION('',(0.707106781187,0.707106781187,0.));
#9735 = PCURVE('',#9691,#9736);
#9736 = DEFINITIONAL_REPRESENTATION('',(#9737),#9741);
#9737 = LINE('',#9738,#9739);
#9738 = CARTESIAN_POINT('',(0.,0.));
#9739 = VECTOR('',#9740,1.);
#9740 = DIRECTION('',(1.,0.));
#9741 = ( GEOMETRIC_REPRESENTATION_CONTEXT(2) 
PARAMETRIC_REPRESENTATION_CONTEXT() REPRESENTATION_CONTEXT('2D SPACE',''
  ) );
#9742 = PCURVE('',#9743,#9748);
#9743 = PLANE('',#9744);
#9744 = AXIS2_PLACEMENT_3D('',#9745,#9746,#9747);
#9745 = CARTESIAN_POINT('',(-91.52512626584,-63.97487373415,217.5));
#9746 = DIRECTION('',(0.,0.,1.));
#9747 = DIRECTION('',(1.,0.,-0.));
#9748 = DEFINITIONAL_REPRESENTATION('',(#9749),#9753);
#9749 = LINE('',#9750,#9751);
#9750 = CARTESIAN_POINT('',(-2.474873734153,-4.525126265847));
#9751 = VECTOR('',#9752,1.);
#9752 = DIRECTION('',(0.707106781187,0.707106781187));
#9753 = ( GEOMETRIC_REPRESENTATION_CONTEXT(2) 
PARAMETRIC_REPRESENTATION_CONTEXT() REPRESENTATION_CONTEXT('2D SPACE',''
  ) );
#9754 = ORIENTED_EDGE('',*,*,#9755,.T.);
#9755 = EDGE_CURVE('',#9726,#9480,#9756,.T.);
#9756 = SURFACE_CURVE('',#9757,(#9761,#9768),.PCURVE_S1.);
#9757 = LINE('',#9758,#9759);
#9758 = CARTESIAN_POINT('',(-94.,-68.5,217.5));
#9759 = VECTOR('',#9760,1.);
#9760 = DIRECTION('',(0.,0.,1.));
#9761 = PCURVE('',#9691,#9762);
#9762 = DEFINITIONAL_REPRESENTATION('',(#9763),#9767);
#9763 = LINE('',#9764,#9765);
#9764 = CARTESIAN_POINT('',(0.,0.));
#9765 = VECTOR('',#9766,1.);
#9766 = DIRECTION('',(0.,-1.));
#9767 = ( GEOMETRIC_REPRESENTATION_CONTEXT(2) 
PARAMETRIC_REPRESENTATION_CONTEXT() REPRESENTATION_CONTEXT('2D SPACE',''
  ) );
#9768 = PCURVE('',#9496,#9769);
#9769 = DEFINITIONAL_REPRESENTATION('',(#9770),#9774);
#9770 = LINE('',#9771,#9772);
#9771 = CARTESIAN_POINT('',(7.,0.));
#9772 = VECTOR('',#9773,1.);
#9773 = DIRECTION('',(0.,-1.));
#9774 = ( GEOMETRIC_REPRESENTATION_CONTEXT(2) 
PARAMETRIC_REPRESENTATION_CONTEXT() REPRESENTATION_CONTEXT('2D SPACE',''
  ) );
#9775 = ORIENTED_EDGE('',*,*,#9776,.T.);
#9776 = EDGE_CURVE('',#9480,#9653,#9777,.T.);
#9777 = SURFACE_CURVE('',#9778,(#9782,#9789),.PCURVE_S1.);
#9778 = LINE('',#9779,#9780);
#9779 = CARTESIAN_POINT('',(-94.,-68.5,217.5));
#9780 = VECTOR('',#9781,1.);
#9781 = DIRECTION('',(0.,0.,1.));
#9782 = PCURVE('',#9691,#9783);
#9783 = DEFINITIONAL_REPRESENTATION('',(#9784),#9788);
#9784 = LINE('',#9785,#9786);
#9785 = CARTESIAN_POINT('',(0.,0.));
#9786 = VECTOR('',#9787,1.);
#9787 = DIRECTION('',(0.,-1.));
#9788 = ( GEOMETRIC_REPRESENTATION_CONTEXT(2) 
PARAMETRIC_REPRESENTATION_CONTEXT() REPRESENTATION_CONTEXT('2D SPACE',''
  ) );
#9789 = PCURVE('',#9529,#9790);
#9790 = DEFINITIONAL_REPRESENTATION('',(#9791),#9795);
#9791 = LINE('',#9792,#9793);
#9792 = CARTESIAN_POINT('',(7.,0.));
#9793 = VECTOR('',#9794,1.);
#9794 = DIRECTION('',(0.,-1.));
#9795 = ( GEOMETRIC_REPRESENTATION_CONTEXT(2) 
PARAMETRIC_REPRESENTATION_CONTEXT() REPRESENTATION_CONTEXT('2D SPACE',''
  ) );
#9796 = ORIENTED_EDGE('',*,*,#9675,.T.);
#9797 = ORIENTED_EDGE('',*,*,#9798,.F.);
#9798 = EDGE_CURVE('',#9728,#9676,#9799,.T.);
#9799 = SURFACE_CURVE('',#9800,(#9804,#9810),.PCURVE_S1.);
#9800 = LINE('',#9801,#9802);
#9801 = CARTESIAN_POINT('',(-87.5,-62.,182.75));
#9802 = VECTOR('',#9803,1.);
#9803 = DIRECTION('',(0.,-0.,1.));
#9804 = PCURVE('',#9691,#9805);
#9805 = DEFINITIONAL_REPRESENTATION('',(#9806),#9809);
#9806 = B_SPLINE_CURVE_WITH_KNOTS('',1,(#9807,#9808),.UNSPECIFIED.,.F.,
  .F.,(2,2),(34.75,41.75),.PIECEWISE_BEZIER_KNOTS.);
#9807 = CARTESIAN_POINT('',(9.192388155425,0.));
#9808 = CARTESIAN_POINT('',(9.192388155425,-7.));
#9809 = ( GEOMETRIC_REPRESENTATION_CONTEXT(2) 
PARAMETRIC_REPRESENTATION_CONTEXT() REPRESENTATION_CONTEXT('2D SPACE',''
  ) );
#9810 = PCURVE('',#806,#9811);
#9811 = DEFINITIONAL_REPRESENTATION('',(#9812),#9815);
#9812 = B_SPLINE_CURVE_WITH_KNOTS('',1,(#9813,#9814),.UNSPECIFIED.,.F.,
  .F.,(2,2),(34.75,41.75),.PIECEWISE_BEZIER_KNOTS.);
#9813 = CARTESIAN_POINT('',(69.5,13.5));
#9814 = CARTESIAN_POINT('',(76.5,13.5));
#9815 = ( GEOMETRIC_REPRESENTATION_CONTEXT(2) 
PARAMETRIC_REPRESENTATION_CONTEXT() REPRESENTATION_CONTEXT('2D SPACE',''
  ) );
#9816 = ADVANCED_FACE('',(#9817),#9743,.F.);
#9817 = FACE_BOUND('',#9818,.F.);
#9818 = EDGE_LOOP('',(#9819,#9842,#9863,#9864));
#9819 = ORIENTED_EDGE('',*,*,#9820,.T.);
#9820 = EDGE_CURVE('',#9821,#9447,#9823,.T.);
#9821 = VERTEX_POINT('',#9822);
#9822 = CARTESIAN_POINT('',(-94.,-62.,217.5));
#9823 = SURFACE_CURVE('',#9824,(#9828,#9835),.PCURVE_S1.);
#9824 = LINE('',#9825,#9826);
#9825 = CARTESIAN_POINT('',(-94.,-61.5,217.5));
#9826 = VECTOR('',#9827,1.);
#9827 = DIRECTION('',(0.,-1.,0.));
#9828 = PCURVE('',#9743,#9829);
#9829 = DEFINITIONAL_REPRESENTATION('',(#9830),#9834);
#9830 = LINE('',#9831,#9832);
#9831 = CARTESIAN_POINT('',(-2.474873734153,2.474873734153));
#9832 = VECTOR('',#9833,1.);
#9833 = DIRECTION('',(0.,-1.));
#9834 = ( GEOMETRIC_REPRESENTATION_CONTEXT(2) 
PARAMETRIC_REPRESENTATION_CONTEXT() REPRESENTATION_CONTEXT('2D SPACE',''
  ) );
#9835 = PCURVE('',#9463,#9836);
#9836 = DEFINITIONAL_REPRESENTATION('',(#9837),#9841);
#9837 = LINE('',#9838,#9839);
#9838 = CARTESIAN_POINT('',(0.,0.));
#9839 = VECTOR('',#9840,1.);
#9840 = DIRECTION('',(1.,0.));
#9841 = ( GEOMETRIC_REPRESENTATION_CONTEXT(2) 
PARAMETRIC_REPRESENTATION_CONTEXT() REPRESENTATION_CONTEXT('2D SPACE',''
  ) );
#9842 = ORIENTED_EDGE('',*,*,#9843,.T.);
#9843 = EDGE_CURVE('',#9447,#9726,#9844,.T.);
#9844 = SURFACE_CURVE('',#9845,(#9849,#9856),.PCURVE_S1.);
#9845 = LINE('',#9846,#9847);
#9846 = CARTESIAN_POINT('',(-94.,-61.5,217.5));
#9847 = VECTOR('',#9848,1.);
#9848 = DIRECTION('',(0.,-1.,0.));
#9849 = PCURVE('',#9743,#9850);
#9850 = DEFINITIONAL_REPRESENTATION('',(#9851),#9855);
#9851 = LINE('',#9852,#9853);
#9852 = CARTESIAN_POINT('',(-2.474873734153,2.474873734153));
#9853 = VECTOR('',#9854,1.);
#9854 = DIRECTION('',(0.,-1.));
#9855 = ( GEOMETRIC_REPRESENTATION_CONTEXT(2) 
PARAMETRIC_REPRESENTATION_CONTEXT() REPRESENTATION_CONTEXT('2D SPACE',''
  ) );
#9856 = PCURVE('',#9496,#9857);
#9857 = DEFINITIONAL_REPRESENTATION('',(#9858),#9862);
#9858 = LINE('',#9859,#9860);
#9859 = CARTESIAN_POINT('',(0.,0.));
#9860 = VECTOR('',#9861,1.);
#9861 = DIRECTION('',(1.,0.));
#9862 = ( GEOMETRIC_REPRESENTATION_CONTEXT(2) 
PARAMETRIC_REPRESENTATION_CONTEXT() REPRESENTATION_CONTEXT('2D SPACE',''
  ) );
#9863 = ORIENTED_EDGE('',*,*,#9725,.T.);
#9864 = ORIENTED_EDGE('',*,*,#9865,.F.);
#9865 = EDGE_CURVE('',#9821,#9728,#9866,.T.);
#9866 = SURFACE_CURVE('',#9867,(#9871,#9877),.PCURVE_S1.);
#9867 = LINE('',#9868,#9869);
#9868 = CARTESIAN_POINT('',(-96.26256313292,-62.,217.5));
#9869 = VECTOR('',#9870,1.);
#9870 = DIRECTION('',(1.,0.,0.));
#9871 = PCURVE('',#9743,#9872);
#9872 = DEFINITIONAL_REPRESENTATION('',(#9873),#9876);
#9873 = B_SPLINE_CURVE_WITH_KNOTS('',1,(#9874,#9875),.UNSPECIFIED.,.F.,
  .F.,(2,2),(2.262563132924,9.262563132924),.PIECEWISE_BEZIER_KNOTS.);
#9874 = CARTESIAN_POINT('',(-2.474873734153,1.974873734153));
#9875 = CARTESIAN_POINT('',(4.525126265847,1.974873734153));
#9876 = ( GEOMETRIC_REPRESENTATION_CONTEXT(2) 
PARAMETRIC_REPRESENTATION_CONTEXT() REPRESENTATION_CONTEXT('2D SPACE',''
  ) );
#9877 = PCURVE('',#806,#9878);
#9878 = DEFINITIONAL_REPRESENTATION('',(#9879),#9882);
#9879 = B_SPLINE_CURVE_WITH_KNOTS('',1,(#9880,#9881),.UNSPECIFIED.,.F.,
  .F.,(2,2),(2.262563132924,9.262563132924),.PIECEWISE_BEZIER_KNOTS.);
#9880 = CARTESIAN_POINT('',(69.5,7.));
#9881 = CARTESIAN_POINT('',(69.5,14.));
#9882 = ( GEOMETRIC_REPRESENTATION_CONTEXT(2) 
PARAMETRIC_REPRESENTATION_CONTEXT() REPRESENTATION_CONTEXT('2D SPACE',''
  ) );
#9883 = ADVANCED_FACE('',(#9884),#9529,.F.);
#9884 = FACE_BOUND('',#9885,.F.);
#9885 = EDGE_LOOP('',(#9886,#9887,#9888));
#9886 = ORIENTED_EDGE('',*,*,#9512,.T.);
#9887 = ORIENTED_EDGE('',*,*,#9652,.T.);
#9888 = ORIENTED_EDGE('',*,*,#9776,.F.);
#9889 = ADVANCED_FACE('',(#9890),#9496,.F.);
#9890 = FACE_BOUND('',#9891,.F.);
#9891 = EDGE_LOOP('',(#9892,#9893,#9894));
#9892 = ORIENTED_EDGE('',*,*,#9843,.F.);
#9893 = ORIENTED_EDGE('',*,*,#9479,.T.);
#9894 = ORIENTED_EDGE('',*,*,#9755,.F.);
#9895 = ADVANCED_FACE('',(#9896),#9463,.F.);
#9896 = FACE_BOUND('',#9897,.F.);
#9897 = EDGE_LOOP('',(#9898,#9899,#9918));
#9898 = ORIENTED_EDGE('',*,*,#9820,.F.);
#9899 = ORIENTED_EDGE('',*,*,#9900,.F.);
#9900 = EDGE_CURVE('',#9426,#9821,#9901,.T.);
#9901 = SURFACE_CURVE('',#9902,(#9906,#9912),.PCURVE_S1.);
#9902 = LINE('',#9903,#9904);
#9903 = CARTESIAN_POINT('',(-94.,-62.,182.75));
#9904 = VECTOR('',#9905,1.);
#9905 = DIRECTION('',(-0.,0.,-1.));
#9906 = PCURVE('',#9463,#9907);
#9907 = DEFINITIONAL_REPRESENTATION('',(#9908),#9911);
#9908 = B_SPLINE_CURVE_WITH_KNOTS('',1,(#9909,#9910),.UNSPECIFIED.,.F.,
  .F.,(2,2),(-41.75,-34.75),.PIECEWISE_BEZIER_KNOTS.);
#9909 = CARTESIAN_POINT('',(0.5,-7.));
#9910 = CARTESIAN_POINT('',(0.5,0.));
#9911 = ( GEOMETRIC_REPRESENTATION_CONTEXT(2) 
PARAMETRIC_REPRESENTATION_CONTEXT() REPRESENTATION_CONTEXT('2D SPACE',''
  ) );
#9912 = PCURVE('',#806,#9913);
#9913 = DEFINITIONAL_REPRESENTATION('',(#9914),#9917);
#9914 = B_SPLINE_CURVE_WITH_KNOTS('',1,(#9915,#9916),.UNSPECIFIED.,.F.,
  .F.,(2,2),(-41.75,-34.75),.PIECEWISE_BEZIER_KNOTS.);
#9915 = CARTESIAN_POINT('',(76.5,7.));
#9916 = CARTESIAN_POINT('',(69.5,7.));
#9917 = ( GEOMETRIC_REPRESENTATION_CONTEXT(2) 
PARAMETRIC_REPRESENTATION_CONTEXT() REPRESENTATION_CONTEXT('2D SPACE',''
  ) );
#9918 = ORIENTED_EDGE('',*,*,#9446,.T.);
#9919 = ADVANCED_FACE('',(#9920,#9962,#9968),#806,.F.);
#9920 = FACE_BOUND('',#9921,.F.);
#9921 = EDGE_LOOP('',(#9922,#9923,#9944,#9945,#9946,#9947,#9948,#9949,
    #9950,#9951,#9952,#9953,#9954,#9955,#9956,#9957,#9958,#9959,#9960,
    #9961));
#9922 = ORIENTED_EDGE('',*,*,#1724,.T.);
#9923 = ORIENTED_EDGE('',*,*,#9924,.F.);
#9924 = EDGE_CURVE('',#435,#1725,#9925,.T.);
#9925 = SURFACE_CURVE('',#9926,(#9930,#9937),.PCURVE_S1.);
#9926 = LINE('',#9927,#9928);
#9927 = CARTESIAN_POINT('',(-61.25,-62.,148.));
#9928 = VECTOR('',#9929,1.);
#9929 = DIRECTION('',(0.,0.,1.));
#9930 = PCURVE('',#806,#9931);
#9931 = DEFINITIONAL_REPRESENTATION('',(#9932),#9936);
#9932 = LINE('',#9933,#9934);
#9933 = CARTESIAN_POINT('',(0.,39.75));
#9934 = VECTOR('',#9935,1.);
#9935 = DIRECTION('',(1.,0.));
#9936 = ( GEOMETRIC_REPRESENTATION_CONTEXT(2) 
PARAMETRIC_REPRESENTATION_CONTEXT() REPRESENTATION_CONTEXT('2D SPACE',''
  ) );
#9937 = PCURVE('',#450,#9938);
#9938 = DEFINITIONAL_REPRESENTATION('',(#9939),#9943);
#9939 = LINE('',#9940,#9941);
#9940 = CARTESIAN_POINT('',(0.,-8.));
#9941 = VECTOR('',#9942,1.);
#9942 = DIRECTION('',(1.,0.));
#9943 = ( GEOMETRIC_REPRESENTATION_CONTEXT(2) 
PARAMETRIC_REPRESENTATION_CONTEXT() REPRESENTATION_CONTEXT('2D SPACE',''
  ) );
#9944 = ORIENTED_EDGE('',*,*,#792,.F.);
#9945 = ORIENTED_EDGE('',*,*,#8531,.T.);
#9946 = ORIENTED_EDGE('',*,*,#8926,.T.);
#9947 = ORIENTED_EDGE('',*,*,#9401,.T.);
#9948 = ORIENTED_EDGE('',*,*,#9366,.T.);
#9949 = ORIENTED_EDGE('',*,*,#9299,.T.);
#9950 = ORIENTED_EDGE('',*,*,#9204,.F.);
#9951 = ORIENTED_EDGE('',*,*,#9101,.T.);
#9952 = ORIENTED_EDGE('',*,*,#9079,.F.);
#9953 = ORIENTED_EDGE('',*,*,#8475,.T.);
#9954 = ORIENTED_EDGE('',*,*,#9425,.T.);
#9955 = ORIENTED_EDGE('',*,*,#9900,.T.);
#9956 = ORIENTED_EDGE('',*,*,#9865,.T.);
#9957 = ORIENTED_EDGE('',*,*,#9798,.T.);
#9958 = ORIENTED_EDGE('',*,*,#9703,.F.);
#9959 = ORIENTED_EDGE('',*,*,#9600,.T.);
#9960 = ORIENTED_EDGE('',*,*,#9578,.F.);
#9961 = ORIENTED_EDGE('',*,*,#8419,.T.);
#9962 = FACE_BOUND('',#9963,.F.);
#9963 = EDGE_LOOP('',(#9964,#9965,#9966,#9967));
#9964 = ORIENTED_EDGE('',*,*,#5950,.F.);
#9965 = ORIENTED_EDGE('',*,*,#5809,.T.);
#9966 = ORIENTED_EDGE('',*,*,#5856,.T.);
#9967 = ORIENTED_EDGE('',*,*,#5925,.F.);
#9968 = FACE_BOUND('',#9969,.F.);
#9969 = EDGE_LOOP('',(#9970,#9971,#9972,#9973));
#9970 = ORIENTED_EDGE('',*,*,#5762,.F.);
#9971 = ORIENTED_EDGE('',*,*,#5737,.T.);
#9972 = ORIENTED_EDGE('',*,*,#5621,.T.);
#9973 = ORIENTED_EDGE('',*,*,#5690,.F.);
#9974 = ADVANCED_FACE('',(#9975),#450,.F.);
#9975 = FACE_BOUND('',#9976,.F.);
#9976 = EDGE_LOOP('',(#9977,#9998,#9999,#10000,#10001,#10002));
#9977 = ORIENTED_EDGE('',*,*,#9978,.T.);
#9978 = EDGE_CURVE('',#1748,#897,#9979,.T.);
#9979 = SURFACE_CURVE('',#9980,(#9984,#9991),.PCURVE_S1.);
#9980 = LINE('',#9981,#9982);
#9981 = CARTESIAN_POINT('',(-61.25,-17.,148.));
#9982 = VECTOR('',#9983,1.);
#9983 = DIRECTION('',(0.,0.,1.));
#9984 = PCURVE('',#450,#9985);
#9985 = DEFINITIONAL_REPRESENTATION('',(#9986),#9990);
#9986 = LINE('',#9987,#9988);
#9987 = CARTESIAN_POINT('',(0.,-53.));
#9988 = VECTOR('',#9989,1.);
#9989 = DIRECTION('',(1.,0.));
#9990 = ( GEOMETRIC_REPRESENTATION_CONTEXT(2) 
PARAMETRIC_REPRESENTATION_CONTEXT() REPRESENTATION_CONTEXT('2D SPACE',''
  ) );
#9991 = PCURVE('',#184,#9992);
#9992 = DEFINITIONAL_REPRESENTATION('',(#9993),#9997);
#9993 = LINE('',#9994,#9995);
#9994 = CARTESIAN_POINT('',(0.,8.75));
#9995 = VECTOR('',#9996,1.);
#9996 = DIRECTION('',(1.,0.));
#9997 = ( GEOMETRIC_REPRESENTATION_CONTEXT(2) 
PARAMETRIC_REPRESENTATION_CONTEXT() REPRESENTATION_CONTEXT('2D SPACE',''
  ) );
#9998 = ORIENTED_EDGE('',*,*,#937,.T.);
#9999 = ORIENTED_EDGE('',*,*,#851,.F.);
#10000 = ORIENTED_EDGE('',*,*,#432,.T.);
#10001 = ORIENTED_EDGE('',*,*,#9924,.T.);
#10002 = ORIENTED_EDGE('',*,*,#1747,.T.);
#10003 = ADVANCED_FACE('',(#10004),#100,.F.);
#10004 = FACE_BOUND('',#10005,.F.);
#10005 = EDGE_LOOP('',(#10006,#10007,#10026,#10027,#10028,#10029));
#10006 = ORIENTED_EDGE('',*,*,#84,.F.);
#10007 = ORIENTED_EDGE('',*,*,#10008,.T.);
#10008 = EDGE_CURVE('',#85,#1536,#10009,.T.);
#10009 = SURFACE_CURVE('',#10010,(#10014,#10020),.PCURVE_S1.);
#10010 = LINE('',#10011,#10012);
#10011 = CARTESIAN_POINT('',(-63.25,17.,148.));
#10012 = VECTOR('',#10013,1.);
#10013 = DIRECTION('',(0.,0.,-1.));
#10014 = PCURVE('',#100,#10015);
#10015 = DEFINITIONAL_REPRESENTATION('',(#10016),#10019);
#10016 = B_SPLINE_CURVE_WITH_KNOTS('',1,(#10017,#10018),.UNSPECIFIED.,
  .F.,.F.,(2,2),(-92.,-84.),.PIECEWISE_BEZIER_KNOTS.);
#10017 = CARTESIAN_POINT('',(92.,-87.));
#10018 = CARTESIAN_POINT('',(84.,-87.));
#10019 = ( GEOMETRIC_REPRESENTATION_CONTEXT(2) 
PARAMETRIC_REPRESENTATION_CONTEXT() REPRESENTATION_CONTEXT('2D SPACE',''
  ) );
#10020 = PCURVE('',#128,#10021);
#10021 = DEFINITIONAL_REPRESENTATION('',(#10022),#10025);
#10022 = B_SPLINE_CURVE_WITH_KNOTS('',1,(#10023,#10024),.UNSPECIFIED.,
  .F.,.F.,(2,2),(-92.,-84.),.PIECEWISE_BEZIER_KNOTS.);
#10023 = CARTESIAN_POINT('',(92.,6.75));
#10024 = CARTESIAN_POINT('',(84.,6.75));
#10025 = ( GEOMETRIC_REPRESENTATION_CONTEXT(2) 
PARAMETRIC_REPRESENTATION_CONTEXT() REPRESENTATION_CONTEXT('2D SPACE',''
  ) );
#10026 = ORIENTED_EDGE('',*,*,#1535,.F.);
#10027 = ORIENTED_EDGE('',*,*,#1512,.F.);
#10028 = ORIENTED_EDGE('',*,*,#658,.T.);
#10029 = ORIENTED_EDGE('',*,*,#386,.T.);
#10030 = ADVANCED_FACE('',(#10031,#10059),#128,.T.);
#10031 = FACE_BOUND('',#10032,.T.);
#10032 = EDGE_LOOP('',(#10033,#10034,#10035,#10056,#10057,#10058));
#10033 = ORIENTED_EDGE('',*,*,#1601,.F.);
#10034 = ORIENTED_EDGE('',*,*,#1812,.T.);
#10035 = ORIENTED_EDGE('',*,*,#10036,.T.);
#10036 = EDGE_CURVE('',#1792,#113,#10037,.T.);
#10037 = SURFACE_CURVE('',#10038,(#10042,#10049),.PCURVE_S1.);
#10038 = LINE('',#10039,#10040);
#10039 = CARTESIAN_POINT('',(-70.,17.,148.));
#10040 = VECTOR('',#10041,1.);
#10041 = DIRECTION('',(0.,0.,1.));
#10042 = PCURVE('',#128,#10043);
#10043 = DEFINITIONAL_REPRESENTATION('',(#10044),#10048);
#10044 = LINE('',#10045,#10046);
#10045 = CARTESIAN_POINT('',(0.,0.));
#10046 = VECTOR('',#10047,1.);
#10047 = DIRECTION('',(1.,0.));
#10048 = ( GEOMETRIC_REPRESENTATION_CONTEXT(2) 
PARAMETRIC_REPRESENTATION_CONTEXT() REPRESENTATION_CONTEXT('2D SPACE',''
  ) );
#10049 = PCURVE('',#156,#10050);
#10050 = DEFINITIONAL_REPRESENTATION('',(#10051),#10055);
#10051 = LINE('',#10052,#10053);
#10052 = CARTESIAN_POINT('',(0.,-34.));
#10053 = VECTOR('',#10054,1.);
#10054 = DIRECTION('',(1.,0.));
#10055 = ( GEOMETRIC_REPRESENTATION_CONTEXT(2) 
PARAMETRIC_REPRESENTATION_CONTEXT() REPRESENTATION_CONTEXT('2D SPACE',''
  ) );
#10056 = ORIENTED_EDGE('',*,*,#112,.T.);
#10057 = ORIENTED_EDGE('',*,*,#10008,.T.);
#10058 = ORIENTED_EDGE('',*,*,#1556,.T.);
#10059 = FACE_BOUND('',#10060,.T.);
#10060 = EDGE_LOOP('',(#10061));
#10061 = ORIENTED_EDGE('',*,*,#1247,.T.);
#10062 = ADVANCED_FACE('',(#10063),#156,.F.);
#10063 = FACE_BOUND('',#10064,.F.);
#10064 = EDGE_LOOP('',(#10065,#10086,#10087,#10088));
#10065 = ORIENTED_EDGE('',*,*,#10066,.F.);
#10066 = EDGE_CURVE('',#1771,#141,#10067,.T.);
#10067 = SURFACE_CURVE('',#10068,(#10072,#10079),.PCURVE_S1.);
#10068 = LINE('',#10069,#10070);
#10069 = CARTESIAN_POINT('',(-70.,-17.,148.));
#10070 = VECTOR('',#10071,1.);
#10071 = DIRECTION('',(0.,0.,1.));
#10072 = PCURVE('',#156,#10073);
#10073 = DEFINITIONAL_REPRESENTATION('',(#10074),#10078);
#10074 = LINE('',#10075,#10076);
#10075 = CARTESIAN_POINT('',(0.,0.));
#10076 = VECTOR('',#10077,1.);
#10077 = DIRECTION('',(1.,0.));
#10078 = ( GEOMETRIC_REPRESENTATION_CONTEXT(2) 
PARAMETRIC_REPRESENTATION_CONTEXT() REPRESENTATION_CONTEXT('2D SPACE',''
  ) );
#10079 = PCURVE('',#184,#10080);
#10080 = DEFINITIONAL_REPRESENTATION('',(#10081),#10085);
#10081 = LINE('',#10082,#10083);
#10082 = CARTESIAN_POINT('',(0.,0.));
#10083 = VECTOR('',#10084,1.);
#10084 = DIRECTION('',(1.,0.));
#10085 = ( GEOMETRIC_REPRESENTATION_CONTEXT(2) 
PARAMETRIC_REPRESENTATION_CONTEXT() REPRESENTATION_CONTEXT('2D SPACE',''
  ) );
#10086 = ORIENTED_EDGE('',*,*,#1791,.T.);
#10087 = ORIENTED_EDGE('',*,*,#10036,.T.);
#10088 = ORIENTED_EDGE('',*,*,#140,.F.);
#10089 = ADVANCED_FACE('',(#10090),#184,.F.);
#10090 = FACE_BOUND('',#10091,.F.);
#10091 = EDGE_LOOP('',(#10092,#10093,#10094,#10095,#10096,#10115));
#10092 = ORIENTED_EDGE('',*,*,#9978,.F.);
#10093 = ORIENTED_EDGE('',*,*,#1770,.T.);
#10094 = ORIENTED_EDGE('',*,*,#10066,.T.);
#10095 = ORIENTED_EDGE('',*,*,#168,.T.);
#10096 = ORIENTED_EDGE('',*,*,#10097,.T.);
#10097 = EDGE_CURVE('',#169,#895,#10098,.T.);
#10098 = SURFACE_CURVE('',#10099,(#10103,#10109),.PCURVE_S1.);
#10099 = LINE('',#10100,#10101);
#10100 = CARTESIAN_POINT('',(-63.25,-17.,148.));
#10101 = VECTOR('',#10102,1.);
#10102 = DIRECTION('',(0.,0.,-1.));
#10103 = PCURVE('',#184,#10104);
#10104 = DEFINITIONAL_REPRESENTATION('',(#10105),#10108);
#10105 = B_SPLINE_CURVE_WITH_KNOTS('',1,(#10106,#10107),.UNSPECIFIED.,
  .F.,.F.,(2,2),(-92.,-84.),.PIECEWISE_BEZIER_KNOTS.);
#10106 = CARTESIAN_POINT('',(92.,6.75));
#10107 = CARTESIAN_POINT('',(84.,6.75));
#10108 = ( GEOMETRIC_REPRESENTATION_CONTEXT(2) 
PARAMETRIC_REPRESENTATION_CONTEXT() REPRESENTATION_CONTEXT('2D SPACE',''
  ) );
#10109 = PCURVE('',#212,#10110);
#10110 = DEFINITIONAL_REPRESENTATION('',(#10111),#10114);
#10111 = B_SPLINE_CURVE_WITH_KNOTS('',1,(#10112,#10113),.UNSPECIFIED.,
  .F.,.F.,(2,2),(-92.,-84.),.PIECEWISE_BEZIER_KNOTS.);
#10112 = CARTESIAN_POINT('',(92.,-53.));
#10113 = CARTESIAN_POINT('',(84.,-53.));
#10114 = ( GEOMETRIC_REPRESENTATION_CONTEXT(2) 
PARAMETRIC_REPRESENTATION_CONTEXT() REPRESENTATION_CONTEXT('2D SPACE',''
  ) );
#10115 = ORIENTED_EDGE('',*,*,#894,.T.);
#10116 = ADVANCED_FACE('',(#10117),#212,.F.);
#10117 = FACE_BOUND('',#10118,.F.);
#10118 = EDGE_LOOP('',(#10119,#10120,#10141,#10142,#10143,#10144));
#10119 = ORIENTED_EDGE('',*,*,#196,.F.);
#10120 = ORIENTED_EDGE('',*,*,#10121,.F.);
#10121 = EDGE_CURVE('',#490,#197,#10122,.T.);
#10122 = SURFACE_CURVE('',#10123,(#10127,#10134),.PCURVE_S1.);
#10123 = LINE('',#10124,#10125);
#10124 = CARTESIAN_POINT('',(-63.25,-70.,148.));
#10125 = VECTOR('',#10126,1.);
#10126 = DIRECTION('',(0.,0.,1.));
#10127 = PCURVE('',#212,#10128);
#10128 = DEFINITIONAL_REPRESENTATION('',(#10129),#10133);
#10129 = LINE('',#10130,#10131);
#10130 = CARTESIAN_POINT('',(0.,0.));
#10131 = VECTOR('',#10132,1.);
#10132 = DIRECTION('',(1.,0.));
#10133 = ( GEOMETRIC_REPRESENTATION_CONTEXT(2) 
PARAMETRIC_REPRESENTATION_CONTEXT() REPRESENTATION_CONTEXT('2D SPACE',''
  ) );
#10134 = PCURVE('',#240,#10135);
#10135 = DEFINITIONAL_REPRESENTATION('',(#10136),#10140);
#10136 = LINE('',#10137,#10138);
#10137 = CARTESIAN_POINT('',(0.,-2.));
#10138 = VECTOR('',#10139,1.);
#10139 = DIRECTION('',(1.,0.));
#10140 = ( GEOMETRIC_REPRESENTATION_CONTEXT(2) 
PARAMETRIC_REPRESENTATION_CONTEXT() REPRESENTATION_CONTEXT('2D SPACE',''
  ) );
#10141 = ORIENTED_EDGE('',*,*,#489,.T.);
#10142 = ORIENTED_EDGE('',*,*,#872,.T.);
#10143 = ORIENTED_EDGE('',*,*,#917,.F.);
#10144 = ORIENTED_EDGE('',*,*,#10097,.F.);
#10145 = ADVANCED_FACE('',(#10146),#240,.F.);
#10146 = FACE_BOUND('',#10147,.F.);
#10147 = EDGE_LOOP('',(#10148,#10149,#10150,#10151));
#10148 = ORIENTED_EDGE('',*,*,#512,.F.);
#10149 = ORIENTED_EDGE('',*,*,#10121,.T.);
#10150 = ORIENTED_EDGE('',*,*,#224,.T.);
#10151 = ORIENTED_EDGE('',*,*,#10152,.F.);
#10152 = EDGE_CURVE('',#513,#225,#10153,.T.);
#10153 = SURFACE_CURVE('',#10154,(#10158,#10165),.PCURVE_S1.);
#10154 = LINE('',#10155,#10156);
#10155 = CARTESIAN_POINT('',(-58.25,-70.,148.));
#10156 = VECTOR('',#10157,1.);
#10157 = DIRECTION('',(0.,0.,1.));
#10158 = PCURVE('',#240,#10159);
#10159 = DEFINITIONAL_REPRESENTATION('',(#10160),#10164);
#10160 = LINE('',#10161,#10162);
#10161 = CARTESIAN_POINT('',(0.,3.));
#10162 = VECTOR('',#10163,1.);
#10163 = DIRECTION('',(1.,0.));
#10164 = ( GEOMETRIC_REPRESENTATION_CONTEXT(2) 
PARAMETRIC_REPRESENTATION_CONTEXT() REPRESENTATION_CONTEXT('2D SPACE',''
  ) );
#10165 = PCURVE('',#268,#10166);
#10166 = DEFINITIONAL_REPRESENTATION('',(#10167),#10171);
#10167 = LINE('',#10168,#10169);
#10168 = CARTESIAN_POINT('',(0.,0.));
#10169 = VECTOR('',#10170,1.);
#10170 = DIRECTION('',(1.,0.));
#10171 = ( GEOMETRIC_REPRESENTATION_CONTEXT(2) 
PARAMETRIC_REPRESENTATION_CONTEXT() REPRESENTATION_CONTEXT('2D SPACE',''
  ) );
#10172 = ADVANCED_FACE('',(#10173),#268,.T.);
#10173 = FACE_BOUND('',#10174,.T.);
#10174 = EDGE_LOOP('',(#10175,#10176,#10177,#10178,#10179));
#10175 = ORIENTED_EDGE('',*,*,#252,.F.);
#10176 = ORIENTED_EDGE('',*,*,#10152,.F.);
#10177 = ORIENTED_EDGE('',*,*,#535,.T.);
#10178 = ORIENTED_EDGE('',*,*,#984,.F.);
#10179 = ORIENTED_EDGE('',*,*,#10180,.T.);
#10180 = EDGE_CURVE('',#985,#253,#10181,.T.);
#10181 = SURFACE_CURVE('',#10182,(#10191,#10203),.PCURVE_S1.);
#10182 = B_SPLINE_CURVE_WITH_KNOTS('',4,(#10183,#10184,#10185,#10186,
    #10187,#10188,#10189,#10190),.UNSPECIFIED.,.F.,.F.,(5,3,5),(0.,
    0.911294572992,1.),.UNSPECIFIED.);
#10183 = CARTESIAN_POINT('',(-58.25,-9.204508497187,236.));
#10184 = CARTESIAN_POINT('',(-58.25,-9.386267628147,236.91106764393));
#10185 = CARTESIAN_POINT('',(-58.25,-9.568057012158,237.82228693128));
#10186 = CARTESIAN_POINT('',(-58.25,-9.749872587577,238.73363750307));
#10187 = CARTESIAN_POINT('',(-58.25,-9.949411596097,239.73382678328));
#10188 = CARTESIAN_POINT('',(-58.25,-9.967112009117,239.82255010354));
#10189 = CARTESIAN_POINT('',(-58.25,-9.984812639626,239.91127451397));
#10190 = CARTESIAN_POINT('',(-58.25,-10.00251348471,240.));
#10191 = PCURVE('',#268,#10192);
#10192 = DEFINITIONAL_REPRESENTATION('',(#10193),#10202);
#10193 = B_SPLINE_CURVE_WITH_KNOTS('',4,(#10194,#10195,#10196,#10197,
    #10198,#10199,#10200,#10201),.UNSPECIFIED.,.F.,.F.,(5,3,5),(0.,
    0.911294572992,1.),.UNSPECIFIED.);
#10194 = CARTESIAN_POINT('',(88.,-60.79549150281));
#10195 = CARTESIAN_POINT('',(88.911067643933,-60.61373237185));
#10196 = CARTESIAN_POINT('',(89.822286931289,-60.43194298784));
#10197 = CARTESIAN_POINT('',(90.733637503077,-60.25012741242));
#10198 = CARTESIAN_POINT('',(91.733826783283,-60.0505884039));
#10199 = CARTESIAN_POINT('',(91.822550103548,-60.03288799088));
#10200 = CARTESIAN_POINT('',(91.911274513975,-60.01518736037));
#10201 = CARTESIAN_POINT('',(92.,-59.99748651528));
#10202 = ( GEOMETRIC_REPRESENTATION_CONTEXT(2) 
PARAMETRIC_REPRESENTATION_CONTEXT() REPRESENTATION_CONTEXT('2D SPACE',''
  ) );
#10203 = PCURVE('',#294,#10204);
#10204 = DEFINITIONAL_REPRESENTATION('',(#10205),#10214);
#10205 = B_SPLINE_CURVE_WITH_KNOTS('',4,(#10206,#10207,#10208,#10209,
    #10210,#10211,#10212,#10213),.UNSPECIFIED.,.F.,.F.,(5,3,5),(0.,
    0.911294572992,1.),.UNSPECIFIED.);
#10206 = CARTESIAN_POINT('',(4.741136613947,0.));
#10207 = CARTESIAN_POINT('',(4.676343766525,0.227198913699));
#10208 = CARTESIAN_POINT('',(4.613901217169,0.454435643713));
#10209 = CARTESIAN_POINT('',(4.553619535613,0.681705112987));
#10210 = CARTESIAN_POINT('',(4.489672596395,0.931128873637));
#10211 = CARTESIAN_POINT('',(4.484019168164,0.953254389912));
#10212 = CARTESIAN_POINT('',(4.478384626759,0.975380178049));
#10213 = CARTESIAN_POINT('',(4.472768811759,0.997506234414));
#10214 = ( GEOMETRIC_REPRESENTATION_CONTEXT(2) 
PARAMETRIC_REPRESENTATION_CONTEXT() REPRESENTATION_CONTEXT('2D SPACE',''
  ) );
#10215 = ADVANCED_FACE('',(#10216),#294,.T.);
#10216 = FACE_BOUND('',#10217,.T.);
#10217 = EDGE_LOOP('',(#10218,#10219,#10220,#10240));
#10218 = ORIENTED_EDGE('',*,*,#10180,.F.);
#10219 = ORIENTED_EDGE('',*,*,#1005,.T.);
#10220 = ORIENTED_EDGE('',*,*,#10221,.T.);
#10221 = EDGE_CURVE('',#961,#281,#10222,.T.);
#10222 = SURFACE_CURVE('',#10223,(#10226,#10233),.PCURVE_S1.);
#10223 = B_SPLINE_CURVE_WITH_KNOTS('',1,(#10224,#10225),.UNSPECIFIED.,
  .F.,.F.,(2,2),(0.,1.),.PIECEWISE_BEZIER_KNOTS.);
#10224 = CARTESIAN_POINT('',(-67.55,-13.85450849718,236.));
#10225 = CARTESIAN_POINT('',(-68.35,-15.05450849718,240.01));
#10226 = PCURVE('',#294,#10227);
#10227 = DEFINITIONAL_REPRESENTATION('',(#10228),#10232);
#10228 = LINE('',#10229,#10230);
#10229 = CARTESIAN_POINT('',(15.764279241374,0.));
#10230 = VECTOR('',#10231,1.);
#10231 = DIRECTION('',(0.,1.));
#10232 = ( GEOMETRIC_REPRESENTATION_CONTEXT(2) 
PARAMETRIC_REPRESENTATION_CONTEXT() REPRESENTATION_CONTEXT('2D SPACE',''
  ) );
#10233 = PCURVE('',#319,#10234);
#10234 = DEFINITIONAL_REPRESENTATION('',(#10235),#10239);
#10235 = LINE('',#10236,#10237);
#10236 = CARTESIAN_POINT('',(0.,0.));
#10237 = VECTOR('',#10238,1.);
#10238 = DIRECTION('',(0.,1.));
#10239 = ( GEOMETRIC_REPRESENTATION_CONTEXT(2) 
PARAMETRIC_REPRESENTATION_CONTEXT() REPRESENTATION_CONTEXT('2D SPACE',''
  ) );
#10240 = ORIENTED_EDGE('',*,*,#280,.T.);
#10241 = ADVANCED_FACE('',(#10242),#319,.T.);
#10242 = FACE_BOUND('',#10243,.T.);
#10243 = EDGE_LOOP('',(#10244,#10245,#10246,#10266));
#10244 = ORIENTED_EDGE('',*,*,#10221,.F.);
#10245 = ORIENTED_EDGE('',*,*,#1030,.T.);
#10246 = ORIENTED_EDGE('',*,*,#10247,.T.);
#10247 = EDGE_CURVE('',#1031,#306,#10248,.T.);
#10248 = SURFACE_CURVE('',#10249,(#10252,#10259),.PCURVE_S1.);
#10249 = B_SPLINE_CURVE_WITH_KNOTS('',1,(#10250,#10251),.UNSPECIFIED.,
  .F.,.F.,(2,2),(0.,1.),.PIECEWISE_BEZIER_KNOTS.);
#10250 = CARTESIAN_POINT('',(-67.55,13.854508497187,236.));
#10251 = CARTESIAN_POINT('',(-68.35,15.054508497187,240.01));
#10252 = PCURVE('',#319,#10253);
#10253 = DEFINITIONAL_REPRESENTATION('',(#10254),#10258);
#10254 = LINE('',#10255,#10256);
#10255 = CARTESIAN_POINT('',(30.109016994375,0.));
#10256 = VECTOR('',#10257,1.);
#10257 = DIRECTION('',(0.,1.));
#10258 = ( GEOMETRIC_REPRESENTATION_CONTEXT(2) 
PARAMETRIC_REPRESENTATION_CONTEXT() REPRESENTATION_CONTEXT('2D SPACE',''
  ) );
#10259 = PCURVE('',#342,#10260);
#10260 = DEFINITIONAL_REPRESENTATION('',(#10261),#10265);
#10261 = LINE('',#10262,#10263);
#10262 = CARTESIAN_POINT('',(0.,0.));
#10263 = VECTOR('',#10264,1.);
#10264 = DIRECTION('',(0.,1.));
#10265 = ( GEOMETRIC_REPRESENTATION_CONTEXT(2) 
PARAMETRIC_REPRESENTATION_CONTEXT() REPRESENTATION_CONTEXT('2D SPACE',''
  ) );
#10266 = ORIENTED_EDGE('',*,*,#305,.T.);
#10267 = ADVANCED_FACE('',(#10268),#342,.T.);
#10268 = FACE_BOUND('',#10269,.T.);
#10269 = EDGE_LOOP('',(#10270,#10271,#10272,#10273,#10274,#10310));
#10270 = ORIENTED_EDGE('',*,*,#10247,.F.);
#10271 = ORIENTED_EDGE('',*,*,#1099,.T.);
#10272 = ORIENTED_EDGE('',*,*,#1275,.T.);
#10273 = ORIENTED_EDGE('',*,*,#1200,.T.);
#10274 = ORIENTED_EDGE('',*,*,#10275,.T.);
#10275 = EDGE_CURVE('',#1077,#22,#10276,.T.);
#10276 = SURFACE_CURVE('',#10277,(#10286,#10298),.PCURVE_S1.);
#10277 = B_SPLINE_CURVE_WITH_KNOTS('',4,(#10278,#10279,#10280,#10281,
    #10282,#10283,#10284,#10285),.UNSPECIFIED.,.F.,.F.,(5,3,5),(0.,
    0.911294572992,1.),.UNSPECIFIED.);
#10278 = CARTESIAN_POINT('',(-58.25,9.204508497187,236.));
#10279 = CARTESIAN_POINT('',(-58.25,9.386267628147,236.91106764393));
#10280 = CARTESIAN_POINT('',(-58.25,9.568057012158,237.82228693128));
#10281 = CARTESIAN_POINT('',(-58.25,9.749872587577,238.73363750307));
#10282 = CARTESIAN_POINT('',(-58.25,9.949411596097,239.73382678328));
#10283 = CARTESIAN_POINT('',(-58.25,9.967112009117,239.82255010354));
#10284 = CARTESIAN_POINT('',(-58.25,9.984812639626,239.91127451397));
#10285 = CARTESIAN_POINT('',(-58.25,10.002513484719,240.));
#10286 = PCURVE('',#342,#10287);
#10287 = DEFINITIONAL_REPRESENTATION('',(#10288),#10297);
#10288 = B_SPLINE_CURVE_WITH_KNOTS('',4,(#10289,#10290,#10291,#10292,
    #10293,#10294,#10295,#10296),.UNSPECIFIED.,.F.,.F.,(5,3,5),(0.,
    0.911294572992,1.),.UNSPECIFIED.);
#10289 = CARTESIAN_POINT('',(11.023142627427,0.));
#10290 = CARTESIAN_POINT('',(11.087935474848,0.227198913699));
#10291 = CARTESIAN_POINT('',(11.150378024204,0.454435643713));
#10292 = CARTESIAN_POINT('',(11.21065970576,0.681705112987));
#10293 = CARTESIAN_POINT('',(11.274606644978,0.931128873637));
#10294 = CARTESIAN_POINT('',(11.280260073209,0.953254389912));
#10295 = CARTESIAN_POINT('',(11.285894614615,0.975380178049));
#10296 = CARTESIAN_POINT('',(11.291510429614,0.997506234414));
#10297 = ( GEOMETRIC_REPRESENTATION_CONTEXT(2) 
PARAMETRIC_REPRESENTATION_CONTEXT() REPRESENTATION_CONTEXT('2D SPACE',''
  ) );
#10298 = PCURVE('',#44,#10299);
#10299 = DEFINITIONAL_REPRESENTATION('',(#10300),#10309);
#10300 = B_SPLINE_CURVE_WITH_KNOTS('',4,(#10301,#10302,#10303,#10304,
    #10305,#10306,#10307,#10308),.UNSPECIFIED.,.F.,.F.,(5,3,5),(0.,
    0.911294572992,1.),.UNSPECIFIED.);
#10301 = CARTESIAN_POINT('',(88.,-79.20450849718));
#10302 = CARTESIAN_POINT('',(88.911067643933,-79.38626762814));
#10303 = CARTESIAN_POINT('',(89.822286931289,-79.56805701215));
#10304 = CARTESIAN_POINT('',(90.733637503077,-79.74987258757));
#10305 = CARTESIAN_POINT('',(91.733826783283,-79.94941159609));
#10306 = CARTESIAN_POINT('',(91.822550103548,-79.96711200911));
#10307 = CARTESIAN_POINT('',(91.911274513975,-79.98481263962));
#10308 = CARTESIAN_POINT('',(92.,-80.00251348471));
#10309 = ( GEOMETRIC_REPRESENTATION_CONTEXT(2) 
PARAMETRIC_REPRESENTATION_CONTEXT() REPRESENTATION_CONTEXT('2D SPACE',''
  ) );
#10310 = ORIENTED_EDGE('',*,*,#330,.T.);
#10311 = ADVANCED_FACE('',(#10312),#44,.T.);
#10312 = FACE_BOUND('',#10313,.T.);
#10313 = EDGE_LOOP('',(#10314,#10315,#10316,#10317,#10318));
#10314 = ORIENTED_EDGE('',*,*,#21,.F.);
#10315 = ORIENTED_EDGE('',*,*,#10275,.F.);
#10316 = ORIENTED_EDGE('',*,*,#1076,.F.);
#10317 = ORIENTED_EDGE('',*,*,#636,.T.);
#10318 = ORIENTED_EDGE('',*,*,#408,.T.);
#10319 = ( GEOMETRIC_REPRESENTATION_CONTEXT(3) 
GLOBAL_UNCERTAINTY_ASSIGNED_CONTEXT((#10323)) 
GLOBAL_UNIT_ASSIGNED_CONTEXT((#10320,#10321,#10322)) 
REPRESENTATION_CONTEXT('Context #1',
  '3D Context with UNIT and UNCERTAINTY') );
#10320 = ( LENGTH_UNIT() NAMED_UNIT(*) SI_UNIT(.MILLI.,.METRE.) );
#10321 = ( NAMED_UNIT(*) PLANE_ANGLE_UNIT() SI_UNIT($,.RADIAN.) );
#10322 = ( NAMED_UNIT(*) SI_UNIT($,.STERADIAN.) SOLID_ANGLE_UNIT() );
#10323 = UNCERTAINTY_MEASURE_WITH_UNIT(LENGTH_MEASURE(2.E-07),#10320,
  'distance_accuracy_value','confusion accuracy');
#10324 = PRODUCT_RELATED_PRODUCT_CATEGORY('part',$,(#7));
ENDSEC;
END-ISO-10303-21;
